record,detector,detector_label,detector_source,fiducial,correction,coverage_target,fs,sub_sample,failed,n_detected,n_ref,analysable_fraction,fraction_corrected,detect_s_per_min,tp,fp,fn,sensitivity,ppv,f1,lag_ms,ibi_mae,ibi_rmse,ibi_bias,ibi_sd,n_ibi,mean_nn_ref,mean_nn_test,mean_nn_err,mean_nn_abserr,mean_nn_pcterr,sdnn_ref,sdnn_test,sdnn_err,sdnn_abserr,sdnn_pcterr,rmssd_ref,rmssd_test,rmssd_err,rmssd_abserr,rmssd_pcterr,pnn50_ref,pnn50_test,pnn50_err,pnn50_abserr,pnn50_pcterr,sdsd_ref,sdsd_test,sdsd_err,sdsd_abserr,sdsd_pcterr,sd1_ref,sd1_test,sd1_err,sd1_abserr,sd1_pcterr,sd2_ref,sd2_test,sd2_err,sd2_abserr,sd2_pcterr,sd1_sd2_ref,sd1_sd2_test,sd1_sd2_err,sd1_sd2_abserr,sd1_sd2_pcterr,sampen_ref,sampen_test,sampen_err,sampen_abserr,sampen_pcterr,dfa_a1_ref,dfa_a1_test,dfa_a1_err,dfa_a1_abserr,dfa_a1_pcterr,lf_ref,lf_test,lf_err,lf_abserr,lf_pcterr,hf_ref,hf_test,hf_err,hf_abserr,hf_pcterr,lf_hf_ref,lf_hf_test,lf_hf_err,lf_hf_abserr,lf_hf_pcterr,channel
s1_sit,msptdfast,MSPTDfast v2,NeuroKit2 (author-contributed; Charlton 2025),mid_upslope,median_mad,1.0,100.0,True,False,612,613,0.9841512286143937,0.006546644844517185,0.1883498696969941,612,0,1,0.99836867862969,1.0,0.9991836734693879,314.2833363053641,4.915138760045764,6.958672536648322,0.01755308976177779,6.964351874070565,611,828.437908496732,828.0659795842229,-0.3719289125091336,0.3719289125091336,-0.044895206833790224,46.977980713169195,47.709090232155575,0.7311095189863792,0.7311095189863792,1.5562812787766962,30.45299025358163,32.40605188877091,1.9530616351892824,1.9530616351892824,6.413365711958548,9.00163666121113,11.55115511551155,2.5495184543004203,2.5495184543004203,28.322832283228305,30.477600635297417,32.432351091654375,1.9547504563569582,1.9547504563569582,6.4137281662949475,21.550918083514233,22.93313538673174,1.3822173032175051,1.3822173032175051,6.413728166294954,62.844405268340736,63.45380904952639,0.6094037811856552,0.6094037811856552,0.9697025193946037,0.3429250064742197,0.3614146373597868,0.0184896308855671,0.0184896308855671,5.391741790914599,1.6764542772105453,1.7466143392359568,0.07016006202541147,0.07016006202541147,4.1850268736318235,1.1460653887927266,1.092828770660872,-0.05323661813185465,0.05323661813185465,-4.645164111267201,570.2327955867494,590.3071859013926,20.07439031464321,20.07439031464321,3.5203850900906835,327.28840925752615,327.5519870781804,0.2635778206542341,0.2635778206542341,0.08053380846947086,1.7422945006832276,1.802178613437926,0.059884112754698515,0.059884112754698515,3.4370832675655816,pleth_6
s1_sit,msptd,MSPTD,"own vectorised port (Bishop & Ercole 2018), 6 s windows; verified bit-identical to NeuroKit2 method='bishop'",mid_upslope,median_mad,1.0,100.0,True,False,612,613,0.9841512286143937,0.006546644844517185,0.032457669687344544,612,0,1,0.99836867862969,1.0,0.9991836734693879,314.2833363053641,4.9369030667170515,7.000914395016204,0.01755308976177798,7.006628476423112,611,828.437908496732,828.0659795842229,-0.3719289125091336,0.3719289125091336,-0.044895206833790224,46.977980713169195,47.718768999748875,0.7407882865796793,0.7407882865796793,1.5768840536222035,30.45299025358163,32.46115961907049,2.0081693654888646,2.0081693654888646,6.594325709123689,9.00163666121113,11.716171617161717,2.7145349559505867,2.7145349559505867,30.15601560156015,30.477600635297417,32.4875051473533,2.0099045120558863,2.0099045120558863,6.594694038113123,21.550918083514233,22.97213519352639,1.421217110012158,1.421217110012158,6.594694038113132,62.844405268340736,63.45425781106524,0.6098525427245036,0.6098525427245036,0.9704166029107613,0.3429250064742197,0.3620266942830821,0.0191016878088624,0.0191016878088624,5.57022306575313,1.6764542772105453,1.743689045982972,0.06723476877242662,0.06723476877242662,4.0105339994299545,1.1460653887927266,1.092612740723423,-0.05345264806930361,0.05345264806930361,-4.664013815617538,570.2327955867494,590.1085252668986,19.87572968014922,19.87572968014922,3.4855465757099777,327.28840925752615,327.7011982068745,0.41278894934833943,0.41278894934833943,0.1261239132436057,1.7422945006832276,1.800751808342089,0.05845730765886148,0.05845730765886148,3.3551909643253706,pleth_6
s1_sit,qppg,qppg (slope-sum),own port (Zong 2003),mid_upslope,median_mad,1.0,100.0,True,False,589,613,0.9841512286143937,0.02040816326530612,0.005704577483485244,588,1,25,0.9592169657422512,0.99830220713073,0.978369384359401,314.4970592353347,4.259434930910766,5.719707213127332,-0.18201193795222806,5.72176226100343,578,828.437908496732,828.8988315203005,0.4609230235685118,0.4609230235685118,0.055637606493031455,46.977980713169195,48.21547653109378,1.2374958179245823,1.2374958179245823,2.6342039379689193,30.45299025358163,32.85094008173711,2.397949828155479,2.397949828155479,7.874267217070586,9.00163666121113,10.608695652173914,1.6070589909627842,1.6070589909627842,17.852964426877474,30.477600635297417,32.87535015903828,2.3977495237408597,2.3977495237408597,7.867251600389838,21.550918083514233,23.246383031338212,1.6954649478239787,1.6954649478239787,7.8672516003898485,62.844405268340736,64.10202828461217,1.2576230162714381,1.2576230162714381,2.0011694134131517,0.3429250064742197,0.3626466065648434,0.01972160009062368,0.01972160009062368,5.750995033401364,1.6764542772105453,1.6973022588751683,0.020847981664622983,0.020847981664622983,1.2435759178181687,1.1460653887927266,1.1580429425911727,0.011977553798446117,0.011977553798446117,1.0451021307835984,570.2327955867494,575.0021445931156,4.769349006366269,4.769349006366269,0.8363863045545772,327.28840925752615,304.81017329196,-22.47823596556617,22.47823596556617,-6.868020782208399,1.7422945006832276,1.8864270125339762,0.1441325118507486,0.1441325118507486,8.272568833468057,pleth_6
s1_sit,terma,TERMA,own port (Elgendi 2013),mid_upslope,median_mad,1.0,100.0,True,False,612,613,0.9841512286143937,0.008183306055646482,0.0007554384199691532,611,1,2,0.9967373572593801,0.9983660130718954,0.9975510204081632,314.29716253855,4.946618855333395,7.379484570821854,0.22394221802909067,7.382159199334437,608,828.437908496732,828.180734603276,-0.2571738934559562,0.2571738934559562,-0.03104323097944892,46.977980713169195,48.69543181648267,1.717451103313472,1.717451103313472,3.6558640393669033,30.45299025358163,33.38952003874383,2.936529785162204,2.936529785162204,9.642829031598412,9.00163666121113,11.735537190082644,2.733900528871514,2.733900528871514,30.371149511645363,30.477600635297417,33.412244248604246,2.9346436133068288,2.9346436133068288,9.62885382095365,21.550918083514233,23.626024482849285,2.075106399335052,2.075106399335052,9.628853820953653,62.844405268340736,64.68617415432166,1.841768885980926,1.841768885980926,2.9306807473421315,0.3429250064742197,0.36524071475435743,0.022315708280137736,0.022315708280137736,6.507460190662817,1.6764542772105453,1.719382499756863,0.042928222546317674,0.042928222546317674,2.5606557321531014,1.1460653887927266,1.1788380982547124,0.03277270946198585,0.03277270946198585,2.8595846085631167,570.2327955867494,593.1850043369125,22.952208750163095,22.952208750163095,4.025059401668766,327.28840925752615,329.44410805204393,2.1556987945177752,2.1556987945177752,0.6586541819211106,1.7422945006832276,1.800563403134847,0.05826890245161942,0.05826890245161942,3.344377338548088,pleth_6
s1_sit,heartpy,HeartPy,HeartPy package,mid_upslope,median_mad,1.0,100.0,True,False,611,613,0.9841512286143937,0.006557377049180328,0.03189320778188299,611,0,2,0.9967373572593801,1.0,0.9983660130718954,314.29716253855,4.944686274804373,7.375005532924034,0.21738455049019467,7.377860885320648,609,828.437908496732,828.3952518781758,-0.04265661855617964,0.04265661855617964,-0.0051490423263686165,46.977980713169195,47.96157972821551,0.9835990150463161,0.9835990150463161,2.0937447717300177,30.45299025358163,32.694890445435675,2.2419001918540467,2.2419001918540467,7.361839258430042,9.00163666121113,11.570247933884298,2.5686112726731682,2.5686112726731682,28.53493613824192,30.477600635297417,32.720847134377145,2.243246499079728,2.243246499079728,7.360312007244192,21.550918083514233,23.13713289488649,1.5862148113722583,1.5862148113722583,7.360312007244193,62.844405268340736,63.75969997934673,0.9152947110059912,0.9152947110059912,1.4564458158172615,0.3429250064742197,0.3628802033632711,0.019955196889051396,0.019955196889051396,5.819113949787614,1.6764542772105453,1.7327436997278522,0.05628942251730695,0.05628942251730695,3.357647344308549,1.1460653887927266,1.1554957126473262,0.009430323854599632,0.009430323854599632,0.8228434386744374,570.2327955867494,586.8272572903005,16.594461703551133,16.594461703551133,2.910120538836427,327.28840925752615,332.58329179654703,5.294882539020875,5.294882539020875,1.617803255248984,1.7422945006832276,1.7644520087596087,0.02215750807638117,0.02215750807638117,1.2717429841908054,pleth_6
s1_sit,findpeaks,find_peaks baseline,baseline (Zuern-style),mid_upslope,median_mad,1.0,100.0,True,False,613,613,0.9841512286143937,0.006535947712418301,0.00016690811095866693,612,1,1,0.99836867862969,0.99836867862969,0.99836867862969,314.286926765631,4.951601615500913,7.3782913414813445,0.23204956614462666,7.380693653390349,610,828.437908496732,827.9390107506117,-0.49889774612029214,0.49889774612029214,-0.06022150133443105,46.977980713169195,48.8208319642015,1.8428512510323074,1.8428512510323074,3.9227979216137454,30.45299025358163,33.29830807954779,2.845317825966159,2.845317825966159,9.343311780791433,9.00163666121113,11.86161449752883,2.8599778363177,2.8599778363177,31.77175378163845,30.477600635297417,33.32088485074117,2.843284215443756,2.843284215443756,9.329094666825007,21.550918083514233,23.561423633095185,2.0105055495809516,2.0105055495809516,9.329094666825004,62.844405268340736,64.89843282957935,2.0540275612386125,2.0540275612386125,3.2684334468089467,0.3429250064742197,0.3630507333661897,0.02012572689197001,0.02012572689197001,5.868842024351762,1.6764542772105453,1.7180717534368959,0.04161747622635059,0.04161747622635059,2.4824701032465954,1.1460653887927266,1.1493311990981396,0.003265810305413064,0.003265810305413064,0.2849584619995628,570.2327955867494,588.4303242560204,18.197528669271037,18.197528669271037,3.1912455421906105,327.28840925752615,331.45791593359417,4.169506676068011,4.169506676068011,1.2739548844784307,1.7422945006832276,1.7752791409389943,0.03298464025576675,0.03298464025576675,1.8931724942500865,pleth_6
s2_sit,msptdfast,MSPTDfast v2,NeuroKit2 (author-contributed; Charlton 2025),mid_upslope,median_mad,1.0,100.0,True,False,990,991,0.9951016628351869,0.0,0.1927104294787319,990,0,1,0.9989909182643795,1.0,0.999495204442201,234.15886216055213,2.75903524815756,3.318860401887974,0.006369729660233134,3.3205334466736507,989,496.8181818181818,496.8213343403781,0.0031525221962738215,0.0031525221962738215,0.0006345424365784454,17.9894720567605,19.083251846662886,1.093779789902385,1.093779789902385,6.080110558282554,4.648624180821078,5.869396455291478,1.2207722744704004,1.2207722744704004,26.260937150113467,0.0,0.0,0.0,0.0,,4.650954564424282,5.8723502315567,1.221395667132418,1.221395667132418,26.261182521003803,3.2887215114949355,4.152378670236136,0.8636571587412001,0.8636571587412001,26.261182521003803,25.22749532913968,26.666434959800924,1.4389396306612454,1.4389396306612454,5.703854512259727,0.13036258528987663,0.15571555314745886,0.02535296785758223,0.02535296785758223,19.448040096172463,0.745467018693734,0.8497665325336436,0.10429951383990965,0.10429951383990965,13.99116409236608,1.6151323746822592,1.5412477230907986,-0.07388465159146063,0.07388465159146063,-4.5745260728858685,99.94805062404777,119.81888477651788,19.87083415247011,19.87083415247011,19.881162292212966,19.90885704317436,38.50340685075841,18.59454980758405,18.59454980758405,93.39837926034576,5.020280692522949,3.1119034541785693,-1.9083772383443796,1.9083772383443796,-38.01335732455473,pleth_6
s2_sit,msptd,MSPTD,"own vectorised port (Bishop & Ercole 2018), 6 s windows; verified bit-identical to NeuroKit2 method='bishop'",mid_upslope,median_mad,1.0,100.0,True,False,990,991,0.9951016628351869,0.0,0.0332906955966559,990,0,1,0.9989909182643795,1.0,0.999495204442201,234.15886216055213,2.75903524815756,3.3188604995207105,0.006369729660233134,3.320533544355964,989,496.8181818181818,496.8213343403781,0.0031525221962738215,0.0031525221962738215,0.0006345424365784454,17.9894720567605,19.08325184629241,1.093779789531908,1.093779789531908,6.0801105562231434,4.648624180821078,5.869396343962104,1.2207721631410262,1.2207721631410262,26.260934755224792,0.0,0.0,0.0,0.0,,4.650954564424282,5.872350120170586,1.2213955557463043,1.2213955557463043,26.26118012609514,3.2887215114949355,4.1523785914742595,0.863657079979324,0.863657079979324,26.261180126095145,25.22749532913968,26.666434971535125,1.4389396423954466,1.4389396423954466,5.703854558773267,0.13036258528987663,0.15571555012534233,0.025352964835465702,0.025352964835465702,19.44803777793328,0.745467018693734,0.8497665325336436,0.10429951383990965,0.10429951383990965,13.99116409236608,1.6151323746822592,1.5412477411916996,-0.07388463349055963,0.07388463349055963,-4.574524952178905,99.94805062404777,119.8188845981689,19.87083397412114,19.87083397412114,19.881162113771296,19.90885704317436,38.503407974282304,18.594550931107943,18.594550931107943,93.39838490368275,5.020280692522949,3.1119033587416443,-1.9083773337813046,1.9083773337813046,-38.013359225582406,pleth_6
s2_sit,qppg,qppg (slope-sum),own port (Zong 2003),mid_upslope,median_mad,1.0,100.0,True,False,991,991,0.9951016628351869,0.0,0.004610639059651297,991,0,0,1.0,1.0,1.0,234.45150869761875,3.0053320356728817,3.8119909917628245,0.002768979996383648,3.813916693304738,990,496.8181818181818,496.8209507981782,0.0027689799964036865,0.0027689799964036865,0.0005573427257171189,17.9894720567605,19.165331057078042,1.1758590003175406,1.1758590003175406,6.536373033113271,4.648624180821078,6.548125946690146,1.8995017658690676,1.8995017658690676,40.86159026805996,0.0,0.0,0.0,0.0,,4.650954564424282,6.551415071677711,1.9004605072534293,1.9004605072534293,40.86173023039793,3.2887215114949355,4.632550023551062,1.3438285120561262,1.3438285120561262,40.86173023039794,25.22749532913968,26.705042769748513,1.4775474406088343,1.4775474406088343,5.8568931292285455,0.13036258528987663,0.1734709831207916,0.04310839783091497,0.04310839783091497,33.06807527256256,0.745467018693734,0.8767555443074964,0.13128852561376236,0.13128852561376236,17.611580703304146,1.6151323746822592,1.5122152658867551,-0.10291710879550409,0.10291710879550409,-6.372054105828365,99.94805062404777,119.7960576003969,19.84800697634914,19.84800697634914,19.858323251352797,19.90885704317436,39.22511831165456,19.3162612684802,19.3162612684802,97.0234565780996,5.020280692522949,3.0540649144403758,-1.966215778082573,1.966215778082573,-39.16545505136783,pleth_6
s2_sit,terma,TERMA,own port (Elgendi 2013),mid_upslope,median_mad,1.0,100.0,True,False,991,991,0.9951016628351869,0.0,0.0005485040990327054,991,0,0,1.0,1.0,1.0,234.19045941926385,2.7574598599511764,3.317402804214585,0.005151779505184559,3.3190755282636215,990,496.8181818181818,496.823333597687,0.00515177950518364,0.00515177950518364,0.0010369547036966156,17.9894720567605,19.07370538650957,1.0842333297490683,1.0842333297490683,6.0270436304527895,4.648624180821078,5.866437483056157,1.2178133022350792,1.2178133022350792,26.19728450536905,0.0,0.0,0.0,0.0,,4.650954564424282,5.869385940965132,1.2184313765408499,1.2184313765408499,26.19744741995073,3.2887215114949355,4.15028260025743,0.8615610887624947,0.8615610887624947,26.197447419950734,25.22749532913968,26.653097919017384,1.4256025898777054,1.4256025898777054,5.650987429699475,0.13036258528987663,0.15571482958069732,0.025352244290820697,0.025352244290820697,19.447485054432594,0.745467018693734,0.8516844736502427,0.1062174549565087,0.1062174549565087,14.248444571381748,1.6151323746822592,1.538948746369844,-0.07618362831241532,0.07618362831241532,-4.71686590564459,99.94805062404777,119.81888477651788,19.87083415247011,19.87083415247011,19.881162292212966,19.90885704317436,38.50340685075841,18.59454980758405,18.59454980758405,93.39837926034576,5.020280692522949,3.1119034541785693,-1.9083772383443796,1.9083772383443796,-38.01335732455473,pleth_6
s2_sit,heartpy,HeartPy,HeartPy package,mid_upslope,median_mad,1.0,100.0,True,False,991,991,0.9951016628351869,0.0,0.038143144359343135,991,0,0,1.0,1.0,1.0,234.19045941926385,2.7574598599511764,3.317402804214585,0.005151779505184559,3.3190755282636215,990,496.8181818181818,496.823333597687,0.00515177950518364,0.00515177950518364,0.0010369547036966156,17.9894720567605,19.07370538650957,1.0842333297490683,1.0842333297490683,6.0270436304527895,4.648624180821078,5.866437483056157,1.2178133022350792,1.2178133022350792,26.19728450536905,0.0,0.0,0.0,0.0,,4.650954564424282,5.869385940965132,1.2184313765408499,1.2184313765408499,26.19744741995073,3.2887215114949355,4.15028260025743,0.8615610887624947,0.8615610887624947,26.197447419950734,25.22749532913968,26.653097919017384,1.4256025898777054,1.4256025898777054,5.650987429699475,0.13036258528987663,0.15571482958069732,0.025352244290820697,0.025352244290820697,19.447485054432594,0.745467018693734,0.8516844736502427,0.1062174549565087,0.1062174549565087,14.248444571381748,1.6151323746822592,1.538948746369844,-0.07618362831241532,0.07618362831241532,-4.71686590564459,99.94805062404777,119.81888477651788,19.87083415247011,19.87083415247011,19.881162292212966,19.90885704317436,38.50340685075841,18.59454980758405,18.59454980758405,93.39837926034576,5.020280692522949,3.1119034541785693,-1.9083772383443796,1.9083772383443796,-38.01335732455473,pleth_6
s2_sit,findpeaks,find_peaks baseline,baseline (Zuern-style),mid_upslope,median_mad,1.0,100.0,True,False,991,991,0.9951016628351869,0.0,0.00017854560945916066,991,0,0,1.0,1.0,1.0,234.19045941926385,2.7574598599511764,3.317402804214585,0.005151779505184559,3.3190755282636215,990,496.8181818181818,496.823333597687,0.00515177950518364,0.00515177950518364,0.0010369547036966156,17.9894720567605,19.07370538650957,1.0842333297490683,1.0842333297490683,6.0270436304527895,4.648624180821078,5.866437483056157,1.2178133022350792,1.2178133022350792,26.19728450536905,0.0,0.0,0.0,0.0,,4.650954564424282,5.869385940965132,1.2184313765408499,1.2184313765408499,26.19744741995073,3.2887215114949355,4.15028260025743,0.8615610887624947,0.8615610887624947,26.197447419950734,25.22749532913968,26.653097919017384,1.4256025898777054,1.4256025898777054,5.650987429699475,0.13036258528987663,0.15571482958069732,0.025352244290820697,0.025352244290820697,19.447485054432594,0.745467018693734,0.8516844736502427,0.1062174549565087,0.1062174549565087,14.248444571381748,1.6151323746822592,1.538948746369844,-0.07618362831241532,0.07618362831241532,-4.71686590564459,99.94805062404777,119.81888477651788,19.87083415247011,19.87083415247011,19.881162292212966,19.90885704317436,38.50340685075841,18.59454980758405,18.59454980758405,93.39837926034576,5.020280692522949,3.1119034541785693,-1.9083772383443796,1.9083772383443796,-38.01335732455473,pleth_6
s3_sit,msptdfast,MSPTDfast v2,NeuroKit2 (author-contributed; Charlton 2025),mid_upslope,median_mad,1.0,100.0,True,False,603,603,0.9953320956006322,0.0016611295681063123,0.20055712190701253,602,1,1,0.9983416252072969,0.9983416252072969,0.9983416252072969,289.24661553110786,4.919892123916876,6.0847888640892185,0.01622562954778323,6.089835758861297,601,815.7774086378738,816.016518689296,0.2391100514222444,0.2391100514222444,0.029310697855864026,61.9273119712334,64.13697771535034,2.20966574411694,2.20966574411694,3.56816027335948,38.473190094833306,42.17522441469009,3.7020343198567858,3.7020343198567858,9.622374205860158,19.30116472545757,24.166666666666668,4.8655019412090965,4.8655019412090965,25.208333333333336,38.504571690160056,42.20942327988449,3.7048515897244343,3.7048515897244343,9.621848593815727,27.22684374879574,29.84656943117965,2.6197256823839083,2.6197256823839083,9.621848593815729,83.23871043837475,85.6521226480025,2.413412209627751,2.413412209627751,2.899386832061154,0.3270935314279401,0.3484626943086705,0.021369162880730375,0.021369162880730375,6.533043557126436,1.4540556028720704,1.5044863111144193,0.050430708242348965,0.050430708242348965,3.4682792145456847,1.0772869742520945,1.0237287246837186,-0.05355824956837596,0.05355824956837596,-4.971586109222079,901.0824037873131,941.5902981481026,40.50789436078958,40.50789436078958,4.495470579664194,679.6120627362407,830.7944660288133,151.18240329257264,151.18240329257264,22.24539727618798,1.3258775898700104,1.1333613025239466,-0.19251628734606374,0.19251628734606374,-14.51991411702932,pleth_6
s3_sit,msptd,MSPTD,"own vectorised port (Bishop & Ercole 2018), 6 s windows; verified bit-identical to NeuroKit2 method='bishop'",mid_upslope,median_mad,1.0,100.0,True,False,603,603,0.9953320956006322,0.0016611295681063123,0.050155365246649486,602,1,1,0.9983416252072969,0.9983416252072969,0.9983416252072969,289.24661553110786,4.9113545549210365,6.077764086512961,0.01622562954778323,6.082805104715499,601,815.7774086378738,816.016518689296,0.2391100514222444,0.2391100514222444,0.029310697855864026,61.9273119712334,64.14403969982087,2.2167277285874647,2.2167277285874647,3.5795639404099817,38.473190094833306,42.19356290011128,3.720372805277975,3.720372805277975,9.670039828014149,19.30116472545757,24.333333333333336,5.032168607875764,5.032168607875764,26.071839080459778,38.504571690160056,42.227777497296714,3.723205807136658,3.723205807136658,9.669516225493123,27.22684374879574,29.859547822775205,2.6327040739794647,2.6327040739794647,9.669516225493126,83.23871043837475,85.6581756859425,2.419465247567743,2.419465247567743,2.906658734650843,0.3270935314279401,0.3485895839324477,0.02149605250450759,0.02149605250450759,6.571836627482573,1.4540556028720704,1.5066707238285448,0.05261512095647447,0.05261512095647447,3.6185081817055944,1.0772869742520945,1.023260561202839,-0.054026413049255595,0.054026413049255595,-5.0150437479078755,901.0824037873131,941.6590713065915,40.57666751927843,40.57666751927843,4.503102862594123,679.6120627362407,831.4834621036201,151.87139936737947,151.87139936737947,22.34677806569793,1.3258775898700104,1.1325048713828072,-0.19337271848720317,0.19337271848720317,-14.584507647207577,pleth_6
s3_sit,qppg,qppg (slope-sum),own port (Zong 2003),mid_upslope,median_mad,1.0,100.0,True,False,603,603,0.9953320956006322,0.0016611295681063123,0.0033021462597893052,602,1,1,0.9983416252072969,0.9983416252072969,0.9983416252072969,289.277729039109,4.920297472667524,6.0840399309886966,0.01544447057149916,6.089088234082671,601,815.7774086378738,816.0328329359368,0.2554242980629624,0.2554242980629624,0.03131053831086735,61.9273119712334,64.17894725160485,2.2516352803714526,2.2516352803714526,3.635932529119602,38.473190094833306,42.13406706533522,3.660876970501917,3.660876970501917,9.51539750532293,19.30116472545757,24.166666666666668,4.8655019412090965,4.8655019412090965,25.208333333333336,38.504571690160056,42.168089697272734,3.6635180071126783,3.6635180071126783,9.514501385945556,27.22684374879574,29.81734217462414,2.5904984258284003,2.5904984258284003,9.51450138594555,83.23871043837475,85.725145939158,2.4864355007832444,2.4864355007832444,2.9871143938781475,0.3270935314279401,0.3478249217071792,0.020731390279239093,0.020731390279239093,6.3380618347098965,1.4540556028720704,1.5006882523405949,0.04663264946852452,0.04663264946852452,3.2070747072130583,1.0772869742520945,1.0240141479178406,-0.0532728263342539,0.0532728263342539,-4.945091475856608,901.0824037873131,941.865925127062,40.78352133974897,40.78352133974897,4.526059011732218,679.6120627362407,830.3167416154064,150.70467887916573,150.70467887916573,22.17510358371238,1.3258775898700104,1.1343453382556556,-0.19153225161435472,0.19153225161435472,-14.445696426103154,pleth_6
s3_sit,terma,TERMA,own port (Elgendi 2013),mid_upslope,median_mad,1.0,100.0,True,False,603,603,0.9953320956006322,0.0016611295681063123,0.0005213061992209144,602,1,1,0.9983416252072969,0.9983416252072969,0.9983416252072969,289.24661553110786,4.910689792397963,6.077773248002884,0.01622562954778342,6.082814273869492,601,815.7774086378738,816.016518689296,0.2391100514222444,0.2391100514222444,0.029310697855864026,61.9273119712334,64.14136307435817,2.214051103124767,2.214051103124767,3.575241735267377,38.473190094833306,42.1881382593482,3.714948164514894,3.714948164514894,9.655940033456666,19.30116472545757,24.333333333333336,5.032168607875764,5.032168607875764,26.071839080459778,38.504571690160056,42.22234820294952,3.717776512789463,3.717776512789463,9.655415836607139,27.22684374879574,29.855708731925244,2.6288649831295032,2.6288649831295032,9.655415836607133,83.23871043837475,85.65550519486601,2.4167947564912566,2.4167947564912566,2.9034505024924853,0.3270935314279401,0.3485556318184523,0.021462100390512162,0.021462100390512162,6.561456686966108,1.4540556028720704,1.5047588278077533,0.05070322493568291,0.05070322493568291,3.4870210489566706,1.0772869742520945,1.0234229764525298,-0.053863997799564745,0.053863997799564745,-4.999967426224547,901.0824037873131,941.6011372772057,40.51873348989261,40.51873348989261,4.49667348064833,679.6120627362407,831.1371870741802,151.5251243379396,151.5251243379396,22.295826199416197,1.3258775898700104,1.1329070000969244,-0.192970589773086,0.192970589773086,-14.55417839832446,pleth_6
s3_sit,heartpy,HeartPy,HeartPy package,mid_upslope,median_mad,1.0,100.0,True,False,592,603,0.9953320956006322,0.02030456852791878,0.03121349670302658,591,1,12,0.9800995024875622,0.9983108108108109,0.9891213389121339,289.268057045471,4.945584605349522,6.102371358854778,-0.10052147830129379,6.106819252039662,579,815.7774086378738,812.445551283199,-3.331857354674753,3.331857354674753,-0.4084272645203607,61.9273119712334,62.53382964300274,0.606517671769339,0.606517671769339,0.9794025486704151,38.473190094833306,42.08417063990494,3.6109805450716337,3.6109805450716337,9.38570608824186,19.30116472545757,23.70242214532872,4.401257419871147,4.401257419871147,22.80306645984965,38.504571690160056,42.11955255700362,3.614980866843567,3.614980866843567,9.388445860228552,27.22684374879574,29.78302123360045,2.55617748480471,2.55617748480471,9.388445860228552,83.23871043837475,83.27023085016086,0.03152041178610432,0.03152041178610432,0.0378674917236257,0.3270935314279401,0.3576670909822861,0.030573559554345986,0.030573559554345986,9.347038879330896,1.4540556028720704,1.5476794062554529,0.0936238033833825,0.0936238033833825,6.438804898413478,1.0772869742520945,1.0488775027403017,-0.02840947151179285,0.02840947151179285,-2.6371312557191273,901.0824037873131,870.3673476371093,-30.715056150203736,30.715056150203736,-3.4086844911304652,679.6120627362407,743.1099175138114,63.49785477757075,63.49785477757075,9.343250106820786,1.3258775898700104,1.1712498072277884,-0.154627782642222,0.154627782642222,-11.662297019243063,pleth_6
s3_sit,findpeaks,find_peaks baseline,baseline (Zuern-style),mid_upslope,median_mad,1.0,100.0,True,False,603,603,0.9953320956006322,0.0016611295681063123,0.00015890375382840517,602,1,1,0.9983416252072969,0.9983416252072969,0.9983416252072969,289.24661553110786,4.910689792397963,6.077773248002884,0.01622562954778342,6.082814273869492,601,815.7774086378738,816.016518689296,0.2391100514222444,0.2391100514222444,0.029310697855864026,61.9273119712334,64.14136307435817,2.214051103124767,2.214051103124767,3.575241735267377,38.473190094833306,42.1881382593482,3.714948164514894,3.714948164514894,9.655940033456666,19.30116472545757,24.333333333333336,5.032168607875764,5.032168607875764,26.071839080459778,38.504571690160056,42.22234820294952,3.717776512789463,3.717776512789463,9.655415836607139,27.22684374879574,29.855708731925244,2.6288649831295032,2.6288649831295032,9.655415836607133,83.23871043837475,85.65550519486601,2.4167947564912566,2.4167947564912566,2.9034505024924853,0.3270935314279401,0.3485556318184523,0.021462100390512162,0.021462100390512162,6.561456686966108,1.4540556028720704,1.5047588278077533,0.05070322493568291,0.05070322493568291,3.4870210489566706,1.0772869742520945,1.0234229764525298,-0.053863997799564745,0.053863997799564745,-4.999967426224547,901.0824037873131,941.6011372772057,40.51873348989261,40.51873348989261,4.49667348064833,679.6120627362407,831.1371870741802,151.5251243379396,151.5251243379396,22.295826199416197,1.3258775898700104,1.1329070000969244,-0.192970589773086,0.192970589773086,-14.55417839832446,pleth_6
s4_sit,msptdfast,MSPTDfast v2,NeuroKit2 (author-contributed; Charlton 2025),mid_upslope,median_mad,1.0,100.0,True,False,679,681,0.9920795607314664,0.004424778761061947,0.18783814930499476,679,0,2,0.9970631424375918,1.0,0.9985294117647059,265.69425089327103,5.127860668814889,7.385192105144843,0.019915647783454143,7.390625633540537,677,724.3264705882353,724.4266807211064,0.10021013287109781,0.10021013287109781,0.013834940036046978,47.66481403611934,48.42423847543133,0.7594244393119922,0.7594244393119922,1.5932600486734665,25.291933202608096,27.379764071267847,2.0878308686597506,2.0878308686597506,8.254927972229716,4.860088365243005,6.528189910979229,1.6681015457362243,1.6681015457362243,34.32245301681503,25.31055348154773,27.399757002637852,2.0892035210901234,2.0892035210901234,8.254278289936352,17.89726400238718,19.374553979428818,1.4772899770416394,1.4772899770416394,8.254278289936355,64.98889855524969,65.68439998925992,0.6955014340102252,0.6955014340102252,1.0701849846231066,0.2753895572975743,0.29496431394055145,0.019574756642977142,0.019574756642977142,7.108024296587793,1.4191767991993267,1.4576292787085254,0.03845247950919872,0.03845247950919872,2.7094918357524516,1.2617883725140522,1.2020336148961277,-0.05975475761792448,0.05975475761792448,-4.735719469253471,966.4383586160568,976.3640367558141,9.925678139757338,9.925678139757338,1.0270368566465993,276.63397826643387,293.0698350736917,16.435856807257835,16.435856807257835,5.9413731134025785,3.4935634612652433,3.3315064189745414,-0.16205704229070195,0.16205704229070195,-4.638731887584223,pleth_6
s4_sit,msptd,MSPTD,"own vectorised port (Bishop & Ercole 2018), 6 s windows; verified bit-identical to NeuroKit2 method='bishop'",mid_upslope,median_mad,1.0,100.0,True,False,680,681,0.9920795607314664,0.0029455081001472753,0.032513804078889444,680,0,1,0.9985315712187959,1.0,0.9992652461425422,265.72273315080486,5.172904840358727,7.4542884946351196,0.019430119113557284,7.459758390329544,679,724.3264705882353,724.1857010990776,-0.14076948915771936,0.14076948915771936,-0.01943453606540136,47.66481403611934,48.584413426111986,0.9195993899926478,0.9195993899926478,1.929304474566492,25.291933202608096,27.240991080178038,1.9490578775699419,1.9490578775699419,7.706243180212716,4.860088365243005,6.508875739644971,1.6487873744019659,1.6487873744019659,33.925049309664686,25.31055348154773,27.260821316808624,1.9502678352608953,1.9502678352608953,7.705354356168893,17.89726400238718,19.276311613830167,1.3790476114429886,1.3790476114429886,7.705354356168898,64.98889855524969,65.949331054115,0.9604324988653161,0.9604324988653161,1.4778408623879256,0.2753895572975743,0.29228972160480154,0.01690016430722724,0.01690016430722724,6.1368210447303335,1.4191767991993267,1.4541007582734704,0.034923959074143696,0.034923959074143696,2.460860344803209,1.2617883725140522,1.2068208072627407,-0.05496756525131152,0.05496756525131152,-4.3563220622957015,966.4383586160568,976.348765848249,9.910407232192142,9.910407232192142,1.0254567343936845,276.63397826643387,293.05991207904435,16.42593381261048,16.42593381261048,5.937786065018451,3.4935634612652433,3.331567115139608,-0.16199634612563552,0.16199634612563552,-4.636994516394623,pleth_6
s4_sit,qppg,qppg (slope-sum),own port (Zong 2003),mid_upslope,median_mad,1.0,100.0,True,False,614,681,0.9920795607314664,0.04241435562805873,0.0035117915739064504,612,2,69,0.8986784140969163,0.996742671009772,0.9451737451737452,265.5365304094156,4.696428443791915,6.494726676846971,-0.6852463572656634,6.4639842801530705,587,724.3264705882353,723.9336845257268,-0.39278606250854864,0.39278606250854864,-0.05422776585668086,47.66481403611934,50.98256301076703,3.3177489746476923,3.3177489746476923,6.960583066858449,25.291933202608096,32.53017197436337,7.238238771755274,7.238238771755274,28.618764385352993,4.860088365243005,7.337883959044368,2.477795593801363,2.477795593801363,50.98252146033713,25.31055348154773,32.54765292475663,7.237099443208905,7.237099443208905,28.59320894932227,17.89726400238718,23.014666094801584,5.117402092414405,5.117402092414405,28.59320894932228,64.98889855524969,68.32838800117014,3.3394894459204494,3.3394894459204494,5.138553691722309,0.2753895572975743,0.33682436785143316,0.061434810553858854,0.061434810553858854,22.30832975539265,1.4191767991993267,1.4228519568536881,0.0036751576543614384,0.0036751576543614384,0.2589640456661139,1.2617883725140522,1.258057949474373,-0.003730423039679076,0.003730423039679076,-0.29564569787930356,966.4383586160568,962.965819529996,-3.472539086060806,3.472539086060806,-0.35931304413801357,276.63397826643387,243.47685735134215,-33.157120915091724,33.157120915091724,-11.985917681868125,3.4935634612652433,3.955060986106028,0.46149752484078466,0.46149752484078466,13.209936786825873,pleth_6
s4_sit,terma,TERMA,own port (Elgendi 2013),mid_upslope,median_mad,1.0,100.0,True,False,680,681,0.9920795607314664,0.004418262150220913,0.00045847438560457334,679,1,2,0.9970631424375918,0.9985294117647059,0.9977957384276267,265.7512154083387,5.13040074222936,7.4003406463315775,0.01520694302257115,7.405796612371459,677,724.3264705882353,724.3339549312161,0.007484342980774272,0.007484342980774272,0.001033283096045922,47.66481403611934,49.04002612956364,1.3752120934443042,1.3752120934443042,2.8851724720927243,25.291933202608096,28.495088396394294,3.2031551937861984,3.2031551937861984,12.66473056103078,4.860088365243005,6.962962962962963,2.102874597719958,2.102874597719958,43.26823793490458,25.31055348154773,28.515115947950544,3.204562466402816,3.204562466402816,12.660973489730493,17.89726400238718,20.1632318531165,2.2659678507293215,2.2659678507293215,12.660973489730507,64.98889855524969,66.35730861641419,1.3684100611644965,1.3684100611644965,2.105605867440815,0.2753895572975743,0.3038584938649683,0.02846893656739402,0.02846893656739402,10.337696478676456,1.4191767991993267,1.4479310822084406,0.028754283009113868,0.028754283009113868,2.0261240900595685,1.2617883725140522,1.2488393544139267,-0.012949018100125498,0.012949018100125498,-1.026243257760032,966.4383586160568,973.5984471620144,7.160088545957592,7.160088545957592,0.7408737952217527,276.63397826643387,293.4377002151628,16.803721948728935,16.803721948728935,6.07435212913173,3.4935634612652433,3.317905117331974,-0.1756583439332693,0.1756583439332693,-5.0280564781740695,pleth_6
s4_sit,heartpy,HeartPy,HeartPy package,mid_upslope,median_mad,1.0,100.0,True,False,672,681,0.9920795607314664,0.00894187779433681,0.05302001571043261,670,2,11,0.9838472834067548,0.9970238095238095,0.9903917220990393,265.7648651593997,5.002393861359425,6.986578975530208,-0.039024404564676665,6.991728903656454,665,724.3264705882353,724.9495754390108,0.6231048507754622,0.6231048507754622,0.0860254147925079,47.66481403611934,51.37590042917451,3.7110863930551687,3.7110863930551687,7.785798535252838,25.291933202608096,30.631951479582924,5.340018276974828,5.340018276974828,21.113523565783286,4.860088365243005,6.927710843373494,2.067622478130489,2.067622478130489,42.542898868200055,25.31055348154773,30.6492654084714,5.338711926923672,5.338711926923672,21.09282964047301,17.89726400238718,21.67230340871641,3.775039406329231,3.775039406329231,21.09282964047302,64.98889855524969,69.34895496528729,4.3600564100376005,4.3600564100376005,6.708924919432109,0.2753895572975743,0.31251088671147975,0.037121329413905446,0.037121329413905446,13.479570459454171,1.4191767991993267,1.3893972769002951,-0.02977952229903158,0.02977952229903158,-2.0983659200060654,1.2617883725140522,1.2076371575049205,-0.05415121500913167,0.05415121500913167,-4.291624189026089,966.4383586160568,974.1230810717504,7.684722455693645,7.684722455693645,0.7951590897838736,276.63397826643387,298.76963758278885,22.135659316354975,22.135659316354975,8.001786134541835,3.4935634612652433,3.2604487154482746,-0.23311474581696867,0.23311474581696867,-6.672692464345356,pleth_6
s4_sit,findpeaks,find_peaks baseline,baseline (Zuern-style),mid_upslope,median_mad,1.0,100.0,True,False,682,681,0.9920795607314664,0.002936857562408223,0.0002307739031223357,681,1,0,1.0,0.998533724340176,0.9992663242846662,265.7512154083387,5.16814658404004,7.4489901044693205,0.016062956417623047,7.454456019717209,680,724.3264705882353,724.457115233343,0.13064464510762264,0.13064464510762264,0.018036707260128758,47.66481403611934,48.98532057842721,1.320506542307875,1.320506542307875,2.770401120850329,25.291933202608096,28.312874514647532,3.0209413120394366,3.0209413120394366,11.944287879614985,4.860088365243005,6.784660766961652,1.9245724017186472,1.9245724017186472,39.599535174756404,25.31055348154773,28.332676646046195,3.022123164498467,3.022123164498467,11.94017020094681,17.89726400238718,20.034227785584992,2.136963783197814,2.136963783197814,11.940170200946808,64.98889855524969,66.31555610396299,1.3266575487132997,1.3266575487132997,2.041360260299618,0.2753895572975743,0.30210449798803324,0.026714940690458933,0.026714940690458933,9.700782031321507,1.4191767991993267,1.4438277903666525,0.02465099116732583,0.02465099116732583,1.7369922606706554,1.2617883725140522,1.2476707132927793,-0.014117659221272838,0.014117659221272838,-1.118861096583422,966.4383586160568,976.3115722505345,9.873213634477679,9.873213634477679,1.0216082118901155,276.63397826643387,292.96417956222183,16.33020129578796,16.33020129578796,5.903179861752156,3.4935634612652433,3.332528822156493,-0.16103463910875027,0.16103463910875027,-4.609466548818017,pleth_6
s5_sit,msptdfast,MSPTDfast v2,NeuroKit2 (author-contributed; Charlton 2025),mid_upslope,median_mad,1.0,100.0,True,False,637,638,0.9911163611061667,0.0015723270440251573,0.19509447968475782,637,0,1,0.9984326018808778,1.0,0.9992156862745099,267.50521200942336,3.509940134539909,4.497123597609184,-0.00670493446300115,4.50065824453837,636,774.7158555729984,774.6418497717731,-0.07400580122532574,0.07400580122532574,-0.009552638001785735,49.02100643708726,50.06293001801591,1.0419235809286533,1.0419235809286533,2.1254634628235154,26.212124517066584,27.62114807351404,1.4090235564474547,1.4090235564474547,5.3754649133077566,5.345911949685535,6.940063091482649,1.5941511417971146,1.5941511417971146,29.82000371126367,26.232755677027686,27.64294208269405,1.4101864056663622,1.4101864056663622,5.375670108883293,18.54935942843618,19.54651179861995,0.9971523701837697,0.9971523701837697,5.375670108883299,66.79849855351979,68.04798160477597,1.2494830512561776,1.2494830512561776,1.8705256529906524,0.2776912629791252,0.28724601873052574,0.009554755751400523,0.009554755751400523,3.4407837138609505,1.5491181222005777,1.5055720057872877,-0.04354611641328998,0.04354611641328998,-2.811026208345634,1.2379608927180983,1.242959981726127,0.004999089008028701,0.004999089008028701,0.4038163917320986,886.7114917235966,926.072786456138,39.36129473254141,39.36129473254141,4.4390193540889635,287.29067184026013,332.4443787385163,45.15370689825619,45.15370689825619,15.717080756232361,3.086461130268189,2.7856473012724314,-0.3008138289957576,0.3008138289957576,-9.746237399387539,pleth_6
s5_sit,msptd,MSPTD,"own vectorised port (Bishop & Ercole 2018), 6 s windows; verified bit-identical to NeuroKit2 method='bishop'",mid_upslope,median_mad,1.0,100.0,True,False,637,638,0.9911163611061667,0.0015723270440251573,0.04216167737406867,637,0,1,0.9984326018808778,1.0,0.9992156862745099,267.50521200942336,3.5100960276224806,4.497354434980261,-0.00670493446300115,4.500889263856406,636,774.7158555729984,774.6418497717731,-0.07400580122532574,0.07400580122532574,-0.009552638001785735,49.02100643708726,50.06290375230636,1.041897315219103,1.041897315219103,2.1254098823047554,26.212124517066584,27.621049985211133,1.4089254681445489,1.4089254681445489,5.375090703644431,5.345911949685535,6.940063091482649,1.5941511417971146,1.5941511417971146,29.82000371126367,26.232755677027686,27.642843916889422,1.4100882398617358,1.4100882398617358,5.3752958980842624,18.54935942843618,19.546442384913817,0.9970829564776373,0.9970829564776373,5.375295898084268,66.79849855351979,68.0479628961707,1.24946434265091,1.24946434265091,1.8704976454670212,0.2776912629791252,0.2872450776335255,0.009553814654400306,0.009553814654400306,3.44044481338921,1.5491181222005777,1.5053586269323227,-0.043759495268254955,0.043759495268254955,-2.824800422971815,1.2379608927180983,1.2429634115016825,0.005002518783584264,0.005002518783584264,0.4040934421280956,886.7114917235966,926.0736249490508,39.36213322545416,39.36213322545416,4.439113916178276,287.29067184026013,332.44157510276045,45.15090326250032,45.15090326250032,15.716104868035956,3.086461130268189,2.785673316169296,-0.3007878140988929,0.3007878140988929,-9.74539452802883,pleth_6
s5_sit,qppg,qppg (slope-sum),own port (Zong 2003),mid_upslope,median_mad,1.0,100.0,True,False,638,638,0.9911163611061667,0.0015698587127158557,0.003652000841544035,638,0,0,1.0,1.0,1.0,267.56576734029215,3.4976068606033843,4.482008315049483,0.0006194417148849303,4.485530479681408,637,774.7158555729984,774.7771892886927,0.06133371569433166,0.06133371569433166,0.007916930478848632,49.02100643708726,50.138901307886044,1.1178948707987857,1.1178948707987857,2.280440472460461,26.212124517066584,27.603607399206773,1.3914828821401883,1.3914828821401883,5.308546742306984,5.345911949685535,6.929133858267717,1.583221908582182,1.583221908582182,29.615562760537284,26.232755677027686,27.625367813933607,1.392612136905921,1.392612136905921,5.308676503724872,18.54935942843618,19.534084914005046,0.9847254855688661,0.9847254855688661,5.308676503724874,66.79849855351979,68.16332133410397,1.364822780584177,1.364822780584177,2.043193799469406,0.2776912629791252,0.2865776568934825,0.008886393914357305,0.008886393914357305,3.2000984903242413,1.5491181222005777,1.5071679304878467,-0.041950191712730955,0.041950191712730955,-2.7080047100048903,1.2379608927180983,1.2439479789039782,0.005987086185879953,0.005987086185879953,0.48362482378054406,886.7114917235966,926.0625731630175,39.35108143942091,39.35108143942091,4.437867537154613,287.29067184026013,332.36699220615026,45.076320365890126,45.076320365890126,15.690144088964203,3.086461130268189,2.786265167356415,-0.30019596291177386,0.30019596291177386,-9.726218806639862,pleth_6
s5_sit,terma,TERMA,own port (Elgendi 2013),mid_upslope,median_mad,1.0,100.0,True,False,638,638,0.9911163611061667,0.0015698587127158557,0.00046601482274333706,638,0,0,1.0,1.0,1.0,267.5186670266659,3.51192773705333,4.497640727796028,0.0006194417148856443,4.501175177382476,637,774.7158555729984,774.7770967417715,0.06124116877310826,0.06124116877310826,0.00790498456079911,49.02100643708726,50.139631024906365,1.118624587819106,1.118624587819106,2.28192905271076,26.212124517066584,27.612381670226622,1.4002571531600374,1.4002571531600374,5.342020835618788,5.345911949685535,6.929133858267717,1.583221908582182,1.583221908582182,29.615562760537284,26.232755677027686,27.634148983050753,1.401393306023067,1.401393306023067,5.3421505665540225,18.54935942843618,19.540294138234525,0.9909347097983456,0.9909347097983456,5.342150566554024,66.79849855351979,68.16261514656537,1.3641165930455799,1.3641165930455799,2.0421366087332524,0.2776912629791252,0.2866717202122949,0.008980457233169703,0.008980457233169703,3.233971835060863,1.5491181222005777,1.5071620133793948,-0.041956108821182836,0.041956108821182836,-2.7083866762582756,1.2379608927180983,1.24422618214855,0.0062652894304517925,0.0062652894304517925,0.5060975243487348,886.7114917235966,926.0735121811315,39.36202045753487,39.36202045753487,4.43910119863482,287.29067184026013,332.4414166645909,45.150744824330786,45.150744824330786,15.716049718953487,3.086461130268189,2.785674304581225,-0.30078682568696413,0.30078682568696413,-9.745362503911661,pleth_6
s5_sit,heartpy,HeartPy,HeartPy package,mid_upslope,median_mad,1.0,100.0,True,False,638,638,0.9911163611061667,0.0015698587127158557,0.033834285344017855,638,0,0,1.0,1.0,1.0,267.5186670266659,3.51192773705333,4.497640727796028,0.0006194417148856443,4.501175177382476,637,774.7158555729984,774.7770967417715,0.06124116877310826,0.06124116877310826,0.00790498456079911,49.02100643708726,50.139631024906365,1.118624587819106,1.118624587819106,2.28192905271076,26.212124517066584,27.612381670226622,1.4002571531600374,1.4002571531600374,5.342020835618788,5.345911949685535,6.929133858267717,1.583221908582182,1.583221908582182,29.615562760537284,26.232755677027686,27.634148983050753,1.401393306023067,1.401393306023067,5.3421505665540225,18.54935942843618,19.540294138234525,0.9909347097983456,0.9909347097983456,5.342150566554024,66.79849855351979,68.16261514656537,1.3641165930455799,1.3641165930455799,2.0421366087332524,0.2776912629791252,0.2866717202122949,0.008980457233169703,0.008980457233169703,3.233971835060863,1.5491181222005777,1.5071620133793948,-0.041956108821182836,0.041956108821182836,-2.7083866762582756,1.2379608927180983,1.24422618214855,0.0062652894304517925,0.0062652894304517925,0.5060975243487348,886.7114917235966,926.0735121811315,39.36202045753487,39.36202045753487,4.43910119863482,287.29067184026013,332.4414166645909,45.150744824330786,45.150744824330786,15.716049718953487,3.086461130268189,2.785674304581225,-0.30078682568696413,0.30078682568696413,-9.745362503911661,pleth_6
s5_sit,findpeaks,find_peaks baseline,baseline (Zuern-style),mid_upslope,median_mad,1.0,100.0,True,False,638,638,0.9911163611061667,0.0015698587127158557,0.00020013673345339422,638,0,0,1.0,1.0,1.0,267.5186670266659,3.51192773705333,4.497640727796028,0.0006194417148856443,4.501175177382476,637,774.7158555729984,774.7770967417715,0.06124116877310826,0.06124116877310826,0.00790498456079911,49.02100643708726,50.139631024906365,1.118624587819106,1.118624587819106,2.28192905271076,26.212124517066584,27.612381670226622,1.4002571531600374,1.4002571531600374,5.342020835618788,5.345911949685535,6.929133858267717,1.583221908582182,1.583221908582182,29.615562760537284,26.232755677027686,27.634148983050753,1.401393306023067,1.401393306023067,5.3421505665540225,18.54935942843618,19.540294138234525,0.9909347097983456,0.9909347097983456,5.342150566554024,66.79849855351979,68.16261514656537,1.3641165930455799,1.3641165930455799,2.0421366087332524,0.2776912629791252,0.2866717202122949,0.008980457233169703,0.008980457233169703,3.233971835060863,1.5491181222005777,1.5071620133793948,-0.041956108821182836,0.041956108821182836,-2.7083866762582756,1.2379608927180983,1.24422618214855,0.0062652894304517925,0.0062652894304517925,0.5060975243487348,886.7114917235966,926.0735121811315,39.36202045753487,39.36202045753487,4.43910119863482,287.29067184026013,332.4414166645909,45.150744824330786,45.150744824330786,15.716049718953487,3.086461130268189,2.785674304581225,-0.30078682568696413,0.30078682568696413,-9.745362503911661,pleth_6
s6_sit,msptdfast,MSPTDfast v2,NeuroKit2 (author-contributed; Charlton 2025),mid_upslope,median_mad,1.0,100.0,True,False,642,643,0.9819560564644773,0.0015600624024961,0.1807318137734363,642,0,1,0.9984447900466563,1.0,0.9992217898832686,255.53519065637974,5.489471039510473,7.180552179467543,0.0027886024861068824,7.186159254330854,641,775.2523364485982,775.4662709964321,0.21393454783390098,0.21393454783390098,0.027595472825522476,51.22403640488481,54.407196964247845,3.1831605593630385,3.1831605593630385,6.214193145972947,35.84713601790884,39.10282420711145,3.2556881892026155,3.2556881892026155,9.082143096664987,15.912636505460217,18.153364632237874,2.2407281267776575,2.2407281267776575,14.08143852220077,35.874867571113896,39.13331866378919,3.258451092675294,3.258451092675294,9.082824030544906,25.367362133704006,27.67143499749942,2.3040728637954153,2.3040728637954153,9.0828240305449,67.85499797063919,71.79538876691235,3.9403907962731637,3.9403907962731637,5.807075254763353,0.3738466272547889,0.38542078360124554,0.011574156346456643,0.011574156346456643,3.095963826515538,1.3101181359021097,1.376991968457577,0.06687383255546742,0.06687383255546742,5.104412397849909,1.142638697492854,1.081131037545971,-0.0615076599468829,0.0615076599468829,-5.382949140602475,1408.848534609433,1540.344973440812,131.496438831379,131.496438831379,9.333610789312637,565.6118790702247,743.6790283114385,178.06714924121377,178.06714924121377,31.48221524871925,2.4908397202077053,2.0712497123096836,-0.4195900078980217,0.4195900078980217,-16.84532346637836,pleth_6
s6_sit,msptd,MSPTD,"own vectorised port (Bishop & Ercole 2018), 6 s windows; verified bit-identical to NeuroKit2 method='bishop'",mid_upslope,median_mad,1.0,100.0,True,False,642,643,0.9819560564644773,0.0015600624024961,0.032587903102234486,642,0,1,0.9984447900466563,1.0,0.9992217898832686,255.53519065637974,5.489474945578806,7.180553133556993,0.0027886024861068824,7.186160209165468,641,775.2523364485982,775.4662709964321,0.21393454783390098,0.21393454783390098,0.027595472825522476,51.22403640488481,54.407197373330234,3.183160968445428,3.183160968445428,6.214193944587071,35.84713601790884,39.10282557607227,3.255689558163432,3.255689558163432,9.082146915549753,15.912636505460217,18.153364632237874,2.2407281267776575,2.2407281267776575,14.08143852220077,35.874867571113896,39.13332003382729,3.258452462713393,3.258452462713393,9.082827849480532,25.367362133704006,27.671435966262653,2.3040738325586467,2.3040738325586467,9.082827849480532,67.85499797063919,71.79538901354356,3.9403910429043663,3.9403910429043663,5.807075618231351,0.3738466272547889,0.3854207957706404,0.011574168515851524,0.011574168515851524,3.095967081699347,1.3101181359021097,1.376991968457577,0.06687383255546742,0.06687383255546742,5.104412397849909,1.142638697492854,1.0811310065044186,-0.06150769098843534,0.06150769098843534,-5.3829518572575745,1408.848534609433,1540.3449735101071,131.4964389006741,131.4964389006741,9.333610794231198,565.6118790702247,743.6790282232269,178.0671491530021,178.0671491530021,31.482215233123455,2.4908397202077053,2.071249712648544,-0.4195900075591612,0.4195900075591612,-16.845323452774096,pleth_6
s6_sit,qppg,qppg (slope-sum),own port (Zong 2003),mid_upslope,median_mad,1.0,100.0,True,False,644,643,0.9819560564644773,0.0015552099533437014,0.003480188535997756,643,1,0,1.0,0.9984472049689441,0.9992229992229993,255.68369147445057,5.561133504840824,7.256778011827074,-0.005560031773751692,7.262434187462158,642,775.2523364485982,775.5481843700505,0.2958479214523777,0.2958479214523777,0.038161500139121916,51.22403640488481,54.52650284695192,3.3024664420671144,3.3024664420671144,6.447103105978946,35.84713601790884,39.13698838310603,3.2898523651971914,3.2898523651971914,9.177448272446695,15.912636505460217,18.408736349453978,2.496099843993761,2.496099843993761,15.686274509803932,35.874867571113896,39.16681093257399,3.291943361460092,3.291943361460092,9.17618261568367,25.367362133704006,27.695117607874472,2.3277554741704662,2.3277554741704662,9.17618261568366,67.85499797063919,71.96707223531685,4.112074264677659,4.112074264677659,6.060090468880348,0.3738466272547889,0.38483040573496435,0.010983778480175455,0.010983778480175455,2.9380440211085936,1.3101181359021097,1.3680541015415726,0.057935965639462905,0.057935965639462905,4.4221940031056715,1.142638697492854,1.1326952178341556,-0.009943479658698351,0.009943479658698351,-0.8702208038740555,1408.848534609433,1539.6746153196716,130.82608071023856,130.82608071023856,9.28602880269927,565.6118790702247,747.1460803702164,181.53420129999165,181.53420129999165,32.095188948012336,2.4908397202077053,2.0607410729595896,-0.43009864724811564,0.43009864724811564,-17.26721489780365,pleth_6
s6_sit,terma,TERMA,own port (Elgendi 2013),mid_upslope,median_mad,1.0,100.0,True,False,644,643,0.9819560564644773,0.0015552099533437014,0.0004527498782783708,643,1,0,1.0,0.9984472049689441,0.9992229992229993,255.52540630882535,5.488784848193561,7.177724176131043,-0.005080127757722639,7.183319043840364,642,775.2523364485982,775.5486362634373,0.2962998148391307,0.2962998148391307,0.038219789984312594,51.22403640488481,54.51200498781045,3.287968582925643,3.287968582925643,6.418800261925663,35.84713601790884,39.123588454041155,3.276452436132317,3.276452436132317,9.140067520304655,15.912636505460217,18.252730109204368,2.340093603744151,2.340093603744151,14.705882352941186,35.874867571113896,39.153404456462695,3.2785368853487995,3.2785368853487995,9.13881250948128,25.367362133704006,27.685637797704363,2.318275664000357,2.318275664000357,9.138812509481271,67.85499797063919,71.94875145071293,4.093753480073744,4.093753480073744,6.033090564449075,0.3738466272547889,0.3847966398231366,0.010950012568347711,0.010950012568347711,2.9290119985180216,1.3101181359021097,1.3753076542537395,0.06518951835162978,0.06518951835162978,4.975850388235574,1.142638697492854,1.132690557019817,-0.009948140473037048,0.009948140473037048,-0.8706287030944235,1408.848534609433,1540.7549748670406,131.90644025760753,131.90644025760753,9.362712670469945,565.6118790702247,743.8801539570408,178.26827488681602,178.26827488681602,31.51777419877752,2.4908397202077053,2.0712408667862103,-0.41959885342149494,0.41959885342149494,-16.845678588524578,pleth_6
s6_sit,heartpy,HeartPy,HeartPy package,mid_upslope,median_mad,1.0,100.0,True,False,644,643,0.9819560564644773,0.0015552099533437014,0.03266171814219882,643,1,0,1.0,0.9984472049689441,0.9992229992229993,255.52540630882535,5.488784848193561,7.177724176131043,-0.005080127757722639,7.183319043840364,642,775.2523364485982,775.5486362634373,0.2962998148391307,0.2962998148391307,0.038219789984312594,51.22403640488481,54.51200498781045,3.287968582925643,3.287968582925643,6.418800261925663,35.84713601790884,39.123588454041155,3.276452436132317,3.276452436132317,9.140067520304655,15.912636505460217,18.252730109204368,2.340093603744151,2.340093603744151,14.705882352941186,35.874867571113896,39.153404456462695,3.2785368853487995,3.2785368853487995,9.13881250948128,25.367362133704006,27.685637797704363,2.318275664000357,2.318275664000357,9.138812509481271,67.85499797063919,71.94875145071293,4.093753480073744,4.093753480073744,6.033090564449075,0.3738466272547889,0.3847966398231366,0.010950012568347711,0.010950012568347711,2.9290119985180216,1.3101181359021097,1.3753076542537395,0.06518951835162978,0.06518951835162978,4.975850388235574,1.142638697492854,1.132690557019817,-0.009948140473037048,0.009948140473037048,-0.8706287030944235,1408.848534609433,1540.7549748670406,131.90644025760753,131.90644025760753,9.362712670469945,565.6118790702247,743.8801539570408,178.26827488681602,178.26827488681602,31.51777419877752,2.4908397202077053,2.0712408667862103,-0.41959885342149494,0.41959885342149494,-16.845678588524578,pleth_6
s6_sit,findpeaks,find_peaks baseline,baseline (Zuern-style),mid_upslope,median_mad,1.0,100.0,True,False,645,643,0.9819560564644773,0.0015527950310559005,0.00017813484498773065,643,2,0,1.0,0.9968992248062015,0.998447204968944,255.52540630882535,5.494184839756087,7.182874493648871,-0.0019251977595060124,7.188483665815457,641,775.2523364485982,774.3424953050182,-0.9098411435799107,0.9098411435799107,-0.11736064514785713,51.22403640488481,59.3469751426801,8.122938737795295,8.122938737795295,15.857670164041735,35.84713601790884,44.44317512794401,8.596039110035171,8.596039110035171,23.979709580538554,15.912636505460217,18.53582554517134,2.6231890397111215,2.6231890397111215,16.48494288681205,35.874867571113896,44.47718159196445,8.602314020850557,8.602314020850557,23.97866418265766,25.367362133704006,31.45011671174355,6.082754578039545,6.082754578039545,23.978664182657663,67.85499797063919,77.81399023305184,9.95899226241265,9.95899226241265,14.676873569021252,0.3738466272547889,0.40417046623044106,0.030323838975652162,0.030323838975652162,8.11130468083251,1.3101181359021097,1.2981553764182236,-0.011962759483886032,0.011962759483886032,-0.9131054029451183,1.142638697492854,1.1008090062262033,-0.041829691266650704,0.041829691266650704,-3.6607977095850375,1408.848534609433,1557.4761289481207,148.6275943386877,148.6275943386877,10.549579368366299,565.6118790702247,770.7738959578234,205.1620168875986,205.1620168875986,36.27257921542456,2.4908397202077053,2.0206653820478446,-0.47017433815986065,0.47017433815986065,-18.87613780788167,pleth_6
s7_sit,msptdfast,MSPTDfast v2,NeuroKit2 (author-contributed; Charlton 2025),mid_upslope,median_mad,1.0,100.0,True,False,543,544,0.9881188588412922,0.007380073800738007,0.1801830312329782,543,0,1,0.9981617647058824,1.0,0.9990800367985281,257.5972485304309,4.638482770450324,6.029418282906084,-0.001252404867949739,6.03498805531769,542,929.9779005524862,929.9183932480955,-0.05950730439064955,0.05950730439064955,-0.006398786934108556,51.70095202801028,52.43331953663334,0.7323675086230637,0.7323675086230637,1.4165454984780268,50.56879425129114,51.24994154987206,0.6811472985809246,0.6811472985809246,1.3469716030722512,33.025830258302584,33.70577281191806,0.6799425536154757,0.6799425536154757,2.058820469606636,50.615449655065476,51.297688889665054,0.682239234599578,0.682239234599578,1.3478873333120753,35.7905276839031,36.27294367307998,0.48241598917687867,0.48241598917687867,1.3478873333120671,63.757470223598155,64.67441188407481,0.9169416604766596,0.9169416604766596,1.4381713346858573,0.561354262620291,0.5608546350308861,-0.0004996275894049163,0.0004996275894049163,-0.08900397176512978,1.8267763094653138,1.865653193925146,0.03887688445983217,0.03887688445983217,2.1281688545222703,0.8630132618839245,0.8121882862353739,-0.0508249756485506,0.0508249756485506,-5.889246190446905,657.0905559531319,673.8999230821307,16.809367128998815,16.809367128998815,2.558150771869832,815.9542415345144,811.8867046455896,-4.067536888924792,4.067536888924792,-0.4985006121513908,0.8053031928817266,0.8300418263115987,0.024738633429872148,0.024738633429872148,3.0719651490945306,pleth_6
s7_sit,msptd,MSPTD,"own vectorised port (Bishop & Ercole 2018), 6 s windows; verified bit-identical to NeuroKit2 method='bishop'",mid_upslope,median_mad,1.0,100.0,True,False,544,544,0.9881188588412922,0.007366482504604052,0.032567524090896756,543,1,1,0.9981617647058824,0.9981617647058824,0.9981617647058824,257.63209657645837,4.635358615329706,6.026722953178761,-0.001252404867949739,6.032290235619622,542,929.9779005524862,929.67250280848,-0.3053977440061999,0.3053977440061999,-0.03283924745144671,51.70095202801028,52.69548316188432,0.994531133874041,0.994531133874041,1.9236224766910075,50.56879425129114,51.638761177671384,1.0699669263802463,1.0699669263802463,2.1158640268606512,33.025830258302584,34.014869888475836,0.9890396301732522,0.9890396301732522,2.994745695831859,50.615449655065476,51.68632783292731,1.070878177861836,1.070878177861836,2.115714046125569,35.7905276839031,36.5477529052939,0.7572252213907973,0.7572252213907973,2.1157140461255666,63.757470223598155,64.94528196029677,1.1878117366986132,1.1878117366986132,1.8630157886329934,0.561354262620291,0.5627468509203912,0.0013925883001002504,0.0013925883001002504,0.24807655215797647,1.8267763094653138,1.8655029434736041,0.03872663400829035,0.03872663400829035,2.119943958525792,0.8630132618839245,0.8719242414399363,0.008910979556011833,0.008910979556011833,1.0325425980777527,657.0905559531319,675.0496929186125,17.95913696548064,17.95913696548064,2.733129673341646,815.9542415345144,815.401531093587,-0.5527104409273988,0.5527104409273988,-0.06773792117165182,0.8053031928817266,0.8278739580158261,0.022570765134099502,0.022570765134099502,2.8027661300250712,pleth_6
s7_sit,qppg,qppg (slope-sum),own port (Zong 2003),mid_upslope,median_mad,1.0,100.0,True,False,536,544,0.9881188588412922,0.018691588785046728,0.0030305447296226397,536,0,8,0.9852941176470589,1.0,0.9925925925925926,257.7086103221474,4.29604838070897,5.423137503661204,-0.05837017843728765,5.427936830569392,531,929.9779005524862,930.6264321348517,0.6485315823655355,0.6485315823655355,0.06973623588047119,51.70095202801028,52.64807009447584,0.9471180664655634,0.9471180664655634,1.8319161046636794,50.56879425129114,50.83297399366238,0.2641797423712404,0.2641797423712404,0.5224165343125524,33.025830258302584,32.63358778625955,-0.3922424720430371,0.3922424720430371,-1.1876839097615983,50.615449655065476,50.88144797389872,0.26599831883324754,0.26599831883324754,0.5255279181474722,35.7905276839031,35.978616898934305,0.18808921503120501,0.18808921503120501,0.5255279181474565,63.757470223598155,65.18571695843654,1.428246734838389,1.428246734838389,2.2401245372965892,0.561354262620291,0.5519401883985543,-0.009414074221736679,0.009414074221736679,-1.6770290792473255,1.8267763094653138,1.8736368527806102,0.04686054331529643,0.04686054331529643,2.56520423833459,0.8630132618839245,0.9405113815994197,0.07749811971549525,0.07749811971549525,8.979945400412488,657.0905559531319,710.0119913133346,52.921435360202736,52.921435360202736,8.053902902840907,815.9542415345144,781.3664409641028,-34.58780057041156,34.58780057041156,-4.238938755360158,0.8053031928817266,0.9086799151973737,0.1033767223156471,0.1033767223156471,12.836993970646017,pleth_6
s7_sit,terma,TERMA,own port (Elgendi 2013),mid_upslope,median_mad,1.0,100.0,True,False,543,544,0.9881188588412922,0.007380073800738007,0.0004221480912193259,543,0,1,0.9981617647058824,1.0,0.9990800367985281,257.63209657645837,4.63534456210211,6.027028881724241,-0.001252404867949739,6.032596446784749,542,929.9779005524862,929.9183932480955,-0.05950730439064955,0.05950730439064955,-0.006398786934108556,51.70095202801028,52.43433267379156,0.7333806457812813,0.7333806457812813,1.4185051087336922,50.56879425129114,51.25394906189123,0.6851548106000891,0.6851548106000891,1.3548964746822998,33.025830258302584,33.89199255121043,0.8661622929078447,0.8661622929078447,2.6226813561790605,50.615449655065476,51.30170014127699,0.6862504862115131,0.6862504862115131,1.3558122883194317,35.7905276839031,36.27578005629582,0.485252372392722,0.485252372392722,1.3558122883194197,63.757470223598155,64.67446379521782,0.9169935716196633,0.9169935716196633,1.4382527543890256,0.561354262620291,0.5608980411674961,-0.00045622145279489157,0.00045622145279489157,-0.0812715753979207,1.8267763094653138,1.867829187964816,0.04105287849950212,0.04105287849950212,2.2472854660304877,0.8630132618839245,0.8121240369522656,-0.050889224931658816,0.050889224931658816,-5.896690952415912,657.0905559531319,673.8525997385799,16.762043785447986,16.762043785447986,2.550948820308957,815.9542415345144,811.9388301300995,-4.015411404414863,4.015411404414863,-0.4921123268951122,0.8053031928817266,0.8299302542663298,0.024627061384603244,0.024627061384603244,3.0581104858751225,pleth_6
s7_sit,heartpy,HeartPy,HeartPy package,mid_upslope,median_mad,1.0,100.0,True,False,538,544,0.9881188588412922,0.020484171322160148,0.031425938514511295,537,1,7,0.9871323529411765,0.9981412639405205,0.9926062846580406,257.5972485304309,4.619497573926992,6.025886645401612,-0.01500473890569469,6.031560802391955,530,929.9779005524862,930.1417787307281,0.16387817824193007,0.16387817824193007,0.017621728230807685,51.70095202801028,51.7394183140338,0.03846628602352098,0.03846628602352098,0.07440150425601623,50.56879425129114,52.058611756325725,1.489817505034587,1.489817505034587,2.9461202844411276,33.025830258302584,34.476190476190474,1.4503602178878907,1.4503602178878907,4.391593508911937,50.615449655065476,52.107750059847014,1.4923004047815382,1.4923004047815382,2.9483100811141214,35.7905276839031,36.84574341969155,1.055215735788451,1.055215735788451,2.948310081114109,63.757470223598155,63.21650106419533,-0.5409691594028274,0.5409691594028274,-0.8484796487464803,0.561354262620291,0.5828500913436399,0.021495828723348875,0.021495828723348875,3.829280394703086,1.8267763094653138,1.897547244025045,0.07077093455973116,0.07077093455973116,3.8740886989302687,0.8630132618839245,0.8550164015268801,-0.007996860357044389,0.007996860357044389,-0.9266207960220162,657.0905559531319,693.6730038631842,36.58244791005234,36.58244791005234,5.567337344696465,815.9542415345144,804.0126661516418,-11.941575382872543,11.941575382872543,-1.463510424360901,0.8053031928817266,0.8627637760775688,0.05746058319584224,0.05746058319584224,7.135273236682841,pleth_6
s7_sit,findpeaks,find_peaks baseline,baseline (Zuern-style),mid_upslope,median_mad,1.0,100.0,True,False,544,544,0.9881188588412922,0.007366482504604052,0.00024905338224315293,543,1,1,0.9981617647058824,0.9981617647058824,0.9981617647058824,257.63209657645837,4.63534456210211,6.027028881724241,-0.001252404867949739,6.032596446784749,542,929.9779005524862,929.67250280848,-0.3053977440061999,0.3053977440061999,-0.03283924745144671,51.70095202801028,52.69571126905078,0.9947592410405051,0.9947592410405051,1.924063681654391,50.56879425129114,51.63915017597381,1.0703559246826728,1.0703559246826728,2.116633272614255,33.025830258302584,34.014869888475836,0.9890396301732522,0.9890396301732522,2.994745695831859,50.615449655065476,51.68671719696158,1.0712675418961055,1.0712675418961055,2.1164833053871637,35.7905276839031,36.54802822724288,0.7575005433397806,0.7575005433397806,2.1164833053871646,63.757470223598155,64.94549718804984,1.1880269644516872,1.1880269644516872,1.8633533612379278,0.561354262620291,0.5627492252683505,0.0013949626480594945,0.0013949626480594945,0.24849951999083147,1.8267763094653138,1.8655029434736041,0.03872663400829035,0.03872663400829035,2.119943958525792,0.8630132618839245,0.8719282293404804,0.008914967456555956,0.008914967456555956,1.0330046883746522,657.0905559531319,675.0546644162627,17.964108463130742,17.964108463130742,2.73388626580901,815.9542415345144,815.4211900039959,-0.5330515305184917,0.5330515305184917,-0.06532860586838973,0.8053031928817266,0.827860095729122,0.02255690284739542,0.02255690284739542,2.8010447551656874,pleth_6
s8_sit,msptdfast,MSPTDfast v2,NeuroKit2 (author-contributed; Charlton 2025),mid_upslope,median_mad,1.0,100.0,True,False,697,698,0.9805123176859909,0.008620689655172414,0.1860523103324528,697,0,1,0.998567335243553,1.0,0.9992831541218639,237.37716352499348,3.3000415969478563,4.7545417741171345,0.019526860925918165,4.757920950915248,696,700.8493543758967,700.5733673327422,-0.27598704315448686,0.27598704315448686,-0.03937893948696751,51.82554154129068,51.29229660882136,-0.5332449324693229,0.5332449324693229,-1.0289230302484607,23.21872510286055,21.257221695139595,-1.9615034077209543,1.9615034077209543,-8.44793759791444,3.5919540229885056,2.9027576197387517,-0.689196403249754,0.689196403249754,-19.187227866473147,23.235293495142578,21.272526558911608,-1.9627669362309703,1.9627669362309703,-8.447351597436434,16.429833593274996,15.041947782777331,-1.3878858104976644,1.3878858104976644,-8.447351597436441,71.42712426097935,70.961533169139,-0.4655910918403521,0.4655910918403521,-0.6518407350955112,0.23002233063792288,0.21197326369660566,-0.01804906694131722,0.01804906694131722,-7.84665857930471,1.0827239482177928,1.1746297750920256,0.09190582687423277,0.09190582687423277,8.488389586792964,1.3180806021470912,1.370558040210085,0.052477438062993764,0.052477438062993764,3.9813527319581588,492.87552988095445,475.177200546368,-17.698329334586447,17.698329334586447,-3.590831409070191,142.84777245208284,139.3012278689006,-3.546544583182225,3.546544583182225,-2.482744058449974,3.4503550277361565,3.4111486870278522,-0.03920634070830431,0.03920634070830431,-1.136298740075694,pleth_6
s8_sit,msptd,MSPTD,"own vectorised port (Bishop & Ercole 2018), 6 s windows; verified bit-identical to NeuroKit2 method='bishop'",mid_upslope,median_mad,1.0,100.0,True,False,697,698,0.9805123176859909,0.008620689655172414,0.03245908812343967,697,0,1,0.998567335243553,1.0,0.9992831541218639,237.37716352499348,3.3000789259296925,4.7545752692559295,0.019526860925918328,4.757954470425297,696,700.8493543758967,700.5733673327422,-0.27598704315448686,0.27598704315448686,-0.03937893948696751,51.82554154129068,51.29229639547007,-0.5332451458206151,0.5332451458206151,-1.0289234419205548,23.21872510286055,21.257235665044114,-1.9614894378164358,1.9614894378164358,-8.447877431370166,3.5919540229885056,2.9027576197387517,-0.689196403249754,0.689196403249754,-19.187227866473147,23.235293495142578,21.272540518759932,-1.962752976382646,1.962752976382646,-8.447291517074946,16.429833593274996,15.041957653880747,-1.3878759393942488,1.3878759393942488,-8.447291517074948,71.42712426097935,70.96153076829982,-0.4655934926795311,0.4655934926795311,-0.6518440963384619,0.23002233063792288,0.2119734099732857,-0.018048920664637175,0.018048920664637175,-7.846594986922335,1.0827239482177928,1.1746297750920256,0.09190582687423277,0.09190582687423277,8.488389586792964,1.3180806021470912,1.3705585589886458,0.05247795684155454,0.05247795684155454,3.9813920905952505,492.87552988095445,475.1768851320313,-17.69864474892313,17.69864474892313,-3.5908954037945304,142.84777245208284,139.30099178835806,-3.5467806637247747,3.5467806637247747,-2.482909325670104,3.4503550277361565,3.4111522038118305,-0.03920282392432606,0.03920282392432606,-1.1361968147969914,pleth_6
s8_sit,qppg,qppg (slope-sum),own port (Zong 2003),mid_upslope,median_mad,1.0,100.0,True,False,699,698,0.9805123176859909,0.008595988538681949,0.0038348449567495633,698,1,0,1.0,0.9985693848354793,0.9992841803865427,237.45226762066494,3.2919908172046286,4.7555545932336365,0.014949965328919115,4.758946197745041,697,700.8493543758967,700.5246727915201,-0.3246815843766626,0.3246815843766626,-0.046326872151546766,51.82554154129068,51.19748064717492,-0.6280608941157624,0.6280608941157624,-1.2118752171945388,23.21872510286055,21.09366517165196,-2.1250599312085896,2.1250599312085896,-9.15235406679061,3.5919540229885056,2.460202604920405,-1.1317514180681005,1.1317514180681005,-31.507959479015916,23.235293495142578,21.108544127750516,-2.126749367392062,2.126749367392062,-9.153098788430052,16.429833593274996,14.925994693707867,-1.5038388995671284,1.5038388995671284,-9.153098788430059,71.42712426097935,70.84898539597519,-0.5781388650041634,0.5781388650041634,-0.8094108099491285,0.23002233063792288,0.21067337253012783,-0.01934895810779505,0.01934895810779505,-8.411773784803596,1.0827239482177928,1.176121641913002,0.09339769369520923,0.09339769369520923,8.626177877467805,1.3180806021470912,1.2993772755011916,-0.018703326645899576,0.018703326645899576,-1.4189820118308956,492.87552988095445,472.99560738778416,-19.879922493170284,19.879922493170284,-4.033456986183091,142.84777245208284,137.94952124837087,-4.898251203711965,4.898251203711965,-3.429000760480913,3.4503550277361565,3.4287586003011956,-0.02159642743496093,0.02159642743496093,-0.6259189927226346,pleth_6
s8_sit,terma,TERMA,own port (Elgendi 2013),mid_upslope,median_mad,1.0,100.0,True,False,699,698,0.9805123176859909,0.008595988538681949,0.0004715038607612011,698,1,0,1.0,0.9985693848354793,0.9992841803865427,237.38494018492105,3.3001223589017004,4.752830393814657,0.014683446952169206,4.756220859968058,697,700.8493543758967,700.5659328399767,-0.2834215359200698,0.2834215359200698,-0.04043972276645035,51.82554154129068,51.27448075884677,-0.551060782443912,0.551060782443912,-1.0632996126145027,23.21872510286055,21.271945312505306,-1.9467797903552437,1.9467797903552437,-8.384524911384563,3.5919540229885056,2.894356005788712,-0.6975980171997938,0.6975980171997938,-19.42112879884226,23.235293495142578,21.286961463108614,-1.9483320320339637,1.9483320320339637,-8.385226691633008,16.429833593274996,15.052154801420814,-1.3776787918541817,1.3776787918541817,-8.38522669163301,71.42712426097935,70.93361255436494,-0.493511706614413,0.493511706614413,-0.6909303877490957,0.23002233063792288,0.2122005951675525,-0.017821735470370387,0.017821735470370387,-7.7478284047228,1.0827239482177928,1.1801803473022523,0.09745639908445947,0.09745639908445947,9.001038468288858,1.3180806021470912,1.3141496846073832,-0.003930917539707979,0.003930917539707979,-0.2982304369933598,492.87552988095445,474.1519887909367,-18.72354109001776,18.72354109001776,-3.7988376283440384,142.84777245208284,138.73645160756763,-4.111320844515205,4.111320844515205,-2.878113374777556,3.4503550277361565,3.4176453505682223,-0.03270967716793427,0.03270967716793427,-0.9480090282012431,pleth_6
s8_sit,heartpy,HeartPy,HeartPy package,mid_upslope,median_mad,1.0,100.0,True,False,699,698,0.9805123176859909,0.008595988538681949,0.0430925603619708,698,1,0,1.0,0.9985693848354793,0.9992841803865427,237.38494018492105,3.3001223589017004,4.752830393814657,0.014683446952169206,4.756220859968058,697,700.8493543758967,700.5659328399767,-0.2834215359200698,0.2834215359200698,-0.04043972276645035,51.82554154129068,51.27448075884677,-0.551060782443912,0.551060782443912,-1.0632996126145027,23.21872510286055,21.271945312505306,-1.9467797903552437,1.9467797903552437,-8.384524911384563,3.5919540229885056,2.894356005788712,-0.6975980171997938,0.6975980171997938,-19.42112879884226,23.235293495142578,21.286961463108614,-1.9483320320339637,1.9483320320339637,-8.385226691633008,16.429833593274996,15.052154801420814,-1.3776787918541817,1.3776787918541817,-8.38522669163301,71.42712426097935,70.93361255436494,-0.493511706614413,0.493511706614413,-0.6909303877490957,0.23002233063792288,0.2122005951675525,-0.017821735470370387,0.017821735470370387,-7.7478284047228,1.0827239482177928,1.1801803473022523,0.09745639908445947,0.09745639908445947,9.001038468288858,1.3180806021470912,1.3141496846073832,-0.003930917539707979,0.003930917539707979,-0.2982304369933598,492.87552988095445,474.1519887909367,-18.72354109001776,18.72354109001776,-3.7988376283440384,142.84777245208284,138.73645160756763,-4.111320844515205,4.111320844515205,-2.878113374777556,3.4503550277361565,3.4176453505682223,-0.03270967716793427,0.03270967716793427,-0.9480090282012431,pleth_6
s8_sit,findpeaks,find_peaks baseline,baseline (Zuern-style),mid_upslope,median_mad,1.0,100.0,True,False,699,698,0.9805123176859909,0.008595988538681949,0.00017189606547630515,698,1,0,1.0,0.9985693848354793,0.9992841803865427,237.38494018492105,3.3001223589017004,4.752830393814657,0.014683446952169206,4.756220859968058,697,700.8493543758967,700.5659328399767,-0.2834215359200698,0.2834215359200698,-0.04043972276645035,51.82554154129068,51.27448075884677,-0.551060782443912,0.551060782443912,-1.0632996126145027,23.21872510286055,21.271945312505306,-1.9467797903552437,1.9467797903552437,-8.384524911384563,3.5919540229885056,2.894356005788712,-0.6975980171997938,0.6975980171997938,-19.42112879884226,23.235293495142578,21.286961463108614,-1.9483320320339637,1.9483320320339637,-8.385226691633008,16.429833593274996,15.052154801420814,-1.3776787918541817,1.3776787918541817,-8.38522669163301,71.42712426097935,70.93361255436494,-0.493511706614413,0.493511706614413,-0.6909303877490957,0.23002233063792288,0.2122005951675525,-0.017821735470370387,0.017821735470370387,-7.7478284047228,1.0827239482177928,1.1801803473022523,0.09745639908445947,0.09745639908445947,9.001038468288858,1.3180806021470912,1.3141496846073832,-0.003930917539707979,0.003930917539707979,-0.2982304369933598,492.87552988095445,474.1519887909367,-18.72354109001776,18.72354109001776,-3.7988376283440384,142.84777245208284,138.73645160756763,-4.111320844515205,4.111320844515205,-2.878113374777556,3.4503550277361565,3.4176453505682223,-0.03270967716793427,0.03270967716793427,-0.9480090282012431,pleth_6
s9_sit,msptdfast,MSPTDfast v2,NeuroKit2 (author-contributed; Charlton 2025),mid_upslope,median_mad,1.0,100.0,True,False,549,557,0.9859623608868732,0.009124087591240875,0.19995363511908618,535,14,22,0.9605026929982047,0.9744990892531876,0.9674502712477396,312.9926290929579,15.053868167335127,24.155571775385948,-0.46156918103838,24.174462189540325,519,875.4604316546763,883.333925754582,7.873494099905656,7.873494099905656,0.8993546498754087,126.45211413916228,146.58872402754085,20.136609888378572,20.136609888378572,15.924296739094421,62.185482503830606,113.18649650665981,51.0010140028292,51.0010140028292,82.01434153009515,36.03603603603604,43.7269372693727,7.69090123333666,7.69090123333666,21.342250922509233,62.239444175113725,113.28973143713908,51.05028726202536,51.05028726202536,82.0224022540961,44.00993303350448,80.10793733800385,36.09800430449937,36.09800430449937,82.02240225409611,173.33032087581762,191.20467148972986,17.87435061391224,17.87435061391224,10.312304577523,0.2539078726164441,0.4189643313307158,0.16505645871427171,0.16505645871427171,65.00643600114272,1.1901059154575024,1.218269538372811,0.028163622915308606,0.028163622915308606,2.366480373680178,1.2065278691742085,1.0340362417483029,-0.17249162742590562,0.17249162742590562,-14.296530717020666,3436.4082964011973,6361.298775898994,2924.8904794977966,2924.8904794977966,85.11475433698925,1115.4182136210668,2725.2999560319668,1609.8817424109,1609.8817424109,144.32987759672838,3.080824980654856,2.334164634545783,-0.7466603461090733,0.7466603461090733,-24.23572746902241,pleth_6
s9_sit,msptd,MSPTD,"own vectorised port (Bishop & Ercole 2018), 6 s windows; verified bit-identical to NeuroKit2 method='bishop'",mid_upslope,median_mad,1.0,100.0,True,False,549,557,0.9859623608868732,0.0072992700729927005,0.03913993270784103,533,16,24,0.9569120287253142,0.970856102003643,0.9638336347197106,313.07999907563766,14.599655905180466,22.00882602402826,-0.44583213119640663,22.025580440030417,518,875.4604316546763,883.9250476652913,8.464616010615032,8.464616010615032,0.9668759094704447,126.45211413916228,142.27693186666164,15.824817727499365,15.824817727499365,12.514474617707014,62.185482503830606,118.50767027479407,56.32218777096346,56.32218777096346,90.57128047128046,36.03603603603604,43.278084714548804,7.2420486785127665,7.2420486785127665,20.096685082872927,62.239444175113725,118.61582849522107,56.37638432010734,56.37638432010734,90.57983256002355,44.00993303350448,83.87405668503133,39.86412365152685,39.86412365152685,90.57983256002355,173.33032087581762,182.89503355197348,9.564712676155864,9.564712676155864,5.518199370904353,0.2539078726164441,0.45859122063692753,0.20468334802048344,0.20468334802048344,80.61323420628247,1.1901059154575024,1.2491795380090756,0.05907362255157311,0.05907362255157311,4.963728167745804,1.2065278691742085,0.9355800759029224,-0.27094779327128615,0.27094779327128615,-22.456820119433516,3436.4082964011973,4233.020895167164,796.6125987659666,796.6125987659666,23.181546837732427,1115.4182136210668,2824.939529544925,1709.521315923858,1709.521315923858,153.26281165645568,3.080824980654856,1.4984465511192977,-1.5823784295355585,1.5823784295355585,-51.362165636530584,pleth_6
s9_sit,qppg,qppg (slope-sum),own port (Zong 2003),mid_upslope,median_mad,1.0,100.0,True,False,519,557,0.9859623608868732,0.023166023166023165,0.0032289651097145867,517,2,40,0.9281867145421903,0.9961464354527938,0.9609665427509293,310.66648215368343,10.346049331865721,13.485902068061232,-0.46118738045650615,13.491325599924565,507,875.4604316546763,873.7872911067485,-1.673140547927801,1.673140547927801,-0.19111549619272433,126.45211413916228,124.66916567015704,-1.782948469005234,1.782948469005234,-1.4099791696982424,62.185482503830606,62.50740131126304,0.3219188074324322,0.3219188074324322,0.5176751783064513,36.03603603603604,36.83168316831683,0.7956471322807914,0.7956471322807914,2.207920792079196,62.239444175113725,62.56793889223749,0.32849471712376754,0.32849471712376754,0.5277918552735329,44.00993303350448,44.242213875566655,0.23228084206217403,0.23228084206217403,0.5277918552735359,173.33032087581762,170.6675957795584,-2.6627250962592086,2.6627250962592086,-1.5362142542659434,0.2539078726164441,0.2592303106719321,0.005322438055487988,0.005322438055487988,2.096208361183081,1.1901059154575024,1.3395088752028366,0.14940295974533413,0.14940295974533413,12.55375322522453,1.2065278691742085,1.2040794886136237,-0.0024483805605848286,0.0024483805605848286,-0.202927808228797,3436.4082964011973,3329.7331522864583,-106.67514411473894,106.67514411473894,-3.104262791661143,1115.4182136210668,924.0680222193031,-191.3501914017637,191.3501914017637,-17.155017648543595,3.080824980654856,3.6033420400043172,0.522517059349461,0.522517059349461,16.96029675916207,pleth_6
s9_sit,terma,TERMA,own port (Elgendi 2013),mid_upslope,median_mad,1.0,100.0,True,False,551,557,0.9859623608868732,0.01818181818181818,0.0004493153717822778,532,19,25,0.9551166965888689,0.9655172413793104,0.9602888086642599,312.87147732517195,14.125407204551244,21.25938057054252,-0.27376230175214317,21.2783671109206,513,875.4604316546763,885.587055607817,10.126623953140665,10.126623953140665,1.156719777043572,126.45211413916228,152.9441888679617,26.492074728799437,26.492074728799437,20.950282175309894,62.185482503830606,119.62148367608215,57.436001172251544,57.436001172251544,92.36239530458496,36.03603603603604,42.857142857142854,6.821106821106817,6.821106821106817,18.928571428571416,62.239444175113725,119.73250222353094,57.49305804841722,57.49305804841722,92.37399017680441,44.00993303350448,84.66366425069212,40.65373121718764,40.65373121718764,92.37399017680444,173.33032087581762,199.0374682631478,25.707147387330167,25.707147387330167,14.831304331195485,0.2539078726164441,0.4253654600286522,0.17145758741220812,0.17145758741220812,67.52747980808526,1.1901059154575024,1.1690798775318825,-0.021026037925619967,0.021026037925619967,-1.7667366956609996,1.2065278691742085,1.0104712940146248,-0.19605657515958375,0.19605657515958375,-16.24965159683978,3436.4082964011973,8376.854296245392,4940.445999844194,4940.445999844194,143.76772413854636,1115.4182136210668,2658.242915224051,1542.8247016029843,1542.8247016029843,138.31804813321054,3.080824980654856,3.151274944915764,0.070449964260908,0.070449964260908,2.28672400098279,pleth_6
s9_sit,heartpy,HeartPy,HeartPy package,mid_upslope,median_mad,1.0,100.0,True,False,483,557,0.9859623608868732,0.0954356846473029,0.020676160662600203,477,6,80,0.8563734290843806,0.9875776397515528,0.9173076923076923,311.41767154622113,11.732451313000718,16.507013764791385,-0.5287510156915737,16.517805895528262,429,875.4604316546763,856.5295363424062,-18.93089531227008,18.93089531227008,-2.1623930251752754,126.45211413916228,113.99833815546762,-12.453775983694655,12.453775983694655,-9.848610336391136,62.185482503830606,87.78863918799242,25.60315668416181,25.60315668416181,41.17224093675668,36.03603603603604,42.06896551724138,6.032929481205343,6.032929481205343,16.741379310344826,62.239444175113725,87.88917521937269,25.649731044258964,25.649731044258964,41.211375493798094,44.00993303350448,62.1470317905111,18.13709875700662,18.13709875700662,41.2113754937981,173.33032087581762,148.7581548825001,-24.572165993317526,24.572165993317526,-14.176495992828766,0.2539078726164441,0.4177722682806822,0.1638643956642381,0.1638643956642381,64.5369495540508,1.1901059154575024,1.4993138627602405,0.30920794730273804,0.30920794730273804,25.98154864089318,1.2065278691742085,1.0829878069234808,-0.12354006225072767,0.12354006225072767,-10.239304487453154,3436.4082964011973,3167.9585650423983,-268.449731358799,268.449731358799,-7.811927693223615,1115.4182136210668,1221.431950912682,106.01373729161514,106.01373729161514,9.504393598474127,3.080824980654856,2.59364311100199,-0.48718186965286625,0.48718186965286625,-15.8133575490975,pleth_6
s9_sit,findpeaks,find_peaks baseline,baseline (Zuern-style),mid_upslope,median_mad,1.0,100.0,True,False,564,557,0.9859623608868732,0.021314387211367674,0.00019893023191526837,536,28,21,0.9622980251346499,0.950354609929078,0.9562890276538806,312.8559247909497,14.320476534278525,21.45563399804691,-0.21067573623612598,21.475541183611917,513,875.4604316546763,869.7971055975928,-5.663326057083509,5.663326057083509,-0.6468968616182299,126.45211413916228,148.33137421363622,21.879260074473947,21.879260074473947,17.302407495058187,62.185482503830606,125.16658318820623,62.981100684375626,62.981100684375626,101.2794275263459,36.03603603603604,44.36363636363637,8.32760032760033,8.32760032760033,23.109090909090913,62.239444175113725,125.28043256779709,63.04098839268337,63.04098839268337,101.28783961391824,44.00993303350448,88.58664341867333,44.57671038516885,44.57671038516885,101.28783961391827,173.33032087581762,190.14941430365857,16.819093427840954,16.819093427840954,9.703491773889336,0.2539078726164441,0.4658791284900049,0.2119712558735608,0.2119712558735608,83.48353034085194,1.1901059154575024,1.1922137965488178,0.0021078810913153223,0.0021078810913153223,0.17711710058217864,1.2065278691742085,0.9446185512814383,-0.26190931789277017,0.26190931789277017,-21.707689029349186,3436.4082964011973,3976.9109651732597,540.5026687720624,540.5026687720624,15.728709226377656,1115.4182136210668,3091.000204048296,1975.5819904272291,1975.5819904272291,177.1158087883241,3.080824980654856,1.286609738803861,-1.7942152418509951,1.7942152418509951,-58.23814248187572,pleth_6
s10_sit,msptdfast,MSPTDfast v2,NeuroKit2 (author-contributed; Charlton 2025),mid_upslope,median_mad,1.0,100.0,True,False,603,604,0.988292847642304,0.0016611295681063123,0.2044784572737834,603,0,1,0.9983443708609272,1.0,0.9991714995857498,274.51405787933516,2.5088331854525543,3.3051621136646254,-0.0057846299384153215,3.3079056234154645,602,804.2719734660033,804.425529348047,0.15355588204374726,0.15355588204374726,0.019092531769073027,62.96625943969139,63.27928414608818,0.3130247063967886,0.3130247063967886,0.49713085894295705,25.937953054122264,25.826966825757324,-0.11098622836493988,0.11098622836493988,-0.42789123772934373,5.813953488372093,4.666666666666667,-1.1472868217054257,1.1472868217054257,-19.733333333333324,25.959318442642765,25.848473501637145,-0.11084494100562026,0.11084494100562026,-0.42699480439185133,18.356010105773706,18.27763089632841,-0.07837920944529486,0.07837920944529486,-0.42699480439184023,87.13527729140354,87.6040171048127,0.46873981340915805,0.46873981340915805,0.5379449380089392,0.2106610626186031,0.2086391868818113,-0.0020218757367918005,0.0020218757367918005,-0.9597766723755491,1.2469920328958066,1.2805019732895129,0.03350994039370625,0.03350994039370625,2.6872617875423264,1.4222357628070719,1.4270065663196752,0.004770803512603283,0.004770803512603283,0.33544392831095254,703.4768626141686,723.2615941808067,19.78473156663813,19.78473156663813,2.812421078515177,151.89685797700866,150.99507887074014,-0.9017791062685205,0.9017791062685205,-0.5936785778709229,4.6312798828310715,4.789967988294223,0.1586881054631517,0.1586881054631517,3.4264417067825037,pleth_6
s10_sit,msptd,MSPTD,"own vectorised port (Bishop & Ercole 2018), 6 s windows; verified bit-identical to NeuroKit2 method='bishop'",mid_upslope,median_mad,1.0,100.0,True,False,603,604,0.988292847642304,0.0016611295681063123,0.03664896249842213,603,0,1,0.9983443708609272,1.0,0.9991714995857498,274.51405787933516,2.5080354230168513,3.304094193029598,-0.005784629938415132,3.306836813059112,602,804.2719734660033,804.425529348047,0.15355588204374726,0.15355588204374726,0.019092531769073027,62.96625943969139,63.279316223476656,0.3130567837852638,0.3130567837852638,0.49718180271627416,25.937953054122264,25.827972106971988,-0.10998094715027662,0.10998094715027662,-0.4240155224307401,5.813953488372093,4.666666666666667,-1.1472868217054257,1.1472868217054257,-19.733333333333324,25.959318442642765,25.849479623298205,-0.10983881934456008,0.10983881934456008,-0.4231190413848864,18.356010105773706,18.278342331777644,-0.07766777399606184,0.07766777399606184,-0.4231190413848824,87.13527729140354,87.60391500968353,0.468637718279993,0.468637718279993,0.5378277694724536,0.2106610626186031,0.20864755107984842,-0.0020135115387546754,0.0020135115387546754,-0.9558062195860517,1.2469920328958066,1.278920759729383,0.03192872683357639,0.03192872683357639,2.560459569210754,1.4222357628070719,1.4269918726096198,0.004756109802547925,0.004756109802547925,0.3344107866589414,703.4768626141686,723.2436763876087,19.766813773440163,19.766813773440163,2.809874044753273,151.89685797700866,150.9759621176653,-0.9208958593433749,0.9208958593433749,-0.6062639290950725,4.6312798828310715,4.790455819873752,0.15917593704268018,0.15917593704268018,3.436975114217821,pleth_6
s10_sit,qppg,qppg (slope-sum),own port (Zong 2003),mid_upslope,median_mad,1.0,100.0,True,False,602,604,0.988292847642304,0.004991680532445923,0.0033351424576900275,602,0,2,0.9966887417218543,1.0,0.9983416252072967,274.5754466277416,2.5057875316226275,3.3043082359573615,-0.009508297046358317,3.307051581208083,600,804.2719734660033,804.825308879738,0.5533354137347715,0.5533354137347715,0.0687995394580489,62.96625943969139,63.175219429432985,0.2089599897415937,0.2089599897415937,0.33186025595459423,25.937953054122264,25.955320443862668,0.017367389740403638,0.017367389740403638,0.06695744149187391,5.813953488372093,4.690117252931323,-1.1238362354407698,1.1238362354407698,-19.329983249581243,25.959318442642765,25.977044012073137,0.017725569430371735,0.017725569430371735,0.06828210636398818,18.356010105773706,18.368543976118314,0.012533870344608289,0.012533870344608289,0.06828210636398528,87.13527729140354,87.4346229597373,0.299345668333757,0.299345668333757,0.3435413045541422,0.2106610626186031,0.21008318391876443,-0.0005778786998386631,0.0005778786998386631,-0.27431680665396574,1.2469920328958066,1.2782485007413655,0.03125646784555891,0.03125646784555891,2.506549121486694,1.4222357628070719,1.4203761706885405,-0.0018595921185313724,0.0018595921185313724,-0.13075132598698605,703.4768626141686,722.7390108953758,19.26214828120726,19.26214828120726,2.738135296963114,151.89685797700866,150.8914182433863,-1.005439733622353,1.005439733622353,-0.661922667139394,4.6312798828310715,4.789795333022884,0.15851545019181223,0.15851545019181223,3.4227136817935686,pleth_6
s10_sit,terma,TERMA,own port (Elgendi 2013),mid_upslope,median_mad,1.0,100.0,True,False,604,604,0.988292847642304,0.001658374792703151,0.0004591979180406501,603,1,1,0.9983443708609272,0.9983443708609272,0.9983443708609272,274.51405787933516,2.5076636715162404,3.303799220715647,-0.005784629938415132,3.306541594993417,602,804.2719734660033,804.35107964436,0.07910617835671019,0.07910617835671019,0.009835749717325445,62.96625943969139,63.25299458165673,0.28673514196533745,0.28673514196533745,0.45537903079659703,25.937953054122264,25.92470080228105,-0.013252251841215923,0.013252251841215923,-0.051092126713174736,5.813953488372093,4.825291181364393,-0.9886623070076999,0.9886623070076999,-17.004991680532438,25.959318442642765,25.94623952342215,-0.013078919220614438,0.013078919220614438,-0.05038236750904062,18.356010105773706,18.34676191330222,-0.00924819247148534,0.00924819247148534,-0.05038236750902861,87.13527729140354,87.55157893716591,0.41630164576237405,0.41630164576237405,0.47776475694241566,0.2106610626186031,0.20955375261101047,-0.0011073100075926212,0.0011073100075926212,-0.5256358217452742,1.2469920328958066,1.278920759729383,0.03192872683357639,0.03192872683357639,2.560459569210754,1.4222357628070719,1.3875924231329786,-0.034643339674093276,0.034643339674093276,-2.4358366299070973,703.4768626141686,721.6895677060608,18.21270509189219,18.21270509189219,2.588955807901417,151.89685797700866,150.69813266949944,-1.1987253075092212,1.1987253075092212,-0.7891705750033764,4.6312798828310715,4.788974852719772,0.15769496988870024,0.15769496988870024,3.4049976222189,pleth_6
s10_sit,heartpy,HeartPy,HeartPy package,mid_upslope,median_mad,1.0,100.0,True,False,603,604,0.988292847642304,0.0033222591362126247,0.03746074624252705,602,1,2,0.9966887417218543,0.9983416252072969,0.9975144987572493,274.5132524630859,2.4943177282879687,3.287842777888565,-0.004922627928012465,3.2905823882617153,600,804.2719734660033,804.6364645272847,0.3644910612814556,0.3644910612814556,0.04531937868115489,62.96625943969139,63.1636201186909,0.19736067899950882,0.19736067899950882,0.31343878571751493,25.937953054122264,25.97084468019133,0.03289162606906615,0.03289162606906615,0.1268088734698313,5.813953488372093,4.841402337228715,-0.972551151143378,0.972551151143378,-16.727879799666102,25.959318442642765,25.99249388515692,0.03317544251415683,0.03317544251415683,0.12779781791058237,18.356010105773706,18.37946868614433,0.02345858037062598,0.02345858037062598,0.12779781791058892,87.13527729140354,87.41556465419433,0.28028736279078714,0.28028736279078714,0.3216692153895737,0.2106610626186031,0.21025396059444726,-0.0004071020241558365,0.0004071020241558365,-0.19324977245219976,1.2469920328958066,1.2852261659003685,0.03823413300456191,0.03823413300456191,3.0661088439974495,1.4222357628070719,1.398155225919313,-0.024080536887758797,0.024080536887758797,-1.6931466299392552,703.4768626141686,721.4442143250899,17.96735171092132,17.96735171092132,2.5540785583414074,151.89685797700866,150.90382279550514,-0.9930351815035294,0.9930351815035294,-0.653756236125593,4.6312798828310715,4.780821326857593,0.14954144402652148,0.14954144402652148,3.2289442186574946,pleth_6
s10_sit,findpeaks,find_peaks baseline,baseline (Zuern-style),mid_upslope,median_mad,1.0,100.0,True,False,604,604,0.988292847642304,0.001658374792703151,0.0002658507761310623,603,1,1,0.9983443708609272,0.9983443708609272,0.9983443708609272,274.51405787933516,2.5076636715162404,3.303799220715647,-0.005784629938415132,3.306541594993417,602,804.2719734660033,804.35107964436,0.07910617835671019,0.07910617835671019,0.009835749717325445,62.96625943969139,63.25299458165673,0.28673514196533745,0.28673514196533745,0.45537903079659703,25.937953054122264,25.92470080228105,-0.013252251841215923,0.013252251841215923,-0.051092126713174736,5.813953488372093,4.825291181364393,-0.9886623070076999,0.9886623070076999,-17.004991680532438,25.959318442642765,25.94623952342215,-0.013078919220614438,0.013078919220614438,-0.05038236750904062,18.356010105773706,18.34676191330222,-0.00924819247148534,0.00924819247148534,-0.05038236750902861,87.13527729140354,87.55157893716591,0.41630164576237405,0.41630164576237405,0.47776475694241566,0.2106610626186031,0.20955375261101047,-0.0011073100075926212,0.0011073100075926212,-0.5256358217452742,1.2469920328958066,1.278920759729383,0.03192872683357639,0.03192872683357639,2.560459569210754,1.4222357628070719,1.3875924231329786,-0.034643339674093276,0.034643339674093276,-2.4358366299070973,703.4768626141686,721.6895677060608,18.21270509189219,18.21270509189219,2.588955807901417,151.89685797700866,150.69813266949944,-1.1987253075092212,1.1987253075092212,-0.7891705750033764,4.6312798828310715,4.788974852719772,0.15769496988870024,0.15769496988870024,3.4049976222189,pleth_6
s11_sit,msptdfast,MSPTDfast v2,NeuroKit2 (author-contributed; Charlton 2025),mid_upslope,median_mad,1.0,100.0,True,False,589,588,0.9852742551942427,0.006802721088435374,0.18672613481018874,587,2,1,0.9982993197278912,0.9966044142614601,0.9974511469838572,295.1847545934064,4.934551090366077,7.1747487801709635,-0.022990193217040655,7.180862578992803,584,828.6541737649063,828.4991455152427,-0.1550282496635873,0.1550282496635873,-0.01870843767783515,79.17687458943618,80.90746302040098,1.7305884309648008,1.7305884309648008,2.185724607012584,38.07187382821857,41.99577920190504,3.923905373686466,3.923905373686466,10.306572750769359,16.723549488054605,18.353344768439108,1.6297952803845028,1.6297952803845028,9.745510554135905,38.1043998440733,42.031839987352186,3.9274401432788864,3.9274401432788864,10.307051572391462,26.943879522787856,29.72099908080462,2.7771195580167642,2.7771195580167642,10.307051572391453,108.68294390457089,110.49297424919793,1.8100303446270374,1.8100303446270374,1.6654226317391028,0.24791267658746843,0.2689854199577795,0.021072743370311092,0.021072743370311092,8.50006690274114,1.2387984281449955,1.2087931007807673,-0.03000532736422823,0.03000532736422823,-2.422131533469806,1.3550773299749492,1.3272735586884519,-0.02780377128649736,0.02780377128649736,-2.0518217426758483,2699.726698279838,2843.427571415102,143.70087313526437,143.70087313526437,5.322793348927692,425.9870128496739,512.7765489309774,86.78953608130348,86.78953608130348,20.373751655177937,6.337579824839734,5.545159148449755,-0.7924206763899795,0.7924206763899795,-12.503521822070594,pleth_6
s11_sit,msptd,MSPTD,"own vectorised port (Bishop & Ercole 2018), 6 s windows; verified bit-identical to NeuroKit2 method='bishop'",mid_upslope,median_mad,1.0,100.0,True,False,586,588,0.9852742551942427,0.0017094017094017094,0.043237024143588196,586,0,2,0.9965986394557823,1.0,0.9982964224872232,295.176712063408,4.944561233865045,7.180809684921962,0.0012040369320015804,7.186954907811402,585,828.6541737649063,828.8514589823984,0.1972852174920945,0.1972852174920945,0.02380790729572375,79.17687458943618,80.84352109466218,1.666646505225998,1.666646505225998,2.1049662718669158,38.07187382821857,39.86687041184911,1.7949965836305424,1.7949965836305424,4.714757649517385,16.723549488054605,18.181818181818183,1.4582686937635785,1.4582686937635785,8.71985157699446,38.1043998440733,39.90110551004896,1.796705665975658,1.796705665975658,4.715218382464866,26.943879522787856,28.214342282995535,1.2704627602076783,1.2704627602076783,4.715218382464861,108.68294390457089,110.7939560423047,2.111012137733809,2.111012137733809,1.942358259624789,0.24791267658746843,0.2546559694305201,0.006743292843051668,0.006743292843051668,2.720027445096178,1.2387984281449955,1.2079398206986798,-0.030858607446315744,0.030858607446315744,-2.4910111883596846,1.3550773299749492,1.3354093247651766,-0.019668005209772632,0.019668005209772632,-1.4514304663436608,2699.726698279838,2843.362070857828,143.63537257798998,143.63537257798998,5.320367156775866,425.9870128496739,511.3870526189899,85.40003976931604,85.40003976931604,20.047568867892405,6.337579824839734,5.560097887296887,-0.7774819375428468,0.7774819375428468,-12.267805045950768,pleth_6
s11_sit,qppg,qppg (slope-sum),own port (Zong 2003),mid_upslope,median_mad,1.0,100.0,True,False,579,588,0.9852742551942427,0.005190311418685121,0.003597975262542722,579,0,9,0.9846938775510204,1.0,0.9922879177377892,295.2423063114643,4.715952469408748,6.14357333460225,0.0028052542852900334,6.148903343901484,577,828.6541737649063,828.429141794739,-0.22503197016726517,0.22503197016726517,-0.027156318919490288,79.17687458943618,80.18496133661195,1.008086747175767,1.008086747175767,1.2732085629839531,38.07187382821857,40.16303389395374,2.091160065735167,2.091160065735167,5.492663889280952,16.723549488054605,17.770034843205575,1.0464853551509705,1.0464853551509705,6.257555286923151,38.1043998440733,40.1980622889355,2.093662444862204,2.093662444862204,5.494542502780947,26.943879522787856,28.424322435065527,1.4804429122776703,1.4804429122776703,5.494542502780944,108.68294390457089,109.77847668470963,1.0955327801387398,1.0955327801387398,1.008008010070718,0.24791267658746843,0.25892436562680576,0.01101168903933733,0.01101168903933733,4.441761184185429,1.2387984281449955,1.2054075248015963,-0.033390903343399225,0.033390903343399225,-2.6954266799804962,1.3550773299749492,1.368468006722227,0.013390676747277785,0.013390676747277785,0.9881854305337197,2699.726698279838,2704.396498501965,4.669800222127378,4.669800222127378,0.17297307261149047,425.9870128496739,510.8832019142175,84.89618906454365,84.89618906454365,19.929290448697923,6.337579824839734,5.293570993074188,-1.044008831765546,1.044008831765546,-16.473304646572196,pleth_6
s11_sit,terma,TERMA,own port (Elgendi 2013),mid_upslope,median_mad,1.0,100.0,True,False,588,588,0.9852742551942427,0.0017035775127768314,0.000684531605358182,587,1,1,0.9982993197278912,0.9982993197278912,0.9982993197278912,295.1847545934064,4.938967899714406,7.174547674756845,-0.0022508622111477427,7.180676795089995,586,828.6541737649063,828.8117971153671,0.15762335046076714,0.15762335046076714,0.019021608223442767,79.17687458943618,80.72564570222751,1.5487711127913286,1.5487711127913286,1.9560902357188603,38.07187382821857,39.85076239057165,1.7788885623530817,1.7788885623530817,4.672448144736663,16.723549488054605,18.11965811965812,1.3961086316035143,1.3961086316035143,8.348159776731219,38.1043998440733,39.88474531454106,1.7803454704677577,1.7803454704677577,4.6722831949934776,26.943879522787856,28.202773877810362,1.2588943550225054,1.2588943550225054,4.672283194993476,108.68294390457089,110.62487646854221,1.9419325639713207,1.9419325639713207,1.7867868629657617,0.24791267658746843,0.2549406135231277,0.007027936935659257,0.007027936935659257,2.834843716908386,1.2387984281449955,1.2044571160938002,-0.03434131205119528,0.03434131205119528,-2.7721468861256735,1.3550773299749492,1.346412530838859,-0.008664799136090195,0.008664799136090195,-0.6394320784814825,2699.726698279838,2834.2749786501763,134.5482803703385,134.5482803703385,4.983774115212014,425.9870128496739,512.084988316171,86.09797546649713,86.09797546649713,20.211408533452207,6.337579824839734,5.5347745849176135,-0.8028052399221206,0.8028052399221206,-12.667378748833702,pleth_6
s11_sit,heartpy,HeartPy,HeartPy package,mid_upslope,median_mad,1.0,100.0,True,False,587,588,0.9852742551942427,0.0034129692832764505,0.03111837249098396,586,1,2,0.9965986394557823,0.9982964224872232,0.9974468085106383,295.19279712340483,4.940950621679084,7.177955256334406,-0.01686202734919282,7.184088846956192,584,828.6541737649063,828.1458641967276,-0.5083095681786745,0.5083095681786745,-0.06134158063420129,79.17687458943618,80.05453277568286,0.877658186246677,0.877658186246677,1.108477937273587,38.07187382821857,39.96761257223391,1.8957387440153397,1.8957387440153397,4.979368109300239,16.723549488054605,18.353344768439108,1.6297952803845028,1.6297952803845028,9.745510554135905,38.1043998440733,40.00181250928843,1.8974126652151284,1.8974126652151284,4.97951069424926,26.943879522787856,28.285552885070715,1.341673362282858,1.341673362282858,4.979510694249261,108.68294390457089,109.62382922454238,0.9408853199714855,0.9408853199714855,0.8657157104592513,0.24791267658746843,0.25802376258115783,0.0101110859936894,0.0101110859936894,4.078486882102623,1.2387984281449955,1.213712453623495,-0.02508597452150063,0.02508597452150063,-2.0250247297346777,1.3550773299749492,1.3684787039321464,0.013401373957197205,0.013401373957197205,0.9889748474682954,2699.726698279838,2848.3257739867054,148.59907570686755,148.59907570686755,5.504226624181966,425.9870128496739,509.98014869136796,83.99313584169408,83.99313584169408,19.717299661277313,6.337579824839734,5.585169895917788,-0.7524099289219466,0.7524099289219466,-11.872196480633262,pleth_6
s11_sit,findpeaks,find_peaks baseline,baseline (Zuern-style),mid_upslope,median_mad,1.0,100.0,True,False,588,588,0.9852742551942427,0.0017035775127768314,0.00018315016837389225,587,1,1,0.9982993197278912,0.9982993197278912,0.9982993197278912,295.1847545934064,4.938967899714406,7.174547674756845,-0.0022508622111477427,7.180676795089995,586,828.6541737649063,828.8117971153671,0.15762335046076714,0.15762335046076714,0.019021608223442767,79.17687458943618,80.72564570222751,1.5487711127913286,1.5487711127913286,1.9560902357188603,38.07187382821857,39.85076239057165,1.7788885623530817,1.7788885623530817,4.672448144736663,16.723549488054605,18.11965811965812,1.3961086316035143,1.3961086316035143,8.348159776731219,38.1043998440733,39.88474531454106,1.7803454704677577,1.7803454704677577,4.6722831949934776,26.943879522787856,28.202773877810362,1.2588943550225054,1.2588943550225054,4.672283194993476,108.68294390457089,110.62487646854221,1.9419325639713207,1.9419325639713207,1.7867868629657617,0.24791267658746843,0.2549406135231277,0.007027936935659257,0.007027936935659257,2.834843716908386,1.2387984281449955,1.2044571160938002,-0.03434131205119528,0.03434131205119528,-2.7721468861256735,1.3550773299749492,1.346412530838859,-0.008664799136090195,0.008664799136090195,-0.6394320784814825,2699.726698279838,2834.2749786501763,134.5482803703385,134.5482803703385,4.983774115212014,425.9870128496739,512.084988316171,86.09797546649713,86.09797546649713,20.211408533452207,6.337579824839734,5.5347745849176135,-0.8028052399221206,0.8028052399221206,-12.667378748833702,pleth_6
s12_sit,msptdfast,MSPTDfast v2,NeuroKit2 (author-contributed; Charlton 2025),mid_upslope,median_mad,1.0,100.0,True,False,590,589,0.9878169245966414,0.008488964346349746,0.18954196575515064,588,2,1,0.99830220713073,0.9966101694915255,0.9974554707379135,282.82961614186297,3.091058328345518,3.99746735643223,0.03243122808562328,4.000750865417251,586,824.5136054421769,824.527155968005,0.013550525828122773,0.013550525828122773,0.0016434569106783612,41.7104665198361,41.79274373138829,0.08227721155218859,0.08227721155218859,0.19725795086242992,21.879178841546043,21.088752309192284,-0.7904265323537594,0.7904265323537594,-3.6126882918148207,1.362862010221465,1.5437392795883362,0.1808772693668712,0.1808772693668712,13.271869639794174,21.897806997768605,21.106698106498627,-0.7911088912699782,0.7911088912699782,-3.6127311349058493,15.484087821236415,14.924689359562443,-0.5593984616739718,0.5593984616739718,-3.612731134905843,56.91896923652936,57.188464787188984,0.26949555065962727,0.26949555065962727,0.4734722962738947,0.2720373898004299,0.260973771810461,-0.01106361798996891,0.01106361798996891,-4.066947561173603,1.4161534721948008,1.4423838277709342,0.026230355576133402,0.026230355576133402,1.8522254890552745,1.3409288086865765,1.3930213015780435,0.052092492891467,0.052092492891467,3.884806751410686,449.15597317788973,454.5280842492802,5.372111071390464,5.372111071390464,1.1960457819098893,41.95531463575461,43.63465754282764,1.6793429070730284,1.6793429070730284,4.002694108369004,10.705579902745287,10.416675868331465,-0.2889040344138216,0.2889040344138216,-2.698630406184129,pleth_6
s12_sit,msptd,MSPTD,"own vectorised port (Bishop & Ercole 2018), 6 s windows; verified bit-identical to NeuroKit2 method='bishop'",mid_upslope,median_mad,1.0,100.0,True,False,589,589,0.9878169245966414,0.00510204081632653,0.034051975634646195,588,1,1,0.99830220713073,0.99830220713073,0.99830220713073,282.8796656190443,3.0878960090143552,3.98598295537112,0.032469554993912964,3.989250152596309,587,824.5136054421769,824.5981436144242,0.08453817224733484,0.08453817224733484,0.010253096090754988,41.7104665198361,41.793354923419656,0.08288840358355287,0.08288840358355287,0.198723271397921,21.879178841546043,21.083324144696196,-0.7958546968498474,0.7958546968498474,-3.637498018612156,1.362862010221465,1.5410958904109588,0.17823388018949382,0.17823388018949382,13.07791095890411,21.897806997768605,21.101234758008385,-0.79657223976022,0.79657223976022,-3.6376804300147088,15.484087821236415,14.920826188797006,-0.5632616324394082,0.5632616324394082,-3.63768043001471,56.91896923652936,57.190366123618766,0.27139688708940923,0.27139688708940923,0.47681272294585514,0.2720373898004299,0.26089754621512956,-0.011139843585300346,0.011139843585300346,-4.094967825368666,1.4161534721948008,1.4455605946812633,0.02940712248646249,0.02940712248646249,2.0765491215359853,1.3409288086865765,1.3577013157205755,0.016772507033999018,0.016772507033999018,1.250812640115286,449.15597317788973,454.5031762769945,5.3472030991047745,5.3472030991047745,1.1905002757220366,41.95531463575461,43.666015033425104,1.710700397670493,1.710700397670493,4.077434319161612,10.705579902745287,10.408625012588969,-0.29695489015631793,0.29695489015631793,-2.7738328316074523,pleth_6
s12_sit,qppg,qppg (slope-sum),own port (Zong 2003),mid_upslope,median_mad,1.0,100.0,True,False,589,589,0.9878169245966414,0.0017006802721088435,0.0035347917344220902,588,1,1,0.99830220713073,0.99830220713073,0.99830220713073,282.9449109960743,3.088092383386869,3.9773216018354938,0.030392879048478823,3.98059754939216,587,824.5136054421769,824.610580197299,0.09697475512211895,0.09697475512211895,0.01176144996056342,41.7104665198361,41.716976330924645,0.0065098110885415394,0.0065098110885415394,0.01560714044146615,21.879178841546043,21.221900447180907,-0.6572783943651359,0.6572783943651359,-3.0041273446562804,1.362862010221465,1.5358361774744027,0.17297416725293768,0.17297416725293768,12.691979522184303,21.897806997768605,21.239940131572233,-0.6578668661963718,0.6578668661963718,-3.0042591308956585,15.484087821236415,15.018905699031018,-0.46518212220539645,0.46518212220539645,-3.004259130895651,56.91896923652936,57.05299904469061,0.13402980816125165,0.13402980816125165,0.23547476343832704,0.2720373898004299,0.26324480659231336,-0.008792583208116544,0.008792583208116544,-3.2321230602039286,1.4161534721948008,1.4685195720115911,0.0523660998167903,0.0523660998167903,3.6977701107233534,1.3409288086865765,1.344914925013814,0.003986116327237443,0.003986116327237443,0.29726532097865777,449.15597317788973,455.651738165433,6.495764987543282,6.495764987543282,1.4462158749852831,41.95531463575461,44.661518629778186,2.706203994023575,2.706203994023575,6.45020545672974,10.705579902745287,10.202334182645236,-0.5032457201000504,0.5032457201000504,-4.700779637084401,pleth_6
s12_sit,terma,TERMA,own port (Elgendi 2013),mid_upslope,median_mad,1.0,100.0,True,False,588,589,0.9878169245966414,0.0034071550255536627,0.0004596806058740188,588,0,1,0.99830220713073,1.0,0.9991503823279524,282.8796656190443,3.0881854708203966,3.9939054984534343,0.032469554993912964,3.9971797152167023,587,824.5136054421769,824.6587656251609,0.14516018298400013,0.14516018298400013,0.01760555338636922,41.7104665198361,41.75152469752594,0.041058177689834,0.041058177689834,0.09843615072084629,21.879178841546043,21.12500429833313,-0.7541745432129119,0.7541745432129119,-3.4469965654324337,1.362862010221465,1.5410958904109588,0.17823388018949382,0.17823388018949382,13.07791095890411,21.897806997768605,21.143102315369838,-0.7547046823987671,0.7547046823987671,-3.446485223272229,15.484087821236415,14.950431022519007,-0.5336567987174075,0.5336567987174075,-3.4464852232722265,56.91896923652936,57.121486687385314,0.2025174508559573,0.2025174508559573,0.35579957538300955,0.2720373898004299,0.2617304256161921,-0.010306964184237821,0.010306964184237821,-3.7888042492243956,1.4161534721948008,1.4396310209590262,0.023477548764225364,0.023477548764225364,1.6578392967422588,1.3409288086865765,1.3577731103161725,0.016844301629596048,0.016844301629596048,1.256166734615452,449.15597317788973,454.2897123795854,5.1337392016956755,5.1337392016956755,1.1429747144122786,41.95531463575461,43.702160111701716,1.7468454759471044,1.7468454759471044,4.163585688995002,10.705579902745287,10.39513175592308,-0.3104481468222069,0.3104481468222069,-2.8998723062409453,pleth_6
s12_sit,heartpy,HeartPy,HeartPy package,mid_upslope,median_mad,1.0,100.0,True,False,588,589,0.9878169245966414,0.0068143100511073255,0.0348083470543596,587,1,2,0.9966044142614601,0.9982993197278912,0.9974511469838572,282.91513427513826,3.089280640823991,3.995419700412672,0.04003307714019451,3.9986382361109585,585,824.5136054421769,825.0159069224421,0.5023014802652597,0.5023014802652597,0.06092094502138401,41.7104665198361,41.2328840020294,-0.47758251780670236,0.47758251780670236,-1.1449944286275966,21.879178841546043,21.189261584365866,-0.689917257180177,0.689917257180177,-3.153305076834527,1.362862010221465,1.5463917525773196,0.18352974235585462,0.18352974235585462,13.466494845360835,21.897806997768605,21.20732521396177,-0.6904817838068347,0.6904817838068347,-3.153200609893014,15.484087821236415,14.99584346962082,-0.4882443516155952,0.4882443516155952,-3.1532006098930054,56.91896923652936,56.35091946795771,-0.5680497685716475,0.5680497685716475,-0.9979972866534018,0.2720373898004299,0.26611532892817774,-0.005922060872252166,0.005922060872252166,-2.176929015749146,1.4161534721948008,1.4548899342305395,0.03873646203573866,0.03873646203573866,2.735329383170853,1.3409288086865765,1.3993703646141786,0.05844155592760214,0.05844155592760214,4.358289235716021,449.15597317788973,454.3831860114054,5.2272128335156935,5.2272128335156935,1.1637856659306718,41.95531463575461,43.640952874958735,1.685638239204124,1.685638239204124,4.017698958614439,10.705579902745287,10.411852997649174,-0.2937269050961131,0.2937269050961131,-2.743680470973751,pleth_6
s12_sit,findpeaks,find_peaks baseline,baseline (Zuern-style),mid_upslope,median_mad,1.0,100.0,True,False,589,589,0.9878169245966414,0.00510204081632653,0.00018732713355438537,588,1,1,0.99830220713073,0.99830220713073,0.99830220713073,282.8796656190443,3.0881854708203966,3.9939054984534343,0.032469554993912964,3.9971797152167023,587,824.5136054421769,824.5981436144242,0.08453817224733484,0.08453817224733484,0.010253096090754988,41.7104665198361,41.79267915194479,0.08221263210868557,0.08221263210868557,0.19710312295257593,21.879178841546043,21.078961381358482,-0.8002174601875609,0.8002174601875609,-3.6574382703433095,1.362862010221465,1.5410958904109588,0.17823388018949382,0.17823388018949382,13.07791095890411,21.897806997768605,21.09686822080622,-0.8009387769623864,0.8009387769623864,-3.657620952837891,15.484087821236415,14.917738580731053,-0.5663492405053621,0.5663492405053621,-3.657620952837884,56.91896923652936,57.19018392199635,0.2712146854669939,0.2712146854669939,0.47649261591500186,0.2720373898004299,0.26084438897902246,-0.01119300082140745,0.01119300082140745,-4.114508240804243,1.4161534721948008,1.4421228106728325,0.025969338478031734,0.025969338478031734,1.8337940758485454,1.3409288086865765,1.357773110316173,0.016844301629596492,0.016844301629596492,1.256166734615485,449.15597317788973,454.5346968549936,5.378723677103892,5.378723677103892,1.1975180111817483,41.95531463575461,43.644719223339635,1.6894045875850239,1.6894045875850239,4.026676005774251,10.705579902745287,10.414425959049925,-0.2911539436953614,0.2911539436953614,-2.7196466360565794,pleth_6
s13_sit,msptdfast,MSPTDfast v2,NeuroKit2 (author-contributed; Charlton 2025),mid_upslope,median_mad,1.0,100.0,True,False,604,603,0.9854401221945752,0.004975124378109453,0.1862790273691534,602,2,1,0.9983416252072969,0.9966887417218543,0.9975144987572493,268.4424355137188,6.015345635880268,10.78660126491045,-0.013685985454255273,10.795592661366651,600,807.3421926910299,806.6104702208802,-0.731722470149748,0.731722470149748,-0.09063349801040045,58.78134995052536,60.36463586023044,1.5832859097050829,1.5832859097050829,2.6935174354411577,34.59256554062295,37.30841176832149,2.715846227698542,2.715846227698542,7.850953478744595,15.640599001663894,15.692821368948248,0.052222367284354476,0.052222367284354476,0.33388981636060683,34.62087828945272,37.338667300360065,2.717789010907346,2.717789010907346,7.850144609807091,24.480657809106138,26.402424848553004,1.9217670394468662,1.9217670394468662,7.850144609807099,79.44300848561632,81.18306773701613,1.7400592513998134,1.7400592513998134,2.1903239625106377,0.30815371013471277,0.3252208321824058,0.017067122047693006,0.017067122047693006,5.538509349841002,1.593039902160245,1.5155920882141736,-0.07744781394607148,0.07744781394607148,-4.861636788949744,1.1711667929000436,1.15023545863796,-0.0209313342620836,0.0209313342620836,-1.7872206067466636,797.2031842286465,847.8487907813782,50.64560655273169,50.64560655273169,6.352910720211824,313.4985263042611,375.50704295145374,62.008516647192664,62.008516647192664,19.779524126697574,2.5429248220928904,2.257877200164764,-0.2850476219281264,0.2850476219281264,-11.209439596941175,pleth_6
s13_sit,msptd,MSPTD,"own vectorised port (Bishop & Ercole 2018), 6 s windows; verified bit-identical to NeuroKit2 method='bishop'",mid_upslope,median_mad,1.0,100.0,True,False,602,603,0.9854401221945752,0.0016638935108153079,0.03495181197795709,602,0,1,0.9983416252072969,1.0,0.9991701244813278,268.4424355137188,6.026274388273266,10.789885357770117,0.007676681741641883,10.798870452392235,601,807.3421926910299,807.0754275448885,-0.266765146141438,0.266765146141438,-0.03304238878588241,58.78134995052536,59.102694337025234,0.32134438649987374,0.32134438649987374,0.546677452576949,34.59256554062295,34.81096734686703,0.21840180624408134,0.21840180624408134,0.6313547516087132,15.640599001663894,15.358931552587645,-0.28166744907624874,0.28166744907624874,-1.8008737967534627,34.62087828945272,34.83949436529711,0.21861607584438758,0.21861607584438758,0.6314573362830866,24.480657809106138,24.635242718812098,0.15458490970596017,0.15458490970596017,0.6314573362830912,79.44300848561632,79.8709069184574,0.42789843284107576,0.42789843284107576,0.5386231475845349,0.30815371013471277,0.30843824953637944,0.00028453940166667246,0.00028453940166667246,0.09233684109864618,1.593039902160245,1.5192220307678337,-0.07381787139241136,0.07381787139241136,-4.633774162989294,1.1711667929000436,1.167274727259128,-0.0038920656409155985,0.0038920656409155985,-0.3323237701504552,797.2031842286465,806.4859960009267,9.282811772280184,9.282811772280184,1.1644223149035708,313.4985263042611,338.7521413237201,25.253615019459005,25.253615019459005,8.055417458310314,2.5429248220928904,2.380755418547239,-0.16216940354565157,0.16216940354565157,-6.377278720028464,pleth_6
s13_sit,qppg,qppg (slope-sum),own port (Zong 2003),mid_upslope,median_mad,1.0,100.0,True,False,579,603,0.9854401221945752,0.01730103806228374,0.0032918257733800496,578,1,25,0.9585406301824212,0.998272884283247,0.9780033840947547,268.18918703665696,5.595463246573674,10.21865751266145,-0.21481940862627225,10.22538862137139,569,807.3421926910299,808.0352165832254,0.6930238921954697,0.6930238921954697,0.08584016770949193,58.78134995052536,56.605134192078,-2.1762157584473627,2.1762157584473627,-3.7022214703796754,34.59256554062295,34.697464317628544,0.10489877700559447,0.10489877700559447,0.3032408130654811,15.640599001663894,14.285714285714285,-1.3548847159496091,1.3548847159496091,-8.662613981762926,34.62087828945272,34.72737635509595,0.10649806564322972,0.10649806564322972,0.3076122585707898,24.480657809106138,24.555963313505718,0.07530550439958006,0.07530550439958006,0.30761225857079894,79.44300848561632,76.19243466087744,-3.250573824738879,3.250573824738879,-4.091705345382806,0.30815371013471277,0.3222887340823416,0.014135023947628833,0.014135023947628833,4.587004304264113,1.593039902160245,1.5541494069792616,-0.03889049518098342,0.03889049518098342,-2.441275647160243,1.1711667929000436,1.1590858729313955,-0.012080919968648018,0.012080919968648018,-1.03152856125072,797.2031842286465,732.2033508934848,-64.99983333516172,64.99983333516172,-8.153483907374744,313.4985263042611,308.10019543527073,-5.398330868990342,5.398330868990342,-1.721963714671844,2.5429248220928904,2.376510504509935,-0.16641431758295555,0.16641431758295555,-6.544209098796417,pleth_6
s13_sit,terma,TERMA,own port (Elgendi 2013),mid_upslope,median_mad,1.0,100.0,True,False,600,603,0.9854401221945752,0.005008347245409015,0.0004364760663626141,599,1,4,0.9933665008291874,0.9983333333333333,0.9958437240232751,268.7432117664188,5.911593933007645,10.52537858604967,-0.05547913921998163,10.534058562326484,597,807.3421926910299,807.8374431442024,0.4952504531725026,0.4952504531725026,0.06134331361051944,58.78134995052536,58.992689145492655,0.21133919496729447,0.21133919496729447,0.35953443591406603,34.59256554062295,34.86198664710036,0.26942110647740947,0.26942110647740947,0.7788410667633808,15.640599001663894,15.46218487394958,-0.17841412771431386,0.17841412771431386,-1.1407116037904534,34.62087828945272,34.89066314428829,0.2697848548355708,0.2697848548355708,0.7792547970042718,24.480657809106138,24.6714245094218,0.19076670031566323,0.19076670031566323,0.7792547970042831,79.44300848561632,79.69689804446189,0.25388955884557163,0.25388955884557163,0.3195870394202657,0.30815371013471277,0.3095656809084078,0.001411970773695037,0.001411970773695037,0.4582033989069217,1.593039902160245,1.5149490169051205,-0.07809088525512453,0.07809088525512453,-4.902004347112036,1.1711667929000436,1.162456097727796,-0.00871069517224754,0.00871069517224754,-0.7437621374730164,797.2031842286465,825.210108542424,28.006924313777517,28.006924313777517,3.513147572394145,313.4985263042611,333.18859775413625,19.690071449875177,19.690071449875177,6.280754069882066,2.5429248220928904,2.476705727941375,-0.06621909415151528,0.06621909415151528,-2.6040523721426934,pleth_6
s13_sit,heartpy,HeartPy,HeartPy package,mid_upslope,median_mad,1.0,100.0,True,False,597,603,0.9854401221945752,0.006711409395973154,0.034361828976395434,596,1,7,0.988391376451078,0.998324958123953,0.9933333333333333,268.7093007069721,5.898788589303598,10.521104357110447,-0.004986572651798252,10.529985492869894,593,807.3421926910299,808.6710812879671,1.3288885969371904,1.3288885969371904,0.16460041466527892,58.78134995052536,58.256012147282725,-0.5253378032426355,0.5253378032426355,-0.893715104679967,34.59256554062295,34.95453121749347,0.3619656768705184,0.3619656768705184,1.0463684066608263,15.640599001663894,15.5668358714044,-0.07376313025949344,0.07376313025949344,-0.4716132051697399,34.62087828945272,34.98347773484963,0.3625994453969099,0.3625994453969099,1.047343289114003,24.480657809106138,24.737054335800774,0.25639652669463686,0.25639652669463686,1.0473432891140055,79.44300848561632,78.58501158233894,-0.8579969032773818,0.8579969032773818,-1.0800156233165916,0.30815371013471277,0.3147808193663248,0.006627109231612027,0.006627109231612027,2.1505855726075516,1.593039902160245,1.5298852807321466,-0.06315462142809847,0.06315462142809847,-3.964409261968737,1.1711667929000436,1.1687629160138397,-0.002403876886203804,0.002403876886203804,-0.20525487067912193,797.2031842286465,835.2293504456322,38.02616621698576,38.02616621698576,4.769946604488153,313.4985263042611,331.5528637263283,18.05433742206725,18.05433742206725,5.758986377034798,2.5429248220928904,2.519143828403336,-0.023780993689554553,0.023780993689554553,-0.9351827267147521,pleth_6
s13_sit,findpeaks,find_peaks baseline,baseline (Zuern-style),mid_upslope,median_mad,1.0,100.0,True,False,603,603,0.9854401221945752,0.0049833887043189366,0.00028348648758211265,602,1,1,0.9983416252072969,0.9983416252072969,0.9983416252072969,268.4424355137188,6.034668346672097,10.80128035038597,0.009612358582183067,10.810288403606313,600,807.3421926910299,807.4490894410823,0.10689675005232857,0.10689675005232857,0.013240575188572856,58.78134995052536,59.10700704070397,0.3256570901786091,0.3256570901786091,0.5540143097303919,34.59256554062295,34.85356466591118,0.26099912528822955,0.26099912528822955,0.7544948494257574,15.640599001663894,15.384615384615385,-0.2559836170485088,0.2559836170485088,-1.6366612111292955,34.62087828945272,34.8820931872101,0.2612148977573838,0.2612148977573838,0.7545010717910157,24.480657809106138,24.665364634657337,0.18470682555119922,0.18470682555119922,0.7545010717910257,79.44300848561632,79.86799327677548,0.42498479115916155,0.42498479115916155,0.5349555602946581,0.30815371013471277,0.30882664785606534,0.0006729377213525733,0.0006729377213525733,0.2183772900408667,1.593039902160245,1.5180470805680424,-0.07499282159220266,0.07499282159220266,-4.707529390224845,1.1711667929000436,1.1542506461453577,-0.01691614675468589,0.01691614675468589,-1.4443840840806392,797.2031842286465,811.9858725921488,14.782688363502302,14.782688363502302,1.8543187804506396,313.4985263042611,339.3617351592442,25.8632088549831,25.8632088549831,8.249866166797215,2.5429248220928904,2.3926854104842654,-0.15023941160862497,0.15023941160862497,-5.908134220223396,pleth_6
s14_sit,msptdfast,MSPTDfast v2,NeuroKit2 (author-contributed; Charlton 2025),mid_upslope,median_mad,1.0,100.0,True,False,443,444,0.987612517283219,0.00904977375565611,0.18442200481255921,442,1,2,0.9954954954954955,0.9977426636568849,0.9966178128523112,292.06735994727563,12.641828469688905,22.009836580046283,0.07944362927252396,22.0347469335921,440,1116.6365688487585,1117.6254783897873,0.9889095410287609,0.9889095410287609,0.08856145039637356,71.62004584881278,72.51137124301425,0.8913253942014734,0.8913253942014734,1.244519440943989,35.48105096210506,50.58803548039492,15.106984518289863,15.106984518289863,42.57761286277745,12.217194570135746,22.42562929061785,10.208434720482103,10.208434720482103,83.55792863802019,35.52124197797315,50.64595229065534,15.12471031268219,15.12471031268219,42.57933977100541,25.117311078793065,35.81209630437275,10.694785225579686,10.694785225579686,42.579339771005415,98.12228400798276,96.09001861468651,-2.0322653932962425,2.0322653932962425,-2.0711558172972278,0.25597968221723866,0.37269319769805087,0.11671351548081221,0.11671351548081221,45.594835679873455,1.3260453518123536,1.5487892518671986,0.222743900054845,0.222743900054845,16.7976079966204,1.326210862860182,1.1484050039820797,-0.1778058588781024,0.1778058588781024,-13.40705794662518,2019.6338268699633,2020.5362209949672,0.9023941250038661,0.9023941250038661,0.04468107599496886,216.44998851203997,360.6461556506007,144.19616713856072,144.19616713856072,66.61869937246028,9.330718106079372,5.602544736266348,-3.7281733698130237,3.7281733698130237,-39.955910439347164,pleth_6
s14_sit,msptd,MSPTD,"own vectorised port (Bishop & Ercole 2018), 6 s windows; verified bit-identical to NeuroKit2 method='bishop'",mid_upslope,median_mad,1.0,100.0,True,False,438,444,0.987612517283219,0.018306636155606407,0.03339735884156337,437,1,7,0.9842342342342343,0.997716894977169,0.9909297052154196,292.15329114552515,12.040078183043143,20.44861067824586,0.015610202871797556,20.472423720109482,430,1116.6365688487585,1116.2278623984798,-0.40870645027871433,0.40870645027871433,-0.03660156416873278,71.62004584881278,75.90913195915364,4.289086110340861,4.289086110340861,5.988667082669788,35.48105096210506,51.22000951141364,15.738958549308585,15.738958549308585,44.35877214042593,12.217194570135746,21.962616822429908,9.745422252294162,9.745422252294162,79.76808584285222,35.52124197797315,51.27988537281515,15.758643394842004,15.758643394842004,44.36399888442526,25.117311078793065,36.26035468558644,11.143043606793377,11.143043606793377,44.36399888442525,98.12228400798276,101.04246289387383,2.920178885891076,2.920178885891076,2.9760608565262343,0.25597968221723866,0.3588625380566104,0.10288285583937173,0.10288285583937173,40.1918054387065,1.3260453518123536,1.5082879293126177,0.18224257750026407,0.18224257750026407,13.743314076791313,1.326210862860182,1.2046960779805815,-0.12151478487960055,0.12151478487960055,-9.16255388057483,2019.6338268699633,2119.522584361019,99.88875749105591,99.88875749105591,4.945884554026505,216.44998851203997,345.7788077068006,129.32881919476063,129.32881919476063,59.74997738914952,9.330718106079372,6.129706439841292,-3.20101166623808,3.20101166623808,-34.30616625479748,pleth_6
s14_sit,qppg,qppg (slope-sum),own port (Zong 2003),mid_upslope,median_mad,1.0,100.0,True,False,420,444,0.987612517283219,0.014319809069212411,0.0027511579253702936,420,0,24,0.9459459459459459,1.0,0.9722222222222222,291.6202784016253,7.786371036635845,10.040585181510224,-0.15869147964462585,10.051536921640352,412,1116.6365688487585,1120.1954194941347,3.5588506453761966,3.5588506453761966,0.31871163319013784,71.62004584881278,78.35354048836219,6.733494639549406,6.733494639549406,9.401689931564075,35.48105096210506,70.16007588211156,34.6790249200065,34.6790249200065,97.73956514716784,12.217194570135746,17.718446601941746,5.5012520318060005,5.5012520318060005,45.028766630708375,35.52124197797315,70.24535501889315,34.72411304092,34.72411304092,97.75590916120711,25.117311078793065,49.67096688071583,24.553655801922766,24.553655801922766,97.75590916120713,98.12228400798276,99.05225723454087,0.9299732265581184,0.9299732265581184,0.9477696488215259,0.25597968221723866,0.501462240916958,0.24548255869971936,0.24548255869971936,95.89923566331689,1.3260453518123536,1.3320875432834636,0.006042191471109959,0.006042191471109959,0.4556549640517106,1.326210862860182,0.9862686887785258,-0.3399421740816563,0.3399421740816563,-25.63258857256813,2019.6338268699633,2799.577514778426,779.9436879084628,779.9436879084628,38.61807410490954,216.44998851203997,1054.71020896993,838.26022045789,838.26022045789,387.2766296826401,9.330718106079372,2.654357084030314,-6.676361022049058,6.676361022049058,-71.55248873823673,pleth_6
s14_sit,terma,TERMA,own port (Elgendi 2013),mid_upslope,median_mad,1.0,100.0,True,False,441,444,0.987612517283219,0.011363636363636364,0.00046532270639976773,441,0,3,0.9932432432432432,1.0,0.9966101694915254,292.09429994647775,12.5205771617452,21.653062824047208,0.37018179964948456,21.67471191503731,437,1116.6365688487585,1117.7167213432037,1.0801524944452012,1.0801524944452012,0.09673268139147798,71.62004584881278,72.74587254262285,1.125826693810069,1.125826693810069,1.571943553605993,35.48105096210506,50.20114881384454,14.720097851739482,14.720097851739482,41.48720923588491,12.217194570135746,21.658986175115206,9.44179160497946,9.44179160497946,77.28281276668375,35.52124197797315,50.2590366678133,14.73779468984015,14.73779468984015,41.49008837860768,25.117311078793065,35.53850564371413,10.421194564921066,10.421194564921066,41.4900883786077,98.12228400798276,96.54500795269922,-1.5772760552835337,1.5772760552835337,-1.607459580899293,0.25597968221723866,0.36810298530531677,0.11212330308807811,0.11212330308807811,43.80164164471616,1.3260453518123536,1.534633035670025,0.20858768385767146,0.20858768385767146,15.730056560477905,1.326210862860182,1.2370183164329984,-0.08919254642718366,0.08919254642718366,-6.725366902426505,2019.6338268699633,2013.4653925553114,-6.168434314651904,6.168434314651904,-0.30542340064742174,216.44998851203997,373.6532490376857,157.20326052564576,157.20326052564576,72.62798284551602,9.330718106079372,5.388593295363633,-3.9421248107157387,3.9421248107157387,-42.248889805676065,pleth_6
s14_sit,heartpy,HeartPy,HeartPy package,mid_upslope,median_mad,1.0,100.0,True,False,426,444,0.987612517283219,0.02588235294117647,0.025785454281001166,426,0,18,0.9594594594594594,1.0,0.9793103448275862,292.0554083428787,11.154884362754624,18.054588697482643,-0.03628596280541748,18.076291618267923,416,1116.6365688487585,1115.922486418647,-0.7140824301116027,0.7140824301116027,-0.06394940395403803,71.62004584881278,70.93135870795464,-0.6886871408581356,0.6886871408581356,-0.961584333961372,35.48105096210506,44.688035830393154,9.206984868288096,9.206984868288096,25.94901959956446,12.217194570135746,20.09685230024213,7.879657730106384,7.879657730106384,64.4964577167967,35.52124197797315,44.742176827580614,9.220934849607467,9.220934849607467,25.958931434113147,25.117311078793065,31.637496639829866,6.520185561036801,6.520185561036801,25.958931434113165,98.12228400798276,95.19235317333961,-2.9299308346431445,2.9299308346431445,-2.98599942333668,0.25597968221723866,0.3323533412628204,0.07637365904558174,0.07637365904558174,29.8358285251588,1.3260453518123536,1.5313660504832793,0.20532069867092573,0.20532069867092573,15.483686013476582,1.326210862860182,1.2915104854886679,-0.03470037737151421,0.03470037737151421,-2.616505289111974,2019.6338268699633,2002.9465125319664,-16.687314337996895,16.687314337996895,-0.8262544485036163,216.44998851203997,274.9338722796155,58.48388376757555,58.48388376757555,27.019582754250138,9.330718106079372,7.28519369375816,-2.045524412321212,2.045524412321212,-21.92247573087074,pleth_6
s14_sit,findpeaks,find_peaks baseline,baseline (Zuern-style),mid_upslope,median_mad,1.0,100.0,True,False,444,444,0.987612517283219,0.004514672686230248,0.00017625860245548886,444,0,0,1.0,1.0,1.0,292.06735994727563,12.714920820285784,22.071229747179594,0.012818944494054647,22.096179368910708,443,1116.6365688487585,1116.4233177556866,-0.2132510930719036,0.2132510930719036,-0.01909762755591673,71.62004584881278,75.18916244958085,3.5691166007680692,3.5691166007680692,4.983404518201985,35.48105096210506,50.57563081436158,15.094579852256523,15.094579852256523,42.54265148001967,12.217194570135746,22.272727272727273,10.055532702591528,10.055532702591528,82.30639730639733,35.52124197797315,50.63315519964028,15.11191322166713,15.11191322166713,42.543313184370305,25.117311078793065,35.80304739453654,10.685736315743476,10.685736315743476,42.54331318437032,98.12228400798276,100.12473269379294,2.0024486858101795,2.0024486858101795,2.0407685227213728,0.25597968221723866,0.35758444922925714,0.10160476701201848,0.10160476701201848,39.692512363458206,1.3260453518123536,1.51825116403399,0.19220581222163635,0.19220581222163635,14.494663546683512,1.326210862860182,1.1839529576899674,-0.14225790517021464,0.14225790517021464,-10.726643036493693,2019.6338268699633,2067.1263636589238,47.49253678896048,47.49253678896048,2.3515419556308683,216.44998851203997,352.6111868024694,136.1611982904294,136.1611982904294,62.906539855443555,9.330718106079372,5.862339145856184,-3.4683789602231876,3.4683789602231876,-37.171618741363396,pleth_6
s15_sit,msptdfast,MSPTDfast v2,NeuroKit2 (author-contributed; Charlton 2025),mid_upslope,median_mad,1.0,100.0,True,False,678,685,0.9909656960708211,0.008862629246676515,0.1852105967257264,677,1,8,0.9883211678832117,0.9985250737463127,0.9933969185619957,297.20183517786194,9.61120232922535,14.177863157476855,0.13676805778585266,14.187811180096865,669,707.5350877192982,710.4754739680634,2.9403862487652077,2.9403862487652077,0.41558168630807935,84.27689284429475,90.88607250886884,6.609179664574086,6.609179664574086,7.842220377992381,41.61040809092914,65.92962145458878,24.319213363659642,24.319213363659642,58.445024885399064,21.96193265007321,28.65671641791045,6.69478376783724,6.69478376783724,30.48358208955223,41.640353598933366,65.9785125739512,24.33815897501784,24.33815897501784,58.44849255948987,29.444176400811443,46.65385365364279,17.209677252831348,17.209677252831348,58.448492559489864,115.49125426219675,119.76633204469113,4.275077782494378,4.275077782494378,3.7016463366037935,0.25494723898283334,0.3895406401544783,0.13459340117164498,0.13459340117164498,52.792649062854814,1.2954118646427175,1.4805971291674316,0.18518526452471407,0.18518526452471407,14.295473862730853,1.336130198526491,1.1472686427263823,-0.18886155580010877,0.18886155580010877,-14.134966488175237,2725.9210308297584,3228.841591190937,502.92056036117856,502.92056036117856,18.449564557198187,599.4884514523582,1193.9304777100738,594.4420262577156,594.4420262577156,99.15821144136859,4.547078470362143,2.7043799044176904,-1.8426985659444526,1.8426985659444526,-40.52489038742484,pleth_6
s15_sit,msptd,MSPTD,"own vectorised port (Bishop & Ercole 2018), 6 s windows; verified bit-identical to NeuroKit2 method='bishop'",mid_upslope,median_mad,1.0,100.0,True,False,677,685,0.9909656960708211,0.0073964497041420114,0.032530344195656986,677,0,8,0.9883211678832117,1.0,0.9941262848751835,297.0708060893689,9.646635112291971,14.22474493340704,0.2143841953416089,14.23375549852855,670,707.5350877192982,710.3035446250722,2.7684569057739736,2.7684569057739736,0.39128192422201247,84.27689284429475,89.69773655729475,5.4208437129999965,5.4208437129999965,6.4321826897620005,41.61040809092914,61.32366292346673,19.713254832537586,19.713254832537586,47.37577865004159,21.96193265007321,28.805970149253728,6.844037499180519,6.844037499180519,31.16318407960196,41.640353598933366,61.369085343998165,19.7287317450648,19.7287317450648,47.378876594290396,29.444176400811443,43.39449640195708,13.950320001145634,13.950320001145634,47.37887659429042,115.49125426219675,119.19851328361538,3.7072590214186363,3.7072590214186363,3.2099911331832485,0.25494723898283334,0.3640523292325487,0.10910509024971538,0.10910509024971538,42.79516447599649,1.2954118646427175,1.4956493512854674,0.20023748664274987,0.20023748664274987,15.457438063374276,1.336130198526491,1.2259976370386982,-0.11013256148779282,0.11013256148779282,-8.242651921889726,2725.9210308297584,3157.854323593363,431.93329276360464,431.93329276360464,15.84540740096664,599.4884514523582,992.3056911068625,392.8172396545043,392.8172396545043,65.52540565257608,4.547078470362143,3.1823402323440773,-1.3647382380180657,1.3647382380180657,-30.013518502340112,pleth_6
s15_sit,qppg,qppg (slope-sum),own port (Zong 2003),mid_upslope,median_mad,1.0,100.0,True,False,488,685,0.9909656960708211,0.06776180698151951,0.0031099352573097606,487,1,198,0.710948905109489,0.9979508196721312,0.8303495311167945,298.78316064843926,7.505591214954986,10.708368339689493,-0.27817051110117846,10.716668754644159,450,707.5350877192982,728.4104573221558,20.87536960285763,20.87536960285763,2.9504359522505488,84.27689284429475,102.93671955184905,18.659826707554302,18.659826707554302,22.14109476250999,41.61040809092914,117.13006414708182,75.51965605615268,75.51965605615268,181.49222639471202,21.96193265007321,32.22958057395143,10.267647923878222,10.267647923878222,46.752023546725496,41.640353598933366,117.25950891773164,75.61915531879828,75.61915531879828,181.6006560538316,29.444176400811443,82.91499391433248,53.47081751352104,53.47081751352104,181.6006560538316,115.49125426219675,119.65383507593167,4.16258081373492,4.16258081373492,3.6042389879018217,0.25494723898283334,0.6929572617686268,0.4380100227857935,0.4380100227857935,171.80418369437078,1.2954118646427175,1.3774887368310471,0.0820768721883296,0.0820768721883296,6.335967303415651,1.336130198526491,0.8303783622251442,-0.5057518363013469,0.5057518363013469,-37.85198754276337,2725.9210308297584,3621.2529729418115,895.3319421120532,895.3319421120532,32.845116640797116,599.4884514523582,1049.5289841358056,450.0405326834474,450.0405326834474,75.07075934376235,4.547078470362143,3.4503601402905453,-1.0967183300715977,1.0967183300715977,-24.119186357130356,pleth_6
s15_sit,terma,TERMA,own port (Elgendi 2013),mid_upslope,median_mad,1.0,100.0,True,False,667,685,0.9909656960708211,0.015015015015015015,0.00045631492817705045,666,1,19,0.9722627737226277,0.9985007496251874,0.985207100591716,297.4567311910509,9.484807421676374,14.190870070125767,0.16778508822177524,14.200822895044148,649,707.5350877192982,716.3677617571202,8.832674037822017,8.832674037822017,1.2483725812515776,84.27689284429475,97.13380948547108,12.856916641176326,12.856916641176326,15.255565561642197,41.61040809092914,88.59337899899714,46.982970908068,46.982970908068,112.91158405704282,21.96193265007321,29.61832061068702,7.656387960613813,7.656387960613813,34.86208651399489,41.640353598933366,88.66100151968456,47.020647920751195,47.020647920751195,112.92086607534392,29.444176400811443,62.69279540135975,33.24861900054831,33.24861900054831,112.92086607534392,115.49125426219675,122.22752265788107,6.73626839568432,6.73626839568432,5.83270866587971,0.25494723898283334,0.5129188094308267,0.25797157044799335,0.25797157044799335,101.1862577830716,1.2954118646427175,1.406446596100446,0.11103473145772846,0.11103473145772846,8.571384475342327,1.336130198526491,1.0370414803670596,-0.2990887181594315,0.2990887181594315,-22.38469862362755,2725.9210308297584,3822.6842538239666,1096.7632229942083,1096.7632229942083,40.23459266024146,599.4884514523582,2199.312380549246,1599.8239290968877,1599.8239290968877,266.86484538960747,4.547078470362143,1.7381270108020341,-2.8089514595601086,2.8089514595601086,-61.77486220809371,pleth_6
s15_sit,heartpy,HeartPy,HeartPy package,mid_upslope,median_mad,1.0,100.0,True,False,631,685,0.9909656960708211,0.02857142857142857,0.03926569029034835,631,0,54,0.9211678832116789,1.0,0.958966565349544,297.7847856203685,9.093026676721339,14.676315266931452,0.17455850639912487,14.687301130060112,611,707.5350877192982,713.0681454501862,5.533057730888004,5.533057730888004,0.7820188464042853,84.27689284429475,86.96842859361364,2.691535749318888,2.691535749318888,3.19368175365888,41.61040809092914,62.29483786828429,20.68442977735515,20.68442977735515,49.70974985910857,21.96193265007321,28.805237315875615,6.843304665802407,6.843304665802407,31.15984724495362,41.640353598933366,62.34541346472473,20.705059865791362,20.705059865791362,49.72354477393711,29.444176400811443,44.084864636785944,14.640688235974501,14.640688235974501,49.72354477393711,115.49125426219675,114.81959699476919,-0.6716572674275625,0.6716572674275625,-0.5815654801901421,0.25494723898283334,0.3839489581102981,0.12900171912746478,0.12900171912746478,50.599378774269056,1.2954118646427175,1.544683151702217,0.24927128705949952,0.24927128705949952,19.242628067811474,1.336130198526491,1.1646155218405077,-0.1715146766859834,0.1715146766859834,-12.83667391659383,2725.9210308297584,2966.555350837449,240.6343200076908,240.6343200076908,8.827633569943982,599.4884514523582,891.0392523617732,291.550800909415,291.550800909415,48.633263944132004,4.547078470362143,3.329320614074351,-1.217757856287792,1.217757856287792,-26.781104927595546,pleth_6
s15_sit,findpeaks,find_peaks baseline,baseline (Zuern-style),mid_upslope,median_mad,1.0,100.0,True,False,682,685,0.9909656960708211,0.0014684287812041115,0.00022642327533587206,681,1,4,0.9941605839416059,0.998533724340176,0.9963423555230432,297.1253696278954,10.033234749657543,15.472053303564039,0.02462720713472366,15.483456395347131,678,707.5350877192982,709.04076944445,1.5056817251518169,1.5056817251518169,0.21280665104614133,84.27689284429475,91.71130764147391,7.4344147971791585,7.4344147971791585,8.821415391897,41.61040809092914,66.01871782361282,24.408309732683676,24.408309732683676,58.65914527765605,21.96193265007321,29.013254786450666,7.051322136377458,7.051322136377458,32.107020127638684,41.640353598933366,66.06728192551563,24.426928326582264,24.426928326582264,58.661673629995235,29.444176400811443,46.71662306409553,17.272446663284086,17.272446663284086,58.661673629995235,115.49125426219675,120.99373962360762,5.502485361410876,5.502485361410876,4.76441735485765,0.25494723898283334,0.38610777061212875,0.13116053162929542,0.13116053162929542,51.446147113649275,1.2954118646427175,1.4595351057454937,0.1641232411027762,0.1641232411027762,12.669579890565723,1.336130198526491,1.2737907528449899,-0.06233944568150118,0.06233944568150118,-4.665671485477259,2725.9210308297584,3363.3262371331925,637.4052063034342,637.4052063034342,23.383113417244182,599.4884514523582,1177.8611819555233,578.3727305031651,578.3727305031651,96.47771013802905,4.547078470362143,2.8554521438165485,-1.6916263265455944,1.6916263265455944,-37.2024880936543,pleth_6
s16_sit,msptdfast,MSPTDfast v2,NeuroKit2 (author-contributed; Charlton 2025),mid_upslope,median_mad,1.0,100.0,True,False,521,524,0.98363477640752,0.013461538461538462,0.1847853340068158,515,6,9,0.982824427480916,0.9884836852207294,0.985645933014354,303.24631371030176,9.155086022067255,14.119368938762545,-0.48280729918215615,14.125021232366125,508,931.4990439770554,931.9784670133633,0.47942303630793504,0.47942303630793504,0.051467904278358456,50.392344746459024,59.40497095831336,9.01262621185434,9.01262621185434,17.884911403110767,28.598287867730562,60.044299647480685,31.446011779750123,31.446011779750123,109.95767272918756,7.854406130268199,18.9453125,11.090906369731801,11.090906369731801,141.20617378048783,28.623775736755814,60.10150677769159,31.477731040935776,31.477731040935776,109.97057596603231,20.240065926623004,42.49818300203497,22.258117075411967,22.258117075411967,109.97057596603227,68.3309340590183,72.46934241899574,4.138408359977433,4.138408359977433,6.056420005034669,0.2962064869352056,0.5864298140905347,0.2902233271553291,0.2902233271553291,97.98007132059018,1.4010435457324868,1.4887318271016137,0.08768828136912687,0.08768828136912687,6.258783435834046,1.3364215239053874,1.0371744527360325,-0.2992470711693549,0.2992470711693549,-22.39166803411498,994.9537435825597,1247.27817497619,252.32443139363033,252.32443139363033,25.360418313024102,179.20625812931434,792.9323259738859,613.7260678445716,613.7260678445716,342.4691047350087,5.552003339440334,1.5729944840428505,-3.979008855397483,3.979008855397483,-71.66798382723208,pleth_6
s16_sit,msptd,MSPTD,"own vectorised port (Bishop & Ercole 2018), 6 s windows; verified bit-identical to NeuroKit2 method='bishop'",mid_upslope,median_mad,1.0,100.0,True,False,519,524,0.98363477640752,0.017374517374517374,0.03309656834417383,513,6,11,0.9790076335877863,0.9884393063583815,0.9837008628954937,303.2312370178242,9.094215606351447,14.069847281203995,-0.433732443077239,14.077104972113432,505,931.4990439770554,933.2564228644098,1.7573788873544345,1.7573788873544345,0.18866137316161563,50.392344746459024,64.62568944281448,14.233344696355452,14.233344696355452,28.245053426206375,28.598287867730562,65.35672157659236,36.7584337088618,36.7584337088618,128.5336866279289,7.854406130268199,18.30708661417323,10.45268048390503,10.45268048390503,133.08046859996162,28.623775736755814,65.40985265269421,36.786076915938395,36.786076915938395,128.51580886549974,20.240065926623004,46.25175036713296,26.01168444050996,26.01168444050996,128.51580886549976,68.3309340590183,78.82724820704209,10.496314148023785,10.496314148023785,15.36099907394502,0.2962064869352056,0.5867482554465352,0.29054176851132957,0.29054176851132957,98.08757786418256,1.4010435457324868,1.4452683635794419,0.04422481784695509,0.04422481784695509,3.1565626908358286,1.3364215239053874,1.0299472085341337,-0.3064743153712537,0.3064743153712537,-22.932458800547625,994.9537435825597,1314.6127184435554,319.6589748609957,319.6589748609957,32.128023732037036,179.20625812931434,531.2483723408989,352.04211421158453,352.04211421158453,196.44521228580797,5.552003339440334,2.4745726987375622,-3.0774306407027714,3.0774306407027714,-55.42919289765754,pleth_6
s16_sit,qppg,qppg (slope-sum),own port (Zong 2003),mid_upslope,median_mad,1.0,100.0,True,False,494,524,0.98363477640752,0.02231237322515213,0.003092523146212148,492,2,32,0.9389312977099237,0.9959514170040485,0.9666011787819253,299.7426404674369,5.601494084343939,7.889538601556243,-0.3065332011953412,7.891789258055288,481,931.4990439770554,931.4266061137943,-0.07243786326114332,0.07243786326114332,-0.00777648283479372,50.392344746459024,55.234010413818304,4.84166566735928,4.84166566735928,9.607938848091594,28.598287867730562,42.37066045314905,13.772372585418488,13.772372585418488,48.15803186930926,7.854406130268199,13.721413721413722,5.867007591145523,5.867007591145523,74.6970234775113,28.623775736755814,42.40661206025524,13.782836323499428,13.782836323499428,48.15170594632935,20.240065926623004,29.98600295495371,9.745937028330708,9.745937028330708,48.15170594632934,68.3309340590183,72.12788253909223,3.7969484800739224,3.7969484800739224,5.556705074153457,0.2962064869352056,0.41573385907595095,0.11952737214074532,0.11952737214074532,40.35271927278609,1.4010435457324868,1.540338584354724,0.13929503862223713,0.13929503862223713,9.94223477539462,1.3364215239053874,1.1649126812837787,-0.1715088426216087,0.1715088426216087,-12.833439117353723,994.9537435825597,918.2774222934252,-76.67632128913453,76.67632128913453,-7.706521211030758,179.20625812931434,208.44454102160043,29.238282892286094,29.238282892286094,16.31543630088403,5.552003339440334,4.40538004877886,-1.1466232906614735,1.1466232906614735,-20.652424369345898,pleth_6
s16_sit,terma,TERMA,own port (Elgendi 2013),mid_upslope,median_mad,1.0,100.0,True,False,521,524,0.98363477640752,0.013461538461538462,0.0004079256372698992,515,6,9,0.982824427480916,0.9884836852207294,0.985645933014354,303.24817882686074,9.219407625629636,14.229360831369,-0.48201374267766944,14.235184836436407,509,931.4990439770554,931.4286057661981,-0.0704382108573327,0.0704382108573327,-0.007561812469135259,50.392344746459024,57.052606332765265,6.660261586306241,6.660261586306241,13.216812235700235,28.598287867730562,55.27751529363857,26.67922742590801,26.67922742590801,93.28959673845384,7.854406130268199,18.75,10.895593869731801,10.895593869731801,138.71951219512198,28.623775736755814,55.3308376662676,26.707061929511784,26.707061929511784,93.30377017738168,20.240065926623004,39.124810522549865,18.88474459592686,18.88474459592686,93.30377017738167,68.3309340590183,70.5637936926406,2.2328596336222972,2.2328596336222972,3.2677141976337505,0.2962064869352056,0.5544601342292961,0.25825364729409045,0.25825364729409045,87.18703292631898,1.4010435457324868,1.5290163451235261,0.12797279939103934,0.12797279939103934,9.134105772860416,1.3364215239053874,1.0730673499262908,-0.26335417397909655,0.26335417397909655,-19.70592131811107,994.9537435825597,1305.5896932283376,310.63594964577794,310.63594964577794,31.221144867223856,179.20625812931434,535.2889875018478,356.0827293725335,356.0827293725335,198.6999411123165,5.552003339440334,2.4390370878381478,-3.112966251602186,3.112966251602186,-56.06924314126919,pleth_6
s16_sit,heartpy,HeartPy,HeartPy package,mid_upslope,median_mad,1.0,100.0,True,False,505,524,0.98363477640752,0.021825396825396824,0.032926141323196496,503,2,21,0.9599236641221374,0.996039603960396,0.977648202137998,303.46037251685044,8.768666367995388,12.608270021967709,-0.2503246335049704,12.618641293626252,491,931.4990439770554,939.495731888902,7.996687911846607,7.996687911846607,0.858475160393571,50.392344746459024,79.77441694358319,29.382072197124167,29.382072197124167,58.306618485318225,28.598287867730562,82.16254287123732,53.56425500350676,53.56425500350676,187.29881750699852,7.854406130268199,18.495934959349594,10.641528829081395,10.641528829081395,135.48483045806069,28.623775736755814,82.24563060203224,53.62185486527642,53.62185486527642,187.3332692319153,20.240065926623004,58.15644312166083,37.916377195037825,37.916377195037825,187.33326923191532,68.3309340590183,96.67338475927247,28.34245070025416,28.34245070025416,41.478213477624095,0.2962064869352056,0.6015765690471775,0.30537008211197186,0.30537008211197186,103.09365107819896,1.4010435457324868,1.2644073140813004,-0.13663623165118643,0.13663623165118643,-9.752461446853241,1.3364215239053874,1.0094779684631183,-0.32694355544226905,0.32694355544226905,-24.464104295989713,994.9537435825597,5619.7489733292305,4624.795229746671,4624.795229746671,464.82514987018715,179.20625812931434,1270.7925212916211,1091.5862631623068,1091.5862631623068,609.1228479167415,5.552003339440334,4.422239570325274,-1.1297637691150593,1.1297637691150593,-20.348758818090776,pleth_6
s16_sit,findpeaks,find_peaks baseline,baseline (Zuern-style),mid_upslope,median_mad,1.0,100.0,True,False,521,524,0.98363477640752,0.013461538461538462,0.00016577934705354352,515,6,9,0.982824427480916,0.9884836852207294,0.985645933014354,303.24817882686074,9.16548131716732,14.117276936399517,-0.4452195790838874,14.124108657235713,510,931.4990439770554,930.7969640639527,-0.7020799131026934,0.7020799131026934,-0.0753709751654868,50.392344746459024,57.93604491850259,7.543700172043565,7.543700172043565,14.969932853885801,28.598287867730562,54.07363302889522,25.47534516116466,25.47534516116466,89.07996618185757,7.854406130268199,18.1640625,10.309656369731801,10.309656369731801,131.2595274390244,28.623775736755814,54.124834719580726,25.50105898282491,25.50105898282491,89.09047924826696,20.240065926623004,38.27203766081662,18.03197173419362,18.03197173419362,89.09047924826696,68.3309340590183,72.44599184831783,4.115057789299527,4.115057789299527,6.0222472383376155,0.2962064869352056,0.5282837143143522,0.23207722737914654,0.23207722737914654,78.34981258527023,1.4010435457324868,1.5146180756072647,0.1135745298747779,0.1135745298747779,8.106423973810136,1.3364215239053874,1.121842094702281,-0.21457942920310646,0.21457942920310646,-16.056268577300894,994.9537435825597,1243.8579411560813,248.90419757352163,248.90419757352163,25.016660239629317,179.20625812931434,415.4444331907653,236.238175061451,236.238175061451,131.82473509992198,5.552003339440334,2.9940416618482453,-2.5579616775920884,2.5579616775920884,-46.072769074557904,pleth_6
s17_sit,msptdfast,MSPTDfast v2,NeuroKit2 (author-contributed; Charlton 2025),mid_upslope,median_mad,1.0,100.0,True,False,622,623,0.9879104459180775,0.0,0.18765787426393457,622,0,1,0.9983948635634029,1.0,0.9991967871485944,278.24716323153586,3.3857771818711595,4.4537916416021055,-0.043342862379322854,4.457170887547414,621,780.951768488746,780.984032338909,0.032263850162962626,0.032263850162962626,0.004131349907228947,56.4543985819586,57.291415238995,0.8370166570364006,0.8370166570364006,1.4826420581228015,56.17673973235291,56.17823405917434,0.0014943268214366867,0.0014943268214366867,0.002660045471766822,44.28341384863124,43.38709677419355,-0.8963170744376896,0.8963170744376896,-2.02404692082111,56.22195286541393,56.22356066873282,0.0016078033188904328,0.0016078033188904328,0.0028597429241549975,39.75492412268464,39.756061011314245,0.0011368886296025948,0.0011368886296025948,0.0028597429241573433,69.2368705712562,70.59793292327018,1.361062352013974,1.361062352013974,1.9658057055210423,0.5741871894942195,0.5631334993125561,-0.011053690181663467,0.011053690181663467,-1.9251021938333834,1.7818465526409508,1.8026693082143554,0.020822755573404628,0.020822755573404628,1.1686054302791862,0.711586145559933,0.7227969117310797,0.011210766171146691,0.011210766171146691,1.5754615574092103,586.8315011408603,634.3743123388099,47.54281119794962,47.54281119794962,8.10161197984797,1334.757928533242,1386.5732793617726,51.815350828530654,51.815350828530654,3.882003599369532,0.4396538792511434,0.45751228714778547,0.01785840789664206,0.01785840789664206,4.061924331717497,pleth_6
s17_sit,msptd,MSPTD,"own vectorised port (Bishop & Ercole 2018), 6 s windows; verified bit-identical to NeuroKit2 method='bishop'",mid_upslope,median_mad,1.0,100.0,True,False,622,623,0.9879104459180775,0.0,0.03310161893788196,622,0,1,0.9983948635634029,1.0,0.9991967871485944,278.24716323153586,3.3857616471100616,4.453768162162934,-0.043342862379322854,4.457147388068041,621,780.951768488746,780.984032338909,0.032263850162962626,0.032263850162962626,0.004131349907228947,56.4543985819586,57.291394406264324,0.8369958243057241,0.8369958243057241,1.4826051562494313,56.17673973235291,56.17818187142456,0.0014421390716563565,0.0014421390716563565,0.0025671462575565063,44.28341384863124,43.38709677419355,-0.8963170744376896,0.8963170744376896,-2.02404692082111,56.22195286541393,56.22350843881423,0.0015555734002958843,0.0015555734002958843,0.0027668434143859606,39.75492412268464,39.75602407918463,0.0010999564999849554,0.0010999564999849554,0.002766843414391796,69.2368705712562,70.5979199087591,1.361049337502891,1.361049337502891,1.965786908439407,0.5741871894942195,0.5631330799911017,-0.011054109503117804,0.011054109503117804,-1.925175222535871,1.7818465526409508,1.8026693082143554,0.020822755573404628,0.020822755573404628,1.1686054302791862,0.711586145559933,0.7227976741184853,0.01121152855855223,0.01121152855855223,1.5755686965673146,586.8315011408603,634.3741470019456,47.54264586108536,47.54264586108536,8.101583805344058,1334.757928533242,1386.5712600726117,51.813331539369756,51.813331539369756,3.8818523143224284,0.4396538792511434,0.457512834189802,0.017858954938658578,0.017858954938658578,4.062048757326444,pleth_6
s17_sit,qppg,qppg (slope-sum),own port (Zong 2003),mid_upslope,median_mad,1.0,100.0,True,False,621,623,0.9879104459180775,0.004838709677419355,0.0034423986458653037,621,0,2,0.9967897271268058,1.0,0.9983922829581994,278.337494865871,3.351287926993856,4.319629850141638,0.04147359818932324,4.322924020056776,619,780.951768488746,781.7122486209249,0.760480132178941,0.760480132178941,0.09737862988012427,56.4543985819586,56.851473617799606,0.3970750358410058,0.3970750358410058,0.7033553554990858,56.17673973235291,56.31761800245866,0.14087827010575182,0.14087827010575182,0.2507768709557529,44.28341384863124,43.506493506493506,-0.7769203421377355,0.7769203421377355,-1.7544273907910317,56.22195286541393,56.36322114086139,0.1412682754474588,0.1412682754474588,0.2512688874141951,39.75492412268464,39.854815878220066,0.09989175553542395,0.09989175553542395,0.251268887414187,69.2368705712562,69.82674098326449,0.5898704120082812,0.5898704120082812,0.8519599559330268,0.5741871894942195,0.5707672349733771,-0.0034199545208424276,0.0034199545208424276,-0.5956166531431919,1.7818465526409508,1.804388177566944,0.022541624925993098,0.022541624925993098,1.265071051858152,0.711586145559933,0.762513367155369,0.050927221595435945,0.050927221595435945,7.156859631571709,586.8315011408603,624.0295541291905,37.19805298833023,37.19805298833023,6.338796215951841,1334.757928533242,1380.352768303942,45.59483977069999,45.59483977069999,3.415963209209321,0.4396538792511434,0.4520797642880407,0.012425885036897288,0.012425885036897288,2.8262880468749945,pleth_6
s17_sit,terma,TERMA,own port (Elgendi 2013),mid_upslope,median_mad,1.0,100.0,True,False,622,623,0.9879104459180775,0.0,0.00047324615078389565,622,0,1,0.9983948635634029,1.0,0.9991967871485944,278.24716323153586,3.3857771818711595,4.4537916416021055,-0.043342862379322854,4.457170887547414,621,780.951768488746,780.984032338909,0.032263850162962626,0.032263850162962626,0.004131349907228947,56.4543985819586,57.291415238995,0.8370166570364006,0.8370166570364006,1.4826420581228015,56.17673973235291,56.17823405917434,0.0014943268214366867,0.0014943268214366867,0.002660045471766822,44.28341384863124,43.38709677419355,-0.8963170744376896,0.8963170744376896,-2.02404692082111,56.22195286541393,56.22356066873282,0.0016078033188904328,0.0016078033188904328,0.0028597429241549975,39.75492412268464,39.756061011314245,0.0011368886296025948,0.0011368886296025948,0.0028597429241573433,69.2368705712562,70.59793292327018,1.361062352013974,1.361062352013974,1.9658057055210423,0.5741871894942195,0.5631334993125561,-0.011053690181663467,0.011053690181663467,-1.9251021938333834,1.7818465526409508,1.8026693082143554,0.020822755573404628,0.020822755573404628,1.1686054302791862,0.711586145559933,0.7227969117310797,0.011210766171146691,0.011210766171146691,1.5754615574092103,586.8315011408603,634.3743123388099,47.54281119794962,47.54281119794962,8.10161197984797,1334.757928533242,1386.5732793617726,51.815350828530654,51.815350828530654,3.882003599369532,0.4396538792511434,0.45751228714778547,0.01785840789664206,0.01785840789664206,4.061924331717497,pleth_6
s17_sit,heartpy,HeartPy,HeartPy package,mid_upslope,median_mad,1.0,100.0,True,False,622,623,0.9879104459180775,0.0,0.05442983983450284,622,0,1,0.9983948635634029,1.0,0.9991967871485944,278.24716323153586,3.3857771818711595,4.4537916416021055,-0.043342862379322854,4.457170887547414,621,780.951768488746,780.984032338909,0.032263850162962626,0.032263850162962626,0.004131349907228947,56.4543985819586,57.291415238995,0.8370166570364006,0.8370166570364006,1.4826420581228015,56.17673973235291,56.17823405917434,0.0014943268214366867,0.0014943268214366867,0.002660045471766822,44.28341384863124,43.38709677419355,-0.8963170744376896,0.8963170744376896,-2.02404692082111,56.22195286541393,56.22356066873282,0.0016078033188904328,0.0016078033188904328,0.0028597429241549975,39.75492412268464,39.756061011314245,0.0011368886296025948,0.0011368886296025948,0.0028597429241573433,69.2368705712562,70.59793292327018,1.361062352013974,1.361062352013974,1.9658057055210423,0.5741871894942195,0.5631334993125561,-0.011053690181663467,0.011053690181663467,-1.9251021938333834,1.7818465526409508,1.8026693082143554,0.020822755573404628,0.020822755573404628,1.1686054302791862,0.711586145559933,0.7227969117310797,0.011210766171146691,0.011210766171146691,1.5754615574092103,586.8315011408603,634.3743123388099,47.54281119794962,47.54281119794962,8.10161197984797,1334.757928533242,1386.5732793617726,51.815350828530654,51.815350828530654,3.882003599369532,0.4396538792511434,0.45751228714778547,0.01785840789664206,0.01785840789664206,4.061924331717497,pleth_6
s17_sit,findpeaks,find_peaks baseline,baseline (Zuern-style),mid_upslope,median_mad,1.0,100.0,True,False,622,623,0.9879104459180775,0.0,0.00016470937076604338,622,0,1,0.9983948635634029,1.0,0.9991967871485944,278.24716323153586,3.3857771818711595,4.4537916416021055,-0.043342862379322854,4.457170887547414,621,780.951768488746,780.984032338909,0.032263850162962626,0.032263850162962626,0.004131349907228947,56.4543985819586,57.291415238995,0.8370166570364006,0.8370166570364006,1.4826420581228015,56.17673973235291,56.17823405917434,0.0014943268214366867,0.0014943268214366867,0.002660045471766822,44.28341384863124,43.38709677419355,-0.8963170744376896,0.8963170744376896,-2.02404692082111,56.22195286541393,56.22356066873282,0.0016078033188904328,0.0016078033188904328,0.0028597429241549975,39.75492412268464,39.756061011314245,0.0011368886296025948,0.0011368886296025948,0.0028597429241573433,69.2368705712562,70.59793292327018,1.361062352013974,1.361062352013974,1.9658057055210423,0.5741871894942195,0.5631334993125561,-0.011053690181663467,0.011053690181663467,-1.9251021938333834,1.7818465526409508,1.8026693082143554,0.020822755573404628,0.020822755573404628,1.1686054302791862,0.711586145559933,0.7227969117310797,0.011210766171146691,0.011210766171146691,1.5754615574092103,586.8315011408603,634.3743123388099,47.54281119794962,47.54281119794962,8.10161197984797,1334.757928533242,1386.5732793617726,51.815350828530654,51.815350828530654,3.882003599369532,0.4396538792511434,0.45751228714778547,0.01785840789664206,0.01785840789664206,4.061924331717497,pleth_6
s18_sit,msptdfast,MSPTDfast v2,NeuroKit2 (author-contributed; Charlton 2025),mid_upslope,median_mad,1.0,100.0,True,False,615,616,0.9906343774894848,0.004885993485342019,0.18520554837786318,615,0,1,0.9983766233766234,1.0,0.9991876523151909,271.1708625898286,3.2607562689716407,5.663274973392046,0.012161743933392673,5.667879332591761,614,786.0422764227643,785.996135878451,-0.046140544313288956,0.046140544313288956,-0.00586998253112696,44.933155217569485,45.585210215073495,0.6520549975040097,0.6520549975040097,1.4511667260995,22.09720898555063,23.153455506832778,1.056246521282148,1.056246521282148,4.7799996912407705,3.0944625407166124,3.7704918032786887,0.6760292625620763,0.6760292625620763,21.846419327006043,22.115109171773625,23.172434104570574,1.0573249327969485,1.0573249327969485,4.781007068897735,15.637743662041943,16.385385291940278,0.7476416298983342,0.7476416298983342,4.781007068897743,61.590890956152364,62.35015581006634,0.7592648539139759,0.7592648539139759,1.2327551073331766,0.25389701982351137,0.2627962204594023,0.008899200635890947,0.008899200635890947,3.505043360523471,1.34471024908347,1.3406646650315324,-0.004045584051937556,0.004045584051937556,-0.3008517303036065,1.450018359229974,1.4348576696764292,-0.01516068955354477,0.01516068955354477,-1.0455515585054929,990.5337457672401,1015.6518092035328,25.118063436292687,25.118063436292687,2.5358109750048876,146.1120254253738,167.09441029933583,20.982384873962047,20.982384873962047,14.360477731299897,6.779275989662821,6.078311101993636,-0.7009648876691852,0.7009648876691852,-10.339819307224413,pleth_6
s18_sit,msptd,MSPTD,"own vectorised port (Bishop & Ercole 2018), 6 s windows; verified bit-identical to NeuroKit2 method='bishop'",mid_upslope,median_mad,1.0,100.0,True,False,615,616,0.9906343774894848,0.004885993485342019,0.032829586120482035,615,0,1,0.9983766233766234,1.0,0.9991876523151909,271.1708625898286,3.2607300372584387,5.663153942239555,0.012162679285355806,5.667758200469429,614,786.0422764227643,785.9961368183955,-0.046139604368818254,0.046139604368818254,-0.00586986295174823,44.933155217569485,45.58536906756956,0.6522138500000736,0.6522138500000736,1.4515202567948065,22.09720898555063,23.15319827824436,1.0559892926937309,1.0559892926937309,4.778835613964834,3.0944625407166124,3.7704918032786887,0.6760292625620763,0.6760292625620763,21.846419327006043,22.115109171773625,23.172176665951703,1.057067494178078,1.057067494178078,4.779842984122612,15.637743662041943,16.385203255347136,0.7474595933051926,0.7474595933051926,4.779842984122627,61.590890956152364,62.35043592737758,0.7595449712252176,0.7595449712252176,1.2332099104816505,0.25389701982351137,0.26279212024165693,0.008895100418145563,0.008895100418145563,3.503428446828055,1.34471024908347,1.3411960776680554,-0.0035141714154145465,0.0035141714154145465,-0.26133298365277885,1.450018359229974,1.4348867767373596,-0.01513158249261437,0.01513158249261437,-1.0435442004092923,990.5337457672401,1015.6651539002247,25.131408132984575,25.131408132984575,2.5371581978278264,146.1120254253738,167.11910256608434,21.00707714071055,21.00707714071055,14.377377275794347,6.779275989662821,6.07749286769056,-0.7017831219722614,0.7017831219722614,-10.351888948648126,pleth_6
s18_sit,qppg,qppg (slope-sum),own port (Zong 2003),mid_upslope,median_mad,1.0,100.0,True,False,611,616,0.9906343774894848,0.009836065573770493,0.003404785590585144,611,0,5,0.9918831168831169,1.0,0.995925020374898,271.1954577062463,3.152711414267272,5.0631604519927444,-0.12593961853271216,5.065761553157797,608,786.0422764227643,785.3162150014689,-0.7260614212954124,0.7260614212954124,-0.09236925838132759,44.933155217569485,44.8643871086155,-0.06876810895398222,0.06876810895398222,-0.15304535953685475,22.09720898555063,22.245006642952447,0.14779765740181716,0.14779765740181716,0.6688521500541633,3.0944625407166124,3.482587064676617,0.38812452396000463,0.38812452396000463,12.542550405865414,22.115109171773625,22.263350694804704,0.14824152303107851,0.14824152303107851,0.6703178441474074,15.637743662041943,15.742566248230641,0.104822586188698,0.104822586188698,0.6703178441474112,61.590890956152364,61.46379478346159,-0.1270961726907771,0.1270961726907771,-0.20635547029390938,0.25389701982351137,0.25612746989820717,0.0022304500746958,0.0022304500746958,0.878486118602821,1.34471024908347,1.355660807827757,0.010950558744287076,0.010950558744287076,0.8143433688968146,1.450018359229974,1.4650550615619014,0.015036702331927332,0.015036702331927332,1.037000823900775,990.5337457672401,1016.2282994544818,25.694553687241637,25.694553687241637,2.594010935724289,146.1120254253738,166.39356447248667,20.281539047112886,20.281539047112886,13.880814387499962,6.779275989662821,6.1073774257808875,-0.6718985638819337,0.6718985638819337,-9.911066681847123,pleth_6
s18_sit,terma,TERMA,own port (Elgendi 2013),mid_upslope,median_mad,1.0,100.0,True,False,616,616,0.9906343774894848,0.0065040650406504065,0.0004995521506213472,615,1,1,0.9983766233766234,0.9983766233766234,0.9983766233766234,271.1708625898286,3.242792912860943,5.6408780422468405,-0.026225894840768437,5.645423706105847,613,786.0422764227643,785.5701324198402,-0.47214400292409664,0.47214400292409664,-0.0600659808112101,44.933155217569485,45.43621861731886,0.5030633997493723,0.5030633997493723,1.1195817371682537,22.09720898555063,23.584981500052965,1.4877725145023355,1.4877725145023355,6.732852621682632,3.0944625407166124,3.934426229508197,0.8399636887915847,0.8399636887915847,27.14408973252805,22.115109171773625,23.602944045136034,1.4878348733624094,1.4878348733624094,6.727684958758381,15.637743662041943,16.68980179028233,1.0520581282403878,1.0520581282403878,6.727684958758381,61.590890956152364,62.05119209719242,0.4603011410400555,0.4603011410400555,0.7473526261663465,0.25389701982351137,0.2689682700074586,0.015071250183947227,0.015071250183947227,5.935969707097601,1.34471024908347,1.3462704057459052,0.0015601566624352525,0.0015601566624352525,0.11602177223670504,1.450018359229974,1.4569345375501628,0.0069161783201887594,0.0069161783201887594,0.47697177598920654,990.5337457672401,1023.7676578472792,33.23391208003909,33.23391208003909,3.355151929154823,146.1120254253738,167.50850360101865,21.39647817564486,21.39647817564486,14.643885822096854,6.779275989662821,6.111735439328786,-0.667540550334035,0.667540550334035,-9.84678233120933,pleth_6
s18_sit,heartpy,HeartPy,HeartPy package,mid_upslope,median_mad,1.0,100.0,True,False,614,616,0.9906343774894848,0.008156606851549755,0.05153632945099842,614,0,2,0.9967532467532467,1.0,0.9983739837398374,271.15924412525294,3.1552689590784193,5.157371452746699,-0.11909138262280489,5.160213855336548,612,786.0422764227643,785.4647087307746,-0.5775676919896569,0.5775676919896569,-0.07347794251196463,44.933155217569485,44.97098937064391,0.037834153074427945,0.037834153074427945,0.08420097117870384,22.09720898555063,22.6233506746099,0.5261416890592692,0.5261416890592692,2.3810323258621184,3.0944625407166124,3.6243822075782535,0.529919666861641,0.529919666861641,17.124772392265662,22.115109171773625,22.641890105856117,0.5267809340824918,0.5267809340824918,2.381995630185913,15.637743662041943,16.010234032731457,0.37249037068951374,0.37249037068951374,2.3819956301859135,61.590890956152364,61.55040354186399,-0.040487414288371326,0.040487414288371326,-0.06573604255407675,0.25389701982351137,0.26011582559067986,0.006218805767168489,0.006218805767168489,2.449341773090247,1.34471024908347,1.3459386757710603,0.0012284266875903782,0.0012284266875903782,0.09135251913396596,1.450018359229974,1.4320718808002548,-0.017946478429719193,0.017946478429719193,-1.2376724967295996,990.5337457672401,1015.6473754412435,25.11362967400339,25.11362967400339,2.5353633615532267,146.1120254253738,167.119395794501,21.007370369127216,21.007370369127216,14.377577963188703,6.779275989662821,6.0773758223141146,-0.7019001673487066,0.7019001673487066,-10.353615466002246,pleth_6
s18_sit,findpeaks,find_peaks baseline,baseline (Zuern-style),mid_upslope,median_mad,1.0,100.0,True,False,615,616,0.9906343774894848,0.008143322475570033,0.00017804176232118847,615,0,1,0.9983766233766234,1.0,0.9991876523151909,271.1708625898286,3.242792912860943,5.6408780422468405,-0.026225894840768437,5.645423706105847,613,786.0422764227643,785.6935145499816,-0.34876187278268844,0.34876187278268844,-0.044369353054378294,44.933155217569485,45.28737149017989,0.3542162726104081,0.3542162726104081,0.7883182716532326,22.09720898555063,23.1731384488732,1.07592946332257,1.07592946332257,4.869074026616305,3.0944625407166124,3.7828947368421053,0.6884321961254929,0.6884321961254929,22.247229916897506,22.115109171773625,23.192103046048263,1.0769938742746383,1.0769938742746383,4.869945998951918,15.637743662041943,16.399293333837914,0.7615496717959704,0.7615496717959704,4.869945998951928,61.590890956152364,61.910865049116026,0.31997409296366186,0.31997409296366186,0.5195152854526118,0.25389701982351137,0.26488554667791814,0.010988526854406766,0.010988526854406766,4.327946370558071,1.34471024908347,1.3445981803423033,-0.00011206874116664878,0.00011206874116664878,-0.00833404380185492,1.450018359229974,1.4332722529787578,-0.016746106251216197,0.016746106251216197,-1.154889256720111,990.5337457672401,1015.6626213951627,25.128875627922525,25.128875627922525,2.5369025270772974,146.1120254253738,167.11888103614757,21.006855610773783,21.006855610773783,14.377225659295895,6.779275989662821,6.0774857699979234,-0.7017902196648977,0.7017902196648977,-10.351993645560407,pleth_6
s19_sit,msptdfast,MSPTDfast v2,NeuroKit2 (author-contributed; Charlton 2025),mid_upslope,median_mad,1.0,100.0,True,False,677,679,0.9815941088327444,0.010355029585798817,0.1782411476241779,675,2,4,0.9941089837997055,0.9970457902511078,0.995575221238938,269.0965480306037,3.602967033661021,4.989774901746915,-0.1130707977999463,4.992226122827591,669,735.4867256637168,737.642960337302,2.1562346735852316,2.1562346735852316,0.2931711203406704,72.98405747012157,85.2068298413122,12.22277237119063,12.22277237119063,16.747181226796584,38.12612203835905,73.98650451582412,35.86038247746507,35.86038247746507,94.05725145973568,15.805022156573118,16.766467065868262,0.9614449092951443,0.9614449092951443,6.08316078124124,38.15427430110364,74.04193463768736,35.88766033658372,35.88766033658372,94.05934457924062,26.979146089562008,52.355554074479855,25.376407984917847,25.376407984917847,94.0593445792406,99.62665790782147,108.53250048150038,8.90584257367891,8.90584257367891,8.939216431327997,0.2708024805421475,0.4823951704992182,0.2115926899570707,0.2115926899570707,78.13543270854144,1.20006502287786,1.1789885186740576,-0.02107650420380236,0.02107650420380236,-1.756280184990233,1.3000334752008011,1.028906980960134,-0.27112649424066704,0.27112649424066704,-20.855347143948677,1589.640840085845,2118.9586220617307,529.3177819758857,529.3177819758857,33.29794810425864,637.0751584107528,1907.5630249760102,1270.4878665652573,1270.4878665652573,199.42511488512835,2.49521711700604,1.110819718309637,-1.384397398696403,1.384397398696403,-55.48204159313852,pleth_6
s19_sit,msptd,MSPTD,"own vectorised port (Bishop & Ercole 2018), 6 s windows; verified bit-identical to NeuroKit2 method='bishop'",mid_upslope,median_mad,1.0,100.0,True,False,675,679,0.9815941088327444,0.004451038575667656,0.032832640206503574,675,0,4,0.9941089837997055,1.0,0.9970457902511078,269.0965480306037,3.5390758266681903,4.626773560686441,0.02327377970425883,4.6301665089902855,671,735.4867256637168,737.7582571785802,2.271531514863341,2.271531514863341,0.3088473844056762,72.98405747012157,86.7266591564172,13.742601686295629,13.742601686295629,18.829593972521486,38.12612203835905,60.037345839377075,21.911223801018025,21.911223801018025,57.47037104632077,15.805022156573118,16.716417910447763,0.9113957538746451,0.9113957538746451,5.7664946296554636,38.15427430110364,60.082186260020094,21.927911958916454,21.927911958916454,57.471704967750284,26.979146089562008,42.48452133297342,15.505375243411414,15.505375243411414,57.471704967750284,99.62665790782147,115.05690880592462,15.430250898103154,15.430250898103154,15.488074399102933,0.2708024805421475,0.36924789457567775,0.09844541403353024,0.09844541403353024,36.353217236578544,1.20006502287786,1.1638470180774236,-0.036218004800436354,0.036218004800436354,-3.0180035339737206,1.3000334752008011,1.0965530922544235,-0.2034803829463776,0.2034803829463776,-15.651934110000386,1589.640840085845,4426.4245072188105,2836.7836671329655,2836.7836671329655,178.45437759259957,637.0751584107528,1883.2999544442835,1246.2247960335308,1246.2247960335308,195.61660497677576,2.49521711700604,2.3503555537041056,-0.14486156330193456,0.14486156330193456,-5.805569475883965,pleth_6
s19_sit,qppg,qppg (slope-sum),own port (Zong 2003),mid_upslope,median_mad,1.0,100.0,True,False,635,679,0.9815941088327444,0.014195583596214511,0.004719572584885818,635,0,44,0.93519882179676,1.0,0.9665144596651446,269.53201271339856,3.6143502837930663,5.831253299208431,-0.026541526482209025,5.835841117163408,628,735.4867256637168,739.2611298006523,3.774404136935459,3.774404136935459,0.5131845355236516,72.98405747012157,71.89155390597726,-1.0925035641443088,1.0925035641443088,-1.4969071356324102,38.12612203835905,42.11057858289549,3.9844565445364424,3.9844565445364424,10.450725989198805,15.805022156573118,17.307692307692307,1.5026701511191884,1.5026701511191884,9.507548526240098,38.15427430110364,42.14433907131203,3.9900647702083916,3.9900647702083916,10.457713698653615,26.979146089562008,29.800547945949905,2.8214018563878973,2.8214018563878973,10.457713698653615,99.62665790782147,97.20451835256019,-2.422139555261282,2.422139555261282,-2.431216309095043,0.2708024805421475,0.3065757482369647,0.0357732676948172,0.0357732676948172,13.210096016550143,1.20006502287786,1.2936697411090146,0.09360471823115457,0.09360471823115457,7.799970538819833,1.3000334752008011,1.1699132950506794,-0.13012018015012172,0.13012018015012172,-10.008986893973908,1589.640840085845,1418.455466601419,-171.185373484426,171.185373484426,-10.768808221810755,637.0751584107528,669.1737384140928,32.098580003339976,32.098580003339976,5.038429073802386,2.49521711700604,2.1197117955690925,-0.3755053214369477,0.3755053214369477,-15.049003907423847,pleth_6
s19_sit,terma,TERMA,own port (Elgendi 2013),mid_upslope,median_mad,1.0,100.0,True,False,674,679,0.9815941088327444,0.005943536404160475,0.0007732878184939509,674,0,5,0.9926362297496318,1.0,0.9963045084996305,269.15828430842515,3.5069038067504965,4.565788388808436,0.04199343046228366,4.5690062486978045,670,735.4867256637168,738.5422847127517,3.055559049034855,3.055559049034855,0.41544720556002723,72.98405747012157,86.25835865627862,13.274301186157047,13.274301186157047,18.187946308125333,38.12612203835905,60.081356417742676,21.955234379383626,21.955234379383626,57.58580523163164,15.805022156573118,16.766467065868262,0.9614449092951443,0.9614449092951443,6.08316078124124,38.15427430110364,60.12636418994151,21.97208988883787,21.97208988883787,57.587492597657175,26.979146089562008,42.51575984679964,15.536613757237632,15.536613757237632,57.58749259765716,99.62665790782147,114.33905299940022,14.712395091578756,14.712395091578756,14.767528491411653,0.2708024805421475,0.3718393561211554,0.10103687557900787,0.10103687557900787,37.3101735909995,1.20006502287786,1.1658375945158965,-0.03422742836196346,0.03422742836196346,-2.85213115201734,1.3000334752008011,1.1121469888429774,-0.1878864863578238,0.1878864863578238,-14.452434490489035,1589.640840085845,4386.802888076844,2797.1620479909993,2797.1620479909993,175.9618888402455,637.0751584107528,1898.382601045611,1261.307442634858,1261.307442634858,197.98408805976905,2.49521711700604,2.3108107320729947,-0.1844063849330455,0.1844063849330455,-7.390394353911412,pleth_6
s19_sit,heartpy,HeartPy,HeartPy package,mid_upslope,median_mad,1.0,100.0,True,False,666,679,0.9815941088327444,0.013533834586466165,0.03343580374381471,666,0,13,0.9808541973490427,1.0,0.9903345724907062,269.20619173851213,3.4603569845436017,4.503360816166368,-0.030166585159496245,4.5066804076251925,659,735.4867256637168,735.3462628990876,-0.1404627646292056,0.1404627646292056,-0.019097933345085107,72.98405747012157,71.12898688214946,-1.8550705879721079,1.8550705879721079,-2.541747680624008,38.12612203835905,40.35464861914312,2.22852658078407,2.22852658078407,5.845143596146308,15.805022156573118,16.6412213740458,0.8361992174726804,0.8361992174726804,5.290718413355184,38.15427430110364,40.385467553408475,2.231193252304834,2.231193252304834,5.847819918410282,26.979146089562008,28.556837968404423,1.5776918788424155,1.5776918788424155,5.847819918410281,99.62665790782147,96.45295513880473,-3.1737027690167423,3.1737027690167423,-3.185595939545797,0.2708024805421475,0.29607011964857366,0.025267639106426154,0.025267639106426154,9.330652753194968,1.20006502287786,1.3061050323297183,0.10604000945185832,0.10604000945185832,8.836188658974926,1.3000334752008011,1.265624614401809,-0.03440886079899208,0.03440886079899208,-2.6467672914097338,1589.640840085845,1609.1614359791843,19.520595893339305,19.520595893339305,1.2279878197068175,637.0751584107528,694.0840180748288,57.008859664076,57.008859664076,8.948529684674922,2.49521711700604,2.3183957475962247,-0.17682136940981552,0.17682136940981552,-7.086412168492169,pleth_6
s19_sit,findpeaks,find_peaks baseline,baseline (Zuern-style),mid_upslope,median_mad,1.0,100.0,True,False,678,679,0.9815941088327444,0.005908419497784343,0.00026332363647988034,677,1,2,0.9970544918998527,0.9985250737463127,0.997789240972734,269.10570123412504,3.8122929738648734,6.522675735110687,0.01186168318025449,6.52750192843816,675,735.4867256637168,735.6144484854215,0.12772282170465132,0.12772282170465132,0.017365754846138372,72.98405747012157,75.28163012592661,2.297572655805041,2.297572655805041,3.1480473071062516,38.12612203835905,42.024569096841255,3.898447058482205,3.898447058482205,10.225133976542226,15.805022156573118,16.666666666666664,0.8616445100935461,0.8616445100935461,5.451713395638605,38.15427430110364,42.05350500354729,3.8992307024436528,3.8992307024436528,10.219643208705621,26.979146089562008,29.7363185606707,2.7571724711086922,2.7571724711086922,10.219643208705621,99.62665790782147,102.22719318895513,2.6005352811336593,2.6005352811336593,2.6102805571775556,0.2708024805421475,0.29088462309345187,0.02008214255130436,0.02008214255130436,7.415789733941817,1.20006502287786,1.267605385951581,0.06754036307372102,0.06754036307372102,5.628058629002733,1.3000334752008011,1.241041358143475,-0.05899211705732621,0.05899211705732621,-4.53773831079345,1589.640840085845,1646.8901282713032,57.24928818545823,57.24928818545823,3.601397670581149,637.0751584107528,711.8951247908607,74.81996638010787,74.81996638010787,11.744291924166953,2.49521711700604,2.3133886873507157,-0.18182842965532453,0.18182842965532453,-7.287078483715145,pleth_6
s20_sit,msptdfast,MSPTDfast v2,NeuroKit2 (author-contributed; Charlton 2025),mid_upslope,median_mad,1.0,100.0,True,False,639,646,0.9890038914275565,0.017241379310344827,0.17974857906372355,636,3,10,0.9845201238390093,0.9953051643192489,0.9898832684824904,304.5684933316083,8.34934383528078,11.553638220570281,0.06942779599744285,11.562653913485866,627,766.8682170542636,767.4579193371359,0.5897022828722811,0.5897022828722811,0.07689747335434997,74.10586893935735,79.1813121506051,5.075443211247745,5.075443211247745,6.848908573491128,32.66239884235016,51.8011573296954,19.138758487345243,19.138758487345243,58.59569157709836,12.422360248447205,19.169329073482427,6.746968825035221,6.746968825035221,54.31309904153353,32.687446985372894,51.842099034566424,19.15465204919353,19.15465204919353,58.599412972707626,23.113515423032943,36.65789977828649,13.544384355253548,13.544384355253548,58.59941297270765,102.22096178036888,105.80906753028414,3.5881057499152575,3.5881057499152575,3.510146732550445,0.22611326503358922,0.34645329208476816,0.12034002705117894,0.12034002705117894,53.22112660365254,1.2279136856694095,1.4224643303563258,0.1945506446869163,0.1945506446869163,15.844000026830475,1.415432987332688,1.2641399405858582,-0.15129304674682986,0.15129304674682986,-10.688817351355782,2517.6858937808493,2635.116353790808,117.43046000995855,117.43046000995855,4.664222026267596,347.2051190071067,551.8640702576704,204.6589512505637,204.6589512505637,58.94468141363281,7.251292552888071,4.774937336580814,-2.4763552163072564,2.4763552163072564,-34.150535207974265,pleth_6
s20_sit,msptd,MSPTD,"own vectorised port (Bishop & Ercole 2018), 6 s windows; verified bit-identical to NeuroKit2 method='bishop'",mid_upslope,median_mad,1.0,100.0,True,False,632,646,0.9890038914275565,0.020602218700475437,0.03317390321480358,630,2,16,0.9752321981424149,0.9968354430379747,0.9859154929577464,304.5162681354957,8.276518907405563,11.472587550902642,0.16085008784321106,11.480782507481559,616,766.8682170542636,770.9868563210249,4.118639266761306,4.118639266761306,0.5370726254091023,74.10586893935735,88.87127590006995,14.765406960712596,14.765406960712596,19.924747084195843,32.66239884235016,75.6404084621943,42.978009619844144,42.978009619844144,131.58252652318583,12.422360248447205,19.124797406807133,6.702437158359928,6.702437158359928,53.95461912479742,32.687446985372894,75.70143985585149,43.013992870478596,43.013992870478596,131.5917786106901,23.113515423032943,53.52900146765817,30.415486044625226,30.415486044625226,131.5917786106901,102.22096178036888,113.71391015213642,11.49294837176754,11.49294837176754,11.243240301789758,0.22611326503358922,0.4707339796515869,0.2446207146179977,0.2446207146179977,108.18503486810435,1.2279136856694095,1.296280360942525,0.06836667527311557,0.06836667527311557,5.567710179550999,1.415432987332688,1.0923370681483224,-0.32309591918436564,0.32309591918436564,-22.826648953068673,2517.6858937808493,3086.704050639195,569.0181568583457,569.0181568583457,22.60083985313363,347.2051190071067,1258.4321671625676,911.2270481554608,911.2270481554608,262.44631725513517,7.251292552888071,2.452817188866761,-4.79847536402131,4.79847536402131,-66.17406936795228,pleth_6
s20_sit,qppg,qppg (slope-sum),own port (Zong 2003),mid_upslope,median_mad,1.0,100.0,True,False,635,646,0.9890038914275565,0.00946372239747634,0.0034470741636024762,634,1,12,0.9814241486068112,0.9984251968503937,0.9898516783762685,304.2934079906773,7.932926348529504,10.928763029035453,0.024500788709926762,10.93743332677241,629,766.8682170542636,767.9552367644334,1.087019710169784,1.087019710169784,0.14174791522137975,74.10586893935735,76.9429114087329,2.8370424693755467,2.8370424693755467,3.8283640823335707,32.66239884235016,39.77675574976858,7.114356907418426,7.114356907418426,21.781489295250203,12.422360248447205,17.22488038277512,4.802520134327914,4.802520134327914,38.6602870813397,32.687446985372894,39.808486618946425,7.121039633573531,7.121039633573531,21.785242624668978,23.113515423032943,28.148850837030956,5.035335413998013,5.035335413998013,21.785242624668985,102.22096178036888,105.10977798786762,2.888816207498735,2.888816207498735,2.8260507015240393,0.22611326503358922,0.26780430304286307,0.041691038009273845,0.041691038009273845,18.43812126771095,1.2279136856694095,1.4021258263365712,0.17421214066716173,0.17421214066716173,14.187653635620833,1.415432987332688,1.3663053076343614,-0.049127679698326654,0.049127679698326654,-3.4708587505018715,2517.6858937808493,2650.45474590221,132.76885212136085,132.76885212136085,5.273447829585276,347.2051190071067,450.832604530703,103.6274855235963,103.6274855235963,29.846185972124225,7.251292552888071,5.879021879221042,-1.3722706736670292,1.3722706736670292,-18.924497441776452,pleth_6
s20_sit,terma,TERMA,own port (Elgendi 2013),mid_upslope,median_mad,1.0,100.0,True,False,642,646,0.9890038914275565,0.0124804992199688,0.0004712825569823264,638,4,8,0.9876160990712074,0.9937694704049844,0.9906832298136645,304.5841194430424,8.35834966098958,11.551392271206142,-0.017035612133947095,11.56055839955273,630,766.8682170542636,768.3138434142362,1.4456263599726071,1.4456263599726071,0.18851040215561765,74.10586893935735,81.18306915115137,7.077200211794022,7.077200211794022,9.550121080943628,32.66239884235016,60.78162314846236,28.1192243061122,28.1192243061122,86.09050560503455,12.422360248447205,19.462025316455698,7.0396650680084925,7.0396650680084925,56.669303797468366,32.687446985372894,60.8297641088609,28.142317123488006,28.142317123488006,86.09518245974132,23.113515423032943,43.01313869935361,19.899623276320668,19.899623276320668,86.09518245974134,102.22096178036888,106.44835054067968,4.227388760310802,4.227388760310802,4.135539997553276,0.22611326503358922,0.4040752015496563,0.1779619365160671,0.1779619365160671,78.70477501159907,1.2279136856694095,1.3838859649789823,0.1559722793095728,0.1559722793095728,12.70221849710413,1.415432987332688,1.1879296010334655,-0.22750338629922262,0.22750338629922262,-16.073059504423536,2517.6858937808493,2823.4427057420853,305.75681196123605,305.75681196123605,12.144358941538817,347.2051190071067,914.6677902499105,567.4626712428037,567.4626712428037,163.43729979142063,7.251292552888071,3.0868504782164123,-4.164442074671658,4.164442074671658,-57.43034147771392,pleth_6
s20_sit,heartpy,HeartPy,HeartPy package,mid_upslope,median_mad,1.0,100.0,True,False,593,646,0.9890038914275565,0.06587837837837837,0.02849048134331961,590,3,56,0.913312693498452,0.9949409780775716,0.9523809523809524,304.59715622691175,7.870320011322577,10.926669748734444,0.08185811571896079,10.936346095090515,548,766.8682170542636,776.9965524877356,10.128335433471989,10.128335433471989,1.3207400187189278,74.10586893935735,106.50869278717707,32.40282384781972,32.40282384781972,43.72504406410205,32.66239884235016,107.67364301922865,75.01124417687849,75.01124417687849,229.65626174284145,12.422360248447205,21.920289855072465,9.49792960662526,9.49792960662526,76.45833333333334,32.687446985372894,107.75603959789333,75.06859261252043,75.06859261252043,229.65572271860944,23.113515423032943,76.19502631347652,53.081510890443575,53.081510890443575,229.6557227186095,102.22096178036888,129.93275662262826,27.71179484225938,27.71179484225938,27.109698793287343,0.22611326503358922,0.5864189161688799,0.36030565113529067,0.36030565113529067,159.3474186849529,1.2279136856694095,1.1595069065233397,-0.06840677914606985,0.06840677914606985,-5.5709761968144536,1.415432987332688,1.0013595621077154,-0.4140734252249727,0.4140734252249727,-29.25418786552892,2517.6858937808493,2953.401883789711,435.7159900088618,435.7159900088618,17.306209288663098,347.2051190071067,1034.7432926549131,687.5381736478064,687.5381736478064,198.02074796994387,7.251292552888071,2.854236316151382,-4.397056236736688,4.397056236736688,-60.63824076419883,pleth_6
s20_sit,findpeaks,find_peaks baseline,baseline (Zuern-style),mid_upslope,median_mad,1.0,100.0,True,False,647,646,0.9890038914275565,0.009287925696594427,0.00017722142339246898,643,4,3,0.9953560371517027,0.9938176197836167,0.9945862335653519,304.59619826581996,8.433765019426355,11.679241223555135,0.011239509633342573,11.688385237718592,639,766.8682170542636,766.7188900725683,-0.14932698169525338,0.14932698169525338,-0.019472313283350872,74.10586893935735,78.28857095265016,4.182702013292811,4.182702013292811,5.644225043384376,32.66239884235016,49.731523915801425,17.069125073451268,17.069125073451268,52.25925124433724,12.422360248447205,19.405320813771517,6.982960565324312,6.982960565324312,56.21283255086071,32.687446985372894,49.770479728564986,17.083032743192092,17.083032743192092,52.261752809378095,23.113515423032943,35.1930437189759,12.079528295942957,12.079528295942957,52.26175280937809,102.22096178036888,104.9745224204927,2.7535606401238226,2.7535606401238226,2.693733841049256,0.22611326503358922,0.3352531919888559,0.10913992695526667,0.10913992695526667,48.26781256688054,1.2279136856694095,1.4221562355117063,0.19424254984229683,0.19424254984229683,15.818909106498277,1.415432987332688,1.2722947553747739,-0.1431382319579142,0.1431382319579142,-10.112681648578148,2517.6858937808493,2648.794927532104,131.10903375125463,131.10903375125463,5.207521481338011,347.2051190071067,526.2988615849318,179.09374257782514,179.09374257782514,51.58153862764892,7.251292552888071,5.03287223452345,-2.218420318364621,2.218420318364621,-30.59344664670936,pleth_6
s21_sit,msptdfast,MSPTDfast v2,NeuroKit2 (author-contributed; Charlton 2025),mid_upslope,median_mad,1.0,100.0,True,False,634,633,0.9798397961933224,0.01579778830963665,0.02457759106457127,631,3,2,0.9968404423380727,0.9952681388012619,0.9960536700868193,273.13146229909114,4.868606310321391,6.014179335231455,-0.01872736361608448,6.0189518953607,627,774.8196202531645,774.00000907371,-0.8196111794545686,0.8196111794545686,-0.10578090151960387,52.2009319902233,55.42451099841653,3.2235790081932265,3.2235790081932265,6.175328457348175,27.641925941050285,37.62075766803615,9.978831726985863,9.978831726985863,36.10034897086012,6.497622820919176,11.736334405144696,5.23871158422552,5.23871158422552,80.62504901576348,27.66385364206527,37.650999505388235,9.987145863322965,9.987145863322965,36.10178824882391,19.561298504056523,26.62327706871137,7.061978564654847,7.061978564654847,36.10178824882392,71.18448006504671,73.72214020869048,2.5376601436437625,2.5376601436437625,3.564906481475889,0.27479723791171706,0.36113000780155025,0.08633276988983318,0.08633276988983318,31.416898708992463,1.3542535031170952,1.4939787767120452,0.1397252735949499,0.1397252735949499,10.317512435695622,1.2158031721325702,1.144898849741709,-0.0709043223908612,0.0709043223908612,-5.831891544294297,726.3259908518609,801.4308437877617,75.1048529359008,75.1048529359008,10.34037799581083,237.06089676557548,332.3871239784597,95.32622721288425,95.32622721288425,40.21170446644785,3.0638793692327475,2.4111368520992955,-0.652742517133452,0.652742517133452,-21.30444571964042,pleth_6
s21_sit,msptd,MSPTD,"own vectorised port (Bishop & Ercole 2018), 6 s windows; verified bit-identical to NeuroKit2 method='bishop'",mid_upslope,median_mad,1.0,100.0,True,False,630,633,0.9798397961933224,0.011128775834658187,0.036397104573779565,630,0,3,0.995260663507109,1.0,0.997624703087886,273.13639907467325,4.885332483413734,6.033662646119729,-0.03834546540704203,6.038350316417141,628,774.8196202531645,774.7318631968966,-0.08775705626794661,0.08775705626794661,-0.011326127265501211,52.2009319902233,53.65966415461478,1.4587321643914777,1.4587321643914777,2.794456169220663,27.641925941050285,31.54400080790072,3.902074866850434,3.902074866850434,14.116508651286004,6.497622820919176,11.272141706924316,4.77451888600514,4.77451888600514,73.48101017242057,27.66385364206527,31.569385664868143,3.9055320228028734,3.9055320228028734,14.117816242579362,19.561298504056523,22.32292668152165,2.761628177465127,2.761628177465127,14.11781624257937,71.18448006504671,72.52865681055668,1.3441767455099694,1.3441767455099694,1.8883002928190133,0.27479723791171706,0.3077807815995912,0.03298354368787415,0.03298354368787415,12.00286579971762,1.3542535031170952,1.546070143671456,0.19181664055436065,0.19181664055436065,14.164012875939024,1.2158031721325702,1.184734093742855,-0.031069078389715177,0.031069078389715177,-2.555436529682572,726.3259908518609,758.1132011424302,31.787210290569305,31.787210290569305,4.376438498818986,237.06089676557548,287.96408306967083,50.90318630409536,50.90318630409536,21.47262032608965,3.0638793692327475,2.6326658278387107,-0.4312135413940368,0.4312135413940368,-14.074103103544207,pleth_6
s21_sit,qppg,qppg (slope-sum),own port (Zong 2003),mid_upslope,median_mad,1.0,100.0,True,False,632,633,0.9798397961933224,0.011093502377179081,0.003275114518917625,632,0,1,0.9984202211690363,1.0,0.9992094861660079,273.31057209286803,4.894144084006142,6.0446344065250175,-0.00701311827779331,6.0494257616102285,631,774.8196202531645,774.7385616796649,-0.08105857349960388,0.08105857349960388,-0.010461605692576396,52.2009319902233,53.518118567814845,1.3171865775915421,1.3171865775915421,2.5233008825172654,27.641925941050285,31.469425094757337,3.827499153707052,3.827499153707052,13.84671662122839,6.497622820919176,11.556982343499197,5.059359522580021,5.059359522580021,77.86477704263397,27.66385364206527,31.494603866208593,3.8307502241433227,3.8307502241433227,13.847493099509235,19.561298504056523,22.270047964580154,2.708749460523631,2.708749460523631,13.847493099509238,71.18448006504671,72.33548917186276,1.1510091068160477,1.1510091068160477,1.616938278911755,0.27479723791171706,0.30787167156177625,0.03307443365005919,0.03307443365005919,12.035941082015123,1.3542535031170952,1.5352856032301152,0.18103210011301996,0.18103210011301996,13.367667109321633,1.2158031721325702,1.2076874146104761,-0.008115757522094036,0.008115757522094036,-0.6675223184241783,726.3259908518609,753.6415360232327,27.31554517137181,27.31554517137181,3.760783107779906,237.06089676557548,287.66591582866573,50.60501906309025,50.60501906309025,21.34684368174499,3.0638793692327475,2.6198499528602572,-0.44402941637249027,0.44402941637249027,-14.49239225380089,pleth_6
s21_sit,terma,TERMA,own port (Elgendi 2013),mid_upslope,median_mad,1.0,100.0,True,False,632,633,0.9798397961933224,0.009508716323296355,0.0004259486087487192,632,0,1,0.9984202211690363,1.0,0.9992094861660079,273.13639907467325,4.893184789537928,6.041707050748716,-0.0069670994678996566,6.04649613476903,631,774.8196202531645,774.8622457935696,0.042625540405083484,0.042625540405083484,0.00550135015826729,52.2009319902233,53.56821039195929,1.3672784017359874,1.3672784017359874,2.61926051816865,27.641925941050285,31.486428860041936,3.844502918991651,3.844502918991651,13.908231022652016,6.497622820919176,11.217948717948719,4.720325897029543,4.720325897029543,72.64696685428395,27.66385364206527,31.51158372778907,3.8477300857238,3.8477300857238,13.908872333943362,19.561298504056523,22.28205453984732,2.720756035790796,2.720756035790796,13.90887233394337,71.18448006504671,72.40591394822457,1.221433883177852,1.221433883177852,1.7158710466968843,0.27479723791171706,0.30773804686424633,0.032940808952529266,0.032940808952529266,11.98731442967124,1.3542535031170952,1.5445124692564922,0.19025896613939697,0.19025896613939697,14.048991987207454,1.2158031721325702,1.1859796202487751,-0.02982355188379504,0.02982355188379504,-2.452991780855718,726.3259908518609,757.072830666637,30.74683981477608,30.74683981477608,4.233201097308262,237.06089676557548,288.2347698022685,51.17387303669301,51.17387303669301,21.586804797797495,3.0638793692327475,2.6265839863316813,-0.4372953829010662,0.4372953829010662,-14.272604440382164,pleth_6
s21_sit,heartpy,HeartPy,HeartPy package,mid_upslope,median_mad,1.0,100.0,True,False,630,633,0.9798397961933224,0.012718600953895072,0.019066028955469855,630,0,3,0.995260663507109,1.0,0.997624703087886,273.13639907467325,4.868903002211158,5.993472221656763,0.037891888713140025,5.998137553032422,627,774.8196202531645,775.5701418276464,0.7505215744818088,0.7505215744818088,0.09686403839858668,52.2009319902233,52.90516225669588,0.7042302664725781,0.7042302664725781,1.349076040643246,27.641925941050285,31.458673353773907,3.816747412723622,3.816747412723622,13.807820123906318,6.497622820919176,11.129032258064516,4.63140943714534,4.63140943714534,71.27852084972461,27.66385364206527,31.483967521598743,3.820113879533473,3.820113879533473,13.809044571160761,19.561298504056523,22.262526933179494,2.7012284291229705,2.7012284291229705,13.809044571160772,71.18448006504671,71.43033166214542,0.24585159709870652,0.24585159709870652,0.34537247005815463,0.27479723791171706,0.3116676965533053,0.03687045864158822,0.03687045864158822,13.417332329021967,1.3542535031170952,1.5487509134227477,0.19449741030565249,0.19449741030565249,14.361964717682204,1.2158031721325702,1.2488390288880868,0.03303585675551668,0.03303585675551668,2.7172043561599195,726.3259908518609,738.3993318692833,12.073341017422422,12.073341017422422,1.6622482424541052,237.06089676557548,285.57937416002886,48.518477394453384,48.518477394453384,20.466672511760674,3.0638793692327475,2.58561856591054,-0.47826080332220755,0.47826080332220755,-15.609648608390643,pleth_6
s21_sit,findpeaks,find_peaks baseline,baseline (Zuern-style),mid_upslope,median_mad,1.0,100.0,True,False,632,633,0.9798397961933224,0.009508716323296355,0.00017251304414819934,632,0,1,0.9984202211690363,1.0,0.9992094861660079,273.13639907467325,4.893184789537928,6.041707050748716,-0.0069670994678996566,6.04649613476903,631,774.8196202531645,774.8622457935696,0.042625540405083484,0.042625540405083484,0.00550135015826729,52.2009319902233,53.56821039195929,1.3672784017359874,1.3672784017359874,2.61926051816865,27.641925941050285,31.486428860041936,3.844502918991651,3.844502918991651,13.908231022652016,6.497622820919176,11.217948717948719,4.720325897029543,4.720325897029543,72.64696685428395,27.66385364206527,31.51158372778907,3.8477300857238,3.8477300857238,13.908872333943362,19.561298504056523,22.28205453984732,2.720756035790796,2.720756035790796,13.90887233394337,71.18448006504671,72.40591394822457,1.221433883177852,1.221433883177852,1.7158710466968843,0.27479723791171706,0.30773804686424633,0.032940808952529266,0.032940808952529266,11.98731442967124,1.3542535031170952,1.5445124692564922,0.19025896613939697,0.19025896613939697,14.048991987207454,1.2158031721325702,1.1859796202487751,-0.02982355188379504,0.02982355188379504,-2.452991780855718,726.3259908518609,757.072830666637,30.74683981477608,30.74683981477608,4.233201097308262,237.06089676557548,288.2347698022685,51.17387303669301,51.17387303669301,21.586804797797495,3.0638793692327475,2.6265839863316813,-0.4372953829010662,0.4372953829010662,-14.272604440382164,pleth_6
s22_sit,msptdfast,MSPTDfast v2,NeuroKit2 (author-contributed; Charlton 2025),mid_upslope,median_mad,1.0,100.0,True,False,656,657,0.9891441430302431,0.0,0.026673409333158142,656,0,1,0.9984779299847792,1.0,0.9992383853769992,265.8619134789187,4.550294373805271,6.001400945984988,0.016030310729193385,6.005965994798603,655,738.265243902439,738.2511448145461,-0.014099087892873285,0.014099087892873285,-0.0019097591291642147,67.61469020970362,67.86945530688817,0.25476509718454565,0.25476509718454565,0.37678956509954314,33.73647311620745,34.74727215698292,1.0107990407754741,1.0107990407754741,2.9961609718173916,14.198473282442748,14.525993883792049,0.32752060134930083,0.32752060134930083,2.3067311170300218,33.76218874420584,34.77381116375808,1.0116224195522463,1.0116224195522463,2.9963176475810025,23.873472608728076,24.58879768159381,0.7153250728657348,0.7153250728657348,2.996317647580997,92.59346612968267,92.77886050109169,0.18539437140901782,0.18539437140901782,0.20022403216806028,0.2578310717442185,0.2650258641762957,0.007194792432077213,0.007194792432077213,2.7905063510789003,1.3339456178801683,1.3428593674399791,0.008913749559810835,0.008913749559810835,0.6682243593990036,1.4563031414739114,1.4536659920557748,-0.0026371494181365307,0.0026371494181365307,-0.1810851973763852,2132.270012813964,2141.9288804515927,9.658867637628646,9.658867637628646,0.45298520260488984,333.99639657832785,328.6777340740476,-5.318662504280269,5.318662504280269,-1.592431103678974,6.384110830710446,6.516805546581501,0.13269471587105475,0.13269471587105475,2.0785152292897777,pleth_6
s22_sit,msptd,MSPTD,"own vectorised port (Bishop & Ercole 2018), 6 s windows; verified bit-identical to NeuroKit2 method='bishop'",mid_upslope,median_mad,1.0,100.0,True,False,656,657,0.9891441430302431,0.0,0.036312544820003095,656,0,1,0.9984779299847792,1.0,0.9992383853769992,265.8619134789187,4.549428140592809,6.001179591471123,0.016030310729192865,6.005744470327808,655,738.265243902439,738.2511448145461,-0.014099087892873285,0.014099087892873285,-0.0019097591291642147,67.61469020970362,67.86959602996932,0.25490582026569086,0.25490582026569086,0.37699769011011225,33.73647311620745,34.74748011370142,1.011006997493972,1.011006997493972,2.996777386929254,14.198473282442748,14.525993883792049,0.32752060134930083,0.32752060134930083,2.3067311170300218,33.76218874420584,34.774019279986724,1.0118305357808879,1.0118305357808879,2.9969340656403243,23.873472608728076,24.588944841990358,0.7154722332622825,0.7154722332622825,2.99693406564032,92.59346612968267,92.77902738280893,0.18556125312626648,0.18556125312626648,0.20040426272235762,0.2578310717442185,0.2650269736126427,0.007195901868424226,0.007195901868424226,2.7909366469076797,1.3339456178801683,1.3431911207023846,0.009245502822216256,0.009245502822216256,0.6930944334079144,1.4563031414739114,1.4536521906435362,-0.002650950830375143,0.002650950830375143,-0.18203289925558624,2132.270012813964,2141.9321687406978,9.662155926733703,9.662155926733703,0.45313941802251034,333.99639657832785,328.6873532656539,-5.309043312673964,5.309043312673964,-1.589551075120328,6.384110830710446,6.516624833476727,0.132514002766281,0.132514002766281,2.0756845593724504,pleth_6
s22_sit,qppg,qppg (slope-sum),own port (Zong 2003),mid_upslope,median_mad,1.0,100.0,True,False,645,657,0.9891441430302431,0.009316770186335404,0.003371905833638658,645,0,12,0.9817351598173516,1.0,0.9907834101382489,265.93240534532504,4.541951929230357,5.941136153613635,0.012377464227411459,5.945777489974659,639,738.265243902439,737.9266423964681,-0.338601505970928,0.338601505970928,-0.04586447875848722,67.61469020970362,67.49582830165507,-0.11886190804855801,0.11886190804855801,-0.1757930232023746,33.73647311620745,34.97359780304643,1.2371246868389818,1.2371246868389818,3.6670243584076685,14.198473282442748,14.442700156985872,0.24422687454312353,0.24422687454312353,1.7200925035026442,33.76218874420584,35.00102312171678,1.2388343775109405,1.2388343775109405,3.669295219266688,23.873472608728076,24.749460797833077,0.8759881891050014,0.8759881891050014,3.6692952192666874,92.59346612968267,92.18914180352004,-0.40432432616262304,0.40432432616262304,-0.4366661526595653,0.2578310717442185,0.268463946118306,0.010632874374087498,0.010632874374087498,4.123969350224727,1.3339456178801683,1.3626562036999033,0.028710585819734957,0.028710585819734957,2.1523055689001933,1.4563031414739114,1.4260090352447334,-0.03029410622917794,0.03029410622917794,-2.0802060619410288,2132.270012813964,2093.044447051219,-39.22556576274519,39.22556576274519,-1.8396153173386836,333.99639657832785,323.5340444577232,-10.462352120604635,10.462352120604635,-3.13247454996151,6.384110830710446,6.469317473403393,0.0852066426929472,0.0852066426929472,1.3346673476134672,pleth_6
s22_sit,terma,TERMA,own port (Elgendi 2013),mid_upslope,median_mad,1.0,100.0,True,False,658,657,0.9891441430302431,0.0,0.00040483196962627735,657,1,0,1.0,0.9984802431610942,0.9992395437262357,265.86002616409166,4.580229452198193,6.073197273274851,-0.02147040389414305,6.077793552663982,656,738.265243902439,738.1737885157374,-0.09145538670156839,0.09145538670156839,-0.012387876506029061,67.61469020970362,67.7902630532204,0.17557284351677538,0.17557284351677538,0.2596667129173333,33.73647311620745,34.72220223521089,0.9857291190034374,0.9857291190034374,2.9218499385161874,14.198473282442748,14.48170731707317,0.2832340346304214,0.2832340346304214,1.9948203514293121,33.76218874420584,34.748640913262484,0.9864521690566477,0.9864521690566477,2.92176605175202,23.873472608728076,24.57099962678421,0.6975270180561353,0.6975270180561353,2.9217660517520243,92.59346612968267,92.66771555935868,0.07424942967601567,0.07424942967601567,0.0801886275345011,0.2578310717442185,0.26515167098346304,0.007320599239244552,0.007320599239244552,2.8393006280123436,1.3339456178801683,1.3421409770994233,0.00819535921925496,0.00819535921925496,0.6143698145864872,1.4563031414739114,1.4168630595952358,-0.03944008187867554,0.03944008187867554,-2.7082329739918425,2132.270012813964,2137.9720961724224,5.702083358458367,5.702083358458367,0.26741844720375296,333.99639657832785,327.9143401382288,-6.082056440099052,6.082056440099052,-1.8209946282078244,6.384110830710446,6.519910337776576,0.13579950706612998,0.13579950706612998,2.1271483322763327,pleth_6
s22_sit,heartpy,HeartPy,HeartPy package,mid_upslope,median_mad,1.0,100.0,True,False,655,657,0.9891441430302431,0.0015290519877675841,0.016642486215440802,655,0,2,0.9969558599695586,1.0,0.9984756097560976,265.86380079374584,4.581560686789707,6.077744478903396,-0.009387827926960256,6.08239628423819,653,738.265243902439,738.5174115595157,0.2521676570767113,0.2521676570767113,0.034156782966480136,67.61469020970362,67.83885058069053,0.22416037098690822,0.22416037098690822,0.3315261377249321,33.73647311620745,34.998263833097774,1.2617907168903244,1.2617907168903244,3.7401381956673574,14.198473282442748,14.723926380368098,0.5254530979253502,0.5254530979253502,3.700771818721553,33.76218874420584,35.02512496509822,1.262936220892385,1.262936220892385,3.7406823072426736,23.873472608728076,24.766503374727193,0.8930307659991179,0.8930307659991179,3.740682307242677,92.59346612968267,92.68678226590963,0.09331613622696011,0.09331613622696011,0.10078047634188929,0.2578310717442185,0.26720642112350423,0.009375349379285747,0.009375349379285747,3.6362372137158743,1.3339456178801683,1.3507110922343482,0.016765474354179855,0.016765474354179855,1.2568334218019028,1.4563031414739114,1.3856798118888418,-0.07062332958506956,0.07062332958506956,-4.849493733398963,2132.270012813964,2141.5735976354918,9.303584821527693,9.303584821527693,0.4363230156414253,333.99639657832785,328.71255178313066,-5.283844795197183,5.283844795197183,-1.5820065274141457,6.384110830710446,6.515034445804805,0.13092361509435868,0.13092361509435868,2.0507729042634595,pleth_6
s22_sit,findpeaks,find_peaks baseline,baseline (Zuern-style),mid_upslope,median_mad,1.0,100.0,True,False,657,657,0.9891441430302431,0.0,0.00014723410587496203,656,1,1,0.9984779299847792,0.9984779299847792,0.9984779299847792,265.8619134789187,4.549688675053184,6.001441183571059,0.016030310729193212,6.006006263279256,655,738.265243902439,738.1810419105514,-0.0842019918876531,0.0842019918876531,-0.011405384796738487,67.61469020970362,67.84173646695172,0.2270462572480909,0.2270462572480909,0.33579427272966594,33.73647311620745,34.735260479579175,0.9987873633717257,0.9987873633717257,2.9605565464159174,14.198473282442748,14.50381679389313,0.3053435114503813,0.3053435114503813,2.1505376344085994,33.76218874420584,34.76166060633103,0.9994718621251906,0.9994718621251906,2.960328993174996,23.873472608728076,24.580205940041946,0.7067333313138704,0.7067333313138704,2.960328993175005,92.59346612968267,92.74058383279554,0.14711770311286898,0.14711770311286898,0.15888562040308749,0.2578310717442185,0.2650426051269879,0.0072115333827694195,0.0072115333827694195,2.7969993430130975,1.3339456178801683,1.3437649185296605,0.009819300649492213,0.009819300649492213,0.7361095173502272,1.4563031414739114,1.4168680668335838,-0.03943507464032758,0.03943507464032758,-2.707889141845543,2132.270012813964,2137.9720961724224,5.702083358458367,5.702083358458367,0.26741844720375296,333.99639657832785,327.9143401382288,-6.082056440099052,6.082056440099052,-1.8209946282078244,6.384110830710446,6.519910337776576,0.13579950706612998,0.13579950706612998,2.1271483322763327,pleth_6
