record,detector,detector_label,detector_source,fiducial,correction,coverage_target,fs,sub_sample,failed,n_detected,n_ref,analysable_fraction,fraction_corrected,detect_s_per_min,tp,fp,fn,sensitivity,ppv,f1,lag_ms,ibi_mae,ibi_rmse,ibi_bias,ibi_sd,n_ibi,mean_nn_ref,mean_nn_test,mean_nn_err,mean_nn_abserr,mean_nn_pcterr,sdnn_ref,sdnn_test,sdnn_err,sdnn_abserr,sdnn_pcterr,rmssd_ref,rmssd_test,rmssd_err,rmssd_abserr,rmssd_pcterr,pnn50_ref,pnn50_test,pnn50_err,pnn50_abserr,pnn50_pcterr,sdsd_ref,sdsd_test,sdsd_err,sdsd_abserr,sdsd_pcterr,sd1_ref,sd1_test,sd1_err,sd1_abserr,sd1_pcterr,sd2_ref,sd2_test,sd2_err,sd2_abserr,sd2_pcterr,sd1_sd2_ref,sd1_sd2_test,sd1_sd2_err,sd1_sd2_abserr,sd1_sd2_pcterr,sampen_ref,sampen_test,sampen_err,sampen_abserr,sampen_pcterr,dfa_a1_ref,dfa_a1_test,dfa_a1_err,dfa_a1_abserr,dfa_a1_pcterr,lf_ref,lf_test,lf_err,lf_abserr,lf_pcterr,hf_ref,hf_test,hf_err,hf_abserr,hf_pcterr,lf_hf_ref,lf_hf_test,lf_hf_err,lf_hf_abserr,lf_hf_pcterr
s1_sit,msptdfast,MSPTDfast v2,NeuroKit2 (author-contributed; Charlton 2025),peak,none,1.0,100.0,True,False,612,613,0.9841512286143937,0.0,0.1892573949127053,608,4,5,0.9918433931484503,0.9934640522875817,0.9926530612244898,590.8861760582552,40.66898112874508,53.08575029092961,0.16200718827010946,53.12935728594834,606,828.437908496732,828.3310896793952,-0.10681881733682985,0.10681881733682985,-0.012894004033526337,46.977980713169195,73.20128735470296,26.22330664153376,26.22330664153376,55.82042106416604,30.45299025358163,99.5588980076881,69.10590775410647,69.10590775410647,226.92650928090322,9.00163666121113,57.540983606557376,48.539346945346246,48.539346945346246,539.2280178837555,30.477600635297417,99.64049213536343,69.16289150006601,69.16289150006601,226.93023748058926,21.550918083514233,70.45646766968035,48.90554958616612,48.90554958616612,226.9302374805893,62.844405268340736,75.84683977782382,13.00243450948308,13.00243450948308,20.68988393471733,0.3429250064742197,0.9289308279167156,0.5860058214424959,0.5860058214424959,170.88454046192473,1.6764542772105453,1.9864542432916508,0.30999996608110547,0.30999996608110547,18.49140595691729,1.1460653887927266,0.6288568405626278,-0.5172085482300988,0.5172085482300988,-45.129060984463536,570.2327955867494,701.5667555475147,131.33395996076536,131.33395996076536,23.031639179157935,327.28840925752615,1371.3189010641418,1044.0304918066156,1044.0304918066156,318.9940316478249,1.7422945006832276,0.5116000042025963,-1.2306944964806312,1.2306944964806312,-70.63642202842424
s1_sit,msptdfast,MSPTDfast v2,NeuroKit2 (author-contributed; Charlton 2025),mid_upslope,none,1.0,100.0,True,False,612,613,0.9841512286143937,0.0,0.1892573949127053,612,0,1,0.99836867862969,1.0,0.9991836734693879,314.2833363053641,4.915138760045764,6.958672536648322,0.01755308976177779,6.964351874070565,611,828.437908496732,828.387438523477,-0.0504699732549625,0.0504699732549625,-0.006092185393416432,46.977980713169195,47.81982431715919,0.841843603989993,0.841843603989993,1.7919961463009446,30.45299025358163,32.492268179563794,2.039277925982166,2.039277925982166,6.696478437753162,9.00163666121113,11.80327868852459,2.801642027313461,2.801642027313461,31.123695976154995,30.477600635297417,32.518469778362025,2.040869143064608,2.040869143064608,6.696292032585367,21.550918083514233,22.994030494089596,1.4431124105753632,1.4431124105753632,6.6962920325853705,62.844405268340736,63.59831567804933,0.7539104097085954,0.7539104097085954,1.1996460249555332,0.3429250064742197,0.36155093494128304,0.018625928467063346,0.018625928467063346,5.431487385118297,1.6764542772105453,1.7514783105883347,0.0750240333777894,0.0750240333777894,4.4751613209888434,1.1460653887927266,1.1301066286867387,-0.015958760105987846,0.015958760105987846,-1.3924825112115913,570.2327955867494,600.8345753179418,30.601779731192437,30.601779731192437,5.366541519188543,327.28840925752615,330.36001877787953,3.071609520353377,3.071609520353377,0.938502383057656,1.7422945006832276,1.818726665353286,0.07643216467005853,0.07643216467005853,4.386868272848605
s1_sit,msptdfast,MSPTDfast v2,NeuroKit2 (author-contributed; Charlton 2025),max_slope,none,1.0,100.0,True,False,612,613,0.9841512286143937,0.0,0.1892573949127053,612,0,1,0.99836867862969,1.0,0.9991836734693879,284.95035289998305,6.7099468095630534,8.863985828877675,-0.018773212527465465,8.87122851938975,611,828.437908496732,828.3511122211878,-0.08679627554420222,0.08679627554420222,-0.01047710089724179,46.977980713169195,48.645179027114175,1.6671983139449793,1.6671983139449793,3.548893095521278,30.45299025358163,34.80960490049084,4.356614646909211,4.356614646909211,14.306032381817815,9.00163666121113,14.59016393442623,5.5885272732150995,5.5885272732150995,62.083457526080466,30.477600635297417,34.8377334985257,4.360132863228284,4.360132863228284,14.30602400563851,21.550918083514233,24.63399759797727,3.083079514463037,3.083079514463037,14.30602400563851,62.844405268340736,64.23295919933028,1.388553930989545,1.388553930989545,2.209510814941326,0.3429250064742197,0.38351023999271255,0.04058523351849286,0.04058523351849286,11.835017205589514,1.6764542772105453,1.81364466840799,0.1371903911974448,0.1371903911974448,8.183366111583794,1.1460653887927266,1.0959782710066746,-0.050087117786052016,0.050087117786052016,-4.370354281339404,570.2327955867494,601.9794608858138,31.746665299064375,31.746665299064375,5.567316637128557,327.28840925752615,377.27254784803506,49.984138590508906,49.984138590508906,15.272199435324028,1.7422945006832276,1.595608968422188,-0.14668553226103964,0.14668553226103964,-8.419100915690086
s1_sit,msptdfast,MSPTDfast v2,NeuroKit2 (author-contributed; Charlton 2025),foot,none,1.0,100.0,True,False,612,613,0.9841512286143937,0.0,0.1892573949127053,612,0,1,0.99836867862969,1.0,0.9991836734693879,212.68851292483444,7.063343820478031,10.817031183917527,-0.006004597227926436,10.825892304158781,611,828.437908496732,828.3638808364873,-0.07402766024472385,0.07402766024472385,-0.008935812748966675,46.977980713169195,49.24959759780906,2.2716168846398617,2.2716168846398617,4.835492820582359,30.45299025358163,37.861582607359196,7.408592353777568,7.408592353777568,24.327963500747618,9.00163666121113,17.21311475409836,8.21147809288723,8.21147809288723,91.22205663189268,30.477600635297417,37.89226168969561,7.4146610543981915,7.4146610543981915,24.328230896926165,21.550918083514233,26.793875195278993,5.24295711176476,5.24295711176476,24.328230896926172,62.844405268340736,64.2894546493595,1.4450493810187623,1.4450493810187623,2.299408157096107,0.3429250064742197,0.4167693650757377,0.073844358601518,0.073844358601518,21.53367564551448,1.6764542772105453,1.806085105244576,0.1296308280340308,0.1296308280340308,7.732440412852997,1.1460653887927266,1.0421837411898556,-0.103881647602871,0.103881647602871,-9.0641990080776,570.2327955867494,595.3143564170937,25.0815608303443,25.0815608303443,4.398477433157148,327.28840925752615,402.5686483076524,75.28023905012623,75.28023905012623,23.00119311310293,1.7422945006832276,1.478789664619239,-0.26350483606398845,0.26350483606398845,-15.124012384855547
s2_sit,msptdfast,MSPTDfast v2,NeuroKit2 (author-contributed; Charlton 2025),peak,none,1.0,100.0,True,False,990,991,0.9951016628351869,0.0,0.1991410079360118,990,0,1,0.9989909182643795,1.0,0.999495204442201,298.5893894358842,2.6535288155304393,3.2171024005838897,-0.0016730341888186921,3.21872964184033,989,496.8181818181818,496.81329157652914,-0.004890241652674376,0.004890241652674376,-0.000984312135030524,17.9894720567605,19.064521113177175,1.075049056416674,1.075049056416674,5.975990029194142,4.648624180821078,5.903083164580451,1.2544589837593731,1.2544589837593731,26.98559691994289,0.0,0.0,0.0,0.0,,4.650954564424282,5.906044541514156,1.2550899770898738,1.2550899770898738,26.985642618188745,3.2887215114949355,4.176204145294454,0.8874826337995185,0.8874826337995185,26.98564261818875,25.22749532913968,26.635901514429392,1.4084061852897136,1.4084061852897136,5.582822103084079,0.13036258528987663,0.1567885413239004,0.026425956034023784,0.026425956034023784,20.27111994999374,0.745467018693734,0.8728944959410568,0.12742747724732284,0.12742747724732284,17.093643857056385,1.6151323746822592,1.5481250808506788,-0.06700729383158044,0.06700729383158044,-4.148718388779905,99.94805062404777,120.14109704113554,20.19304641708777,20.19304641708777,20.20354203109317,19.90885704317436,37.305773439568355,17.396916396393994,17.396916396393994,87.38279831266571,5.020280692522949,3.220442466787404,-1.7998382257355447,1.7998382257355447,-35.85134648778042
s2_sit,msptdfast,MSPTDfast v2,NeuroKit2 (author-contributed; Charlton 2025),mid_upslope,none,1.0,100.0,True,False,990,991,0.9951016628351869,0.0,0.1991410079360118,990,0,1,0.9989909182643795,1.0,0.999495204442201,234.15886216055213,2.75903524815756,3.318860401887974,0.006369729660233134,3.3205334466736507,989,496.8181818181818,496.8213343403781,0.0031525221962738215,0.0031525221962738215,0.0006345424365784454,17.9894720567605,19.083251846662886,1.093779789902385,1.093779789902385,6.080110558282554,4.648624180821078,5.869396455291478,1.2207722744704004,1.2207722744704004,26.260937150113467,0.0,0.0,0.0,0.0,,4.650954564424282,5.8723502315567,1.221395667132418,1.221395667132418,26.261182521003803,3.2887215114949355,4.152378670236136,0.8636571587412001,0.8636571587412001,26.261182521003803,25.22749532913968,26.666434959800924,1.4389396306612454,1.4389396306612454,5.703854512259727,0.13036258528987663,0.15571555314745886,0.02535296785758223,0.02535296785758223,19.448040096172463,0.745467018693734,0.8497665325336436,0.10429951383990965,0.10429951383990965,13.99116409236608,1.6151323746822592,1.5412477230907986,-0.07388465159146063,0.07388465159146063,-4.5745260728858685,99.94805062404777,119.81888477651788,19.87083415247011,19.87083415247011,19.881162292212966,19.90885704317436,38.50340685075841,18.59454980758405,18.59454980758405,93.39837926034576,5.020280692522949,3.1119034541785693,-1.9083772383443796,1.9083772383443796,-38.01335732455473
s2_sit,msptdfast,MSPTDfast v2,NeuroKit2 (author-contributed; Charlton 2025),max_slope,none,1.0,100.0,True,False,990,991,0.9951016628351869,0.0,0.1991410079360118,990,0,1,0.9989909182643795,1.0,0.999495204442201,233.79724843251577,2.80638218132716,3.373999856469907,0.006674039522326615,3.3757003102010845,989,496.8181818181818,496.82163865024023,0.003456832058418513,0.003456832058418513,0.0006957941929113201,17.9894720567605,19.10388151202115,1.114409455260649,1.114409455260649,6.194786882819334,4.648624180821078,5.904628247891243,1.2560040670701653,1.2560040670701653,27.018834352152762,0.0,0.0,0.0,0.0,,4.650954564424282,5.907600104680076,1.2566455402557937,1.2566455402557937,27.01908872359297,3.2887215114949355,4.177304094557639,0.8885825830627039,0.8885825830627039,27.019088723592954,25.22749532913968,26.692072009349125,1.464576680209447,1.464576680209447,5.805477956100341,0.13036258528987663,0.15649980612574788,0.02613722083587125,0.02613722083587125,20.0496337026088,0.745467018693734,0.8562737451977263,0.11080672650399226,0.11080672650399226,14.8640682586007,1.6151323746822592,1.5378328916994295,-0.07729948298282974,0.07729948298282974,-4.785953411282259,99.94805062404777,120.038037011829,20.089986387781238,20.089986387781238,20.1004284349169,19.90885704317436,38.97178101107359,19.062923967899227,19.062923967899227,95.75097117106903,5.020280692522949,3.080127053411312,-1.940153639111637,1.940153639111637,-38.64631796387883
s2_sit,msptdfast,MSPTDfast v2,NeuroKit2 (author-contributed; Charlton 2025),foot,none,1.0,100.0,True,False,990,991,0.9951016628351869,0.0,0.1991410079360118,990,0,1,0.9989909182643795,1.0,0.999495204442201,170.24648681287312,2.7940749539708403,3.399477176835905,0.01352112200428852,3.401170221674245,989,496.8181818181818,496.8284857327222,0.010303914540372716,0.010303914540372716,0.002073980968784993,17.9894720567605,19.037814125184553,1.048342068424052,1.048342068424052,5.827531042135735,4.648624180821078,6.03801692637419,1.3893927455531117,1.3893927455531117,29.88825707368122,0.0,0.0,0.0,0.0,,4.650954564424282,6.041062834062188,1.3901082696379063,1.3901082696379063,29.888665872399912,3.2887215114949355,4.271676495539396,0.9829549840444609,0.9829549840444609,29.888665872399898,25.22749532913968,26.58250389349373,1.3550085643540513,1.3550085643540513,5.371157725630072,0.13036258528987663,0.1606950388366132,0.030332453546736582,0.030332453546736582,23.26776005499491,0.745467018693734,0.8907951073152754,0.14532808862154145,0.14532808862154145,19.494905204015165,1.6151323746822592,1.5351276641876153,-0.08000471049464397,0.08000471049464397,-4.953446030105309,99.94805062404777,118.26415983648857,18.316109212440807,18.316109212440807,18.325629262481986,19.90885704317436,37.437030405249246,17.528173362074885,17.528173362074885,88.04208761991347,5.020280692522949,3.1590155136852447,-1.8612651788377041,1.8612651788377041,-37.074922555820734
s3_sit,msptdfast,MSPTDfast v2,NeuroKit2 (author-contributed; Charlton 2025),peak,none,1.0,100.0,True,False,603,603,0.9953320956006322,0.0,0.1899195893541789,524,79,79,0.8689883913764511,0.8689883913764511,0.8689883913764511,379.84915797239796,4.363941883210677,5.488115938576568,0.014740603904540803,5.49378623857398,483,815.7774086378738,815.9488667031343,0.1714580652604809,0.1714580652604809,0.021017751097909074,61.9273119712334,102.83033071447171,40.90301874323831,40.90301874323831,66.0500471298329,38.473190094833306,141.05995758781626,102.58676749298294,102.58676749298294,266.6448174433023,19.30116472545757,36.7720465890183,17.47088186356073,17.47088186356073,90.51724137931033,38.504571690160056,141.17740319639597,102.67283150623592,102.67283150623592,266.6510157090625,27.22684374879574,99.82749915047897,72.60065540168323,72.60065540168323,266.65101570906245,83.23871043837475,105.74792784284885,22.5092174044741,22.5092174044741,27.041766127718493,0.3270935314279401,0.9440137616581179,0.6169202302301777,0.6169202302301777,188.6066739189208,1.4540556028720704,1.1841519203592248,-0.2699036825128456,0.2699036825128456,-18.562129397234063,1.0772869742520945,0.5396791890408491,-0.5376077852112454,0.5376077852112454,-49.903860165438196,901.0824037873131,1143.1909477384943,242.10854395118122,242.10854395118122,26.868635202905068,679.6120627362407,3167.5963290502136,2487.984266313973,2487.984266313973,366.08889140326613,1.3258775898700104,0.360901715049428,-0.9649758748205823,0.9649758748205823,-72.78016328152805
s3_sit,msptdfast,MSPTDfast v2,NeuroKit2 (author-contributed; Charlton 2025),mid_upslope,none,1.0,100.0,True,False,603,603,0.9953320956006322,0.0,0.1899195893541789,602,1,1,0.9983416252072969,0.9983416252072969,0.9983416252072969,289.24661553110786,4.919892123916876,6.0847888640892185,0.01622562954778323,6.089835758861297,601,815.7774086378738,815.9541181953628,0.17670955748894812,0.17670955748894812,0.02166149192388215,61.9273119712334,64.10188358198448,2.17457161075108,2.17457161075108,3.5114903933844515,38.473190094833306,42.187044715340946,3.7138546205076395,3.7138546205076395,9.653097680107336,19.30116472545757,24.126455906821963,4.825291181364392,4.825291181364392,24.999999999999996,38.504571690160056,42.22119837485794,3.7166266846978857,3.7166266846978857,9.652429624733832,27.22684374879574,29.854895680684493,2.628051931888752,2.628051931888752,9.652429624733834,83.23871043837475,85.59665975616122,2.3579493177864634,2.3579493177864634,2.832755703888705,0.3270935314279401,0.3487857559597768,0.021692224531836668,0.021692224531836668,6.631810918772493,1.4540556028720704,1.5080329362718567,0.05397733339978639,0.05397733339978639,3.712191837311422,1.0772869742520945,1.0422754342906166,-0.03501153996147788,0.03501153996147788,-3.249973386690636,901.0824037873131,943.9306667292743,42.84826294196125,42.84826294196125,4.755199165122632,679.6120627362407,836.5816727899504,156.96961005370974,156.96961005370974,23.096942897352616,1.3258775898700104,1.128318605858674,-0.1975589840113363,0.1975589840113363,-14.90024309338429
s3_sit,msptdfast,MSPTDfast v2,NeuroKit2 (author-contributed; Charlton 2025),max_slope,none,1.0,100.0,True,False,603,603,0.9953320956006322,0.0,0.1899195893541789,602,1,1,0.9983416252072969,0.9983416252072969,0.9983416252072969,285.35796855446404,5.485243235822746,6.768000710675156,0.0157094811256979,6.773620116054783,601,815.7774086378738,815.9702372103337,0.19282857245991636,0.19282857245991636,0.02363740040091176,61.9273119712334,64.37188554373986,2.4445735725064637,2.4445735725064637,3.9474885873328747,38.473190094833306,42.606365660215296,4.13317556538199,4.13317556538199,10.743001958491213,19.30116472545757,24.625623960066555,5.324459234608984,5.324459234608984,27.586206896551715,38.504571690160056,42.64070919609282,4.136137505932766,4.136137505932766,10.741938747470256,27.22684374879574,30.151534627160814,2.924690878365073,2.924690878365073,10.741938747470256,83.23871043837475,85.89740541215323,2.6586949737784806,2.6586949737784806,3.1940607438252284,0.3270935314279401,0.3510179903861777,0.023924458958237582,0.023924458958237582,7.314256217111474,1.4540556028720704,1.5059865750460757,0.05193097217400533,0.05193097217400533,3.571457107378189,1.0772869742520945,1.0355049151486395,-0.041782059103455005,0.041782059103455005,-3.8784520839920265,901.0824037873131,949.3982949637788,48.3158911764657,48.3158911764657,5.361983651372016,679.6120627362407,857.5216138987165,177.90955116247585,177.90955116247585,26.17810379147479,1.3258775898700104,1.1071421169751576,-0.21873547289485273,0.21873547289485273,-16.497410814243995
s3_sit,msptdfast,MSPTDfast v2,NeuroKit2 (author-contributed; Charlton 2025),foot,none,1.0,100.0,True,False,603,603,0.9953320956006322,0.0,0.1899195893541789,602,1,1,0.9983416252072969,0.9983416252072969,0.9983416252072969,212.71006488281583,5.639107466722996,7.078367470083396,0.023294509151397663,7.084225291429109,601,815.7774086378738,815.9634551495017,0.18604651162786467,0.18604651162786467,0.02280603871324553,61.9273119712334,64.44604526513899,2.5187332939055906,2.5187332939055906,4.067241437954868,38.473190094833306,43.37632966614198,4.903139571308671,4.903139571308671,12.744302095102663,19.30116472545757,25.45757071547421,6.156405990016637,6.156405990016637,31.89655172413792,38.504571690160056,43.41158476230493,4.907013072144878,4.907013072144878,12.743975213205339,27.22684374879574,30.69662596748042,3.469782218684678,3.469782218684678,12.743975213205346,83.23871043837475,85.81551523381593,2.576804795441177,2.576804795441177,3.0956808219042484,0.3270935314279401,0.3577048495699563,0.030611318142016175,0.030611318142016175,9.358582546215825,1.4540556028720704,1.5152785095310948,0.06122290665902441,0.06122290665902441,4.2104928132112756,1.0772869742520945,1.022409547686203,-0.05487742656589156,0.05487742656589156,-5.094039738481955,901.0824037873131,944.5608073666502,43.47840357933717,43.47840357933717,4.825130686893271,679.6120627362407,869.1611187468848,189.5490560106441,189.5490560106441,27.89077275166151,1.3258775898700104,1.086749955783196,-0.23912763408681426,0.23912763408681426,-18.035423172832903
s4_sit,msptdfast,MSPTDfast v2,NeuroKit2 (author-contributed; Charlton 2025),peak,none,1.0,100.0,True,False,679,681,0.9920795607314664,0.0,0.19003953335779544,640,39,41,0.9397944199706314,0.9425625920471281,0.9411764705882353,414.7618668203602,34.07059374299968,54.67672746815857,1.272643583353162,54.70714578987841,605,724.3264705882353,725.630035758201,1.3035651699656228,1.3035651699656228,0.17996928496993625,47.66481403611934,82.32432859299182,34.65951455687248,34.65951455687248,72.71509447326967,25.291933202608096,113.05174760937855,87.75981440677046,87.75981440677046,346.9873722334546,4.860088365243005,46.82422451994091,41.96413615469791,41.96413615469791,863.4438923951478,25.31055348154773,113.13530788836866,87.82475440682093,87.82475440682093,346.9886759720534,17.89726400238718,79.99874339949339,62.10147939710622,62.10147939710622,346.98867597205344,64.98889855524969,84.58599890688643,19.59710035163674,19.59710035163674,30.154535293403153,0.2753895572975743,0.945768146422876,0.6703785891253017,0.6703785891253017,243.42919742629127,1.4191767991993267,1.5875791186216013,0.16840231942227457,0.16840231942227457,11.866197327724358,1.2617883725140522,0.7024141463267168,-0.5593742261873353,0.5593742261873353,-44.331857732434905,966.4383586160568,1316.3558423333197,349.91748371726294,349.91748371726294,36.20691175982978,276.63397826643387,1133.1886173807602,856.5546391143264,856.5546391143264,309.6346459252937,3.4935634612652433,1.1616387794080831,-2.33192468185716,2.33192468185716,-66.74917194756269
s4_sit,msptdfast,MSPTDfast v2,NeuroKit2 (author-contributed; Charlton 2025),mid_upslope,none,1.0,100.0,True,False,679,681,0.9920795607314664,0.0,0.19003953335779544,679,0,2,0.9970631424375918,1.0,0.9985294117647059,265.69425089327103,5.127860668814889,7.385192105144843,0.019915647783454143,7.390625633540537,677,724.3264705882353,725.3999897505577,1.0735191623223272,1.0735191623223272,0.14820929593398785,47.66481403611934,53.00843335796926,5.343619321849921,5.343619321849921,11.21082590986434,25.291933202608096,44.07737582397567,18.785442621367576,18.785442621367576,74.27444343965936,4.860088365243005,6.794682422451995,1.9345940572089901,1.9345940572089901,39.80573832863346,25.31055348154773,44.10975538026389,18.799201898716163,18.799201898716163,74.27416359117328,17.89726400238718,31.1903071458644,13.29304314347722,13.29304314347722,74.27416359117329,64.98889855524969,68.16856133350018,3.1796627782504885,3.1796627782504885,4.892624508087837,0.2753895572975743,0.4575468006911934,0.1821572433936191,0.1821572433936191,66.1452980211547,1.4191767991993267,1.3737545265479403,-0.04542227265138643,0.04542227265138643,-3.200607047480824,1.2617883725140522,1.208227606036889,-0.053560766477163124,0.053560766477163124,-4.244829611993166,966.4383586160568,995.8542059740021,29.415847357945268,29.415847357945268,3.0437375643976785,276.63397826643387,307.8909629748853,31.256984708451455,31.256984708451455,11.299040307458899,3.4935634612652433,3.234437920333615,-0.25912554093162843,0.25912554093162843,-7.417227246754591
s4_sit,msptdfast,MSPTDfast v2,NeuroKit2 (author-contributed; Charlton 2025),max_slope,none,1.0,100.0,True,False,679,681,0.9920795607314664,0.0,0.19003953335779544,679,0,2,0.9970631424375918,1.0,0.9985294117647059,252.72234151558936,4.560293415133006,6.1121098187393725,0.01684099479300222,6.116605720764223,677,724.3264705882353,725.390203832825,1.0637332445896845,1.0637332445896845,0.14685825905628058,47.66481403611934,53.53166911589926,5.866855079779924,5.866855079779924,12.30856596930002,25.291933202608096,44.23428627621698,18.94235307360888,18.94235307360888,74.89484066665,4.860088365243005,7.533234859675036,2.6731464944320313,2.6731464944320313,55.00201423391967,25.31055348154773,44.26676654959797,18.95621306805024,18.95621306805024,74.89450233425349,17.89726400238718,31.301330808422552,13.404066806035374,13.404066806035374,74.89450233425349,64.98889855524969,68.93116774210301,3.9422691868533235,3.9422691868533235,6.0660655504137235,0.2753895572975743,0.45409546702490816,0.17870590972733386,0.17870590972733386,64.89204292312066,1.4191767991993267,1.4236602554292874,0.004483456229960714,0.004483456229960714,0.3159194987185668,1.2617883725140522,1.211590229167029,-0.050198143347023105,0.050198143347023105,-3.978333010551186,966.4383586160568,1030.7476195414051,64.30926092534833,64.30926092534833,6.6542537712844325,276.63397826643387,332.49409490763395,55.86011664120008,55.86011664120008,20.192789400367747,3.4935634612652433,3.1000478965731535,-0.3935155646920898,0.3935155646920898,-11.26401649934742
s4_sit,msptdfast,MSPTDfast v2,NeuroKit2 (author-contributed; Charlton 2025),foot,none,1.0,100.0,True,False,679,681,0.9920795607314664,0.0,0.19003953335779544,679,0,2,0.9970631424375918,1.0,0.9985294117647059,184.52964393546176,4.151551290584847,5.439492174508245,0.02415001321265526,5.443460330757495,677,724.3264705882353,725.3949353355583,1.0684647473229916,1.0684647473229916,0.14751148697565572,47.66481403611934,53.35615049567044,5.691336459551103,5.691336459551103,11.94033077573393,25.291933202608096,43.78541457238969,18.493481369781595,18.493481369781595,73.12007833341326,4.860088365243005,6.942392909896602,2.0823045446535975,2.0823045446535975,42.84499350969068,25.31055348154773,43.817550094697225,18.506996613149497,18.506996613149497,73.11968356062123,17.89726400238718,30.98368680694166,13.08642280455448,13.08642280455448,73.11968356062124,64.98889855524969,68.802389081213,3.813490525963303,3.813490525963303,5.867910690502471,0.2753895572975743,0.45032864731439953,0.17493909001682523,0.17493909001682523,63.52422790955484,1.4191767991993267,1.4021017464049572,-0.017075052794369494,0.017075052794369494,-1.2031660046868666,1.2617883725140522,1.2150129529009626,-0.04677541961308962,0.04677541961308962,-3.7070732804338546,966.4383586160568,1025.3970880137053,58.95872939764854,58.95872939764854,6.100619752104795,276.63397826643387,324.92309347112376,48.28911520468989,48.28911520468989,17.455959498287413,3.4935634612652433,3.1558147408344595,-0.33774872043078386,0.33774872043078386,-9.667742526379167
s5_sit,msptdfast,MSPTDfast v2,NeuroKit2 (author-contributed; Charlton 2025),peak,none,1.0,100.0,True,False,637,638,0.9911163611061667,0.0,0.19215932296648738,637,0,1,0.9984326018808778,1.0,0.9992156862745099,381.84324039505145,11.722529522937808,16.395178237972296,-0.06097934922448171,16.40796925730331,636,774.7158555729984,774.5270709652409,-0.18878460775749772,0.18878460775749772,-0.024368238548295635,49.02100643708726,50.325272040991166,1.3042656039039073,1.3042656039039073,2.6606259208035232,26.212124517066584,34.61852911829358,8.406404601226996,8.406404601226996,32.070672469732955,5.345911949685535,13.228346456692913,7.882434507007378,7.882434507007378,147.4478925428439,26.232755677027686,34.645814442918336,8.41305876589065,8.41305876589065,32.07081585126056,18.54935942843618,24.498290332318387,5.948930903882207,5.948930903882207,32.07081585126057,66.79849855351979,66.82140213130049,0.022903577780695628,0.022903577780695628,0.03428756375765691,0.2776912629791252,0.36662341032863327,0.08893214734950805,0.08893214734950805,32.02554750748255,1.5491181222005777,1.720178665465071,0.17106054326449338,0.17106054326449338,11.042446719395146,1.2379608927180983,1.1403854097939583,-0.09757548292413998,0.09757548292413998,-7.881951966180512,886.7114917235966,847.1417583829233,-39.56973334067334,39.56973334067334,-4.462526279405423,287.29067184026013,319.69097004758885,32.40029820732872,32.40029820732872,11.277880343203064,3.086461130268189,2.6498770304860932,-0.4365840997820958,0.4365840997820958,-14.145135200330873
s5_sit,msptdfast,MSPTDfast v2,NeuroKit2 (author-contributed; Charlton 2025),mid_upslope,none,1.0,100.0,True,False,637,638,0.9911163611061667,0.0,0.19215932296648738,637,0,1,0.9984326018808778,1.0,0.9992156862745099,267.50521200942336,3.509940134539909,4.497123597609184,-0.00670493446300115,4.50065824453837,636,774.7158555729984,774.5813453800025,-0.13451019299589007,0.13451019299589007,-0.01736251969393386,49.02100643708726,50.04676108025908,1.0257546431718225,1.0257546431718225,2.092479770867738,26.212124517066584,27.61717999956035,1.4050554824937649,1.4050554824937649,5.360326598398921,5.345911949685535,6.929133858267717,1.583221908582182,1.583221908582182,29.615562760537284,26.232755677027686,27.638936540182396,1.4061808631547095,1.4061808631547095,5.3604008685451126,18.54935942843618,19.54367945234763,0.9943200239114489,0.9943200239114489,5.360400868545119,66.79849855351979,68.02500409932333,1.2265055458035334,1.2265055458035334,1.836127416577847,0.2776912629791252,0.2873014079324699,0.009610144953344668,0.009610144953344668,3.460730038909106,1.5491181222005777,1.5039708607936453,-0.04514726140693237,0.04514726140693237,-2.9143846915172014,1.2379608927180983,1.2197242599870333,-0.018236632731065017,0.018236632731065017,-1.4731186452121443,886.7114917235966,928.6211207179989,41.90962899440228,41.90962899440228,4.726410944887838,287.29067184026013,331.89715566758525,44.60648382732512,44.60648382732512,15.526603610759523,3.086461130268189,2.79791828541028,-0.28854284485790904,0.28854284485790904,-9.348662843288002
s5_sit,msptdfast,MSPTDfast v2,NeuroKit2 (author-contributed; Charlton 2025),max_slope,none,1.0,100.0,True,False,637,638,0.9911163611061667,0.0,0.19215932296648738,637,0,1,0.9984326018808778,1.0,0.9992156862745099,261.47594225708906,3.8423490572599546,4.8737180878833355,0.00024144864912510462,4.877554145528227,636,774.7158555729984,774.5882917631146,-0.1275638098837817,0.1275638098837817,-0.016465883454706426,49.02100643708726,50.26955480688006,1.2485483697928004,1.2485483697928004,2.5469660060838746,26.212124517066584,27.945828533488008,1.7337040164214237,1.7337040164214237,6.614130095760142,5.345911949685535,7.244094488188976,1.8981825385034412,1.8981825385034412,35.50717924965261,26.232755677027686,27.967839129632736,1.7350834526050498,1.7350834526050498,6.614186759359336,18.54935942843618,19.776248703697778,1.2268892752615983,1.2268892752615983,6.6141867593593355,66.79849855351979,68.28584236994757,1.4873438164277815,1.4873438164277815,2.226612646444595,0.2776912629791252,0.28960979344089127,0.011918530461766053,0.011918530461766053,4.292007726099039,1.5491181222005777,1.514932909370284,-0.03418521283029374,0.03418521283029374,-2.2067531416992545,1.2379608927180983,1.2169594503191223,-0.021001442398975945,0.021001442398975945,-1.69645442941777,886.7114917235966,940.3742966681432,53.662804944546565,53.662804944546565,6.051890095642766,287.29067184026013,341.27999318606226,53.989321345802125,53.989321345802125,18.792577218038378,3.086461130268189,2.7554334137467618,-0.33102771652142726,0.33102771652142726,-10.725154231657653
s5_sit,msptdfast,MSPTDfast v2,NeuroKit2 (author-contributed; Charlton 2025),foot,none,1.0,100.0,True,False,637,638,0.9911163611061667,0.0,0.19215932296648738,637,0,1,0.9984326018808778,1.0,0.9992156862745099,183.158716350845,4.213173638355139,5.280684325161439,0.0007309511318383158,5.284840657958552,636,774.7158555729984,774.5887812655973,-0.12707430740113068,0.12707430740113068,-0.016402698678103532,49.02100643708726,50.208003614930064,1.1869971778428052,1.1869971778428052,2.421405156922222,26.212124517066584,28.175603217121694,1.9634787000551093,1.9634787000551093,7.490727044184068,5.345911949685535,7.244094488188976,1.8981825385034412,1.8981825385034412,35.50717924965261,26.232755677027686,28.19778787065173,1.9650321936240438,1.9650321936240438,7.490757806069318,18.54935942843618,19.938847017797617,1.389487589361437,1.389487589361437,7.490757806069311,66.79849855351979,68.14785127643074,1.3493527229109503,1.3493527229109503,2.020034509952094,0.2776912629791252,0.2925821818932912,0.014890918914165996,0.014890918914165996,5.36240094643719,1.5491181222005777,1.5063163230273944,-0.042801799173183275,0.042801799173183275,-2.7629784042795773,1.2379608927180983,1.212131595013933,-0.0258292977041652,0.0258292977041652,-2.0864389057923907,886.7114917235966,930.5107042047997,43.799212481203085,43.799212481203085,4.939511091264402,287.29067184026013,341.81541636327654,54.52474452301641,54.52474452301641,18.978947062135507,3.086461130268189,2.7222607865523134,-0.3642003437158756,0.3642003437158756,-11.799932944051996
s6_sit,msptdfast,MSPTDfast v2,NeuroKit2 (author-contributed; Charlton 2025),peak,none,1.0,100.0,True,False,642,643,0.9819560564644773,0.0,0.18800233665362415,642,0,1,0.9984447900466563,1.0,0.9992217898832686,324.52113089263247,5.668421590564552,7.240449543962825,-0.0013653571515142005,7.246103808448128,641,775.2523364485982,775.3215675601651,0.06923111156697814,0.06923111156697814,0.008930139041453686,51.22403640488481,54.59075075584733,3.366714350962525,3.366714350962525,6.572528420742473,35.84713601790884,39.27689124639813,3.4297552284892916,3.4297552284892916,9.567724536698895,15.912636505460217,18.125,2.212363494539783,2.212363494539783,13.903186274509816,35.874867571113896,39.30748225639021,3.432614685276313,3.432614685276313,9.568299251479948,25.367362133704006,27.794587254863412,2.427225121159406,2.427225121159406,9.56829925147994,67.85499797063919,72.02611370541851,4.17111573477932,4.17111573477932,6.147101701460752,0.3738466272547889,0.38589597334851666,0.012049346093727764,0.012049346093727764,3.2230720341675663,1.3101181359021097,1.393141433701399,0.0830232977992893,0.0830232977992893,6.3370848417514525,1.142638697492854,1.1087052972357132,-0.033933400257140756,0.033933400257140756,-2.9697401577240887,1408.848534609433,1546.0956371102086,137.24710250077555,137.24710250077555,9.741792614975731,565.6118790702247,750.6888051660546,185.0769260958299,185.0769260958299,32.72154156310626,2.4908397202077053,2.0595693268240596,-0.4312703933836457,0.4312703933836457,-17.314257111159407
s6_sit,msptdfast,MSPTDfast v2,NeuroKit2 (author-contributed; Charlton 2025),mid_upslope,none,1.0,100.0,True,False,642,643,0.9819560564644773,0.0,0.18800233665362415,642,0,1,0.9984447900466563,1.0,0.9992217898832686,255.53519065637974,5.489471039510473,7.180552179467543,0.0027886024861068824,7.186159254330854,641,775.2523364485982,775.3257215198028,0.07338507120459781,0.07338507120459781,0.009465959372760109,51.22403640488481,54.4810083564969,3.256971951612094,3.256971951612094,6.358288374364625,35.84713601790884,39.075121370142675,3.227985352233837,3.227985352233837,9.004862621720104,15.912636505460217,18.125,2.212363494539783,2.212363494539783,13.903186274509816,35.874867571113896,39.105546573083636,3.2306790019697402,3.2306790019697402,9.005410251523974,25.367362133704006,27.651797163833795,2.2844350301297887,2.2844350301297887,9.005410251523964,67.85499797063919,71.91480137420643,4.059803403567244,4.059803403567244,5.983057291260871,0.3738466272547889,0.3845077318638277,0.010661104609038796,0.010661104609038796,2.8517321895679157,1.3101181359021097,1.374603481302107,0.0644853453999974,0.0644853453999974,4.922101574877798,1.142638697492854,1.1105957390299168,-0.03204295846293714,0.03204295846293714,-2.8042948775710914,1408.848534609433,1541.1280332987599,132.27949868932683,132.27949868932683,9.389192339685962,565.6118790702247,745.5065692118405,179.8946901416158,179.8946901416158,31.80532389760516,2.4908397202077053,2.0672226066740915,-0.42361711353361375,0.42361711353361375,-17.00700009305654
s6_sit,msptdfast,MSPTDfast v2,NeuroKit2 (author-contributed; Charlton 2025),max_slope,none,1.0,100.0,True,False,642,643,0.9819560564644773,0.0,0.18800233665362415,642,0,1,0.9984447900466563,1.0,0.9992217898832686,255.69358322001366,5.468692511508935,7.134895067920003,0.004258337228054838,7.1404657572445505,641,775.2523364485982,775.3271912545447,0.07485480594652927,0.07485480594652927,0.009655540838410926,51.22403640488481,54.48172499766925,3.25768859278444,3.25768859278444,6.359687407362887,35.84713601790884,39.01902165571996,3.1718856378111226,3.1718856378111226,8.848365560435521,15.912636505460217,18.4375,2.524863494539783,2.524863494539783,15.867034313725503,35.874867571113896,39.04940627070575,3.1745386995918565,3.1745386995918565,8.848921026116805,25.367362133704006,27.61209997532453,2.2447378416205233,2.2447378416205233,8.848921026116793,67.85499797063919,71.93113826706762,4.076140296428434,4.076140296428434,6.0071334733399855,0.3738466272547889,0.3838685253777811,0.010021898122992201,0.010021898122992201,2.680751247265351,1.3101181359021097,1.3522173092682586,0.04209917336614888,0.04209917336614888,3.213387572652797,1.142638697492854,1.1106895024586192,-0.03194919503423477,0.03194919503423477,-2.7960890090924457,1408.848534609433,1542.2231522228503,133.37461761341729,133.37461761341729,9.466923827293611,565.6118790702247,745.6708309141495,180.05895184392477,180.05895184392477,31.834365314235058,2.4908397202077053,2.068235859960049,-0.4226038602476563,0.4226038602476563,-16.96632090853346
s6_sit,msptdfast,MSPTDfast v2,NeuroKit2 (author-contributed; Charlton 2025),foot,none,1.0,100.0,True,False,642,643,0.9819560564644773,0.0,0.18800233665362415,642,0,1,0.9984447900466563,1.0,0.9992217898832686,184.82067960279133,6.181426503869598,12.288094166301452,0.0004872961091597132,12.297690483097348,641,775.2523364485982,775.3234202134257,0.07108376482756285,0.07108376482756285,0.009169113266165041,51.22403640488481,55.13136694794634,3.9073305430615335,3.9073305430615335,7.6279239538587476,35.84713601790884,42.79731192661423,6.95017590870539,6.95017590870539,19.38837151518369,15.912636505460217,20.46875,4.556113494539783,4.556113494539783,28.632046568627466,35.874867571113896,42.83063931318022,6.955771742066325,6.955771742066325,19.388982351720365,25.367362133704006,30.28583550090487,4.918473367200864,4.918473367200864,19.38898235172036,67.85499797063919,71.84499572767994,3.9899977570407543,3.9899977570407543,5.880182560416881,0.3738466272547889,0.4215441200066291,0.04769749275184021,0.04769749275184021,12.758572439743526,1.3101181359021097,1.4337857947276802,0.12366765882557051,0.12366765882557051,9.439428051304436,1.142638697492854,1.088704402236892,-0.05393429525596205,0.05393429525596205,-4.720153043503881,1408.848534609433,1521.037237359348,112.18870274991491,112.18870274991491,7.963148627685257,565.6118790702247,750.0671406998146,184.4552616295898,184.4552616295898,32.61163148355453,2.4908397202077053,2.027868113166798,-0.46297160704090734,0.46297160704090734,-18.586969016308334
s7_sit,msptdfast,MSPTDfast v2,NeuroKit2 (author-contributed; Charlton 2025),peak,none,1.0,100.0,True,False,543,544,0.9881188588412922,0.0,0.18294926207383355,368,175,176,0.6764705882352942,0.6777163904235728,0.6770929162833487,378.3826781493126,23.767502473310415,33.58901094208442,0.40188566609061027,33.64547889014518,286,929.9779005524862,929.8485648137555,-0.12933573873067417,0.12933573873067417,-0.013907399160113128,51.70095202801028,109.57544592366096,57.87449389565069,57.87449389565069,111.94086689988946,50.56879425129114,168.5156358016648,117.94684155037368,117.94684155037368,233.240367496724,33.025830258302584,70.0554528650647,37.02962260676211,37.02962260676211,112.12321482047521,50.615449655065476,168.67025245502083,118.05480279995535,118.05480279995535,233.2386723904975,35.7905276839031,119.26787929539215,83.47735161148904,83.47735161148904,233.23867239049744,63.757470223598155,98.9380092134366,35.180538989838446,35.180538989838446,55.178693361671826,0.561354262620291,1.2054808889281208,0.6441266263078298,0.6441266263078298,114.74512071952098,1.8267763094653138,1.8383957301406142,0.011619420675300418,0.011619420675300418,0.636061493413025,0.8630132618839245,0.4123308403560518,-0.4506824215278727,0.4506824215278727,-52.221957811407265,657.0905559531319,1351.579139217271,694.488583264139,694.488583264139,105.69145713207824,815.9542415345144,4047.6464248782963,3231.692183343782,3231.692183343782,396.06291858550054,0.8053031928817266,0.3339172934943076,-0.471385899387419,0.471385899387419,-58.53520805010028
s7_sit,msptdfast,MSPTDfast v2,NeuroKit2 (author-contributed; Charlton 2025),mid_upslope,none,1.0,100.0,True,False,543,544,0.9881188588412922,0.0,0.18294926207383355,543,0,1,0.9981617647058824,1.0,0.9990800367985281,257.5972485304309,4.638482770450324,6.029418282906084,-0.001252404867949739,6.03498805531769,542,929.9779005524862,929.8695963036192,-0.10830424886694345,0.10830424886694345,-0.011645894897352023,51.70095202801028,52.32145472487973,0.6205026968694511,0.6205026968694511,1.2001765393667767,50.56879425129114,51.44540640257966,0.8766121512885192,0.8766121512885192,1.7335041585772777,33.025830258302584,34.195933456561924,1.1701031982593406,1.1701031982593406,3.5429940416567742,50.615449655065476,51.492981546970796,0.8775318919053205,0.8775318919053205,1.7337233945080623,35.7905276839031,36.41103643537681,0.6205087514737073,0.6205087514737073,1.7337233945080475,63.757470223598155,64.41510439917754,0.657634175579382,0.657634175579382,1.0314621538041764,0.561354262620291,0.5652561891344495,0.003901926514158549,0.003901926514158549,0.6950916335693481,1.8267763094653138,1.881768374600193,0.0549920651348792,0.0549920651348792,3.010333824121851,0.8630132618839245,0.864508905145508,0.001495643261583579,0.001495643261583579,0.17330478309436959,657.0905559531319,677.4671846831363,20.376628730004427,20.376628730004427,3.101038136280538,815.9542415345144,828.3259284320401,12.371686897525706,12.371686897525706,1.516223124750114,0.8053031928817266,0.8178751400013903,0.012571947119663696,0.012571947119663696,1.5611445764514824
s7_sit,msptdfast,MSPTDfast v2,NeuroKit2 (author-contributed; Charlton 2025),max_slope,none,1.0,100.0,True,False,543,544,0.9881188588412922,0.0,0.18294926207383355,543,0,1,0.9981617647058824,1.0,0.9990800367985281,249.09202045680587,6.091043002905512,7.667508302665624,-0.033332670054413295,7.6745189325192795,542,929.9779005524862,929.8375160384327,-0.14038451405349406,0.14038451405349406,-0.01509546774929745,51.70095202801028,52.84652547160578,1.1455734435955023,1.1455734435955023,2.215768566456686,50.56879425129114,52.7724399263997,2.203645675108561,2.203645675108561,4.357718446198263,33.025830258302584,37.15341959334565,4.127589335043069,4.127589335043069,12.498063796610857,50.615449655065476,52.82120036958537,2.205750714519894,2.205750714519894,4.357860553549676,35.7905276839031,37.350228971747185,1.559701287844085,1.559701287844085,4.357860553549663,63.757470223598155,64.73384666926734,0.9763764456691817,0.9763764456691817,1.5313914467512884,0.561354262620291,0.5769814539613843,0.01562719134109336,0.01562719134109336,2.783837655057381,1.8267763094653138,1.9516572913108814,0.12488098184556762,0.12488098184556762,6.836139772478192,0.8630132618839245,0.8493527916160111,-0.013660470267913394,0.013660470267913394,-1.5828806892368164,657.0905559531319,677.160264889487,20.06970893635514,20.06970893635514,3.0543292327863933,815.9542415345144,869.2974476264029,53.34320609188853,53.34320609188853,6.537524211108859,0.8053031928817266,0.7789741782153599,-0.026329014666366723,0.026329014666366723,-3.2694536541138013
s7_sit,msptdfast,MSPTDfast v2,NeuroKit2 (author-contributed; Charlton 2025),foot,none,1.0,100.0,True,False,543,544,0.9881188588412922,0.0,0.18294926207383355,543,0,1,0.9981617647058824,1.0,0.9990800367985281,176.11503670861848,7.633498617931831,11.072121776085442,-0.026911511786479415,11.08231733093108,542,929.9779005524862,929.8439371967006,-0.13396335578556773,0.13396335578556773,-0.014405004216334826,51.70095202801028,53.327585727902424,1.626633699892146,1.626633699892146,3.1462354871354723,50.56879425129114,53.86731860311364,3.2985243518225005,3.2985243518225005,6.5228455624849735,33.025830258302584,37.33826247689464,4.312432218592058,4.312432218592058,13.057755656295503,50.615449655065476,53.917135970040086,3.30168631497461,3.30168631497461,6.52308008221791,35.7905276839031,38.125172466572465,2.334644782669365,2.334644782669365,6.523080082217895,63.757470223598155,65.07022378575064,1.312753562152487,1.312753562152487,2.0589800027332417,0.561354262620291,0.5859081196970046,0.024553857076713648,0.024553857076713648,4.374039481253974,1.8267763094653138,2.069880408435853,0.2431040989705393,0.2431040989705393,13.307819775793698,0.8630132618839245,0.846366803221363,-0.016646458662561425,0.016646458662561425,-1.9288763449848791,657.0905559531319,697.5841677083514,40.49361175521949,40.49361175521949,6.162561824752168,815.9542415345144,868.0717645557684,52.11752302125399,52.11752302125399,6.387309528931402,0.8053031928817266,0.8036019557269402,-0.001701237154786428,0.001701237154786428,-0.2112542418587288
s8_sit,msptdfast,MSPTDfast v2,NeuroKit2 (author-contributed; Charlton 2025),peak,none,1.0,100.0,True,False,697,698,0.9805123176859909,0.0,0.20310047799993314,697,0,1,0.998567335243553,1.0,0.9992831541218639,372.2230569490953,11.365600200665268,16.480714675061485,0.09312061288746604,16.49230377246032,696,700.8493543758967,700.8776033715083,0.028248995611534156,0.028248995611534156,0.004030680121934301,51.82554154129068,53.50369555326784,1.6781540119771563,1.6781540119771563,3.2380829260416504,23.21872510286055,35.157245454043554,11.938520351183005,11.938520351183005,51.41763941945365,3.5919540229885056,7.913669064748201,4.3217150417596955,4.3217150417596955,120.31654676258992,23.235293495142578,35.1824818739954,11.947188378852822,11.947188378852822,51.41828047642448,16.429833593274996,24.87777151207494,8.447937918799944,8.447937918799944,51.41828047642446,71.42712426097935,71.4589907590818,0.03186649810244546,0.03186649810244546,0.04461400123853808,0.23002233063792288,0.3481405383396518,0.11811820770172893,0.11811820770172893,51.35075684788981,1.0827239482177928,1.4284834098516788,0.34575946163388593,0.34575946163388593,31.93422129463562,1.3180806021470912,1.1744461010560465,-0.1436345010910447,0.1436345010910447,-10.897247168122409,492.87552988095445,450.1673529111065,-42.708176969847955,42.708176969847955,-8.66510394219883,142.84777245208284,130.24812476074595,-12.599647691336884,12.599647691336884,-8.82033193451675,3.4503550277361565,3.4562290531093884,0.005874025373231895,0.005874025373231895,0.17024408578284636
s8_sit,msptdfast,MSPTDfast v2,NeuroKit2 (author-contributed; Charlton 2025),mid_upslope,none,1.0,100.0,True,False,697,698,0.9805123176859909,0.0,0.20310047799993314,697,0,1,0.998567335243553,1.0,0.9992831541218639,237.37716352499348,3.3000415969478563,4.7545417741171345,0.019526860925918165,4.757920950915248,696,700.8493543758967,700.8040096195466,-0.04534475635011859,0.04534475635011859,-0.006469971908656161,51.82554154129068,51.855057299956776,0.02951575866609346,0.02951575866609346,0.056952147123397696,23.21872510286055,23.12928966082654,-0.08943544203400933,0.08943544203400933,-0.385186704428448,3.5919540229885056,3.4532374100719423,-0.13871661291656334,0.13871661291656334,-3.8618705035971237,23.235293495142578,23.145822686212608,-0.0894708089299705,0.0894708089299705,-0.38506425128081423,16.429833593274996,16.366568177562367,-0.06326541571262823,0.06326541571262823,-0.38506425128081523,71.42712426097935,71.48446951088609,0.05734524990673151,0.05734524990673151,0.08028497647084921,0.23002233063792288,0.2289527821853664,-0.001069548452556468,0.001069548452556468,-0.46497592194213505,1.0827239482177928,1.180095447058858,0.09737149884106522,0.09737149884106522,8.993197111908591,1.3180806021470912,1.3219981827982616,0.003917580651170427,0.003917580651170427,0.29721859534150435,492.87552988095445,480.0420218595205,-12.833508021433943,12.833508021433943,-2.6038030381694246,142.84777245208284,143.64000719742378,0.7922347453409486,0.7922347453409486,0.5546006995710749,3.4503550277361565,3.341979934599517,-0.1083750931366394,0.1083750931366394,-3.140983819504115
s8_sit,msptdfast,MSPTDfast v2,NeuroKit2 (author-contributed; Charlton 2025),max_slope,none,1.0,100.0,True,False,697,698,0.9805123176859909,0.0,0.20310047799993314,697,0,1,0.998567335243553,1.0,0.9992831541218639,228.5633019700006,3.363261106165626,4.9905530298698135,0.011707350928661618,4.994128323188105,696,700.8493543758967,700.7961901095493,-0.05316426634738036,0.05316426634738036,-0.007585690992713107,51.82554154129068,52.11031089775335,0.2847693564626681,0.2847693564626681,0.5494768563793692,23.21872510286055,23.4776901723503,0.25896506948975073,0.25896506948975073,1.1153285477239498,3.5919540229885056,3.4532374100719423,-0.13871661291656334,0.13871661291656334,-3.8618705035971237,23.235293495142578,23.49447593541149,0.259182440268912,0.259182440268912,1.1154687601561608,16.429833593274996,16.61310325435362,0.18326966107862575,0.18326966107862575,1.1154687601561653,71.42712426097935,71.79814624334816,0.37102198236880213,0.37102198236880213,0.5194412993769252,0.23002233063792288,0.23138624217464063,0.001363911536717749,0.001363911536717749,0.5929474468566602,1.0827239482177928,1.2045863819408382,0.1218624337230454,0.1218624337230454,11.255171174853558,1.3180806021470912,1.3050172610925348,-0.013063341054556421,0.013063341054556421,-0.9910881802885843,492.87552988095445,490.46100082877297,-2.4145290521814786,2.4145290521814786,-0.48988616918447264,142.84777245208284,159.30867168759752,16.460899235514688,16.460899235514688,11.523385316376823,3.4503550277361565,3.07868363745171,-0.3716713902844466,0.3716713902844466,-10.771975269116213
s8_sit,msptdfast,MSPTDfast v2,NeuroKit2 (author-contributed; Charlton 2025),foot,none,1.0,100.0,True,False,697,698,0.9805123176859909,0.0,0.20310047799993314,697,0,1,0.998567335243553,1.0,0.9992831541218639,157.72675535072742,3.736944663001875,5.4104122492898545,0.0075628596941241825,5.4142979434554475,696,700.8493543758967,700.7920456183148,-0.057308757581949976,0.057308757581949976,-0.0081770436434208,51.82554154129068,52.2768346183602,0.45129307706951494,0.45129307706951494,0.8707927860434582,23.21872510286055,23.768076549624467,0.549351446763918,0.549351446763918,2.365984541917152,3.5919540229885056,3.884892086330935,0.29293806334242944,0.29293806334242944,8.155395683453236,23.235293495142578,23.785067530482245,0.5497740353396665,0.5497740353396665,2.36611616485326,16.429833593274996,16.818582541783965,0.3887489485089688,0.3887489485089688,2.3661161648532474,71.42712426097935,71.99215343852389,0.5650291775445311,0.5650291775445311,0.7910568756485785,0.23002233063792288,0.2336168837642261,0.003594553126303218,0.003594553126303218,1.5626974634742694,1.0827239482177928,1.2459501561278488,0.16322620791005593,0.16322620791005593,15.075514694094727,1.3180806021470912,1.2977668785259677,-0.02031372362112349,0.02031372362112349,-1.541159439569431,492.87552988095445,498.8418586978508,5.96632881689635,5.96632881689635,1.2105143094317168,142.84777245208284,170.01748641758988,27.169713965507043,27.169713965507043,19.02004735469075,3.4503550277361565,2.9340620733129543,-0.5162929544232022,0.5162929544232022,-14.963473331669055
s9_sit,msptdfast,MSPTDfast v2,NeuroKit2 (author-contributed; Charlton 2025),peak,none,1.0,100.0,True,False,549,557,0.9859623608868732,0.0,0.1929144554409756,433,116,124,0.77737881508079,0.7887067395264117,0.783001808318264,622.4659353682558,32.728148053207676,45.27085771333726,0.8198213563969686,45.32406816104361,374,875.4604316546763,885.1659060824177,9.705474427741365,9.705474427741365,1.1086137164871515,126.45211413916228,174.90169790267845,48.44958376351617,48.44958376351617,38.31456998037751,62.185482503830606,200.6422480770282,138.4567655731976,138.4567655731976,222.65126842855761,36.03603603603604,70.74954296160878,34.713506925572744,34.713506925572744,96.32998171846437,62.239444175113725,200.82526454111766,138.58582036600393,138.58582036600393,222.6655816142669,44.00993303350448,142.0049063906066,97.99497335710213,97.99497335710213,222.66558161426687,173.33032087581762,202.52361447365746,29.19329359783984,29.19329359783984,16.842577484614104,0.2539078726164441,0.7011770294524217,0.44726915683597757,0.44726915683597757,176.1541114212032,1.1901059154575024,1.6608650410776844,0.47075912562018196,0.47075912562018196,39.556069716636266,1.2065278691742085,0.7699061004441303,-0.4366217687300782,0.4366217687300782,-36.1882870578794,3436.4082964011973,6193.313268609578,2756.9049722083805,2756.9049722083805,80.22635072484165,1115.4182136210668,5318.133005313526,4202.71479169246,4202.71479169246,376.78376956467906,3.080824980654856,1.1645653206532498,-1.9162596600016064,1.9162596600016064,-62.199562520889735
s9_sit,msptdfast,MSPTDfast v2,NeuroKit2 (author-contributed; Charlton 2025),mid_upslope,none,1.0,100.0,True,False,549,557,0.9859623608868732,0.0,0.1929144554409756,535,14,22,0.9605026929982047,0.9744990892531876,0.9674502712477396,312.9926290929579,15.053868167335127,24.155571775385948,-0.46156918103838,24.174462189540325,519,875.4604316546763,885.1100935537149,9.64966189903862,9.64966189903862,1.1022384964675263,126.45211413916228,149.7547107869449,23.302596647782636,23.302596647782636,18.42800083368935,62.185482503830606,128.94514825013493,66.75966574630434,66.75966574630434,107.35570917567772,36.03603603603604,44.424131627056674,8.388095591020637,8.388095591020637,23.276965265082264,62.239444175113725,129.06203366306949,66.82258948795575,66.82258948795575,107.36373110908113,44.00993303350448,91.2606391968829,47.250706163378425,47.250706163378425,107.36373110908114,173.33032087581762,191.11369008822834,17.78336921241072,17.78336921241072,10.259814395169556,0.2539078726164441,0.47752015648252144,0.22361228386607734,0.22361228386607734,88.06827514319275,1.1901059154575024,1.2251453801519572,0.035039464694454736,0.035039464694454736,2.9442307814245936,1.2065278691742085,0.9379348254156489,-0.26859304375855964,0.26859304375855964,-22.261652682949997,3436.4082964011973,6412.308967382478,2975.9006709812807,2975.9006709812807,86.59915860690401,1115.4182136210668,3466.8391240078568,2351.4209103867897,2351.4209103867897,210.8106969809282,3.080824980654856,1.849612496575698,-1.2312124840791583,1.2312124840791583,-39.96372698255171
s9_sit,msptdfast,MSPTDfast v2,NeuroKit2 (author-contributed; Charlton 2025),max_slope,none,1.0,100.0,True,False,549,557,0.9859623608868732,0.0,0.1929144554409756,535,14,22,0.9605026929982047,0.9744990892531876,0.9674502712477396,296.1124148765161,14.205003710476516,21.115163362510213,-0.030706042616096885,21.135512619025945,519,875.4604316546763,885.155423238376,9.694991583699675,9.694991583699675,1.1074163072539462,126.45211413916228,152.80975122044097,26.357637081278696,26.357637081278696,20.843967110167693,62.185482503830606,136.7333655997534,74.5478830959228,74.5478830959228,119.87988207911818,36.03603603603604,46.435100548446066,10.399064512410028,10.399064512410028,28.857404021937825,62.239444175113725,136.85750182622726,74.61805765111353,74.61805765111353,119.88869540860932,44.00993303350448,96.77286759757561,52.76293456407113,52.76293456407113,119.88869540860934,173.33032087581762,193.22694489394647,19.896624018128847,19.896624018128847,11.479021049285294,0.2539078726164441,0.5008249116120418,0.2469170389955977,0.2469170389955977,97.24670466149475,1.1901059154575024,1.2239368000265325,0.03383088456903005,0.03383088456903005,2.8426784649687864,1.2065278691742085,0.9099281404634577,-0.2965997287107508,0.2965997287107508,-24.582915678007044,3436.4082964011973,6373.333416377381,2936.9251199761834,2936.9251199761834,85.46496419101011,1115.4182136210668,3964.931955595356,2849.5137419742896,2849.5137419742896,255.4659505445672,3.080824980654856,1.6074256728121807,-1.4733993078426755,1.4733993078426755,-47.82482994309828
s9_sit,msptdfast,MSPTDfast v2,NeuroKit2 (author-contributed; Charlton 2025),foot,none,1.0,100.0,True,False,549,557,0.9859623608868732,0.0,0.1929144554409756,538,11,19,0.9658886894075404,0.9799635701275046,0.972875226039783,234.00000000000463,22.26017786269627,31.618601891405618,0.01577580506754354,31.648753993142392,525,875.4604316546763,885.1642335766423,9.703801921966033,9.703801921966033,1.1084226734982443,126.45211413916228,150.07384935048077,23.621735211318494,23.621735211318494,18.680379819765175,62.185482503830606,132.65087316841635,70.46539066458575,70.46539066458575,113.31485714570938,36.03603603603604,52.46800731261426,16.431971276578224,16.431971276578224,45.598720292504574,62.239444175113725,132.77145545527296,70.53201128015922,70.53201128015922,113.32365225131824,44.00993303350448,93.88359650043114,49.87366346692666,49.87366346692666,113.32365225131825,173.33032087581762,190.34229909792998,17.01197822211236,17.01197822211236,9.814773396918005,0.2539078726164441,0.4932355915913813,0.2393277189749372,0.2393277189749372,94.25769926262515,1.1901059154575024,1.3734523296982666,0.18334641424076414,0.18334641424076414,15.405890505996,1.2065278691742085,0.9212497215537322,-0.2852781476204763,0.2852781476204763,-23.644555166034504,3436.4082964011973,6065.94146687013,2629.533170468933,2629.533170468933,76.5198120730511,1115.4182136210668,3564.602520344384,2449.1843067233176,2449.1843067233176,219.57542711915605,3.080824980654856,1.701716090994652,-1.3791088896602042,1.3791088896602042,-44.764272502330286
s10_sit,msptdfast,MSPTDfast v2,NeuroKit2 (author-contributed; Charlton 2025),peak,none,1.0,100.0,True,False,603,604,0.988292847642304,0.0,0.19223033400184472,399,204,205,0.6605960264900662,0.6616915422885572,0.6611433305716652,398.30813780703454,37.38523144503517,52.748291836675,3.3918600554328333,52.72261387492029,316,804.2719734660033,803.9697780758206,-0.3021953901826464,0.3021953901826464,-0.037573781028367545,62.96625943969139,107.50392857147143,44.53766913178004,44.53766913178004,70.73259477075636,25.937953054122264,150.33185778262379,124.39390472850152,124.39390472850152,479.582581050018,5.813953488372093,61.23128119800333,55.41732770963124,55.41732770963124,953.1780366056573,25.959318442642765,150.45708209077935,124.49776364813658,124.49776364813658,479.5879519071927,18.356010105773706,106.38922302393114,88.03321291815743,88.03321291815743,479.58795190719263,87.13527729140354,108.60719378091076,21.471916489507223,21.471916489507223,24.64204758045289,0.2106610626186031,0.9795780493007318,0.7689169866821287,0.7689169866821287,365.0019501108446,1.2469920328958066,1.6861888916011756,0.43919685870536895,0.43919685870536895,35.22050238648689,1.4222357628070719,0.5534594521290245,-0.8687763106780474,0.8687763106780474,-61.08525276873508,703.4768626141686,1070.910815931799,367.43395331763054,367.43395331763054,52.23113549921466,151.89685797700866,1873.8370857821126,1721.9402278051039,1721.9402278051039,1133.624652108169,4.6312798828310715,0.571506895694092,-4.05977298713698,4.05977298713698,-87.65984975745553
s10_sit,msptdfast,MSPTDfast v2,NeuroKit2 (author-contributed; Charlton 2025),mid_upslope,none,1.0,100.0,True,False,603,604,0.988292847642304,0.0,0.19223033400184472,603,0,1,0.9983443708609272,1.0,0.9991714995857498,274.51405787933516,2.5088331854525543,3.3051621136646254,-0.0057846299384153215,3.3079056234154645,602,804.2719734660033,804.3364080610914,0.06443459508818705,0.06443459508818705,0.008011543012061792,62.96625943969139,63.26441791647754,0.29815847678614915,0.29815847678614915,0.473521024496815,25.937953054122264,25.90185414712617,-0.03609890699609508,0.03609890699609508,-0.13917407792654618,5.813953488372093,4.825291181364393,-0.9886623070076999,0.9886623070076999,-17.004991680532438,25.959318442642765,25.923387567695013,-0.035930874947752045,0.035930874947752045,-0.13841224309159533,18.356010105773706,18.330603140444186,-0.025406965329519693,0.025406965329519693,-0.13841224309158653,87.13527729140354,87.57146873913322,0.43619144772968355,0.43619144772968355,0.5005911053349189,0.2106610626186031,0.2093216364230369,-0.0013394261955662068,0.0013394261955662068,-0.6358204876195875,1.2469920328958066,1.2884172055839236,0.04142517268811696,0.04142517268811696,3.322007807212532,1.4222357628070719,1.4227051064091663,0.0004693436020943853,0.0004693436020943853,0.033000407834495746,703.4768626141686,727.5817507651766,24.104888151008026,24.104888151008026,3.4265360286950446,151.89685797700866,151.56810677538485,-0.32875120162381677,0.32875120162381677,-0.21643054767701453,4.6312798828310715,4.800361805953086,0.16908192312201464,0.16908192312201464,3.650868170348106
s10_sit,msptdfast,MSPTDfast v2,NeuroKit2 (author-contributed; Charlton 2025),max_slope,none,1.0,100.0,True,False,603,604,0.988292847642304,0.0,0.19223033400184472,603,0,1,0.9983443708609272,1.0,0.9991714995857498,266.386540859501,3.2154284667546214,4.065716342404666,-0.004108829399977071,4.069095318153455,602,804.2719734660033,804.3380838616299,0.06611039562665155,0.06611039562665155,0.008219905430963778,62.96625943969139,63.73602075882632,0.7697613191349291,0.7697613191349291,1.2224980902227496,25.937953054122264,26.982765893690328,1.0448128395680634,1.0448128395680634,4.028123720433728,5.813953488372093,5.990016638935108,0.17606315056301547,0.17606315056301547,3.0282861896838664,25.959318442642765,27.00520577736146,1.0458873347186959,1.0458873347186959,4.028947589782023,18.356010105773706,19.09556413251042,0.739554026736716,0.739554026736716,4.028947589782033,87.13527729140354,88.09040875600624,0.9551314646027009,0.9551314646027009,1.0961478453881397,0.2106610626186031,0.21677234107746646,0.006111278458863362,0.006111278458863362,2.90100049002776,1.2469920328958066,1.2823334258164876,0.03534139292068095,0.03534139292068095,2.8341314129016513,1.4222357628070719,1.4003583962520587,-0.021877366555013156,0.021877366555013156,-1.5382376907632893,703.4768626141686,750.1182337031789,46.64137108901036,46.64137108901036,6.630121553065414,151.89685797700866,174.01359808969372,22.11674011268505,22.11674011268505,14.5603670854289,4.6312798828310715,4.310687451658446,-0.32059243117262515,0.32059243117262515,-6.922329016674523
s10_sit,msptdfast,MSPTDfast v2,NeuroKit2 (author-contributed; Charlton 2025),foot,none,1.0,100.0,True,False,603,604,0.988292847642304,0.0,0.19223033400184472,603,0,1,0.9983443708609272,1.0,0.9991714995857498,195.74348032708508,3.0804201266029927,3.8854781866820525,0.007037297558863346,3.888702975922985,602,804.2719734660033,804.3492299885887,0.07725652258545779,0.07725652258545779,0.009605770825573028,62.96625943969139,63.78871907416224,0.8224596344708459,0.8224596344708459,1.3061910327682582,25.937953054122264,27.81298139566254,1.8750283415402755,1.8750283415402755,7.228898663004871,5.813953488372093,6.821963394342761,1.0080099059706686,1.0080099059706686,17.3377703826955,25.959318442642765,27.836096641349553,1.8767781987067877,1.8767781987067877,7.229689804274091,18.356010105773706,19.68309269686235,1.3270825910886437,1.3270825910886437,7.229689804274092,87.13527729140354,88.03736266001783,0.9020853686142942,0.9020853686142942,1.0352699809486816,0.2106610626186031,0.22357658273879014,0.01291552012018704,0.01291552012018704,6.130947959552586,1.2469920328958066,1.3393034248264244,0.09231139193061777,0.09231139193061777,7.402725077260451,1.4222357628070719,1.3924214596058637,-0.029814303201208148,0.029814303201208148,-2.0962982355586073,703.4768626141686,746.7954458396091,43.318583225440534,43.318583225440534,6.157783649694702,151.89685797700866,175.49495739138905,23.598099414380385,23.598099414380385,15.535607338205923,4.6312798828310715,4.255366974300607,-0.37591290853046466,0.37591290853046466,-8.1168255437128
s11_sit,msptdfast,MSPTDfast v2,NeuroKit2 (author-contributed; Charlton 2025),peak,none,1.0,100.0,True,False,589,588,0.9852742551942427,0.003401360544217687,0.20748629442499672,400,189,188,0.6802721088435374,0.6791171477079796,0.6796941376380627,417.08815061999746,16.810282916705127,24.967057047298415,3.190759949518014,24.800514062646318,325,828.6541737649063,828.0280444218184,-0.6261293430878823,0.6261293430878823,-0.0755597887407152,79.17687458943618,121.08560412163565,41.90872953219947,41.90872953219947,52.93051759053768,38.07187382821857,155.9118470133141,117.83997318509552,117.83997318509552,309.51976179789045,16.723549488054605,53.504273504273506,36.7807240162189,36.7807240162189,219.93371707657425,38.1043998440733,156.04489446780948,117.94049462373619,117.94049462373619,309.5193602480541,26.943879522787856,110.34040304772726,83.39652352493941,83.39652352493941,309.519360248054,108.68294390457089,130.9520618633706,22.26911795879971,22.26911795879971,20.489984130677506,0.24791267658746843,0.842601494605342,0.5946888180178735,0.5946888180178735,239.87834192417978,1.2387984281449955,1.493741387445612,0.2549429593006165,0.2549429593006165,20.579858151933063,1.3550773299749492,0.7491768094660097,-0.6059005205089395,0.6059005205089395,-44.713353777392214,2699.726698279838,3580.767243669164,881.0405453893263,881.0405453893263,32.63443466150449,425.9870128496739,2532.3236670586243,2106.3366542089507,2106.3366542089507,494.46029824206255,6.337579824839734,1.4140243169738018,-4.923555507865933,4.923555507865933,-77.68826024988869
s11_sit,msptdfast,MSPTDfast v2,NeuroKit2 (author-contributed; Charlton 2025),mid_upslope,none,1.0,100.0,True,False,589,588,0.9852742551942427,0.003401360544217687,0.20748629442499672,587,2,1,0.9982993197278912,0.9966044142614601,0.9974511469838572,295.1847545934064,4.934551090366077,7.1747487801709635,-0.022990193217040655,7.180862578992803,584,828.6541737649063,827.7290881879497,-0.925085576956576,0.925085576956576,-0.11163711066023398,79.17687458943618,81.9581364817187,2.781261892282515,2.781261892282515,3.512719978787332,38.07187382821857,44.45138138150028,6.379507553281712,6.379507553281712,16.756484280406685,16.723549488054605,18.632478632478634,1.9089291444240288,1.9089291444240288,11.414617128902869,38.1043998440733,44.48942037403437,6.385020529961068,6.385020529961068,16.75664898565299,26.943879522787856,31.45877083753865,4.514891314750795,4.514891314750795,16.75664898565299,108.68294390457089,111.55544813456349,2.8725042299926002,2.8725042299926002,2.6430129022956943,0.24791267658746843,0.28200120535208273,0.034088528764614295,0.034088528764614295,13.750216097798935,1.2387984281449955,1.216035676775211,-0.022762751369784562,0.022762751369784562,-1.8374862974172492,1.3550773299749492,1.2932403906348957,-0.06183693934005352,0.06183693934005352,-4.5633513285324225,2699.726698279838,2867.3346362098914,167.6079379300536,167.6079379300536,6.208329829713761,425.9870128496739,563.6627187311778,137.67570588150397,137.67570588150397,32.31922610985519,6.337579824839734,5.086968750859291,-1.2506110739804432,1.2506110739804432,-19.733259517753986
s11_sit,msptdfast,MSPTDfast v2,NeuroKit2 (author-contributed; Charlton 2025),max_slope,none,1.0,100.0,True,False,589,588,0.9852742551942427,0.003401360544217687,0.20748629442499672,587,2,1,0.9982993197278912,0.9966044142614601,0.9974511469838572,287.59787968627313,5.855059909559471,7.5764509456285865,-0.0061410483960415065,7.582943484563601,584,828.6541737649063,827.7137515671694,-0.9404221977368934,0.9404221977368934,-0.1134878973051183,79.17687458943618,82.46751005253624,3.2906354631000596,3.2906354631000596,4.156056272950054,38.07187382821857,45.13325650660923,7.0613826783906575,7.0613826783906575,18.54750493829599,16.723549488054605,19.65811965811966,2.9345701700650544,2.9345701700650544,17.547531833246143,38.1043998440733,45.17187980013902,7.067479956065718,7.067479956065718,18.547674244933642,26.943879522787856,31.941342525621927,4.9974630028340705,4.9974630028340705,18.547674244933635,108.68294390457089,112.16742426476249,3.484480360191597,3.484480360191597,3.206096775636798,0.24791267658746843,0.28476487478420537,0.036852198196736935,0.036852198196736935,14.864991457479892,1.2387984281449955,1.2097521610103494,-0.029046267134646087,0.029046267134646087,-2.3447129472177823,1.3550773299749492,1.2896861529777723,-0.06539117699717689,0.06539117699717689,-4.825641721744821,2699.726698279838,2911.5760489521235,211.8493506722857,211.8493506722857,7.847066549635117,425.9870128496739,593.4696050031152,167.48259215344137,167.48259215344137,39.316361086469115,6.337579824839734,4.9060238711582205,-1.4315559536815137,1.4315559536815137,-22.588369586614476
s11_sit,msptdfast,MSPTDfast v2,NeuroKit2 (author-contributed; Charlton 2025),foot,none,1.0,100.0,True,False,589,588,0.9852742551942427,0.0,0.20748629442499672,587,2,1,0.9982993197278912,0.9966044142614601,0.9974511469838572,216.11183189040247,6.189317586762084,8.74884434618667,-0.007255232696703132,8.756341417558344,584,828.6541737649063,825.8201972425531,-2.8339765223531685,2.8339765223531685,-0.3419974957076826,79.17687458943618,88.31842875361241,9.141554164176227,9.141554164176227,11.545737580043225,38.07187382821857,57.06110267965427,18.989228851435698,18.989228851435698,49.87731609196769,16.723549488054605,20.442930153321974,3.7193806652673693,3.7193806652673693,22.24037826374162,38.1043998440733,57.109767399036514,19.005367554963215,19.005367554963215,49.87709459467915,26.943879522787856,40.38270379984514,13.438824277057282,13.438824277057282,49.87709459467914,108.68294390457089,118.19275336850308,9.509809463932186,9.509809463932186,8.750047728079833,0.24791267658746843,0.3416681873375042,0.09375551075003577,0.09375551075003577,37.81795753270285,1.2387984281449955,1.1819857525933346,-0.05681267555166092,0.05681267555166092,-4.586111368960444,1.3550773299749492,1.206696603469741,-0.14838072650520817,0.14838072650520817,-10.949982205661373,2699.726698279838,2968.47426274765,268.747564467812,268.747564467812,9.95462113402248,425.9870128496739,678.0519597610698,252.06494691139596,252.06494691139596,59.17197926415351,6.337579824839734,4.377945111748771,-1.9596347130909635,1.9596347130909635,-30.920868332266238
s12_sit,msptdfast,MSPTDfast v2,NeuroKit2 (author-contributed; Charlton 2025),peak,none,1.0,100.0,True,False,590,589,0.9878169245966414,0.001697792869269949,0.19544740697955618,527,63,62,0.8947368421052632,0.8932203389830509,0.8939779474130618,419.54516419746244,12.193525489500239,15.529681325030728,-0.08921436494307763,15.545071845002898,497,824.5136054421769,824.1914192213102,-0.32218622086668347,0.32218622086668347,-0.039075913209934095,41.7104665198361,72.04708966090215,30.336623141066042,30.336623141066042,72.73144050460083,21.879178841546043,102.87835877665303,80.99917993510698,80.99917993510698,370.21124294344565,1.362862010221465,29.471890971039183,28.109028960817717,28.109028960817717,2062.5,21.897806997768605,102.9634031737219,81.06559617595329,81.06559617595329,370.19961032725286,15.484087821236415,72.80612059818326,57.32203277694684,57.32203277694684,370.19961032725297,56.91896923652936,71.27997657585853,14.36100733932917,14.36100733932917,25.230617370548917,0.2720373898004299,1.0214105572930507,0.7493731674926208,0.7493731674926208,275.4669746105013,1.4161534721948008,1.4213325064123776,0.005179034217576817,0.005179034217576817,0.3657113666889635,1.3409288086865765,0.558009797492503,-0.7829190111940735,0.7829190111940735,-58.386321937622704,449.15597317788973,583.653221683052,134.4972485051623,134.4972485051623,29.94444169439871,41.95531463575461,746.5120588132938,704.5567441775393,704.5567441775393,1679.3027302841654,10.705579902745287,0.7818403129493537,-9.923739589795932,9.923739589795932,-92.69688965892578
s12_sit,msptdfast,MSPTDfast v2,NeuroKit2 (author-contributed; Charlton 2025),mid_upslope,none,1.0,100.0,True,False,590,589,0.9878169245966414,0.001697792869269949,0.19544740697955618,588,2,1,0.99830220713073,0.9966101694915255,0.9974554707379135,282.82961614186297,3.091058328345518,3.99746735643223,0.03243122808562328,4.000750865417251,586,824.5136054421769,823.9653226332472,-0.5482828089296845,0.5482828089296845,-0.06649772730380198,41.7104665198361,43.00742601640591,1.296959496569805,1.296959496569805,3.109434165530166,21.879178841546043,27.448965979108067,5.569787137562024,5.569787137562024,25.457020932548158,1.362862010221465,1.8739352640545146,0.5110732538330496,0.5110732538330496,37.500000000000014,21.897806997768605,27.47225239500892,5.574445397240314,5.574445397240314,25.456637725450555,15.484087821236415,19.42581596297918,3.9417281417427645,3.9417281417427645,25.45663772545056,56.91896923652936,57.63605693735232,0.7170877008229652,0.7170877008229652,1.259839576228225,0.2720373898004299,0.3370427644641639,0.06500537466373402,0.06500537466373402,23.895750033266673,1.4161534721948008,1.4271163556401458,0.010962883445345017,0.010962883445345017,0.7741310289169706,1.3409288086865765,1.2075934476044763,-0.1333353610821002,0.1333353610821002,-9.943507829673715,449.15597317788973,484.2177063247713,35.06173314688158,35.06173314688158,7.806137564822111,41.95531463575461,96.21398562689949,54.258670991144875,54.258670991144875,129.32490546717352,10.705579902745287,5.032716430670281,-5.672863472075005,5.672863472075005,-52.989782184711764
s12_sit,msptdfast,MSPTDfast v2,NeuroKit2 (author-contributed; Charlton 2025),max_slope,none,1.0,100.0,True,False,590,589,0.9878169245966414,0.0,0.19544740697955618,588,2,1,0.99830220713073,0.9966101694915255,0.9974554707379135,272.68163832874427,4.389574654528177,5.487004655863336,0.030495011848472586,5.49160758717887,586,824.5136054421769,823.0446319376285,-1.4689735045483303,1.4689735045483303,-0.17816243356718622,41.7104665198361,48.31563932513255,6.605172805296448,6.605172805296448,15.835768228953391,21.879178841546043,36.29639412057176,14.417215279025719,14.417215279025719,65.89468180427816,1.362862010221465,2.2108843537414966,0.8480223435200316,0.8480223435200316,62.22363945578232,21.897806997768605,36.32718960845517,14.429382610686567,14.429382610686567,65.8941902819626,15.484087821236415,25.687202113588135,10.20311429235172,10.20311429235172,65.89419028196261,56.91896923652936,63.31642483880674,6.3974556022773825,6.3974556022773825,11.23958442692886,0.2720373898004299,0.4056957129051988,0.13365832310476888,0.13365832310476888,49.132335523003775,1.4161534721948008,1.338143527418895,-0.07800994477590573,0.07800994477590573,-5.508579847281903,1.3409288086865765,1.0911947028837428,-0.24973410580283373,0.24973410580283373,-18.62396453749437,449.15597317788973,551.388938078127,102.23296490023728,102.23296490023728,22.761127760789584,41.95531463575461,207.08651375566464,165.13119911991004,165.13119911991004,393.5882749385559,10.705579902745287,2.6626018666222504,-8.042978036123037,8.042978036123037,-75.12884037286514
s12_sit,msptdfast,MSPTDfast v2,NeuroKit2 (author-contributed; Charlton 2025),foot,none,1.0,100.0,True,False,590,589,0.9878169245966414,0.0,0.19544740697955618,588,2,1,0.99830220713073,0.9966101694915255,0.9974554707379135,199.75942307988046,4.942536612077018,6.525506637625372,0.05053159187128588,6.530885791343077,586,824.5136054421769,823.0730050933786,-1.4406003487982844,1.4406003487982844,-0.17472123434830497,41.7104665198361,48.248783456646365,6.538316936810261,6.538316936810261,15.675482636236772,21.879178841546043,36.18091723879066,14.30173839724462,14.30173839724462,65.36688831340993,1.362862010221465,2.7210884353741496,1.3582264251526845,1.3582264251526845,99.65986394557824,21.897806997768605,36.21157181558796,14.313764817819354,14.313764817819354,65.36620228353429,15.484087821236415,25.605447988225908,10.121360166989493,10.121360166989493,65.36620228353429,56.91896923652936,63.24753942577499,6.328570189245632,6.328570189245632,11.11856077882748,0.2720373898004299,0.40484496662950076,0.13280757682907085,0.13280757682907085,48.81960414577576,1.4161534721948008,1.395190184626567,-0.020963287568233735,0.020963287568233735,-1.480297720539014,1.3409288086865765,1.0934378795179303,-0.24749092916864623,0.24749092916864623,-18.456679248398025,449.15597317788973,550.6268130791647,101.47083990127493,101.47083990127493,22.591448396721432,41.95531463575461,215.67461690305976,173.71930226730515,173.71930226730515,414.0579179908243,10.705579902745287,2.5530441226037155,-8.152535780141571,8.152535780141571,-76.15221084895154
s13_sit,msptdfast,MSPTDfast v2,NeuroKit2 (author-contributed; Charlton 2025),peak,none,1.0,100.0,True,False,604,603,0.9854401221945752,0.001658374792703151,0.18980792540185537,539,65,64,0.8938640132669984,0.8923841059602649,0.8931234465617233,560.0700864520701,33.03773791175839,54.1892236908198,3.137829724949659,54.1532493543785,493,807.3421926910299,806.9200211748403,-0.4221715161896782,0.4221715161896782,-0.05229152149010046,58.78134995052536,96.05672354473509,37.27537359420973,37.27537359420973,63.41360588959489,34.59256554062295,129.07184383646776,94.47927829584481,94.47927829584481,273.120182962132,15.640599001663894,55.906821963394336,40.26622296173044,40.26622296173044,257.4468085106382,34.62087828945272,129.1786796102959,94.55780132084317,94.55780132084317,273.1236351957318,24.480657809106138,91.34312033716463,66.8624625280585,66.8624625280585,273.12363519573194,79.44300848561632,100.54960290010891,21.10659441449259,21.10659441449259,26.56822144180766,0.30815371013471277,0.9084383995818416,0.6002846894471288,0.6002846894471288,194.80040956985647,1.593039902160245,1.7017630153949719,0.10872311323472683,0.10872311323472683,6.824883236590159,1.1711667929000436,0.6054645053802596,-0.5657022875197839,0.5657022875197839,-48.30245281451259,797.2031842286465,1183.2900225625503,386.08683833390387,386.08683833390387,48.43016761247281,313.4985263042611,1740.463526531941,1426.9650002276799,1426.9650002276799,455.17438855287037,2.5429248220928904,0.6798706232703318,-1.8630541988225586,1.8630541988225586,-73.26422639931678
s13_sit,msptdfast,MSPTDfast v2,NeuroKit2 (author-contributed; Charlton 2025),mid_upslope,none,1.0,100.0,True,False,604,603,0.9854401221945752,0.001658374792703151,0.18980792540185537,602,2,1,0.9983416252072969,0.9966887417218543,0.9975144987572493,268.4424355137188,6.015345635880268,10.78660126491045,-0.013685985454255273,10.795592661366651,600,807.3421926910299,806.7191714380192,-0.6230212530107337,0.6230212530107337,-0.0771694157261968,58.78134995052536,60.30695279688813,1.5256028463627729,1.5256028463627729,2.5953858624322694,34.59256554062295,37.36719221155371,2.7746266709307577,2.7746266709307577,8.020875663796723,15.640599001663894,15.806988352745424,0.16638935108153063,0.16638935108153063,1.0638297872340416,34.62087828945272,37.397400412993036,2.7765221235403175,2.7765221235403175,8.019791122359214,24.480657809106138,26.443955430775972,1.9632976216698346,1.9632976216698346,8.019791122359226,79.44300848561632,81.08374888019992,1.6407403945836023,1.6407403945836023,2.065304959945807,0.30815371013471277,0.3261313863255945,0.017977676190881753,0.017977676190881753,5.833996346505974,1.593039902160245,1.5247461314040451,-0.06829377075619991,0.06829377075619991,-4.287009425413011,1.1711667929000436,1.0890452052939947,-0.08212158760604882,0.08212158760604882,-7.011946385766226,797.2031842286465,845.0438315446519,47.8406473160054,47.8406473160054,6.001060741157826,313.4985263042611,384.0187056558048,70.52017935154373,70.52017935154373,22.4945808144251,2.5429248220928904,2.2005277844513724,-0.34239703764151797,0.34239703764151797,-13.46469367347308
s13_sit,msptdfast,MSPTDfast v2,NeuroKit2 (author-contributed; Charlton 2025),max_slope,none,1.0,100.0,True,False,604,603,0.9854401221945752,0.001658374792703151,0.18980792540185537,602,2,1,0.9983416252072969,0.9966887417218543,0.9975144987572493,253.29265212903894,5.010560719387013,8.592504086778453,0.03049435059775154,8.599619313072468,600,807.3421926910299,806.7139606859827,-0.6282320050472663,0.6282320050472663,-0.07781483622864374,58.78134995052536,60.52390283583565,1.742552885310289,1.742552885310289,2.9644655775632027,34.59256554062295,36.781744840786835,2.189179300163886,2.189179300163886,6.328467593977891,15.640599001663894,13.477537437603992,-2.163061564059902,2.163061564059902,-13.829787234042563,34.62087828945272,36.81161057912257,2.190732289669853,2.190732289669853,6.327777912951624,24.480657809106138,26.029739466896025,1.5490816577898876,1.5490816577898876,6.327777912951634,79.44300848561632,81.53979575795407,2.0967872723377496,2.0967872723377496,2.6393603569499597,0.30815371013471277,0.319227430298743,0.011073720164030243,0.011073720164030243,3.593570286461664,1.593039902160245,1.495261083354446,-0.09777881880579908,0.09777881880579908,-6.137876312652678,1.1711667929000436,1.0841783655079733,-0.08698842739207024,0.08698842739207024,-7.4275011825317785,797.2031842286465,871.8515797741337,74.64839554548723,74.64839554548723,9.36378542161935,313.4985263042611,406.9316265581923,93.43310025393123,93.43310025393123,29.80336187075125,2.5429248220928904,2.14250140041513,-0.40042342167776024,0.40042342167776024,-15.746569391233589
s13_sit,msptdfast,MSPTDfast v2,NeuroKit2 (author-contributed; Charlton 2025),foot,none,1.0,100.0,True,False,604,603,0.9854401221945752,0.001658374792703151,0.18980792540185537,602,2,1,0.9983416252072969,0.9966887417218543,0.9975144987572493,184.7508560117563,5.394286697758412,9.157132116822508,0.02028863092249234,9.164750117575139,600,807.3421926910299,806.6115301748877,-0.7306625161422744,0.7306625161422744,-0.0905022086987468,58.78134995052536,60.90646264400847,2.1251126934831106,2.1251126934831106,3.6152839212977574,34.59256554062295,37.880803024735386,3.288237484112436,3.288237484112436,9.505619004323265,15.640599001663894,14.143094841930118,-1.4975041597337757,1.4975041597337757,-9.574468085106375,34.62087828945272,37.91123015543951,3.2903518659867927,3.2903518659867927,9.503952610552926,24.480657809106138,26.80728792603521,2.326630116929074,2.326630116929074,9.503952610552936,79.44300848561632,81.85697097781377,2.413962492197456,2.413962492197456,3.038609108861379,0.30815371013471277,0.32748937086006963,0.019335660725356862,0.019335660725356862,6.274680488806728,1.593039902160245,1.5170261127581652,-0.07601378940207981,0.07601378940207981,-4.771618670630984,1.1711667929000436,1.0702219262270494,-0.10094486667299418,0.10094486667299418,-8.61917083757425,797.2031842286465,878.3448159903957,81.14163176174918,81.14163176174918,10.178287463848976,313.4985263042611,422.1366776786997,108.63815137443862,108.63815137443862,34.653480721310174,2.5429248220928904,2.0807119173352877,-0.4622129047576027,0.4622129047576027,-18.17642821140068
s14_sit,msptdfast,MSPTDfast v2,NeuroKit2 (author-contributed; Charlton 2025),peak,none,1.0,100.0,True,False,443,444,0.987612517283219,0.0022624434389140274,0.19076703631618996,438,5,6,0.9864864864864865,0.9887133182844243,0.987598647125141,567.6920298436823,44.10116976700827,58.03214090469897,-0.32803877464915104,58.09849633276918,432,1116.6365688487585,1118.7660089872854,2.1294401385268884,2.1294401385268884,0.19070127183120292,71.62004584881278,100.01663348659523,28.396587637782446,28.396587637782446,39.64893808882303,35.48105096210506,123.23832377678299,87.75727281467793,87.75727281467793,247.33560713408858,12.217194570135746,63.63636363636363,51.41916906622789,51.41916906622789,420.8754208754209,35.52124197797315,123.37857594020797,87.85733396223482,87.85733396223482,247.33744956529245,25.117311078793065,87.24182770046048,62.12451662166741,62.12451662166741,247.33744956529245,98.12228400798276,111.3351581822517,13.212874174268947,13.212874174268947,13.465722193333791,0.25597968221723866,0.7835963870249207,0.5276167048076821,0.5276167048076821,206.11663403813318,1.3260453518123536,1.9729388214432326,0.646893469630879,0.646893469630879,48.78366103744088,1.326210862860182,0.7376776630146833,-0.5885331998454988,0.5885331998454988,-44.37704563633527,2019.6338268699633,2753.6655565444566,734.0317296744934,734.0317296744934,36.3447927990045,216.44998851203997,2331.615847812341,2115.1658593003012,2115.1658593003012,977.2076560690812,9.330718106079372,1.1810116830043453,-8.149706423075028,8.149706423075028,-87.34275679987735
s14_sit,msptdfast,MSPTDfast v2,NeuroKit2 (author-contributed; Charlton 2025),mid_upslope,none,1.0,100.0,True,False,443,444,0.987612517283219,0.0022624434389140274,0.19076703631618996,442,1,2,0.9954954954954955,0.9977426636568849,0.9966178128523112,292.06735994727563,12.641828469688905,22.009836580046283,0.07944362927252396,22.0347469335921,440,1116.6365688487585,1119.0044963059806,2.3679274572220947,2.3679274572220947,0.212058920805666,71.62004584881278,76.31471745115411,4.69467160234133,4.69467160234133,6.554968719583907,35.48105096210506,71.4299522186289,35.94890125652384,35.94890125652384,101.31859198567275,12.217194570135746,22.727272727272727,10.51007815713698,10.51007815713698,86.02693602693604,35.52124197797315,71.51121669444673,35.98997471647358,35.98997471647358,101.31958431743772,25.117311078793065,50.56606625554393,25.448755176750865,25.448755176750865,101.31958431743772,98.12228400798276,95.34644798176234,-2.775836026220418,2.775836026220418,-2.8289557813336157,0.25597968221723866,0.5303403254751147,0.274360643257876,0.274360643257876,107.18063280703593,1.3260453518123536,1.511531773448954,0.18548642163660034,0.18548642163660034,13.98793950622348,1.326210862860182,0.9130796911221255,-0.4131311717380566,0.4131311717380566,-31.151243237977578,2019.6338268699633,1945.0676427264934,-74.56618414346985,74.56618414346985,-3.6920645292930567,216.44998851203997,805.7164476130699,589.26645910103,589.26645910103,272.24139079510843,9.330718106079372,2.414084568446808,-6.916633537632563,6.916633537632563,-74.12755866160047
s14_sit,msptdfast,MSPTDfast v2,NeuroKit2 (author-contributed; Charlton 2025),max_slope,none,1.0,100.0,True,False,443,444,0.987612517283219,0.0022624434389140274,0.19076703631618996,442,1,2,0.9954954954954955,0.9977426636568849,0.9966178128523112,258.4265280250455,7.237932220824516,11.620805470805799,0.04117063218419126,11.63396046990445,440,1116.6365688487585,1119.046180281216,2.4096114324574955,2.4096114324574955,0.21579191472672093,71.62004584881278,75.1926465838402,3.5726007350274216,3.5726007350274216,4.9882692655196665,35.48105096210506,67.94010839610884,32.45905743400378,32.45905743400378,91.48279589765008,12.217194570135746,19.090909090909093,6.873714520773348,6.873714520773348,56.26262626262629,35.52124197797315,68.01733207082142,32.49609009284828,32.49609009284828,91.48354134970624,25.117311078793065,48.09551674549507,22.978205666702003,22.978205666702003,91.48354134970624,98.12228400798276,94.84033672203192,-3.281947285950835,3.281947285950835,-3.3447522335332427,0.25597968221723866,0.5071208982150548,0.25114121599781614,0.25114121599781614,98.10982411669832,1.3260453518123536,1.3818868272852711,0.05584147547291751,0.05584147547291751,4.211128631203825,1.326210862860182,0.9417353547597841,-0.384475508100398,0.384475508100398,-28.990526232850797,2019.6338268699633,1953.945811856326,-65.68801501363737,65.68801501363737,-3.252471519326893,216.44998851203997,729.1138263325527,512.6638378205128,512.6638378205128,236.85094249473522,9.330718106079372,2.679891316400741,-6.65082678967863,6.65082678967863,-71.27883099742692
s14_sit,msptdfast,MSPTDfast v2,NeuroKit2 (author-contributed; Charlton 2025),foot,none,1.0,100.0,True,False,443,444,0.987612517283219,0.0,0.19076703631618996,442,1,2,0.9954954954954955,0.9977426636568849,0.9966178128523112,176.116122339897,16.262524908112912,27.540511903653584,0.11968570243503998,27.571601024016093,440,1116.6365688487585,1117.2657723426762,0.6292034939176574,0.6292034939176574,0.05634810031041345,71.62004584881278,86.56429562905774,14.94424978024496,14.94424978024496,20.866015377582567,35.48105096210506,86.99001903930484,51.50896807719978,51.50896807719978,145.1731746396494,12.217194570135746,31.065759637188208,18.848565067052462,18.848565067052462,154.27899554883683,35.52124197797315,87.06945388311065,51.54821190513751,51.54821190513751,145.11939626745806,25.117311078793065,61.56740127495692,36.450090196163856,36.450090196163856,145.11939626745806,98.12228400798276,105.81214323393247,7.689859225949718,7.689859225949718,7.837016131141125,0.25597968221723866,0.581855724619829,0.3258760424025904,0.3258760424025904,127.3054328296391,1.3260453518123536,1.4899788318504676,0.16393348003811403,0.16393348003811403,12.362584719599544,1.326210862860182,0.9024195359584649,-0.42379132690171717,0.42379132690171717,-31.955048685677674,2019.6338268699633,2009.6142373220468,-10.01958954791644,10.01958954791644,-0.4961092161664196,216.44998851203997,966.7162743100215,750.2662857979815,750.2662857979815,346.6233890588764,9.330718106079372,2.0788045993705624,-7.25191350670881,7.25191350670881,-77.72085089553686
s15_sit,msptdfast,MSPTDfast v2,NeuroKit2 (author-contributed; Charlton 2025),peak,none,1.0,100.0,True,False,678,685,0.9909656960708211,0.0014771048744460858,0.19448572596543134,579,99,106,0.8452554744525548,0.8539823008849557,0.8495964783565664,564.9884191081406,55.66656305726359,72.0651640042175,3.305218382441136,72.05746780160567,529,707.5350877192982,714.14168080381,6.606593084511815,6.606593084511815,0.9337477673097199,84.27689284429475,121.54759546673495,37.2707026224402,37.2707026224402,44.22410623431438,41.61040809092914,151.14766623133522,109.53725814040608,109.53725814040608,263.2448542706906,21.96193265007321,65.48148148148148,43.51954883140827,43.51954883140827,198.159012345679,41.640353598933366,151.25950605129407,109.61915245236071,109.61915245236071,263.25221324529923,29.444176400811443,106.95662244779766,77.51244604698621,77.51244604698621,263.25221324529923,115.49125426219675,134.56565996586707,19.074405703670323,19.074405703670323,16.515887567006764,0.25494723898283334,0.7948285058381721,0.5398812668553388,0.5398812668553388,211.76195867400284,1.2954118646427175,1.7090182648469507,0.4136064002042332,0.4136064002042332,31.928563532055374,1.336130198526491,0.824010401811461,-0.51211979671503,0.51211979671503,-38.32858483999577,2725.9210308297584,3689.5200677222865,963.5990368925281,963.5990368925281,35.349484669378434,599.4884514523582,2531.862181262097,1932.3737298097385,1932.3737298097385,322.33710676631875,4.547078470362143,1.4572357433306713,-3.0898427270314714,3.0898427270314714,-67.95226313271404
s15_sit,msptdfast,MSPTDfast v2,NeuroKit2 (author-contributed; Charlton 2025),mid_upslope,none,1.0,100.0,True,False,678,685,0.9909656960708211,0.0014771048744460858,0.19448572596543134,677,1,8,0.9883211678832117,0.9985250737463127,0.9933969185619957,297.20183517786194,9.61120232922535,14.177863157476855,0.13676805778585266,14.187811180096865,669,707.5350877192982,713.7919291200919,6.256841400793746,6.256841400793746,0.8843153519018176,84.27689284429475,98.42187718718588,14.144984342891135,14.144984342891135,16.783941440537696,41.61040809092914,93.06455672801137,51.45414863708223,51.45414863708223,123.65691902045769,21.96193265007321,29.925925925925927,7.963993275852719,7.963993275852719,36.26271604938271,41.640353598933366,93.13331520532417,51.4929616063908,51.4929616063908,123.6612015890994,29.444176400811443,65.85519873606891,36.41102233525747,36.41102233525747,123.6612015890994,115.49125426219675,122.6247308561037,7.133476593906948,7.133476593906948,6.176637910358134,0.25494723898283334,0.5370466322437677,0.28209939326093436,0.28209939326093436,110.6501072090172,1.2954118646427175,1.4079490594733197,0.1125371948306022,0.1125371948306022,8.687367925384923,1.336130198526491,1.0453635903831369,-0.2907666081433542,0.2907666081433542,-21.761846896658497,2725.9210308297584,3279.341795826083,553.4207649963246,553.4207649963246,20.302156912735867,599.4884514523582,1831.2409228732236,1231.7524714208653,1231.7524714208653,205.46725603082842,4.547078470362143,1.7907757274672433,-2.7563027428948996,2.7563027428948996,-60.617004101875104
s15_sit,msptdfast,MSPTDfast v2,NeuroKit2 (author-contributed; Charlton 2025),max_slope,none,1.0,100.0,True,False,678,685,0.9909656960708211,0.0014771048744460858,0.19448572596543134,675,3,10,0.9854014598540146,0.995575221238938,0.9904622157006603,275.393394451526,15.912862447830578,24.517728432363754,0.11034334828225492,24.535907398677768,666,707.5350877192982,713.762832407132,6.22774468783382,6.22774468783382,0.8802029462466129,84.27689284429475,102.38535171122031,18.10845886692556,18.10845886692556,21.48686105500084,41.61040809092914,101.25710209379608,59.64669400286694,59.64669400286694,143.34561168572054,21.96193265007321,38.074074074074076,16.112141424000868,16.112141424000868,73.36395061728395,41.640353598933366,101.33195988405227,59.6916062851189,59.6916062851189,143.35038280426113,29.444176400811443,71.65251598493656,42.20833958412511,42.20833958412511,143.3503828042611,115.49125426219675,125.82304019172713,10.331785929530383,10.331785929530383,8.94594659615905,0.25494723898283334,0.5694705506698423,0.314523311687009,0.314523311687009,123.36800074472944,1.2954118646427175,1.4108592679441732,0.11544740330145564,0.11544740330145564,8.912022998438164,1.336130198526491,1.0091500834762095,-0.3269801150502816,0.3269801150502816,-24.472174598768984,2725.9210308297584,3485.8158978236547,759.8948669938964,759.8948669938964,27.876628060739815,599.4884514523582,2074.4328377801403,1474.944386327782,1474.944386327782,246.03382813371798,4.547078470362143,1.68037057374865,-2.8667078966134927,2.8667078966134927,-63.04505003154651
s15_sit,msptdfast,MSPTDfast v2,NeuroKit2 (author-contributed; Charlton 2025),foot,none,1.0,100.0,True,False,678,685,0.9909656960708211,0.0,0.19448572596543134,677,1,8,0.9883211678832117,0.9985250737463127,0.9933969185619957,206.91623646762676,11.281664422224328,17.257505963289038,0.27166806844508334,17.268278392362664,669,707.5350877192982,713.1147167780053,5.579629058707155,5.579629058707155,0.7886010398004137,84.27689284429475,99.79786057425011,15.520967729955359,15.520967729955359,18.416634982771644,41.61040809092914,91.97571266550301,50.36530457457387,50.36530457457387,121.04016010732961,21.96193265007321,32.24852071005917,10.28658805998596,10.28658805998596,46.83826429980273,41.640353598933366,92.04356760414926,50.403214005215894,50.403214005215894,121.0441546454759,29.444176400811443,65.08463081749638,35.64045441668493,35.64045441668493,121.04415464547594,115.49125426219675,125.23265062173334,9.741396359536594,9.741396359536594,8.43474808700316,0.25494723898283334,0.5197097601494138,0.2647625211665805,0.2647625211665805,103.84992684090533,1.2954118646427175,1.4317972321308514,0.1363853674881339,0.1363853674881339,10.52834015270887,1.336130198526491,1.0422213686861412,-0.29390882984034983,0.29390882984034983,-21.99702021288628,2725.9210308297584,3328.5277080297406,602.6066771999822,602.6066771999822,22.10653464955848,599.4884514523582,1907.396996253263,1307.908544800905,1307.908544800905,218.17076569736818,4.547078470362143,1.7450628865244269,-2.802015583837716,2.802015583837716,-61.62232743730405
s16_sit,msptdfast,MSPTDfast v2,NeuroKit2 (author-contributed; Charlton 2025),peak,none,1.0,100.0,True,False,521,524,0.98363477640752,0.0,0.1907640997896182,479,42,45,0.9141221374045801,0.9193857965451055,0.9167464114832536,626.1836390830542,22.089235898117693,32.49439672658223,0.11134005216750084,32.53086047842188,444,931.4990439770554,935.0978560086414,3.5988120315860215,3.5988120315860215,0.38634629362804446,50.392344746459024,105.45344302181365,55.06109827535463,55.06109827535463,109.26480709001673,28.598287867730562,156.59381027181317,127.9955224040826,127.9955224040826,447.56358491135006,7.854406130268199,44.50867052023121,36.65426438996302,36.65426438996302,466.6713661356267,28.623775736755814,156.74265279065307,128.11887705389725,128.11887705389725,447.59600631365936,20.240065926623004,110.83379268943932,90.59372676281632,90.59372676281632,447.59600631365936,68.3309340590183,99.78340387250871,31.45246981349041,31.45246981349041,46.02962076637868,0.2962064869352056,1.1107437548537578,0.8145372679185521,0.8145372679185521,274.989679107443,1.4010435457324868,1.3992370617747285,-0.001806483957758287,0.001806483957758287,-0.12893845899799136,1.3364215239053874,0.5906090261689555,-0.7458124977364319,0.7458124977364319,-55.80668108045468,994.9537435825597,1895.8884618798606,900.934718297301,900.934718297301,90.55041242955461,179.20625812931434,2742.911968739534,2563.7057106102197,2563.7057106102197,1430.5893875426284,5.552003339440334,0.6911955190275716,-4.860807820412762,4.860807820412762,-87.55052047397999
s16_sit,msptdfast,MSPTDfast v2,NeuroKit2 (author-contributed; Charlton 2025),mid_upslope,none,1.0,100.0,True,False,521,524,0.98363477640752,0.0,0.1907640997896182,515,6,9,0.982824427480916,0.9884836852207294,0.985645933014354,303.24631371030176,9.155086022067255,14.119368938762545,-0.48280729918215615,14.125021232366125,508,931.4990439770554,935.0327885833708,3.5337446063153948,3.5337446063153948,0.3793610556193376,50.392344746459024,72.77436293304797,22.382018186588944,22.382018186588944,44.41551251326063,28.598287867730562,76.86556971095969,48.26728184322913,48.26728184322913,168.7768235163912,7.854406130268199,19.845857418111752,11.991451287843553,11.991451287843553,152.67164810376428,28.623775736755814,76.93857607914175,48.31480034238594,48.31480034238594,168.79254779915306,20.240065926623004,54.40378888039823,34.16372295377523,34.16372295377523,168.79254779915308,68.3309340590183,87.36385726419725,19.032923205178946,19.032923205178946,27.854036341344266,0.2962064869352056,0.6227264979369627,0.32652001100175704,0.32652001100175704,110.23391633998293,1.4010435457324868,1.3749550411845002,-0.026088504547986613,0.026088504547986613,-1.8620766376213629,1.3364215239053874,0.8390586537551044,-0.497362870150283,0.497362870150283,-37.216017645155354,994.9537435825597,1886.5056112435816,891.5518676610219,891.5518676610219,89.60736852456924,179.20625812931434,1619.5316037113614,1440.325345582047,1440.325345582047,803.7249148647005,5.552003339440334,1.1648464327095658,-4.387156906730768,4.387156906730768,-79.01934920617343
s16_sit,msptdfast,MSPTDfast v2,NeuroKit2 (author-contributed; Charlton 2025),max_slope,none,1.0,100.0,True,False,521,524,0.98363477640752,0.0,0.1907640997896182,519,2,5,0.9904580152671756,0.9961612284069098,0.9933014354066986,284.7552228174894,6.710220214880645,13.29496752928674,-0.20124212388921686,13.30636945243154,515,931.4990439770554,934.9898631972355,3.4908192201801285,3.4908192201801285,0.374752850553233,50.392344746459024,70.16833466467426,19.775989918215238,19.775989918215238,39.24403600926877,28.598287867730562,73.78845003905396,45.190162171323394,45.190162171323394,158.01701969128928,7.854406130268199,15.028901734104046,7.174495603835847,7.174495603835847,91.34357817566617,28.623775736755814,73.85884178341631,45.23506604666049,45.23506604666049,158.03319052899826,20.240065926623004,52.226087875637994,31.98602194901499,31.98602194901499,158.03319052899826,68.3309340590183,84.37787698463143,16.046942925613124,16.046942925613124,23.484155670626677,0.2962064869352056,0.618954751435029,0.32274826449982336,0.32274826449982336,108.9605659346764,1.4010435457324868,1.2988523341497518,-0.10219121158273503,0.10219121158273503,-7.293935430772632,1.3364215239053874,0.8672533021090278,-0.46916822179635953,0.46916822179635953,-35.106305413678335,994.9537435825597,1598.6164665301749,603.6627229476152,603.6627229476152,60.67244098946638,179.20625812931434,1173.8444370872585,994.6381789579441,994.6381789579441,555.0242437628591,5.552003339440334,1.3618639881251493,-4.190139351315184,4.190139351315184,-75.4707642473711
s16_sit,msptdfast,MSPTDfast v2,NeuroKit2 (author-contributed; Charlton 2025),foot,none,1.0,100.0,True,False,521,524,0.98363477640752,0.0,0.1907640997896182,519,2,5,0.9904580152671756,0.9961612284069098,0.9933014354066986,230.00000000000938,19.878892523351464,26.373992124783992,-0.13727329140593364,26.399277698026385,515,931.4990439770554,935.0990396757729,3.599995698717521,3.599995698717521,0.38647336484074757,50.392344746459024,74.41368396665874,24.021339220199714,24.021339220199714,47.66862772720583,28.598287867730562,85.11653134311773,56.518243475387166,56.518243475387166,197.62806688564257,7.854406130268199,34.8747591522158,27.020353021947603,27.020353021947603,344.01522627943046,28.623775736755814,85.19771595632274,56.57394021956692,56.57394021956692,197.64667226245865,20.240065926623004,60.24388269432114,40.00381676769813,40.00381676769813,197.64667226245865,68.3309340590183,86.28712140807805,17.956187349059746,17.956187349059746,26.27827000513524,0.2962064869352056,0.698179307771892,0.40197282083668634,0.40197282083668634,135.70696070698034,1.4010435457324868,1.6830516701101716,0.28200812437768485,0.28200812437768485,20.12843392603095,1.3364215239053874,0.823500452525692,-0.5129210713796953,0.5129210713796953,-38.380186356232905,994.9537435825597,1702.9626199679349,708.0088763853752,708.0088763853752,71.15997913993735,179.20625812931434,1362.634842753477,1183.4285846241626,1183.4285846241626,660.3723536095522,5.552003339440334,1.2497571370821234,-4.30224620235821,4.30224620235821,-77.48997864961471
s17_sit,msptdfast,MSPTDfast v2,NeuroKit2 (author-contributed; Charlton 2025),peak,none,1.0,100.0,True,False,622,623,0.9879104459180775,0.0,0.1907075044137366,621,1,2,0.9967897271268058,0.9983922829581994,0.9975903614457832,423.9680721707361,21.875012974288403,26.8553616543277,-0.01753945414065268,26.877039705755816,620,780.951768488746,780.6883579823128,-0.26341050643316066,0.26341050643316066,-0.03372942056881411,56.4543985819586,58.50812825090958,2.0537296689509787,2.0537296689509787,3.6378558988090948,56.17673973235291,63.57540882130185,7.398669088948942,7.398669088948942,13.17034260834463,44.28341384863124,46.935483870967744,2.6520700223365026,2.6520700223365026,5.9888563049853385,56.22195286541393,63.626323299174715,7.404370433760782,7.404370433760782,13.169891930800807,39.75492412268464,44.99060466681407,5.23568054412943,5.23568054412943,13.16989193080081,69.2368705712562,69.4424051611421,0.20553458988590023,0.20553458988590023,0.2968571343419849,0.5741871894942195,0.6478837327482065,0.073696543253987,0.073696543253987,12.834933381029206,1.7818465526409508,2.0365164969628022,0.2546699443218514,0.2546699443218514,14.292473386352727,0.711586145559933,0.6843106066417874,-0.027275538918145603,0.027275538918145603,-3.833062108971082,586.8315011408603,609.2961877432681,22.464686602407824,22.464686602407824,3.8281323614588145,1334.757928533242,1254.9580964437957,-79.79983208944623,79.79983208944623,-5.978599593496164,0.4396538792511434,0.4855111811859257,0.04585730193478227,0.04585730193478227,10.430318962018577
s17_sit,msptdfast,MSPTDfast v2,NeuroKit2 (author-contributed; Charlton 2025),mid_upslope,none,1.0,100.0,True,False,622,623,0.9879104459180775,0.0,0.1907075044137366,622,0,1,0.9983948635634029,1.0,0.9991967871485944,278.24716323153586,3.3857771818711595,4.4537916416021055,-0.043342862379322854,4.457170887547414,621,780.951768488746,780.984032338909,0.032263850162962626,0.032263850162962626,0.004131349907228947,56.4543985819586,57.291415238995,0.8370166570364006,0.8370166570364006,1.4826420581228015,56.17673973235291,56.17823405917434,0.0014943268214366867,0.0014943268214366867,0.002660045471766822,44.28341384863124,43.38709677419355,-0.8963170744376896,0.8963170744376896,-2.02404692082111,56.22195286541393,56.22356066873282,0.0016078033188904328,0.0016078033188904328,0.0028597429241549975,39.75492412268464,39.756061011314245,0.0011368886296025948,0.0011368886296025948,0.0028597429241573433,69.2368705712562,70.59793292327018,1.361062352013974,1.361062352013974,1.9658057055210423,0.5741871894942195,0.5631334993125561,-0.011053690181663467,0.011053690181663467,-1.9251021938333834,1.7818465526409508,1.8026693082143554,0.020822755573404628,0.020822755573404628,1.1686054302791862,0.711586145559933,0.7227969117310797,0.011210766171146691,0.011210766171146691,1.5754615574092103,586.8315011408603,634.3743123388099,47.54281119794962,47.54281119794962,8.10161197984797,1334.757928533242,1386.5732793617726,51.815350828530654,51.815350828530654,3.882003599369532,0.4396538792511434,0.45751228714778547,0.01785840789664206,0.01785840789664206,4.061924331717497
s17_sit,msptdfast,MSPTDfast v2,NeuroKit2 (author-contributed; Charlton 2025),max_slope,none,1.0,100.0,True,False,622,623,0.9879104459180775,0.0,0.1907075044137366,622,0,1,0.9983948635634029,1.0,0.9991967871485944,269.20323469244556,4.209556058943789,5.2616456196351,0.025692720048486103,5.2658243926441575,621,780.951768488746,781.0530679213367,0.1012994325907357,0.1012994325907357,0.012971278980104582,56.4543985819586,58.165662320396706,1.711263738438106,1.711263738438106,3.0312318994130294,56.17673973235291,57.62229893858339,1.4455592062304845,1.4455592062304845,2.5732344260590265,44.28341384863124,43.70967741935484,-0.5737364292764013,0.5737364292764013,-1.2956011730205281,56.22195286541393,57.66870038504931,1.4467475196353803,1.4467475196353803,2.5732786676739154,39.75492412268464,40.77792910448363,1.0230049817989908,1.0230049817989908,2.573278667673904,69.2368705712562,71.43982813732507,2.2029575660688607,2.2029575660688607,3.1817694068099924,0.5741871894942195,0.5708010526858819,-0.0033861368083376586,0.0033861368083376586,-0.5897269863022166,1.7818465526409508,1.7632400994890567,-0.01860645315189413,0.01860645315189413,-1.04422309117004,0.711586145559933,0.7130664183922897,0.0014802728323566328,0.0014802728323566328,0.2080244031721325,586.8315011408603,639.6569454111367,52.82544427027642,52.82544427027642,9.001807872886573,1334.757928533242,1467.1005814362059,132.3426529029639,132.3426529029639,9.91510520925652,0.4396538792511434,0.4360007442604582,-0.003653134990685203,0.003653134990685203,-0.8309115791057136
s17_sit,msptdfast,MSPTDfast v2,NeuroKit2 (author-contributed; Charlton 2025),foot,none,1.0,100.0,True,False,622,623,0.9879104459180775,0.0,0.1907075044137366,622,0,1,0.9983948635634029,1.0,0.9991967871485944,193.69653849952127,5.001038960320049,6.2705789746589105,-0.055772714092801504,6.27538561992036,621,780.951768488746,780.9716024871955,0.01983399844948508,0.01983399844948508,0.0025397213054356377,56.4543985819586,58.303860764639786,1.8494621826811866,1.8494621826811866,3.2760284922638925,56.17673973235291,57.924162431525076,1.7474226991721693,1.7474226991721693,3.1105804777876886,44.28341384863124,45.0,0.7165861513687588,0.7165861513687588,1.6181818181818153,56.22195286541393,57.97091147165189,1.7489586062379558,1.7489586062379558,3.110810843630199,39.75492412268464,40.991624613170075,1.2367004904854326,1.2367004904854326,3.1108108436302015,69.2368705712562,71.54276393666906,2.3058933654128566,2.3058933654128566,3.330441347778292,0.5741871894942195,0.5729667454483112,-0.0012204440459083754,0.0012204440459083754,-0.21255159784798053,1.7818465526409508,1.885182658221907,0.10333610558095607,0.10333610558095607,5.799382973118377,0.711586145559933,0.71196382549735,0.000377679937416997,0.000377679937416997,0.053075785661876276,586.8315011408603,637.9911372936403,51.15963615278008,51.15963615278008,8.717943064290266,1334.757928533242,1483.6452090215846,148.88728048834264,148.88728048834264,11.154627914587781,0.4396538792511434,0.4300159724267061,-0.009637906824437326,0.009637906824437326,-2.192157803964665
s18_sit,msptdfast,MSPTDfast v2,NeuroKit2 (author-contributed; Charlton 2025),peak,none,1.0,100.0,True,False,615,616,0.9906343774894848,0.0,0.19201271726859345,609,6,7,0.9886363636363636,0.9902439024390244,0.9894394800974817,399.47115732831594,9.146802848502038,11.552749028199033,0.07742642128256898,11.562033139737274,606,786.0422764227643,785.9824406456863,-0.05983577707797849,0.05983577707797849,-0.00761228484430734,44.933155217569485,48.11686842935405,3.183713211784564,3.183713211784564,7.085443246459773,22.09720898555063,39.77429334571209,17.67708436016146,17.67708436016146,79.99690988902947,3.0944625407166124,8.64600326264274,5.551540721926127,5.551540721926127,179.40242122434958,22.115109171773625,39.8067372412186,17.691628069444974,17.691628069444974,79.99792328416578,15.637743662041943,28.147613840176753,12.50987017813481,12.50987017813481,79.99792328416576,61.590890956152364,61.95302970799594,0.3621387518435739,0.3621387518435739,0.5879745303593462,0.25389701982351137,0.4543379714090705,0.20044095158555914,0.20044095158555914,78.94576774665943,1.34471024908347,1.5509363150476843,0.20622606596421433,0.20622606596421433,15.33609683608601,1.450018359229974,1.229060737729642,-0.22095762150033194,0.22095762150033194,-15.238263715341546,990.5337457672401,953.220700829701,-37.31304493753919,37.31304493753919,-3.7669635281973695,146.1120254253738,181.55359320940482,35.44156778403104,35.44156778403104,24.256434527445993,6.779275989662821,5.250354366328907,-1.5289216233339138,1.5289216233339138,-22.552874756319774
s18_sit,msptdfast,MSPTDfast v2,NeuroKit2 (author-contributed; Charlton 2025),mid_upslope,none,1.0,100.0,True,False,615,616,0.9906343774894848,0.0,0.19201271726859345,615,0,1,0.9983766233766234,1.0,0.9991876523151909,271.1708625898286,3.2607562689716407,5.663274973392046,0.012161743933392673,5.667879332591761,614,786.0422764227643,785.9665591380701,-0.07571728469417849,0.07571728469417849,-0.009632724214117813,44.933155217569485,45.624747753641024,0.6915925360715391,0.6915925360715391,1.5391586295749755,22.09720898555063,23.234583272192552,1.137374286641922,1.137374286641922,5.14714001838717,3.0944625407166124,3.7520391517128875,0.6575766109962751,0.6575766109962751,21.250107323774365,22.115109171773625,23.25353532092008,1.1384261491464542,1.1384261491464542,5.147730179869389,15.637743662041943,16.44273251198349,0.8049888499415463,0.8049888499415463,5.147730179869392,61.590890956152364,62.39288230804941,0.8019913518970441,0.8019913518970441,1.3021265635984967,0.25389701982351137,0.26353538903366525,0.009638369210153874,0.009638369210153874,3.796172643874941,1.34471024908347,1.3469003477524386,0.0021900986689686874,0.0021900986689686874,0.16286770108738435,1.450018359229974,1.43660498904448,-0.013413370185493934,0.013413370185493934,-0.9250483002585599,990.5337457672401,1017.0354786112723,26.501732844032176,26.501732844032176,2.675500249969239,146.1120254253738,166.87633080257123,20.764305377197445,20.764305377197445,14.211222735942936,6.779275989662821,6.094546025310869,-0.684729964351952,0.684729964351952,-10.100340587933612
s18_sit,msptdfast,MSPTDfast v2,NeuroKit2 (author-contributed; Charlton 2025),max_slope,none,1.0,100.0,True,False,615,616,0.9906343774894848,0.0,0.19201271726859345,615,0,1,0.9983766233766234,1.0,0.9991876523151909,263.28054237861386,3.933846617143135,5.204525523840326,0.009061308220366973,5.2087610263084265,614,786.0422764227643,785.9634587023572,-0.07881772040707347,0.07881772040707347,-0.010027160468488875,44.933155217569485,45.976776232484866,1.0436210149153808,1.0436210149153808,2.3226079047022066,22.09720898555063,23.01240359394916,0.9151946083985294,0.9151946083985294,4.1416751273745716,3.0944625407166124,3.262642740619902,0.16818019990328947,0.16818019990328947,5.434875933716829,22.115109171773625,23.031171729099995,0.9160625573263701,0.9160625573263701,4.142247502425068,15.637743662041943,16.28549770831851,0.6477540462765656,0.6477540462765656,4.142247502425061,61.590890956152364,62.948474722238686,1.3575837660863215,1.3575837660863215,2.2041956935690528,0.25389701982351137,0.25871155385700084,0.00481453403348947,0.00481453403348947,1.8962546456181897,1.34471024908347,1.3810764538322833,0.03636620474881336,0.03636620474881336,2.704389646289965,1.450018359229974,1.4277598244675005,-0.022258534762473525,0.022258534762473525,-1.5350519268110387,990.5337457672401,1041.1884111154964,50.65466534825623,50.65466534825623,5.113875783103232,146.1120254253738,183.62720216622927,37.51517674085548,37.51517674085548,25.675625693120125,6.779275989662821,5.670120760065583,-1.1091552295972384,1.1091552295972384,-16.360968800923594
s18_sit,msptdfast,MSPTDfast v2,NeuroKit2 (author-contributed; Charlton 2025),foot,none,1.0,100.0,True,False,615,616,0.9906343774894848,0.0,0.19201271726859345,615,0,1,0.9983766233766234,1.0,0.9991876523151909,189.8599861207961,4.384047259280695,5.987973659085558,0.011726495753693816,5.992844331886676,614,786.0422764227643,785.9661238898904,-0.07615253287394808,0.07615253287394808,-0.009688096322314127,44.933155217569485,46.12824695732542,1.195091739755938,1.195091739755938,2.659710260651005,22.09720898555063,23.833940598998524,1.736731613447894,1.736731613447894,7.859506667034481,3.0944625407166124,4.078303425774878,0.9838408850582652,0.9838408850582652,31.79359491714604,22.115109171773625,23.853391934861875,1.7382827630882502,1.7382827630882502,7.8601590866523425,15.637743662041943,16.866895191441333,1.22915152939939,1.22915152939939,7.860159086652338,61.590890956152364,63.01696740809524,1.4260764519428761,1.4260764519428761,2.315401563127452,0.25389701982351137,0.2676564088241826,0.013759389000671252,0.013759389000671252,5.419279442600651,1.34471024908347,1.3812271119221695,0.03651686283869959,0.03651686283869959,2.715593404868359,1.450018359229974,1.4113118538579037,-0.03870650537207032,0.03870650537207032,-2.669380365130359,990.5337457672401,1045.5830419622398,55.04929619499967,55.04929619499967,5.557538693682768,146.1120254253738,188.43129097233944,42.31926554696565,42.31926554696565,28.963574643334248,6.779275989662821,5.548882229521661,-1.23039376014116,1.23039376014116,-18.14933869069927
s19_sit,msptdfast,MSPTDfast v2,NeuroKit2 (author-contributed; Charlton 2025),peak,none,1.0,100.0,True,False,677,679,0.9815941088327444,0.0029585798816568047,0.1934588571837439,525,152,154,0.7731958762886598,0.7754800590841949,0.7743362831858407,408.2352518915302,19.192837660484237,35.6133030337721,2.788781460395347,35.54337109549989,451,735.4867256637168,738.389241419935,2.9025157562182358,2.9025157562182358,0.39463876844261897,72.98405747012157,117.25960593929427,44.275548469172705,44.275548469172705,60.66468486942969,38.12612203835905,153.82119057769813,115.69506853933908,115.69506853933908,303.453544063404,15.805022156573118,45.31946508172363,29.51444292515051,29.51444292515051,186.74091458249433,38.15427430110364,153.93559331242585,115.78131901132221,115.78131901132221,303.45569698851057,26.979146089562008,108.84890189719088,81.86975580762888,81.86975580762888,303.45569698851057,99.62665790782147,125.10614263837275,25.479484730551277,25.479484730551277,25.574966846851275,0.2708024805421475,0.8700524179042556,0.5992499373621081,0.5992499373621081,221.28672387431888,1.20006502287786,1.2812233229572108,0.08115830007935076,0.08115830007935076,6.762825224647089,1.3000334752008011,0.6623515008844112,-0.63768197431639,0.63768197431639,-49.05119648691312,1589.640840085845,2279.619520733755,689.9786806479101,689.9786806479101,43.40469011922526,637.0751584107528,3703.2117857885364,3066.1366273777835,3066.1366273777835,481.28334418604004,2.49521711700604,0.6155790304735025,-1.8796380865325377,1.8796380865325377,-75.32964060409608
s19_sit,msptdfast,MSPTDfast v2,NeuroKit2 (author-contributed; Charlton 2025),mid_upslope,none,1.0,100.0,True,False,677,679,0.9815941088327444,0.0029585798816568047,0.1934588571837439,675,2,4,0.9941089837997055,0.9970457902511078,0.995575221238938,269.0965480306037,3.602967033661021,4.989774901746915,-0.1130707977999463,4.992226122827591,669,735.4867256637168,738.1359580737129,2.6492324099961024,2.6492324099961024,0.3602012541566112,72.98405747012157,88.59207820309948,15.608020732977906,15.608020732977906,21.385520720559505,38.12612203835905,83.4718441451288,45.34572210676975,45.34572210676975,118.93609861802096,15.805022156573118,17.236255572065378,1.43123341549226,1.43123341549226,9.055560955965046,38.15427430110364,83.53391825725882,45.37964395615518,45.37964395615518,118.93724828319573,26.979146089562008,59.06740005879046,32.088253969228454,32.088253969228454,118.93724828319571,99.62665790782147,110.49051946200174,10.863861554180275,10.863861554180275,10.904572914843687,0.2708024805421475,0.5345924731497352,0.26378999260758773,0.26378999260758773,97.41047869261732,1.20006502287786,1.14084649599176,-0.059218526886100076,0.059218526886100076,-4.934609855063429,1.3000334752008011,0.8776710103374022,-0.4223624648633989,0.4223624648633989,-32.4885837880568,1589.640840085845,2024.5014292753742,434.86058918952926,434.86058918952926,27.35590192600019,637.0751584107528,2155.1074320424027,1518.0322736316498,1518.0322736316498,238.28150471579082,2.49521711700604,0.9393969874424066,-1.5558201295636336,1.5558201295636336,-62.35209429111445
s19_sit,msptdfast,MSPTDfast v2,NeuroKit2 (author-contributed; Charlton 2025),max_slope,none,1.0,100.0,True,False,677,679,0.9815941088327444,0.0029585798816568047,0.1934588571837439,675,2,4,0.9941089837997055,0.9970457902511078,0.995575221238938,260.2551916050837,4.044063049441222,5.075451978932369,-0.06706039703076586,5.078806174113926,669,735.4867256637168,738.1191896111735,2.6324639474566993,2.6324639474566993,0.35792134046758156,72.98405747012157,88.66011871094146,15.676061240819891,15.676061240819891,21.47874725550495,38.12612203835905,82.72949902979835,44.6033769914393,44.6033769914393,116.98902119277545,15.805022156573118,18.12778603268945,2.3227638761163316,2.3227638761163316,14.696365832997724,38.15427430110364,82.7910216229108,44.636747321807164,44.636747321807164,116.9901620184033,26.979146089562008,58.54209281092232,31.562946721360312,31.562946721360312,116.99016201840331,99.62665790782147,110.87856722105414,11.251909313232673,11.251909313232673,11.294074848564513,0.2708024805421475,0.5279838500637306,0.2571813695215831,0.2571813695215831,94.97009370324271,1.20006502287786,1.1583276290309323,-0.04173739384692765,0.04173739384692765,-3.477927699853943,1.3000334752008011,0.8846023068202495,-0.4154311683805516,0.4154311683805516,-31.95542086455772,1589.640840085845,2053.642667415482,464.00182732963685,464.00182732963685,29.189098293711396,637.0751584107528,2108.3603598029918,1471.2852013922388,1471.2852013922388,230.94374061963205,2.49521711700604,0.9740472770069426,-1.5211698399990976,1.5211698399990976,-60.963425973300396
s19_sit,msptdfast,MSPTDfast v2,NeuroKit2 (author-contributed; Charlton 2025),foot,none,1.0,100.0,True,False,677,679,0.9815941088327444,0.0014792899408284023,0.1934588571837439,674,3,5,0.9926362297496318,0.9955686853766618,0.9941002949852509,190.53088996206066,4.350486352032035,5.48821155285738,0.019701051726702723,5.4922887265315214,668,735.4867256637168,737.4210307358738,1.9343050721570307,1.9343050721570307,0.2629965986689261,72.98405747012157,93.61852063149777,20.634463161376203,20.634463161376203,28.27256236038069,38.12612203835905,96.23616217736131,58.11004013900226,58.11004013900226,152.41529175334747,15.805022156573118,19.881305637982198,4.07628348140908,4.07628348140908,25.791064644055577,38.15427430110364,96.30763166615617,58.15335736505253,58.15335736505253,152.41636338335596,26.979146089562008,68.09977943115531,41.120633341593305,41.120633341593305,152.41636338335596,99.62665790782147,113.53975009611543,13.913092188293959,13.913092188293959,13.96523027116588,0.2708024805421475,0.5997879982429628,0.3289855177008153,0.3289855177008153,121.48541514176132,1.20006502287786,1.1227658084124923,-0.0772992144653677,0.0772992144653677,-6.441252181485756,1.3000334752008011,0.8110003289178924,-0.4890331462829087,0.4890331462829087,-37.616965686777675,1589.640840085845,2141.611128242198,551.970288156353,551.970288156353,34.72295591792579,637.0751584107528,2748.3543627407894,2111.2792043300365,2111.2792043300365,331.40190391300644,2.49521711700604,0.7792339871727756,-1.7159831298332646,1.7159831298332646,-68.7708944499482
s20_sit,msptdfast,MSPTDfast v2,NeuroKit2 (author-contributed; Charlton 2025),peak,none,1.0,100.0,True,False,639,646,0.9890038914275565,0.001567398119122257,0.19104857018181062,352,287,294,0.544891640866873,0.5508607198748043,0.5478599221789882,395.16003267825016,14.902187968992031,24.16349849330229,3.0793720944391545,24.01698820443836,238,766.8682170542636,773.6561766224544,6.787959568190786,6.787959568190786,0.8851533310723282,74.10586893935735,159.26788167933023,85.16201273997288,85.16201273997288,114.91939027078011,32.66239884235016,238.99588498567175,206.33348614332158,206.33348614332158,631.7156530333865,12.422360248447205,67.9245283018868,55.50216805343959,55.50216805343959,446.7924528301887,32.687446985372894,239.18393756455387,206.49649057918097,206.49649057918097,631.7302500607797,23.113515423032943,169.12858420279585,146.0150687797629,146.0150687797629,631.7302500607798,102.22096178036888,148.75496050485194,46.533998724483055,46.533998724483055,45.522951373188626,0.22611326503358922,1.136960970100082,0.9108477050664928,0.9108477050664928,402.82807155572493,1.2279136856694095,1.4678182618141813,0.2399045761447718,0.2399045761447718,19.53757653690336,1.415432987332688,0.5706253611795411,-0.844807626153147,0.844807626153147,-59.685455525884294,2517.6858937808493,3987.519853608296,1469.833959827447,1469.833959827447,58.38035489090237,347.2051190071067,5675.317443116931,5328.112324109824,5328.112324109824,1534.5719381518584,7.251292552888071,0.7026073684115047,-6.548685184476566,6.548685184476566,-90.31059134234395
s20_sit,msptdfast,MSPTDfast v2,NeuroKit2 (author-contributed; Charlton 2025),mid_upslope,none,1.0,100.0,True,False,639,646,0.9890038914275565,0.001567398119122257,0.19104857018181062,636,3,10,0.9845201238390093,0.9953051643192489,0.9898832684824904,304.5684933316083,8.34934383528078,11.553638220570281,0.06942779599744285,11.562653913485866,627,766.8682170542636,773.5958985144468,6.727681460183248,6.727681460183248,0.8772930355656137,74.10586893935735,101.50159096136004,27.395722022002687,27.395722022002687,36.96835677673691,32.66239884235016,105.63225323169782,72.96985438934766,72.96985438934766,223.406292788069,12.422360248447205,20.59748427672956,8.175124028282355,8.175124028282355,65.80974842767296,32.687446985372894,105.71516621093943,73.02771922556653,73.02771922556653,223.41212288082716,23.113515423032943,74.75191090201825,51.63839547898531,51.63839547898531,223.4121228808272,102.22096178036888,122.54508456837922,20.324122788010342,20.324122788010342,19.882539191598084,0.22611326503358922,0.6099951798581301,0.3838819148245409,0.3838819148245409,169.7741681663458,1.2279136856694095,1.2069464351265606,-0.02096725054284887,0.02096725054284887,-1.7075508472257448,1.415432987332688,0.905495243014729,-0.5099377443179591,0.5099377443179591,-36.026978944366064,2517.6858937808493,3932.4693818746964,1414.7834880938472,1414.7834880938472,56.19380446101813,347.2051190071067,2652.22634194248,2305.0212229353733,2305.0212229353733,663.8788130563805,7.251292552888071,1.4827050465815719,-5.768587506306499,5.768587506306499,-79.55254134670052
s20_sit,msptdfast,MSPTDfast v2,NeuroKit2 (author-contributed; Charlton 2025),max_slope,none,1.0,100.0,True,False,639,646,0.9890038914275565,0.001567398119122257,0.19104857018181062,636,3,10,0.9845201238390093,0.9953051643192489,0.9898832684824904,296.7519642612891,7.444466720101634,9.611602199902595,-0.03484382039822018,9.619212926765227,627,766.8682170542636,773.6006858856304,6.732468831366759,6.732468831366759,0.877917311168259,74.10586893935735,102.18942417847643,28.08355523911908,28.08355523911908,37.89653321803775,32.66239884235016,106.91799883778339,74.25559999543323,74.25559999543323,227.34276301578075,12.422360248447205,19.81132075471698,7.388960506269775,7.388960506269775,59.481132075471685,32.687446985372894,107.00190524978379,74.31445826441089,74.31445826441089,227.34861580858674,23.113515423032943,75.66177280200256,52.548257378969616,52.548257378969616,227.3486158085868,102.22096178036888,123.12860335565945,20.90764157529057,20.90764157529057,20.45337982654923,0.22611326503358922,0.6144938766458027,0.3883806116122135,0.3883806116122135,171.76374484465535,1.2279136856694095,1.1511109966036233,-0.07680268906578624,0.07680268906578624,-6.254730276413238,1.415432987332688,0.897232202590275,-0.518200784742413,0.518200784742413,-36.61076076225525,2517.6858937808493,3978.71421079782,1461.028317016971,1461.028317016971,58.03060344525032,347.2051190071067,2732.523882682356,2385.3187636752496,2385.3187636752496,687.0056439537766,7.251292552888071,1.4560583481130103,-5.795234204775061,5.795234204775061,-79.92001650060188
s20_sit,msptdfast,MSPTDfast v2,NeuroKit2 (author-contributed; Charlton 2025),foot,none,1.0,100.0,True,False,639,646,0.9890038914275565,0.0,0.19104857018181062,636,3,10,0.9845201238390093,0.9953051643192489,0.9898832684824904,223.1301587116937,11.55380343930899,17.17205881460917,0.0843893705419869,17.1855615174668,627,766.8682170542636,772.8209816957446,5.952764641481053,5.952764641481053,0.7762434938752764,74.10586893935735,104.00585692107224,29.899987981714887,29.899987981714887,40.34766531944019,32.66239884235016,109.28511158499721,76.62271274264705,76.62271274264705,234.5899733589005,12.422360248447205,25.43171114599686,13.009350897549655,13.009350897549655,104.72527472527472,32.687446985372894,109.37073851970979,76.68329153433689,76.68329153433689,234.59553622726003,23.113515423032943,77.33679087066754,54.2232754476346,54.2232754476346,234.59553622726008,102.22096178036888,125.11377752110171,22.89281574073283,22.89281574073283,22.395421978048052,0.22611326503358922,0.618131691033179,0.3920184259995898,0.3920184259995898,173.37259091869524,1.2279136856694095,1.21533314166387,-0.01258054400553954,0.01258054400553954,-1.0245462814172586,1.415432987332688,0.987984330642019,-0.4274486566906691,0.4274486566906691,-30.199144750481935,2517.6858937808493,3991.633660040432,1473.9477662595827,1473.9477662595827,58.54375122411047,347.2051190071067,2768.2601720494786,2421.055053042372,2421.055053042372,697.2982022747243,7.251292552888071,1.4419286526400552,-5.809363900248016,5.809363900248016,-80.11487411212282
s21_sit,msptdfast,MSPTDfast v2,NeuroKit2 (author-contributed; Charlton 2025),peak,none,1.0,100.0,True,False,634,633,0.9798397961933224,0.004739336492890996,0.022115523111704203,324,310,309,0.5118483412322274,0.5110410094637224,0.5114443567482242,353.7180720138439,5.567821011089507,8.890375011070116,-0.5496053229303517,8.893514261847102,221,774.8196202531645,773.4461894606868,-1.373430792477734,1.373430792477734,-0.17725813293537654,52.2009319902233,128.6387271828611,76.4377951926378,76.4377951926378,146.42994344804765,27.641925941050285,203.941400339193,176.2994743981427,176.2994743981427,637.7973617834099,6.497622820919176,55.96184419713831,49.464221376219136,49.464221376219136,761.2664314242506,27.66385364206527,204.10369943251192,176.43984579044664,176.43984579044664,637.7992309869463,19.561298504056523,144.32310993399008,124.76181142993356,124.76181142993356,637.7992309869463,71.18448006504671,110.75506399905399,39.570583934007274,39.570583934007274,55.58877988270561,0.27479723791171706,1.3030836218488648,1.0282863839371479,1.0282863839371479,374.1982240256363,1.3542535031170952,1.165001181191861,-0.18925232192523422,0.18925232192523422,-13.974659950270077,1.2158031721325702,0.35318785846296513,-0.8626153136696051,0.8626153136696051,-70.95024371062804,726.3259908518609,1101.7193837516295,375.3933928997686,375.3933928997686,51.68387165375894,237.06089676557548,3797.8483412297574,3560.787444464182,3560.787444464182,1502.0560088344598,3.0638793692327475,0.29009041034926863,-2.773788958883479,2.773788958883479,-90.53192455087053
s21_sit,msptdfast,MSPTDfast v2,NeuroKit2 (author-contributed; Charlton 2025),mid_upslope,none,1.0,100.0,True,False,634,633,0.9798397961933224,0.004739336492890996,0.022115523111704203,631,3,2,0.9968404423380727,0.9952681388012619,0.9960536700868193,273.13146229909114,4.868606310321391,6.014179335231455,-0.01872736361608448,6.0189518953607,627,774.8196202531645,773.5495982093885,-1.2700220437760663,1.2700220437760663,-0.16391196229144267,52.2009319902233,56.45833337923685,4.257401389013545,4.257401389013545,8.15579574290151,27.641925941050285,39.569131443717424,11.927205502667139,11.927205502667139,43.1489670007196,6.497622820919176,11.92368839427663,5.426065573357453,5.426065573357453,83.50847260459886,27.66385364206527,39.600589116137414,11.936735474072144,11.936735474072144,43.14921423644792,19.561298504056523,28.001845103002957,8.440546598946433,8.440546598946433,43.14921423644793,71.18448006504671,74.77287935307513,3.5883992880284126,3.5883992880284126,5.040985457433162,0.27479723791171706,0.37449199957619855,0.09969476166448149,0.09969476166448149,36.279390004826034,1.3542535031170952,1.494562039287846,0.14030853617075079,0.14030853617075079,10.360581371789078,1.2158031721325702,1.0501344210195347,-0.16566875111303547,0.16566875111303547,-13.62628054526667,726.3259908518609,836.7281971619224,110.4022063100615,110.4022063100615,15.200090276347936,237.06089676557548,371.7096298539488,134.64873308837332,134.64873308837332,56.799216963025586,3.0638793692327475,2.2510264194411307,-0.8128529497916168,0.8128529497916168,-26.530187772868167
s21_sit,msptdfast,MSPTDfast v2,NeuroKit2 (author-contributed; Charlton 2025),max_slope,none,1.0,100.0,True,False,634,633,0.9798397961933224,0.004739336492890996,0.022115523111704203,631,3,2,0.9968404423380727,0.9952681388012619,0.9960536700868193,268.9644603415744,5.750311209392948,6.974379440039097,0.003922951552969595,6.979946703571936,627,774.8196202531645,773.5523421702263,-1.267278082938219,1.267278082938219,-0.1635578204026569,52.2009319902233,56.81812995618447,4.617197965961168,4.617197965961168,8.84504890990437,27.641925941050285,40.30000473907498,12.658078798024693,12.658078798024693,45.793042152777495,6.497622820919176,12.400635930047695,5.903013109128519,5.903013109128519,90.84881150878282,27.66385364206527,40.33205832616359,12.66820468409832,12.66820468409832,45.793347694824504,19.561298504056523,28.51907194164163,8.957773437585107,8.957773437585107,45.7933476948245,71.18448006504671,75.12165013511886,3.937170070072142,3.937170070072142,5.530938859811083,0.27479723791171706,0.37963851819475886,0.1048412802830418,0.1048412802830418,38.15223219846325,1.3542535031170952,1.5697509251784096,0.2154974220613144,0.2154974220613144,15.912635379218322,1.2158031721325702,1.0403204723694055,-0.17548269976316466,0.17548269976316466,-14.433479348088932,726.3259908518609,844.3081961343365,117.98220528247566,117.98220528247566,16.24369866540256,237.06089676557548,386.9563610596406,149.8954642940651,149.8954642940651,63.23078430024399,3.0638793692327475,2.1819209634447785,-0.881958405787969,0.881958405787969,-28.7856765721435
s21_sit,msptdfast,MSPTDfast v2,NeuroKit2 (author-contributed; Charlton 2025),foot,none,1.0,100.0,True,False,634,633,0.9798397961933224,0.004739336492890996,0.022115523111704203,631,3,2,0.9968404423380727,0.9952681388012619,0.9960536700868193,201.13443893426415,5.869391373745623,7.096023469967685,0.006113361232041317,7.101686323178195,627,774.8196202531645,773.468893445641,-1.3507268075235288,1.3507268075235288,-0.1743279044846841,52.2009319902233,57.152097943974766,4.951165953751463,4.951165953751463,9.484822904462252,27.641925941050285,41.55549397696275,13.913568035912466,13.913568035912466,50.33501669017135,6.497622820919176,13.354531001589825,6.856908180670649,6.856908180670649,105.52948931715072,27.66385364206527,41.58855585128322,13.924702209217948,13.924702209217948,50.33536682699998,19.561298504056523,29.407549862197836,9.846251358141313,9.846251358141313,50.33536682699999,71.18448006504671,75.28559364113241,4.1011135760856945,4.1011135760856945,5.761246794720131,0.27479723791171706,0.3906132427191352,0.11581600480741816,0.11581600480741816,42.145985777566615,1.3542535031170952,1.5338248413018203,0.17957133818472504,0.17957133818472504,13.259802376099037,1.2158031721325702,1.0220106422160096,-0.1937925299165606,0.1937925299165606,-15.939465725906958,726.3259908518609,845.329520564605,119.00352971274413,119.00352971274413,16.38431382211348,237.06089676557548,398.126646201145,161.0657494355695,161.0657494355695,67.94277404376987,3.0638793692327475,2.1232678812900163,-0.9406114879427312,0.9406114879427312,-30.700017023786348
s22_sit,msptdfast,MSPTDfast v2,NeuroKit2 (author-contributed; Charlton 2025),peak,none,1.0,100.0,True,False,656,657,0.9891441430302431,0.0,0.022527053091804843,641,15,16,0.9756468797564688,0.9771341463414634,0.9763899466869764,422.49600660514255,35.757897414342125,54.21729794965128,0.21579787030394576,54.260224643523344,626,738.265243902439,738.1908467673695,-0.0743971350694892,0.0743971350694892,-0.010077290741228595,67.61469020970362,90.72218139165027,23.107491181946642,23.107491181946642,34.175252611939655,33.73647311620745,108.92966990728243,75.19319679107498,75.19319679107498,222.88398829381833,14.198473282442748,50.45871559633027,36.260242313887524,36.260242313887524,255.38127651178849,33.76218874420584,109.01304066087555,75.25085191666972,75.25085191666972,222.8849926964052,23.873472608728076,77.08386028906993,53.21038768034185,53.21038768034185,222.88499269640516,92.59346612968267,102.56269729221309,9.96923116253042,9.96923116253042,10.766668080626681,0.2578310717442185,0.7515779354890504,0.4937468637448319,0.4937468637448319,191.50014015170905,1.3339456178801683,1.7484473527043691,0.41450173482420083,0.41450173482420083,31.073360807834415,1.4563031414739114,0.9146858052708662,-0.5416173362030452,0.5416173362030452,-37.1912495948391,2132.270012813964,2461.408662185219,329.1386493712548,329.1386493712548,15.436068011709708,333.99639657832785,1079.681569964068,745.6851733857402,745.6851733857402,223.26144264579344,6.384110830710446,2.2797542633492713,-4.104356567361174,4.104356567361174,-64.29018349144837
s22_sit,msptdfast,MSPTDfast v2,NeuroKit2 (author-contributed; Charlton 2025),mid_upslope,none,1.0,100.0,True,False,656,657,0.9891441430302431,0.0,0.022527053091804843,656,0,1,0.9984779299847792,1.0,0.9992383853769992,265.8619134789187,4.550294373805271,6.001400945984988,0.016030310729193385,6.005965994798603,655,738.265243902439,738.2511448145461,-0.014099087892873285,0.014099087892873285,-0.0019097591291642147,67.61469020970362,67.86945530688817,0.25476509718454565,0.25476509718454565,0.37678956509954314,33.73647311620745,34.74727215698292,1.0107990407754741,1.0107990407754741,2.9961609718173916,14.198473282442748,14.525993883792049,0.32752060134930083,0.32752060134930083,2.3067311170300218,33.76218874420584,34.77381116375808,1.0116224195522463,1.0116224195522463,2.9963176475810025,23.873472608728076,24.58879768159381,0.7153250728657348,0.7153250728657348,2.996317647580997,92.59346612968267,92.77886050109169,0.18539437140901782,0.18539437140901782,0.20022403216806028,0.2578310717442185,0.2650258641762957,0.007194792432077213,0.007194792432077213,2.7905063510789003,1.3339456178801683,1.3428593674399791,0.008913749559810835,0.008913749559810835,0.6682243593990036,1.4563031414739114,1.4536659920557748,-0.0026371494181365307,0.0026371494181365307,-0.1810851973763852,2132.270012813964,2141.9288804515927,9.658867637628646,9.658867637628646,0.45298520260488984,333.99639657832785,328.6777340740476,-5.318662504280269,5.318662504280269,-1.592431103678974,6.384110830710446,6.516805546581501,0.13269471587105475,0.13269471587105475,2.0785152292897777
s22_sit,msptdfast,MSPTDfast v2,NeuroKit2 (author-contributed; Charlton 2025),max_slope,none,1.0,100.0,True,False,656,657,0.9891441430302431,0.0,0.022527053091804843,656,0,1,0.9984779299847792,1.0,0.9992383853769992,247.11410277297006,4.066964848972638,5.173407733624411,-0.006244480099605655,5.177357656008088,655,738.265243902439,738.2288700237173,-0.03637387872174713,0.03637387872174713,-0.00492693906724856,67.61469020970362,68.51886497247052,0.9041747627668997,0.9041747627668997,1.3372460333141307,33.73647311620745,35.26127228529474,1.524799169087288,1.524799169087288,4.519734958171292,14.198473282442748,15.443425076452598,1.2449517940098502,1.2449517940098502,8.768208871789806,33.76218874420584,35.288173294210004,1.5259845500041678,1.5259845500041678,4.519803385869207,23.873472608728076,24.952506632021926,1.0790340232938505,1.0790340232938505,4.519803385869212,92.59346612968267,93.63248435778151,1.0390182280988398,1.0390182280988398,1.1221290999557494,0.2578310717442185,0.2664941211714009,0.008663049427182434,0.008663049427182434,3.359971072755971,1.3339456178801683,1.3234871265781378,-0.01045849130203047,0.01045849130203047,-0.7840268120263043,1.4563031414739114,1.4387581082139753,-0.01754503325993606,0.01754503325993606,-1.2047651866066078,2132.270012813964,2192.1880018644947,59.91798905053065,59.91798905053065,2.8100563573304993,333.99639657832785,372.55081491909806,38.55441834077021,38.55441834077021,11.543363561926496,6.384110830710446,5.884265754030207,-0.4998450766802387,0.4998450766802387,-7.829517530863639
s22_sit,msptdfast,MSPTDfast v2,NeuroKit2 (author-contributed; Charlton 2025),foot,none,1.0,100.0,True,False,656,657,0.9891441430302431,0.0,0.022527053091804843,656,0,1,0.9984779299847792,1.0,0.9992383853769992,177.74360031812782,4.323023198216258,5.338106337730526,0.008357389573211029,5.342179352706129,655,738.265243902439,738.24347189339,-0.021772009048959262,0.021772009048959262,-0.0029490768025152232,67.61469020970362,68.78619959434086,1.1715093846372326,1.1715093846372326,1.7326255300495412,33.73647311620745,36.06102857267678,2.3245554564693336,2.3245554564693336,6.890333344751993,14.198473282442748,16.055045871559635,1.8565725891168867,1.8565725891168867,13.075860708296352,33.76218874420584,36.088574382370176,2.3263856381643393,2.3263856381643393,6.89050599115434,23.873472608728076,25.518475669129074,1.6450030604009989,1.6450030604009989,6.890505991154342,92.59346612968267,93.8716672313274,1.2782011016447257,1.2782011016447257,1.3804441663891585,0.2578310717442185,0.27184427870279587,0.014013206958577384,0.014013206958577384,5.4350342120437665,1.3339456178801683,1.3704772874363833,0.03653166955621501,0.03653166955621501,2.7386176067858816,1.4563031414739114,1.4263860876310732,-0.02991705384283816,0.02991705384283816,-2.0543149973953483,2132.270012813964,2205.820183499405,73.55017068544112,73.55017068544112,3.449383532265536,333.99639657832785,383.9630135422826,49.96661696395478,49.96661696395478,14.960226360477142,6.384110830710446,5.744876734739183,-0.639234095971263,0.639234095971263,-10.01289158227422
