record,detector,detector_label,fiducial,correction,coverage_target,fs,sub_sample,failed,n_detected,n_ref,analysable_fraction,fraction_corrected,detect_s_per_min,tp,fp,fn,sensitivity,ppv,f1,lag_ms,ibi_mae,ibi_rmse,ibi_bias,ibi_sd,n_ibi,mean_nn_ref,mean_nn_test,mean_nn_err,mean_nn_abserr,mean_nn_pcterr,sdnn_ref,sdnn_test,sdnn_err,sdnn_abserr,sdnn_pcterr,rmssd_ref,rmssd_test,rmssd_err,rmssd_abserr,rmssd_pcterr,pnn50_ref,pnn50_test,pnn50_err,pnn50_abserr,pnn50_pcterr,sdsd_ref,sdsd_test,sdsd_err,sdsd_abserr,sdsd_pcterr,sd1_ref,sd1_test,sd1_err,sd1_abserr,sd1_pcterr,sd2_ref,sd2_test,sd2_err,sd2_abserr,sd2_pcterr,sd1_sd2_ref,sd1_sd2_test,sd1_sd2_err,sd1_sd2_abserr,sd1_sd2_pcterr,sampen_ref,sampen_test,sampen_err,sampen_abserr,sampen_pcterr,dfa_a1_ref,dfa_a1_test,dfa_a1_err,dfa_a1_abserr,dfa_a1_pcterr,lf_ref,lf_test,lf_err,lf_abserr,lf_pcterr,hf_ref,hf_test,hf_err,hf_abserr,hf_pcterr,lf_hf_ref,lf_hf_test,lf_hf_err,lf_hf_abserr,lf_hf_pcterr,channel
s1_sit,msptdfast,MSPTDfast v2,mid_upslope,lipponen_tarvainen,1.0,100.0,True,False,612,613,0.9841512286143937,0.0,0.2082248195062102,612,0,1,0.99836867862969,1.0,0.9991836734693879,314.00000000000585,5.003273322423064,7.18187844987188,0.018003273322441796,7.187740241343785,611,828.437908496732,828.3878887070376,-0.050019789694374595,0.050019789694374595,-0.006037844137907641,46.977980713169195,47.75942221649211,0.7814415033229167,0.7814415033229167,1.6634208015327863,30.45299025358163,32.22706326299912,1.7740730094174886,1.7740730094174886,5.8256118517255855,9.00163666121113,10.98360655737705,1.9819698961659196,1.9819698961659196,22.01788375558867,30.477600635297417,32.2530425323083,1.7754418970108823,1.7754418970108823,5.825399178420452,21.550918083514233,22.806345088493337,1.2554270049791043,1.2554270049791043,5.825399178420459,62.844405268340736,63.57511655208252,0.7307112837417833,0.7307112837417833,1.162730843933844,0.3429250064742197,0.3587306846666925,0.015805678192472805,0.015805678192472805,4.609077172580308,1.6764542772105453,1.7360774790207016,0.059623201810156345,0.059623201810156345,3.556506289534092,1.1460653887927263,1.134574319055397,-0.011491069737329385,0.011491069737329385,-1.002653936651395,570.2327955867494,599.6515429379017,29.41874735115232,29.41874735115232,5.159076710219985,327.28840925752615,328.24775381373945,0.9593445562132956,0.9593445562132956,0.29311901340766316,1.7422945006832276,1.826826036037911,0.08453153535468338,0.08453153535468338,4.851736335133641,pleth_6
s1_sit,msptd,MSPTD,mid_upslope,lipponen_tarvainen,1.0,100.0,True,False,612,613,0.9841512286143937,0.0,0.8815763465159249,612,0,1,0.99836867862969,1.0,0.9991836734693879,314.00000000000585,5.026186579378892,7.224820828680755,0.018003273322441796,7.230717938640576,611,828.437908496732,828.3878887070376,-0.050019789694374595,0.050019789694374595,-0.006037844137907641,46.977980713169195,47.77174331792249,0.7937626047532973,0.7937626047532973,1.689648198375594,30.45299025358163,32.291957076077274,1.838966822495646,1.838966822495646,6.038706896047301,9.00163666121113,11.147540983606557,2.1459043223954275,2.1459043223954275,23.83904619970193,30.477600635297417,32.3179905447969,1.840389909499482,1.840389909499482,6.038499984044175,21.550918083514233,22.852270268548615,1.301352185034382,1.301352185034382,6.038499984044184,62.844405268340736,63.577139467265695,0.732734198924959,0.732734198924959,1.1659497703832835,0.3429250064742197,0.35944162414407915,0.016516617669859457,0.016516617669859457,4.8163934848831556,1.6764542772105453,1.7316555451583495,0.05520126794780422,0.05520126794780422,3.292739247243515,1.1460653887927263,1.1339018626356745,-0.012163526157051852,0.012163526157051852,-1.06132915940032,570.2327955867494,599.4188706075953,29.18607502084592,29.18607502084592,5.118273667654362,327.28840925752615,328.70303295273965,1.4146236952134927,1.4146236952134927,0.4322254180716798,1.7422945006832276,1.823587890939171,0.0812933902559434,0.0812933902559434,4.665881125381778,pleth_6
s1_sit,qppg,qppg (slope-sum),mid_upslope,lipponen_tarvainen,1.0,100.0,True,False,589,613,0.9841512286143937,0.01870748299319728,0.0031916496735160875,588,4,25,0.9592169657422512,0.9932432432432432,0.9759336099585062,314.9999999999953,4.36851211072728,6.158095917465698,-0.053633217993061096,6.163196149469653,578,828.437908496732,832.8902229845626,4.452314487830563,4.452314487830563,0.5374349051589937,46.977980713169195,70.84345762622073,23.86547691305153,23.86547691305153,50.801410683795936,30.45299025358163,85.10797669780689,54.65498644422526,54.65498644422526,179.47329963039408,9.00163666121113,10.652920962199312,1.6512843009881824,1.6512843009881824,18.344267416432352,30.477600635297417,85.17960464006129,54.702004004763864,54.702004004763864,179.4826458268212,21.550918083514233,60.23107605977645,38.680157976262215,38.680157976262215,179.48264582682123,62.844405268340736,80.06127936498197,17.216874096641234,17.216874096641234,27.396033144281525,0.3429250064742197,0.7523121855846953,0.40938717911047556,0.40938717911047556,119.38096417044241,1.6764542772105453,1.3327780790754284,-0.34367619813511685,0.34367619813511685,-20.50018320254819,1.1460653887927263,0.9667553539491377,-0.17931003484358865,0.17931003484358865,-15.64570718189781,570.2327955867494,4485.283651948324,3915.050856361575,3915.050856361575,686.5706228511683,327.28840925752615,759.2166951911004,431.9282859335742,431.9282859335742,131.97176365439586,1.7422945006832276,5.907777951088583,4.165483450405356,4.165483450405356,239.08033049360446,pleth_6
s1_sit,terma,TERMA,mid_upslope,lipponen_tarvainen,1.0,100.0,True,False,612,613,0.9841512286143937,0.0016366612111292963,0.0010012597132922354,611,2,2,0.9967373572593801,0.9967373572593801,0.9967373572593801,314.00000000000585,5.0952380952388445,7.710590247863331,0.10673234811168142,7.716189235073882,609,828.437908496732,829.5539215686274,1.1160130718953951,1.1160130718953951,0.13471294112077653,46.977980713169195,51.51808702438172,4.540106311212526,4.540106311212526,9.664328356156465,30.45299025358163,38.9768070698674,8.52381681628577,8.52381681628577,27.990081582491786,9.00163666121113,11.292962356792144,2.2913256955810137,2.2913256955810137,25.454545454545443,30.477600635297417,39.00462489320612,8.527024257908703,8.527024257908703,27.978003780367114,21.550918083514233,27.580434759623667,6.029516676109434,6.029516676109434,27.978003780367125,62.844405268340736,67.43549658580174,4.591091317461007,4.591091317461007,7.305489323763036,0.3429250064742197,0.4089898667021992,0.06606486022797953,0.06606486022797953,19.26510431747885,1.6764542772105453,1.6518397234755766,-0.02461455373496868,0.02461455373496868,-1.468250823751953,1.1460653887927263,1.0702123578880338,-0.07585303090469253,0.07585303090469253,-6.618560480619406,570.2327955867494,877.5116649114733,307.2788693247239,307.2788693247239,53.8865655751253,327.28840925752615,504.3207195060808,177.03231024855467,177.03231024855467,54.090614039819904,1.7422945006832276,1.7399873353823068,-0.002307165300920788,0.002307165300920788,-0.13242108610318468,pleth_6
s1_sit,heartpy,HeartPy,mid_upslope,lipponen_tarvainen,1.0,100.0,True,False,611,613,0.9841512286143937,0.001639344262295082,0.029065430309958735,610,2,3,0.9951060358890701,0.9967320261437909,0.9959183673469387,314.0000000000104,5.559210526316565,12.259394893627011,0.43421052631578594,12.261790776615927,608,828.437908496732,829.9328968903437,1.4949883936117203,1.4949883936117203,0.18045871371633612,46.977980713169195,49.80483630431074,2.8268555911415447,2.8268555911415447,6.017405491311593,30.45299025358163,38.05095806725558,7.59796781367395,7.59796781367395,24.94982512523656,9.00163666121113,11.311475409836065,2.3098387486249354,2.3098387486249354,25.66020864381519,30.477600635297417,38.081258229262254,7.6036575939648365,7.6036575939648365,24.948347099078116,21.550918083514233,26.927515930027358,5.376597846513125,5.376597846513125,24.94834709907812,62.844405268340736,65.08419412143398,2.239788853093245,2.239788853093245,3.564022673982704,0.3429250064742197,0.4137335691640591,0.07080856268983943,0.07080856268983943,20.648410396738637,1.6764542772105453,1.724378559958914,0.047924282748368796,0.047924282748368796,2.858669240184115,1.1460653887927263,1.0711353966211048,-0.07492999217162155,0.07492999217162155,-6.538020684016411,570.2327955867494,815.6226840476754,245.38988846092604,245.38988846092604,43.03328225947239,327.28840925752615,397.10781982885703,69.81941057133088,69.81941057133088,21.33268658359167,1.7422945006832276,2.053907385654574,0.31161288497134665,0.31161288497134665,17.88520166074966,pleth_6
s1_sit,findpeaks,find_peaks baseline,mid_upslope,lipponen_tarvainen,1.0,100.0,True,False,613,613,0.9841512286143937,0.0016339869281045752,0.00014901624286927523,613,1,0,1.0,0.998371335504886,0.9991850040749797,314.00000000000585,5.1160130718962495,7.725795007423842,0.13888888888892845,7.730865131826553,612,828.437908496732,828.2006525285482,-0.2372559681838311,0.2372559681838311,-0.028638956009914052,46.977980713169195,48.79817578924255,1.8201950760733538,1.8201950760733538,3.8745706998068226,30.45299025358163,32.98484500494095,2.5318547513593224,2.5318547513593224,8.313977478981876,9.00163666121113,11.11111111111111,2.109474449899981,2.109474449899981,23.434343434343422,30.477600635297417,33.006977034122635,2.5293763988252174,2.5293763988252174,8.29913230077514,21.550918083514233,23.339457287296753,1.7885392037825198,1.7885392037825198,8.299132300775137,62.844405268340736,64.94454291355115,2.1001376452104097,2.1001376452104097,3.34180526690162,0.3429250064742197,0.3593751875098163,0.01645018103559659,0.01645018103559659,4.797019967930882,1.6764542772105453,1.7226565322520264,0.04620225504148112,0.04620225504148112,2.7559507986318077,1.1460653887927263,1.180820085261959,0.03475469646923268,0.03475469646923268,3.03252299642724,570.2327955867494,598.498413829949,28.265618243199583,28.265618243199583,4.956855947598605,327.28840925752615,330.046529945631,2.758120688104839,2.758120688104839,0.8427187184421853,1.7422945006832276,1.8133758713613515,0.07108137067812392,0.07108137067812392,4.079756358655205,pleth_6
s1_sit,msptdfast,MSPTDfast v2,mid_upslope,lipponen_tarvainen,0.9,100.0,True,False,612,542,0.8857361057529544,0.01841620626151013,0.022096187004134515,538,6,4,0.992619926199262,0.9889705882352942,0.990791896869245,314.0000000000343,4.689849624060706,6.679702167958172,-0.009398496240642106,6.685982329683121,532,829.8880597014927,829.8142589118199,-0.07380078967275949,0.07380078967275949,-0.00889286076718652,46.53675632162739,47.47343166018742,0.9366753385600362,0.9366753385600362,2.0127645598812993,31.36484131999023,32.779566806167246,1.4147254861770158,1.4147254861770158,4.510545651239585,9.719626168224298,10.526315789473683,0.8066896212493848,0.8066896212493848,8.2995951417004,31.39331035259893,32.809360828791476,1.4160504761925452,1.4160504761925452,4.510675874216354,22.198422634216552,23.19972152843474,1.0012988942181877,1.0012988942181877,4.510675874216351,61.95618944407214,63.00179638861144,1.0456069445393013,1.0456069445393013,1.6876553479506204,0.3582922518863926,0.3682390480635319,0.009946796177139339,0.009946796177139339,2.7761683722631187,1.6863245792442119,1.735683111399905,0.04935853215569308,0.04935853215569308,2.926988834961708,1.0525931863992157,1.1038626119448698,0.05126942554565406,0.05126942554565406,4.870773078157582,476.8828533238871,516.4134151481834,39.530561824296285,39.530561824296285,8.289365312417324,294.93666062044133,291.01400339253627,-3.922657227905063,3.922657227905063,-1.329999878500419,1.6168992092088383,1.774531153580316,0.15763194437147776,0.15763194437147776,9.749027241383112,pleth_6
s1_sit,msptd,MSPTD,mid_upslope,lipponen_tarvainen,0.9,100.0,True,False,612,542,0.8857361057529544,0.01841620626151013,0.9093017053370885,538,6,4,0.992619926199262,0.9889705882352942,0.990791896869245,314.0000000000343,4.719924812030561,6.736306075948634,-0.009398496240642106,6.742639567563071,532,829.8880597014927,829.8142589118199,-0.07380078967275949,0.07380078967275949,-0.00889286076718652,46.53675632162739,47.49433309354371,0.9575767719163224,0.9575767719163224,2.057678376417697,31.36484131999023,32.912163804826385,1.5473224848361546,1.5473224848361546,4.93330244859226,9.719626168224298,10.902255639097744,1.1826294708734455,1.1826294708734455,12.167437825332565,31.39331035259893,32.94208688462132,1.5487765320223872,1.5487765320223872,4.9334603921251325,22.198422634216552,23.293573022552167,1.0951503883356146,1.0951503883356146,4.933460392125135,61.95618944407214,62.99867306415264,1.0424836200805032,1.0424836200805032,1.6826141656461189,0.3582922518863926,0.36974704211360004,0.011454790227207468,0.011454790227207468,3.1970521737208974,1.6863245792442119,1.7207484335848664,0.034423854340654536,0.034423854340654536,2.0413540052937407,1.0525931863992157,1.1033693710372607,0.05077618463804501,0.05077618463804501,4.823913482828416,476.8828533238871,516.2450017941995,39.362148470312434,39.362148470312434,8.254049856470438,294.93666062044133,290.83427436679693,-4.102386253644397,4.102386253644397,-1.390938055992918,1.6168992092088383,1.7750487040021876,0.15814949479334928,0.15814949479334928,9.781036065366937,pleth_6
s1_sit,qppg,qppg (slope-sum),mid_upslope,lipponen_tarvainen,0.9,100.0,True,False,589,542,0.8857361057529544,0.030303030303030304,0.0032037547330000158,522,9,20,0.9630996309963099,0.9830508474576272,0.9729729729729729,314.9999999999953,4.217647058823478,5.960490833846877,-0.017647058823469224,5.966316910650293,510,829.8880597014927,834.5600775193799,4.672017817887195,4.672017817887195,0.562969639491825,46.53675632162739,73.36371868052161,26.826962358894228,26.826962358894228,57.64682474533948,31.36484131999023,89.79640401907625,58.431562699086015,58.431562699086015,186.29637594195302,9.719626168224298,10.679611650485436,0.9599854822611373,0.9599854822611373,9.876773711725164,31.39331035259893,89.88161371577814,58.48830336317921,58.48830336317921,186.30817427744503,22.198422634216552,63.55589856241653,41.357475928199975,41.357475928199975,186.308174277445,61.95618944407214,82.00681797992928,20.050628535857143,20.050628535857143,32.36259155989064,0.3582922518863926,0.7750074948398984,0.4167152429535058,0.4167152429535058,116.30595994178462,1.6863245792442119,1.3128802269947935,-0.3734443522494184,0.3734443522494184,-22.145461013015133,1.0525931863992157,0.7629750498242843,-0.2896181365749314,0.2896181365749314,-27.51472651705806,476.8828533238871,4415.362023823136,3938.479170499249,3938.479170499249,825.8798031944191,294.93666062044133,729.7753566760712,434.83869605562984,434.83869605562984,147.43460346397245,1.6168992092088383,6.050302991778063,4.433403782569224,4.433403782569224,274.1917218661096,pleth_6
s1_sit,terma,TERMA,mid_upslope,lipponen_tarvainen,0.9,100.0,True,False,612,542,0.8857361057529544,0.02029520295202952,0.0004108044061469462,537,7,5,0.9907749077490775,0.9871323529411765,0.9889502762430941,314.0000000000343,4.681732580038194,6.632965665647103,-0.026365348399314786,6.6391677821734305,531,829.8880597014927,829.4709193245778,-0.4171403769148583,0.4171403769148583,-0.05026465582176251,46.53675632162739,48.4740997281434,1.937343406516014,1.937343406516014,4.163039196643917,31.36484131999023,33.24691177924838,1.8820704592581485,1.8820704592581485,6.000573827416815,9.719626168224298,10.526315789473683,0.8066896212493848,0.8066896212493848,8.2995951417004,31.39331035259893,33.272619189708394,1.8793088371094626,1.8793088371094626,5.986335356168904,22.198422634216552,23.527294656880457,1.328872022663905,1.328872022663905,5.986335356168899,61.95618944407214,64.38899824532378,2.432808801251639,2.432808801251639,3.9266598270181476,0.3582922518863926,0.3653930841918187,0.00710083230542613,0.00710083230542613,1.9818548316466704,1.6863245792442119,1.7366481390098312,0.05032355976561931,0.05032355976561931,2.984215517286337,1.0525931863992157,1.117963339552264,0.06537015315304817,0.06537015315304817,6.210391060640527,476.8828533238871,519.1446398738915,42.26178655000439,42.26178655000439,8.862089768050692,294.93666062044133,287.114747228628,-7.821913391813325,7.821913391813325,-2.6520654893694173,1.6168992092088383,1.8081434161251886,0.19124420691635025,0.19124420691635025,11.82783724719165,pleth_6
s1_sit,heartpy,HeartPy,mid_upslope,lipponen_tarvainen,0.9,100.0,True,False,611,542,0.8857361057529544,0.018484288354898338,0.026038303165562247,535,7,7,0.9870848708487084,0.9870848708487084,0.9870848708487084,314.0000000000343,4.593572778828541,6.418310291215823,0.07939508506606242,6.423893815638226,529,829.8880597014927,831.5065913370997,1.6185316356070416,1.6185316356070416,0.1950301148071971,46.53675632162739,60.098703827581,13.561947505953611,13.561947505953611,29.14244261508803,31.36484131999023,57.7333819919338,26.368540671943567,26.368540671943567,84.07037804823103,9.719626168224298,10.566037735849058,0.8464115676247594,0.8464115676247594,8.708272859216276,31.39331035259893,57.78731977503886,26.39400942243993,26.39400942243993,84.07526675585162,22.198422634216552,40.86180567952545,18.6633830453089,18.6633830453089,84.07526675585159,61.95618944407214,74.52530603841423,12.569116594342091,12.569116594342091,20.287104011921574,0.3582922518863926,0.5482943694114204,0.19000211752502782,0.19000211752502782,53.02992641472854,1.6863245792442119,1.4699867078809765,-0.21633787136323535,0.21633787136323535,-12.828957961354929,1.0525931863992157,0.833712034932848,-0.21888115146636777,0.21888115146636777,-20.79446782428183,476.8828533238871,3247.476202905928,2770.593349582041,2770.593349582041,580.9798633502811,294.93666062044133,275.05926370811756,-19.877396912323775,19.877396912323775,-6.739547694921627,1.6168992092088383,11.806460030199261,10.189560820990422,10.189560820990422,630.1914654269796,pleth_6
s1_sit,findpeaks,find_peaks baseline,mid_upslope,lipponen_tarvainen,0.9,100.0,True,False,613,542,0.8857361057529544,0.029465930018416207,0.00014330029197327264,532,13,10,0.981549815498155,0.9761467889908257,0.9788408463661454,314.0000000000343,4.688212927757264,6.624645768562705,-0.03802281368826869,6.630842730858854,526,829.8880597014927,829.4026465028356,-0.48541319865705645,0.48541319865705645,-0.05849140651953199,46.53675632162739,48.45235937853162,1.9156030569042315,1.9156030569042315,4.116322684084405,31.36484131999023,32.75442371233631,1.3895823923460817,1.3895823923460817,4.430382344897878,9.719626168224298,10.227272727272728,0.50764655904843,0.50764655904843,5.222902097902117,31.39331035259893,32.77973125940269,1.3864209068037567,1.3864209068037567,4.416294080592174,22.198422634216552,23.17877025899629,0.9803476247797391,0.9803476247797391,4.416294080592175,61.95618944407214,64.48260903509899,2.526419591026851,2.526419591026851,4.077751736664584,0.3582922518863926,0.3594576988406237,0.0011654469542310975,0.0011654469542310975,0.32527830230630767,1.6863245792442119,1.7193043900126328,0.032979810768420936,0.032979810768420936,1.955721405851894,1.0525931863992157,1.1503589378759616,0.09776575147674582,0.09776575147674582,9.288085153884543,476.8828533238871,504.22089850663207,27.338045182744963,27.338045182744963,5.732654255064531,294.93666062044133,282.09150701210365,-12.845153608337682,12.845153608337682,-4.355224467964094,1.6168992092088383,1.7874373597677917,0.17053815055895338,0.17053815055895338,10.547234458875087,pleth_6
s1_sit,msptdfast,MSPTDfast v2,mid_upslope,lipponen_tarvainen,0.75,100.0,True,False,612,457,0.7479549337469392,0.0437636761487965,0.02188596049195262,447,11,10,0.9781181619256017,0.9759825327510917,0.9770491803278689,315.00000000001063,4.5940366972482485,6.60153582352959,-0.10779816513764441,6.6082382381410305,436,835.053811659193,835.091533180778,0.03772152158501285,0.03772152158501285,0.004517256380168225,46.855760225798555,47.92780165277576,1.0720414269772078,1.0720414269772078,2.2879608010008274,31.882649996301428,32.88037813126567,0.9977281349642446,0.9977281349642446,3.129376432260138,10.337078651685392,10.550458715596331,0.21338006391093955,0.21338006391093955,2.0642201834862632,31.917919708879925,32.917611468412666,0.999691759532741,0.999691759532741,3.132070537963712,22.569377467516752,23.276266289778665,0.706888822261913,0.706888822261913,3.1320705379637133,62.30206845204899,63.65817912996682,1.356110677917826,1.356110677917826,2.1766703925112236,0.3622572737675211,0.36564455043957517,0.0033872766720540737,0.0033872766720540737,0.9350472488311887,1.719610361559666,1.7227665977411035,0.003156236181437455,0.003156236181437455,0.18354368245227287,1.068288928546959,1.0383617978786697,-0.029927130668289337,0.029927130668289337,-2.80140792145014,436.484076461861,489.9893076443441,53.5052311824831,53.5052311824831,12.258232102347558,265.9112938317648,261.93469300571996,-3.9766008260448302,3.9766008260448302,-1.4954614257793515,1.6414649794378917,1.8706544826944478,0.22918950325655607,0.22918950325655607,13.96249728916181,pleth_6
s1_sit,msptd,MSPTD,mid_upslope,lipponen_tarvainen,0.75,100.0,True,False,612,457,0.7479549337469392,0.0437636761487965,0.9079592600755,447,11,10,0.9781181619256017,0.9759825327510917,0.9770491803278689,315.0000000000035,4.630733944954585,6.671691531380261,-0.10779816513764441,6.678483805876803,436,835.053811659193,835.091533180778,0.03772152158501285,0.03772152158501285,0.004517256380168225,46.855760225798555,47.95253623011841,1.0967760043198567,1.0967760043198567,2.340749566402248,31.882649996301428,33.040078525795586,1.1574285294941582,1.1574285294941582,3.630277061751224,10.337078651685392,11.009174311926607,0.6720956602412151,0.6720956602412151,6.5017949740726255,31.917919708879925,33.07749792416666,1.1595782152867322,1.1595782152867322,3.633000602367342,22.569377467516752,23.389323086862195,0.8199456193454431,0.8199456193454431,3.6330006023673436,62.30206845204899,63.65399459059905,1.3519261385500556,1.3519261385500556,2.16995385890048,0.3622572737675211,0.3674447022106689,0.00518742844314779,0.00518742844314779,1.431973577562124,1.719610361559666,1.7098303554179173,-0.009780006141748787,0.009780006141748787,-0.5687338457811127,1.068288928546959,1.0367446917146064,-0.031544236832352635,0.031544236832352635,-2.952781404863735,436.484076461861,489.84723464061324,53.36315817875226,53.36315817875226,12.225682689575736,265.9112938317648,261.39879461314825,-4.51249921861654,4.51249921861654,-1.6969941944141274,1.6414649794378917,1.8739460346997872,0.23248105526189544,0.23248105526189544,14.16302255449318,pleth_6
s1_sit,qppg,qppg (slope-sum),mid_upslope,lipponen_tarvainen,0.75,100.0,True,False,589,457,0.7479549337469392,0.05145413870246085,0.0036449221729057484,434,14,23,0.949671772428884,0.96875,0.9591160220994475,315.4999999999846,4.0023752969124615,5.331972312482117,-0.10213776722081998,5.337336609744615,421,835.053811659193,837.7830188679246,2.729207208731623,2.729207208731623,0.3268301001235933,46.855760225798555,58.625671478879966,11.76991125308141,11.76991125308141,25.119454249300507,31.882649996301428,58.882902590600374,27.000252594298946,27.000252594298946,84.68635009144826,10.337078651685392,9.692671394799055,-0.6444072568863373,0.6444072568863373,-6.233939767704786,31.917919708879925,58.952308301484635,27.03438859260471,27.03438859260471,84.69971990399938,22.569377467516752,41.68557696657979,19.116199499063036,19.116199499063036,84.69971990399938,62.30206845204899,71.66764531964526,9.365576867596268,9.365576867596268,15.032529577737082,0.3622572737675211,0.581651270676715,0.21939399690919387,0.21939399690919387,60.56303428429988,1.719610361559666,1.5275121866685697,-0.19209817489109637,0.19209817489109637,-11.171029157841643,1.068288928546959,1.0518076436357164,-0.016481284911242566,0.016481284911242566,-1.5427741007912257,436.484076461861,2711.828786113795,2275.344709651934,2275.344709651934,521.2892823252279,265.9112938317648,513.3501498233331,247.43885599156835,247.43885599156835,93.053157850496,1.6414649794378917,5.282610294449232,3.6411453150113404,3.6411453150113404,221.8229057959083,pleth_6
s1_sit,terma,TERMA,mid_upslope,lipponen_tarvainen,0.75,100.0,True,False,612,457,0.7479549337469392,0.046153846153846156,0.0004557171316113512,446,11,11,0.975929978118162,0.975929978118162,0.975929978118162,315.00000000001063,4.583908045977521,6.543927605477996,-0.1287356321839713,6.55019449610856,435,835.053811659193,835.2155963302753,0.16178467108227323,0.16178467108227323,0.019374161140683677,46.855760225798555,47.90689567011215,1.0511354443135943,1.0511354443135943,2.24334305803205,31.882649996301428,32.30188066123773,0.419230664936304,0.419230664936304,1.314917878485437,10.337078651685392,10.344827586206897,0.0077489345215049354,0.0077489345215049354,0.07496251874064558,31.917919708879925,32.338522723054304,0.42060301417437884,0.42060301417437884,1.3177644972186653,22.569377467516752,22.866788711026956,0.2974112435102043,0.2974112435102043,1.3177644972186628,62.30206845204899,63.775005131628724,1.4729366795797318,1.4729366795797318,2.3641858387308323,0.3622572737675211,0.3585540865709213,-0.0037031871965997887,0.0037031871965997887,-1.0222533720541143,1.719610361559666,1.7271542124636448,0.007543850903978688,0.007543850903978688,0.43869536219452093,1.068288928546959,1.0779287303259208,0.009639801778961843,0.009639801778961843,0.9023590455134165,436.484076461861,488.37854556897827,51.89446910711729,51.89446910711729,11.889200982490301,265.9112938317648,256.4308869946785,-9.48040683708632,9.48040683708632,-3.5652516673790955,1.6414649794378917,1.9045230911637927,0.263058111725901,0.263058111725901,16.025813223013955,pleth_6
s1_sit,heartpy,HeartPy,mid_upslope,lipponen_tarvainen,0.75,100.0,True,False,611,457,0.7479549337469392,0.04395604395604396,0.02219024036914162,444,12,13,0.9715536105032823,0.9736842105263158,0.972617743702081,315.00000000001063,4.475750577367757,6.276537195666368,-1.023969208116172e-13,6.283797507168996,433,835.053811659193,837.1816091954023,2.1277975362093002,2.1277975362093002,0.254809631008272,46.855760225798555,62.712912055001304,15.85715182920275,15.85715182920275,33.84248116514792,31.882649996301428,61.962081462541754,30.079431466240326,30.079431466240326,94.34420121831063,10.337078651685392,10.599078341013826,0.26199968932843376,0.26199968932843376,2.5345622119815876,31.917919708879925,62.033301548061075,30.11538183918115,30.11538183918115,94.35258348244642,22.569377467516752,43.864168184023946,21.294790716507194,21.294790716507194,94.35258348244642,62.30206845204899,77.08276997072898,14.780701518679983,14.780701518679983,23.72425488578441,0.3622572737675211,0.5690528272489521,0.20679555348143103,0.20679555348143103,57.085272941722145,1.719610361559666,1.457465543721807,-0.26214481783785915,0.26214481783785915,-15.244431162888372,1.068288928546959,0.7972302267232418,-0.27105870182371716,0.27105870182371716,-25.373163999031576,436.484076461861,4325.62563705808,3889.1415605962193,3889.1415605962193,891.0156796833445,265.9112938317648,243.14811807068634,-22.763175761078458,22.763175761078458,-8.560439623704035,1.6414649794378917,17.79008479021238,16.148619810774488,16.148619810774488,983.7931368054207,pleth_6
s1_sit,findpeaks,find_peaks baseline,mid_upslope,lipponen_tarvainen,0.75,100.0,True,False,613,457,0.7479549337469392,0.046052631578947366,0.0003910938256276654,446,12,11,0.975929978118162,0.9737991266375546,0.9748633879781421,315.00000000001063,4.583908045977521,6.514351971546338,-0.1287356321839713,6.520579051178028,435,835.053811659193,835.2471395881007,0.19332792890770634,0.19332792890770634,0.02315155337397687,46.855760225798555,47.85014137537427,0.994381149575716,0.994381149575716,2.1222175134578536,31.882649996301428,32.0411146423298,0.1584646460283743,0.1584646460283743,0.4970247016692687,10.337078651685392,10.321100917431194,-0.01597773425419824,0.01597773425419824,-0.15456721180691776,31.917919708879925,32.07736975708136,0.15945004820143183,0.15945004820143183,0.4995627837144757,22.569377467516752,22.682125677860505,0.11274821034375293,0.11274821034375293,0.49956278371446955,62.30206845204899,63.755730989616545,1.4536625375675527,1.4536625375675527,2.333249238243782,0.3622572737675211,0.3557660672348747,-0.006491206532646399,0.006491206532646399,-1.7918774867201523,1.719610361559666,1.705798512503077,-0.013811849056589054,0.013811849056589054,-0.8031964313160961,1.068288928546959,1.0622928379899688,-0.005996090556990241,0.005996090556990241,-0.5612798557358324,436.484076461861,484.9306246928169,48.4465482309559,48.4465482309559,11.099270475950352,265.9112938317648,255.52358339663934,-10.387710435125456,10.387710435125456,-3.906457031380356,1.6414649794378917,1.897792048180844,0.2563270687429522,0.2563270687429522,15.615750074103294,pleth_6
s1_sit,msptdfast,MSPTDfast v2,mid_upslope,lipponen_tarvainen,0.5,100.0,True,False,612,300,0.4920756143071969,0.07920792079207921,0.023225335202387055,292,12,8,0.9733333333333334,0.9605263157894737,0.9668874172185431,314.9999999999822,3.8243727598599495,5.399123783950225,0.003584229391201355,5.408824529465731,279,835.9372822299648,836.4193548387099,0.48207260874505664,0.48207260874505664,0.057668514013284475,49.041543366872,49.815051302521766,0.7735079356497678,0.7735079356497678,1.57725039333138,30.456664157596386,32.28035908619527,1.8236949285988828,1.8236949285988828,5.987835434512035,8.741258741258742,10.431654676258994,1.690395935000252,1.690395935000252,19.338129496402882,30.508493098600006,32.337224303121104,1.8287312045210982,1.8287312045210982,5.994170864522365,21.57276235380305,22.86587058948736,1.2931082356843113,1.2931082356843113,5.994170864522364,65.91480771447272,66.63505559936577,0.7202478848930554,0.7202478848930554,1.0926951164190573,0.3272824893497548,0.3431507692732382,0.015868279923483386,0.015868279923483386,4.848496464021189,1.8312472407351734,1.7011625738758283,-0.13008466685934517,0.13008466685934517,-7.103610258935943,1.0501995757324492,1.0647708751696283,0.014571299437179164,0.014571299437179164,1.3874790824416954,302.03628100568375,342.6041901276909,40.567909122007165,40.567909122007165,13.431468890733612,127.57773129988048,137.51502338327725,9.93729208339677,9.93729208339677,7.78920582937665,2.3674686634435136,2.4913946251006776,0.12392596165716396,0.12392596165716396,5.234534402534058,pleth_6
s1_sit,msptd,MSPTD,mid_upslope,lipponen_tarvainen,0.5,100.0,True,False,612,300,0.4920756143071969,0.07920792079207921,0.9322890491519396,292,12,8,0.9733333333333334,0.9605263157894737,0.9668874172185431,314.9999999999822,3.8243727598597457,5.409735018918483,0.01075268817259759,5.419445318565505,279,835.9372822299648,836.4265232974913,0.48924106752645,0.48924106752645,0.058526049492772916,49.041543366872,49.828563784281926,0.7870204174099271,0.7870204174099271,1.6048035265170029,30.456664157596386,32.33213427033024,1.8754701127338578,1.8754701127338578,6.15783167529227,8.741258741258742,10.431654676258994,1.690395935000252,1.690395935000252,19.338129496402882,30.508493098600006,32.38909502212642,1.880601923526413,1.880601923526413,6.164191451372311,21.57276235380305,22.902548726641044,1.3297863728379937,1.3297863728379937,6.164191451372321,65.91480771447272,66.6426650084789,0.7278572940061849,0.7278572940061849,1.1042394254703582,0.3272824893497548,0.3436619577522473,0.016379468402492492,0.016379468402492492,5.004688284739962,1.8312472407351734,1.7011625738758283,-0.13008466685934517,0.13008466685934517,-7.103610258935943,1.0501995757324492,1.0638711889283734,0.013671613195924248,0.013671613195924248,1.3018109616345204,302.03628100568375,342.8647723724922,40.828491366808464,40.828491366808464,13.517744037525132,127.57773129988048,137.69885438521078,10.121123085330296,10.121123085330296,7.933299159819577,2.3674686634435136,2.489960965204056,0.1224923017605426,0.1224923017605426,5.173977744751897,pleth_6
s1_sit,qppg,qppg (slope-sum),mid_upslope,lipponen_tarvainen,0.5,100.0,True,False,589,300,0.4920756143071969,0.07973421926910298,0.004650645996651106,289,13,11,0.9633333333333334,0.956953642384106,0.9601328903654486,314.9999999999776,3.4945454545478847,4.595254469163622,-0.10545454545396916,4.602419951441571,275,835.9372822299648,839.9783393501807,4.041057120215896,4.041057120215896,0.48341630480170505,49.041543366872,64.48479963672654,15.443256269854537,15.443256269854537,31.490151430035528,30.456664157596386,70.83912167312853,40.382457515532145,40.382457515532145,132.5898900371205,8.741258741258742,10.144927536231885,1.403668794973143,1.403668794973143,16.057971014492754,30.508493098600006,70.96717903833279,40.45868593973278,40.45868593973278,132.6145011783272,21.57276235380305,50.18137353968493,28.608611185881877,28.608611185881877,132.61450117832723,65.91480771447272,76.14728175088159,10.232474036408874,10.232474036408874,15.523786522648324,0.3272824893497548,0.6590041349585529,0.33172164560879813,0.33172164560879813,101.35636839840197,1.8312472407351734,1.4814410219965353,-0.34980621873863815,0.34980621873863815,-19.10207485681752,1.0501995757324492,0.9721474543738208,-0.07805212135862838,0.07805212135862838,-7.432122728119735,302.03628100568375,2478.5483268453454,2176.512045839662,2176.512045839662,720.6127815481558,127.57773129988048,422.15706324512695,294.57933194524645,294.57933194524645,230.90184230727297,2.3674686634435136,5.871152096313897,3.503683432870383,3.503683432870383,147.99281135042483,pleth_6
s1_sit,terma,TERMA,mid_upslope,lipponen_tarvainen,0.5,100.0,True,False,612,300,0.4920756143071969,0.07920792079207921,0.0004340697413340442,292,12,8,0.9733333333333334,0.9605263157894737,0.9668874172185431,314.9999999999822,3.8243727598599495,5.397131854797873,0.003584229391201355,5.4068290204831015,279,835.9372822299648,836.4193548387099,0.48207260874505664,0.48207260874505664,0.057668514013284475,49.041543366872,49.81772298412714,0.7761796172551385,0.7761796172551385,1.582698186002553,30.456664157596386,32.288826942514106,1.8321627849177204,1.8321627849177204,6.015638401623013,8.741258741258742,10.431654676258994,1.690395935000252,1.690395935000252,19.338129496402882,30.508493098600006,32.345707784688344,1.8372146860883376,1.8372146860883376,6.021977814999473,21.57276235380305,22.871869316831628,1.2991069630285779,1.2991069630285779,6.021977814999473,65.91480771447272,66.63699153323351,0.7221838187607972,0.7221838187607972,1.0956321406399696,0.3272824893497548,0.34323082105867375,0.01594833170891896,0.01594833170891896,4.872956002200156,1.8312472407351734,1.7025983243019325,-0.12864891643324095,0.12864891643324095,-7.025207387157263,1.0501995757324492,1.0645259593002927,0.014326383567843548,0.014326383567843548,1.3641581942034002,302.03628100568375,342.6041901276909,40.567909122007165,40.567909122007165,13.431468890733612,127.57773129988048,137.51502338327728,9.937292083396798,9.937292083396798,7.789205829376673,2.3674686634435136,2.4913946251006767,0.12392596165716308,0.12392596165716308,5.23453440253402,pleth_6
s1_sit,heartpy,HeartPy,mid_upslope,lipponen_tarvainen,0.5,100.0,True,False,611,300,0.4920756143071969,0.07920792079207921,0.01981435364893134,292,12,8,0.9733333333333334,0.9605263157894737,0.9668874172185431,314.9999999999822,3.8243727598599495,5.397131854797873,0.003584229391201355,5.4068290204831015,279,835.9372822299648,836.4193548387099,0.48207260874505664,0.48207260874505664,0.057668514013284475,49.041543366872,49.81772298412714,0.7761796172551385,0.7761796172551385,1.582698186002553,30.456664157596386,32.288826942514106,1.8321627849177204,1.8321627849177204,6.015638401623013,8.741258741258742,10.431654676258994,1.690395935000252,1.690395935000252,19.338129496402882,30.508493098600006,32.345707784688344,1.8372146860883376,1.8372146860883376,6.021977814999473,21.57276235380305,22.871869316831628,1.2991069630285779,1.2991069630285779,6.021977814999473,65.91480771447272,66.63699153323351,0.7221838187607972,0.7221838187607972,1.0956321406399696,0.3272824893497548,0.34323082105867375,0.01594833170891896,0.01594833170891896,4.872956002200156,1.8312472407351734,1.7025983243019325,-0.12864891643324095,0.12864891643324095,-7.025207387157263,1.0501995757324492,1.0645259593002927,0.014326383567843548,0.014326383567843548,1.3641581942034002,302.03628100568375,342.6041901276909,40.567909122007165,40.567909122007165,13.431468890733612,127.57773129988048,137.51502338327728,9.937292083396798,9.937292083396798,7.789205829376673,2.3674686634435136,2.4913946251006767,0.12392596165716308,0.12392596165716308,5.23453440253402,pleth_6
s1_sit,findpeaks,find_peaks baseline,mid_upslope,lipponen_tarvainen,0.5,100.0,True,False,613,300,0.4920756143071969,0.07920792079207921,0.00014308771540778254,292,12,8,0.9733333333333334,0.9605263157894737,0.9668874172185431,314.9999999999822,3.8243727598599495,5.397131854797873,0.003584229391201355,5.4068290204831015,279,835.9372822299648,836.4193548387099,0.48207260874505664,0.48207260874505664,0.057668514013284475,49.041543366872,49.81772298412714,0.7761796172551385,0.7761796172551385,1.582698186002553,30.456664157596386,32.288826942514106,1.8321627849177204,1.8321627849177204,6.015638401623013,8.741258741258742,10.431654676258994,1.690395935000252,1.690395935000252,19.338129496402882,30.508493098600006,32.345707784688344,1.8372146860883376,1.8372146860883376,6.021977814999473,21.57276235380305,22.871869316831628,1.2991069630285779,1.2991069630285779,6.021977814999473,65.91480771447272,66.63699153323351,0.7221838187607972,0.7221838187607972,1.0956321406399696,0.3272824893497548,0.34323082105867375,0.01594833170891896,0.01594833170891896,4.872956002200156,1.8312472407351734,1.7025983243019325,-0.12864891643324095,0.12864891643324095,-7.025207387157263,1.0501995757324492,1.0645259593002927,0.014326383567843548,0.014326383567843548,1.3641581942034002,302.03628100568375,342.6041901276909,40.567909122007165,40.567909122007165,13.431468890733612,127.57773129988048,137.51502338327728,9.937292083396798,9.937292083396798,7.789205829376673,2.3674686634435136,2.4913946251006767,0.12392596165716308,0.12392596165716308,5.23453440253402,pleth_6
s2_sit,msptdfast,MSPTDfast v2,mid_upslope,lipponen_tarvainen,1.0,100.0,True,False,990,991,0.9951016628351869,0.0,0.02243870986058314,990,0,1,0.9989909182643795,1.0,0.999495204442201,234.00000000000574,2.760364004043972,3.35285821958554,0.006066734074812995,3.35454908962852,989,496.8181818181818,496.82103134479274,0.0028495266109302975,0.0028495266109302975,0.0005735552190344606,17.9894720567605,19.0897974570566,1.1003254002961,1.1003254002961,6.11649634199573,4.648624180821078,5.908718597597268,1.26009441677619,1.26009441677619,27.106824896170075,0.0,0.0,0.0,0.0,,4.650954564424282,5.9116889080349075,1.2607343436106255,1.2607343436106255,27.10700193147738,3.2887215114949355,4.18019531513678,0.8914738036418446,0.8914738036418446,27.107001931477388,25.22749532913968,26.67145854710983,1.4439632179701505,1.4439632179701505,5.723767655611308,0.13036258528987663,0.15672916079011187,0.026366575500235245,0.026366575500235245,20.225569661422444,0.745467018693734,0.9290648567347047,0.18359783804097074,0.18359783804097074,24.628566178914973,1.6151323746822592,1.5393332557824133,-0.07579911889984592,0.07579911889984592,-4.693059224619758,99.94805062404777,119.87365928156653,19.925608657518765,19.925608657518765,19.935965267065058,19.90885704317436,38.54597279798683,18.637115754812466,18.637115754812466,93.61218333325718,5.020280692522949,3.109888026689711,-1.9103926658332377,1.9103926658332377,-38.05350303775878,pleth_6
s2_sit,msptd,MSPTD,mid_upslope,lipponen_tarvainen,1.0,100.0,True,False,990,991,0.9951016628351869,0.0,0.9146546672298402,990,0,1,0.9989909182643795,1.0,0.999495204442201,234.00000000000574,2.760364004043972,3.35285821958554,0.006066734074812995,3.35454908962852,989,496.8181818181818,496.82103134479274,0.0028495266109302975,0.0028495266109302975,0.0005735552190344606,17.9894720567605,19.0897974570566,1.1003254002961,1.1003254002961,6.11649634199573,4.648624180821078,5.908718597597268,1.26009441677619,1.26009441677619,27.106824896170075,0.0,0.0,0.0,0.0,,4.650954564424282,5.9116889080349075,1.2607343436106255,1.2607343436106255,27.10700193147738,3.2887215114949355,4.18019531513678,0.8914738036418446,0.8914738036418446,27.107001931477388,25.22749532913968,26.67145854710983,1.4439632179701505,1.4439632179701505,5.723767655611308,0.13036258528987663,0.15672916079011187,0.026366575500235245,0.026366575500235245,20.225569661422444,0.745467018693734,0.9290648567347047,0.18359783804097074,0.18359783804097074,24.628566178914973,1.6151323746822592,1.5393332557824133,-0.07579911889984592,0.07579911889984592,-4.693059224619758,99.94805062404777,119.87365928156653,19.925608657518765,19.925608657518765,19.935965267065058,19.90885704317436,38.54597279798683,18.637115754812466,18.637115754812466,93.61218333325718,5.020280692522949,3.109888026689711,-1.9103926658332377,1.9103926658332377,-38.05350303775878,pleth_6
s2_sit,qppg,qppg (slope-sum),mid_upslope,lipponen_tarvainen,1.0,100.0,True,False,991,991,0.9951016628351869,0.0,0.004461507843577844,991,0,0,1.0,1.0,1.0,234.9999999999298,2.9848484848481824,3.780732653062565,0.0030303030303168105,3.782642346752194,990,496.8181818181818,496.8212121212121,0.0030303030303002743,0.0030303030303002743,0.0006099420555041724,17.9894720567605,19.159047857561863,1.1695758008013613,1.1695758008013613,6.501445940776405,4.648624180821078,6.433685994060867,1.785061813239789,1.785061813239789,38.39978763188589,0.0,0.0,0.0,0.0,,4.650954564424282,6.436918110617743,1.7859635461934609,1.7859635461934609,38.39993535637853,3.2887215114949355,4.551588445960306,1.2628669344653702,1.2628669344653702,38.399935356378535,25.22749532913968,26.70994706537795,1.4824517362382714,1.4824517362382714,5.876333408833999,0.13036258528987663,0.1704079920046034,0.04004540671472678,0.04004540671472678,30.718481553339167,0.745467018693734,0.9543396542121744,0.20887263551844037,0.20887263551844037,28.0190310611519,1.6151323746822592,1.5147124782234598,-0.10041989645879945,0.10041989645879945,-6.217440627958113,99.94805062404777,119.98966602533437,20.041615401286606,20.041615401286606,20.0520323069358,19.90885704317436,39.238917450415855,19.330060407241493,19.330060407241493,97.0927681349176,5.020280692522949,3.0579249842190213,-1.9623557083039276,1.9623557083039276,-39.088565530341754,pleth_6
s2_sit,terma,TERMA,mid_upslope,lipponen_tarvainen,1.0,100.0,True,False,991,991,0.9951016628351869,0.0,0.0004942690259841202,991,0,0,1.0,1.0,1.0,234.00000000000574,2.7585858585853176,3.351315134586464,0.005050505050518888,3.353005193791906,990,496.8181818181818,496.82323232323233,0.005050505050519405,0.005050505050519405,0.0010165700925107678,17.9894720567605,19.080269632219164,1.0907975754586623,1.0907975754586623,6.06353300428701,4.648624180821078,5.905730623399828,1.25710644257875,1.25710644257875,27.042548368724216,0.0,0.0,0.0,0.0,,4.650954564424282,5.908696427671396,1.257741863247114,1.257741863247114,27.042660723192927,3.2887215114949355,4.1780793119791735,0.889357800484238,0.889357800484238,27.042660723192935,25.22749532913968,26.658151318858952,1.4306559897192734,1.4306559897192734,5.671018747813449,0.13036258528987663,0.15672802145974193,0.02636543616986531,0.02636543616986531,20.224695691051725,0.745467018693734,0.9305285145369274,0.18506149584319342,0.18506149584319342,24.824907232981648,1.6151323746822592,1.537156854270568,-0.0779755204116912,0.0779755204116912,-4.827809883201129,99.94805062404777,119.87365928156653,19.925608657518765,19.925608657518765,19.935965267065058,19.90885704317436,38.545972797986835,18.637115754812474,18.637115754812474,93.6121833332572,5.020280692522949,3.10988802668971,-1.9103926658332386,1.9103926658332386,-38.053503037758794,pleth_6
s2_sit,heartpy,HeartPy,mid_upslope,lipponen_tarvainen,1.0,100.0,True,False,991,991,0.9951016628351869,0.0,0.0267841076172759,991,0,0,1.0,1.0,1.0,234.00000000000574,2.7585858585853176,3.351315134586464,0.005050505050518888,3.353005193791906,990,496.8181818181818,496.82323232323233,0.005050505050519405,0.005050505050519405,0.0010165700925107678,17.9894720567605,19.080269632219164,1.0907975754586623,1.0907975754586623,6.06353300428701,4.648624180821078,5.905730623399828,1.25710644257875,1.25710644257875,27.042548368724216,0.0,0.0,0.0,0.0,,4.650954564424282,5.908696427671396,1.257741863247114,1.257741863247114,27.042660723192927,3.2887215114949355,4.1780793119791735,0.889357800484238,0.889357800484238,27.042660723192935,25.22749532913968,26.658151318858952,1.4306559897192734,1.4306559897192734,5.671018747813449,0.13036258528987663,0.15672802145974193,0.02636543616986531,0.02636543616986531,20.224695691051725,0.745467018693734,0.9305285145369274,0.18506149584319342,0.18506149584319342,24.824907232981648,1.6151323746822592,1.537156854270568,-0.0779755204116912,0.0779755204116912,-4.827809883201129,99.94805062404777,119.87365928156653,19.925608657518765,19.925608657518765,19.935965267065058,19.90885704317436,38.545972797986835,18.637115754812474,18.637115754812474,93.6121833332572,5.020280692522949,3.10988802668971,-1.9103926658332386,1.9103926658332386,-38.053503037758794,pleth_6
s2_sit,findpeaks,find_peaks baseline,mid_upslope,lipponen_tarvainen,1.0,100.0,True,False,991,991,0.9951016628351869,0.0,0.00017930107305495416,991,0,0,1.0,1.0,1.0,234.00000000000574,2.7585858585853176,3.351315134586464,0.005050505050518888,3.353005193791906,990,496.8181818181818,496.82323232323233,0.005050505050519405,0.005050505050519405,0.0010165700925107678,17.9894720567605,19.080269632219164,1.0907975754586623,1.0907975754586623,6.06353300428701,4.648624180821078,5.905730623399828,1.25710644257875,1.25710644257875,27.042548368724216,0.0,0.0,0.0,0.0,,4.650954564424282,5.908696427671396,1.257741863247114,1.257741863247114,27.042660723192927,3.2887215114949355,4.1780793119791735,0.889357800484238,0.889357800484238,27.042660723192935,25.22749532913968,26.658151318858952,1.4306559897192734,1.4306559897192734,5.671018747813449,0.13036258528987663,0.15672802145974193,0.02636543616986531,0.02636543616986531,20.224695691051725,0.745467018693734,0.9305285145369274,0.18506149584319342,0.18506149584319342,24.824907232981648,1.6151323746822592,1.537156854270568,-0.0779755204116912,0.0779755204116912,-4.827809883201129,99.94805062404777,119.87365928156653,19.925608657518765,19.925608657518765,19.935965267065058,19.90885704317436,38.545972797986835,18.637115754812474,18.637115754812474,93.6121833332572,5.020280692522949,3.10988802668971,-1.9103926658332386,1.9103926658332386,-38.053503037758794,pleth_6
s2_sit,msptdfast,MSPTDfast v2,mid_upslope,lipponen_tarvainen,0.9,100.0,True,False,990,889,0.8935606768315963,0.009019165727170236,0.022425720738043754,884,4,5,0.9943757030371203,0.9954954954954955,0.9949352841868317,234.00000000000574,2.770193401592243,3.37443375774848,-0.017064846416295985,3.3763116960531665,879,495.1131221719457,495.0068259385666,-0.10629623337911198,0.10629623337911198,-0.021469080220054605,16.329308176704693,17.346855420768055,1.017547244063362,1.017547244063362,6.231416744984883,4.190805878005968,5.544497980770964,1.3536921027649962,1.3536921027649962,32.30147475618933,0.0,0.0,0.0,0.0,,4.193106840490139,5.547606520795842,1.354499680305703,1.354499680305703,32.30300900578467,2.9649742811502766,3.92275019020945,0.9577759090591735,0.9577759090591735,32.30300900578468,22.901998571559357,24.216498857664618,1.314500286105261,1.314500286105261,5.739674998223349,0.12946356065327433,0.16198667748240098,0.03252311682912665,0.03252311682912665,25.12144472546151,0.7209677313931827,0.920722725744774,0.19975499435159128,0.19975499435159128,27.706509688802438,1.6611844957302855,1.538915623018002,-0.12226887271228337,0.12226887271228337,-7.360342757023617,71.40871398824643,85.38103824957881,13.972324261332375,13.972324261332375,19.566693588169308,9.945496828630118,24.14911672912929,14.203619900499172,14.203619900499172,142.81458377837083,7.180004701492845,3.535576029850814,-3.6444286716420313,3.6444286716420313,-50.75802625706209,pleth_6
s2_sit,msptd,MSPTD,mid_upslope,lipponen_tarvainen,0.9,100.0,True,False,990,889,0.8935606768315963,0.009019165727170236,0.9164369308630484,884,4,5,0.9943757030371203,0.9954954954954955,0.9949352841868317,234.00000000000574,2.770193401592243,3.37443375774848,-0.017064846416295985,3.3763116960531665,879,495.1131221719457,495.0068259385666,-0.10629623337911198,0.10629623337911198,-0.021469080220054605,16.329308176704693,17.346855420768055,1.017547244063362,1.017547244063362,6.231416744984883,4.190805878005968,5.544497980770964,1.3536921027649962,1.3536921027649962,32.30147475618933,0.0,0.0,0.0,0.0,,4.193106840490139,5.547606520795842,1.354499680305703,1.354499680305703,32.30300900578467,2.9649742811502766,3.92275019020945,0.9577759090591735,0.9577759090591735,32.30300900578468,22.901998571559357,24.216498857664618,1.314500286105261,1.314500286105261,5.739674998223349,0.12946356065327433,0.16198667748240098,0.03252311682912665,0.03252311682912665,25.12144472546151,0.7209677313931827,0.920722725744774,0.19975499435159128,0.19975499435159128,27.706509688802438,1.6611844957302855,1.538915623018002,-0.12226887271228337,0.12226887271228337,-7.360342757023617,71.40871398824643,85.38103824957881,13.972324261332375,13.972324261332375,19.566693588169308,9.945496828630118,24.14911672912929,14.203619900499172,14.203619900499172,142.81458377837083,7.180004701492845,3.535576029850814,-3.6444286716420313,3.6444286716420313,-50.75802625706209,pleth_6
s2_sit,qppg,qppg (slope-sum),mid_upslope,lipponen_tarvainen,0.9,100.0,True,False,991,889,0.8935606768315963,0.013528748590755355,0.004428206460907261,880,8,9,0.9898762654668166,0.990990990990991,0.9904333145751266,234.9999999999298,3.02399999999982,3.852123718528591,-0.018285714285665628,3.8542833951786313,875,495.1131221719457,494.9188571428571,-0.19426502908856946,0.19426502908856946,-0.039236493720136954,16.329308176704693,17.42736606424599,1.098057887541298,1.098057887541298,6.724460556802901,4.190805878005968,6.202623642118477,2.011817764112509,2.011817764112509,48.005510698332664,0.0,0.0,0.0,0.0,,4.193106840490139,6.206128536596883,2.013021696106744,2.013021696106744,48.00787990108639,2.9649742811502766,4.388395573143001,1.423421291992724,1.423421291992724,48.007879901086376,22.901998571559357,24.252178462317246,1.3501798907578895,1.3501798907578895,5.895467535460413,0.12946356065327433,0.18094851066520226,0.05148495001192793,0.05148495001192793,39.76790824548189,0.7209677313931827,0.9462589011127913,0.2252911697196086,0.2252911697196086,31.24844010483808,1.6611844957302855,1.4949153332204093,-0.16626916250987622,0.16626916250987622,-10.00907261879912,71.40871398824643,86.57018294561718,15.161468957370744,15.161468957370744,21.231959113374113,9.945496828630118,24.7757122184239,14.830215389793784,14.830215389793784,149.1148772688964,7.180004701492845,3.494155170289765,-3.6858495312030803,3.6858495312030803,-51.3349180737546,pleth_6
s2_sit,terma,TERMA,mid_upslope,lipponen_tarvainen,0.9,100.0,True,False,991,889,0.8935606768315963,0.009019165727170236,0.0005315792462774639,884,4,5,0.9943757030371203,0.9954954954954955,0.9949352841868317,234.00000000000574,2.770193401592243,3.37443375774848,-0.017064846416295985,3.3763116960531665,879,495.1131221719457,495.0068259385666,-0.10629623337911198,0.10629623337911198,-0.021469080220054605,16.329308176704693,17.346855420768055,1.017547244063362,1.017547244063362,6.231416744984883,4.190805878005968,5.544497980770964,1.3536921027649962,1.3536921027649962,32.30147475618933,0.0,0.0,0.0,0.0,,4.193106840490139,5.547606520795842,1.354499680305703,1.354499680305703,32.30300900578467,2.9649742811502766,3.92275019020945,0.9577759090591735,0.9577759090591735,32.30300900578468,22.901998571559357,24.216498857664618,1.314500286105261,1.314500286105261,5.739674998223349,0.12946356065327433,0.16198667748240098,0.03252311682912665,0.03252311682912665,25.12144472546151,0.7209677313931827,0.920722725744774,0.19975499435159128,0.19975499435159128,27.706509688802438,1.6611844957302855,1.538915623018002,-0.12226887271228337,0.12226887271228337,-7.360342757023617,71.40871398824643,85.38103824957881,13.972324261332375,13.972324261332375,19.566693588169308,9.945496828630118,24.14911672912929,14.203619900499172,14.203619900499172,142.81458377837083,7.180004701492845,3.535576029850814,-3.6444286716420313,3.6444286716420313,-50.75802625706209,pleth_6
s2_sit,heartpy,HeartPy,mid_upslope,lipponen_tarvainen,0.9,100.0,True,False,991,889,0.8935606768315963,0.009019165727170236,0.026710973737404872,884,4,5,0.9943757030371203,0.9954954954954955,0.9949352841868317,234.00000000000574,2.770193401592243,3.37443375774848,-0.017064846416295985,3.3763116960531665,879,495.1131221719457,495.0068259385666,-0.10629623337911198,0.10629623337911198,-0.021469080220054605,16.329308176704693,17.346855420768055,1.017547244063362,1.017547244063362,6.231416744984883,4.190805878005968,5.544497980770964,1.3536921027649962,1.3536921027649962,32.30147475618933,0.0,0.0,0.0,0.0,,4.193106840490139,5.547606520795842,1.354499680305703,1.354499680305703,32.30300900578467,2.9649742811502766,3.92275019020945,0.9577759090591735,0.9577759090591735,32.30300900578468,22.901998571559357,24.216498857664618,1.314500286105261,1.314500286105261,5.739674998223349,0.12946356065327433,0.16198667748240098,0.03252311682912665,0.03252311682912665,25.12144472546151,0.7209677313931827,0.920722725744774,0.19975499435159128,0.19975499435159128,27.706509688802438,1.6611844957302855,1.538915623018002,-0.12226887271228337,0.12226887271228337,-7.360342757023617,71.40871398824643,85.38103824957881,13.972324261332375,13.972324261332375,19.566693588169308,9.945496828630118,24.14911672912929,14.203619900499172,14.203619900499172,142.81458377837083,7.180004701492845,3.535576029850814,-3.6444286716420313,3.6444286716420313,-50.75802625706209,pleth_6
s2_sit,findpeaks,find_peaks baseline,mid_upslope,lipponen_tarvainen,0.9,100.0,True,False,991,889,0.8935606768315963,0.009019165727170236,0.00015483375694090703,884,4,5,0.9943757030371203,0.9954954954954955,0.9949352841868317,234.00000000000574,2.770193401592243,3.37443375774848,-0.017064846416295985,3.3763116960531665,879,495.1131221719457,495.0068259385666,-0.10629623337911198,0.10629623337911198,-0.021469080220054605,16.329308176704693,17.346855420768055,1.017547244063362,1.017547244063362,6.231416744984883,4.190805878005968,5.544497980770964,1.3536921027649962,1.3536921027649962,32.30147475618933,0.0,0.0,0.0,0.0,,4.193106840490139,5.547606520795842,1.354499680305703,1.354499680305703,32.30300900578467,2.9649742811502766,3.92275019020945,0.9577759090591735,0.9577759090591735,32.30300900578468,22.901998571559357,24.216498857664618,1.314500286105261,1.314500286105261,5.739674998223349,0.12946356065327433,0.16198667748240098,0.03252311682912665,0.03252311682912665,25.12144472546151,0.7209677313931827,0.920722725744774,0.19975499435159128,0.19975499435159128,27.706509688802438,1.6611844957302855,1.538915623018002,-0.12226887271228337,0.12226887271228337,-7.360342757023617,71.40871398824643,85.38103824957881,13.972324261332375,13.972324261332375,19.566693588169308,9.945496828630118,24.14911672912929,14.203619900499172,14.203619900499172,142.81458377837083,7.180004701492845,3.535576029850814,-3.6444286716420313,3.6444286716420313,-50.75802625706209,pleth_6
s2_sit,msptdfast,MSPTDfast v2,mid_upslope,lipponen_tarvainen,0.75,100.0,True,False,990,753,0.7514032964265697,0.010680907877169559,0.022234819623076257,746,4,7,0.9907038512616202,0.9946666666666667,0.9926813040585495,234.00000000000574,2.835357624831068,3.4627378339023487,-0.009446693657255414,3.465063837238359,741,492.41711229946526,492.2145748987854,-0.20253740067988701,0.20253740067988701,-0.04113126770393657,14.95042503694247,15.908135033945042,0.9577099970025724,0.9577099970025724,6.4059048129807215,4.213194039688203,5.516314868617907,1.3031208289297043,1.3031208289297043,30.92952322286447,0.0,0.0,0.0,0.0,,4.215975238062479,5.52004589026098,1.3040706521985008,1.3040706521985008,30.931648754128073,2.981144680148548,3.903261881464472,0.922117201315924,0.922117201315924,30.931648754128084,20.93187029308405,22.156309873288144,1.2244395802040948,1.2244395802040948,5.849642497587295,0.1424213239623182,0.17616931266024047,0.033747988697922254,0.033747988697922254,23.695881879915177,0.7033446803543422,0.9143762809431403,0.2110316005887981,0.2110316005887981,30.00400891387723,1.6610495400411431,1.566566471515329,-0.09448306852581423,0.09448306852581423,-5.688154762890091,57.18591867517699,66.60919725591053,9.423278580733538,9.423278580733538,16.47831983649491,7.358903801290116,18.829407259141583,11.470503457851468,11.470503457851468,155.8724474131668,7.770983317535897,3.537508979395626,-4.2334743381402715,4.2334743381402715,-54.477974860492495,pleth_6
s2_sit,msptd,MSPTD,mid_upslope,lipponen_tarvainen,0.75,100.0,True,False,990,753,0.7514032964265697,0.010680907877169559,0.9044646881068139,746,4,7,0.9907038512616202,0.9946666666666667,0.9926813040585495,234.00000000000574,2.835357624831068,3.4627378339023487,-0.009446693657255414,3.465063837238359,741,492.41711229946526,492.2145748987854,-0.20253740067988701,0.20253740067988701,-0.04113126770393657,14.95042503694247,15.908135033945042,0.9577099970025724,0.9577099970025724,6.4059048129807215,4.213194039688203,5.516314868617907,1.3031208289297043,1.3031208289297043,30.92952322286447,0.0,0.0,0.0,0.0,,4.215975238062479,5.52004589026098,1.3040706521985008,1.3040706521985008,30.931648754128073,2.981144680148548,3.903261881464472,0.922117201315924,0.922117201315924,30.931648754128084,20.93187029308405,22.156309873288144,1.2244395802040948,1.2244395802040948,5.849642497587295,0.1424213239623182,0.17616931266024047,0.033747988697922254,0.033747988697922254,23.695881879915177,0.7033446803543422,0.9143762809431403,0.2110316005887981,0.2110316005887981,30.00400891387723,1.6610495400411431,1.566566471515329,-0.09448306852581423,0.09448306852581423,-5.688154762890091,57.18591867517699,66.60919725591053,9.423278580733538,9.423278580733538,16.47831983649491,7.358903801290116,18.829407259141583,11.470503457851468,11.470503457851468,155.8724474131668,7.770983317535897,3.537508979395626,-4.2334743381402715,4.2334743381402715,-54.477974860492495,pleth_6
s2_sit,qppg,qppg (slope-sum),mid_upslope,lipponen_tarvainen,0.75,100.0,True,False,991,753,0.7514032964265697,0.01602136181575434,0.005875908791390702,742,8,11,0.9853917662682603,0.9893333333333333,0.9873586161011311,234.99999999998664,3.14382632293055,4.019119839920974,-0.017639077340567254,4.0218105598516445,737,492.41711229946526,492.0854816824966,-0.3316306169686527,0.3316306169686527,-0.06734750045952309,14.95042503694247,15.952017669762427,1.001592632819957,1.001592632819957,6.699425804584308,4.213194039688203,6.242604319965565,2.0294102802773626,2.0294102802773626,48.16797567736873,0.0,0.0,0.0,0.0,,4.215975238062479,6.246849546107321,2.030874308044842,2.030874308044842,48.170925903686374,2.981144680148548,4.417189675104594,1.4360449949560459,1.4360449949560459,48.170925903686395,20.93187029308405,22.12288794093065,1.1910176478466,1.1910176478466,5.6899724256370705,0.1424213239623182,0.19966605114570657,0.057244727183388355,0.057244727183388355,40.1939299472698,0.7033446803543422,0.9507600848236256,0.24741540446928345,0.24741540446928345,35.17697814173224,1.6610495400411431,1.489475756835402,-0.17157378320574113,0.17157378320574113,-10.329239379669033,57.18591867517699,65.77185598326955,8.585937308092554,8.585937308092554,15.014076029558478,7.358903801290116,19.566447807718486,12.207544006428371,12.207544006428371,165.8880770297367,7.770983317535897,3.3614612437380766,-4.40952207379782,4.40952207379782,-56.74342478444589,pleth_6
s2_sit,terma,TERMA,mid_upslope,lipponen_tarvainen,0.75,100.0,True,False,991,753,0.7514032964265697,0.010680907877169559,0.0004976564333600751,746,4,7,0.9907038512616202,0.9946666666666667,0.9926813040585495,234.00000000000574,2.835357624831068,3.4627378339023487,-0.009446693657255414,3.465063837238359,741,492.41711229946526,492.2145748987854,-0.20253740067988701,0.20253740067988701,-0.04113126770393657,14.95042503694247,15.908135033945042,0.9577099970025724,0.9577099970025724,6.4059048129807215,4.213194039688203,5.516314868617907,1.3031208289297043,1.3031208289297043,30.92952322286447,0.0,0.0,0.0,0.0,,4.215975238062479,5.52004589026098,1.3040706521985008,1.3040706521985008,30.931648754128073,2.981144680148548,3.903261881464472,0.922117201315924,0.922117201315924,30.931648754128084,20.93187029308405,22.156309873288144,1.2244395802040948,1.2244395802040948,5.849642497587295,0.1424213239623182,0.17616931266024047,0.033747988697922254,0.033747988697922254,23.695881879915177,0.7033446803543422,0.9143762809431403,0.2110316005887981,0.2110316005887981,30.00400891387723,1.6610495400411431,1.566566471515329,-0.09448306852581423,0.09448306852581423,-5.688154762890091,57.18591867517699,66.60919725591053,9.423278580733538,9.423278580733538,16.47831983649491,7.358903801290116,18.829407259141583,11.470503457851468,11.470503457851468,155.8724474131668,7.770983317535897,3.537508979395626,-4.2334743381402715,4.2334743381402715,-54.477974860492495,pleth_6
s2_sit,heartpy,HeartPy,mid_upslope,lipponen_tarvainen,0.75,100.0,True,False,991,753,0.7514032964265697,0.010680907877169559,0.030369751346577083,746,4,7,0.9907038512616202,0.9946666666666667,0.9926813040585495,234.00000000000574,2.835357624831068,3.4627378339023487,-0.009446693657255414,3.465063837238359,741,492.41711229946526,492.2145748987854,-0.20253740067988701,0.20253740067988701,-0.04113126770393657,14.95042503694247,15.908135033945042,0.9577099970025724,0.9577099970025724,6.4059048129807215,4.213194039688203,5.516314868617907,1.3031208289297043,1.3031208289297043,30.92952322286447,0.0,0.0,0.0,0.0,,4.215975238062479,5.52004589026098,1.3040706521985008,1.3040706521985008,30.931648754128073,2.981144680148548,3.903261881464472,0.922117201315924,0.922117201315924,30.931648754128084,20.93187029308405,22.156309873288144,1.2244395802040948,1.2244395802040948,5.849642497587295,0.1424213239623182,0.17616931266024047,0.033747988697922254,0.033747988697922254,23.695881879915177,0.7033446803543422,0.9143762809431403,0.2110316005887981,0.2110316005887981,30.00400891387723,1.6610495400411431,1.566566471515329,-0.09448306852581423,0.09448306852581423,-5.688154762890091,57.18591867517699,66.60919725591053,9.423278580733538,9.423278580733538,16.47831983649491,7.358903801290116,18.829407259141583,11.470503457851468,11.470503457851468,155.8724474131668,7.770983317535897,3.537508979395626,-4.2334743381402715,4.2334743381402715,-54.477974860492495,pleth_6
s2_sit,findpeaks,find_peaks baseline,mid_upslope,lipponen_tarvainen,0.75,100.0,True,False,991,753,0.7514032964265697,0.010680907877169559,0.0001625955504995561,746,4,7,0.9907038512616202,0.9946666666666667,0.9926813040585495,234.00000000000574,2.835357624831068,3.4627378339023487,-0.009446693657255414,3.465063837238359,741,492.41711229946526,492.2145748987854,-0.20253740067988701,0.20253740067988701,-0.04113126770393657,14.95042503694247,15.908135033945042,0.9577099970025724,0.9577099970025724,6.4059048129807215,4.213194039688203,5.516314868617907,1.3031208289297043,1.3031208289297043,30.92952322286447,0.0,0.0,0.0,0.0,,4.215975238062479,5.52004589026098,1.3040706521985008,1.3040706521985008,30.931648754128073,2.981144680148548,3.903261881464472,0.922117201315924,0.922117201315924,30.931648754128084,20.93187029308405,22.156309873288144,1.2244395802040948,1.2244395802040948,5.849642497587295,0.1424213239623182,0.17616931266024047,0.033747988697922254,0.033747988697922254,23.695881879915177,0.7033446803543422,0.9143762809431403,0.2110316005887981,0.2110316005887981,30.00400891387723,1.6610495400411431,1.566566471515329,-0.09448306852581423,0.09448306852581423,-5.688154762890091,57.18591867517699,66.60919725591053,9.423278580733538,9.423278580733538,16.47831983649491,7.358903801290116,18.829407259141583,11.470503457851468,11.470503457851468,155.8724474131668,7.770983317535897,3.537508979395626,-4.2334743381402715,4.2334743381402715,-54.477974860492495,pleth_6
s2_sit,msptdfast,MSPTDfast v2,mid_upslope,lipponen_tarvainen,0.5,100.0,True,False,990,491,0.4873967328172344,0.02857142857142857,0.023059957921791305,482,9,9,0.9816700610997964,0.9816700610997964,0.9816700610997964,234.00000000000574,2.8713080168772414,3.501355976029934,-0.01898734177219759,3.505003706247168,474,488.0703933747413,487.83403361344557,-0.23635976129571645,0.23635976129571645,-0.04842739172548805,11.074400091959992,12.080771032858168,1.0063709408981758,1.0063709408981758,9.08736304035828,3.656404600944044,5.158335104724813,1.5019305037807689,1.5019305037807689,41.07670424090886,0.0,0.0,0.0,0.0,,3.65980513391569,5.163618264986546,1.503813131070856,1.503813131070856,41.089978183125275,2.5878730280131252,3.651229490630702,1.0633564626175769,1.0633564626175769,41.08997818312528,15.446280716874504,16.69007431689382,1.2437936000193162,1.2437936000193162,8.052382465511691,0.16754020436686531,0.21876652082578804,0.05122631645892273,0.05122631645892273,30.575536571957198,0.7261396088904469,1.1487863887586451,0.4226467798681982,0.4226467798681982,58.204617224229004,1.6035831986955318,1.4035956761851238,-0.19998752251040797,0.19998752251040797,-12.471290711519801,29.500780278265847,35.90439585691768,6.403615578651834,6.403615578651834,21.706597311155118,2.8230832008033855,9.207933653790768,6.384850452987383,6.384850452987383,226.1658618906591,10.449844435994871,3.8992891572515167,-6.550555278743355,6.550555278743355,-62.6856726802528,pleth_6
s2_sit,msptd,MSPTD,mid_upslope,lipponen_tarvainen,0.5,100.0,True,False,990,491,0.4873967328172344,0.02857142857142857,0.9043672940542444,482,9,9,0.9816700610997964,0.9816700610997964,0.9816700610997964,234.00000000000574,2.8713080168772414,3.501355976029934,-0.01898734177219759,3.505003706247168,474,488.0703933747413,487.83403361344557,-0.23635976129571645,0.23635976129571645,-0.04842739172548805,11.074400091959992,12.080771032858168,1.0063709408981758,1.0063709408981758,9.08736304035828,3.656404600944044,5.158335104724813,1.5019305037807689,1.5019305037807689,41.07670424090886,0.0,0.0,0.0,0.0,,3.65980513391569,5.163618264986546,1.503813131070856,1.503813131070856,41.089978183125275,2.5878730280131252,3.651229490630702,1.0633564626175769,1.0633564626175769,41.08997818312528,15.446280716874504,16.69007431689382,1.2437936000193162,1.2437936000193162,8.052382465511691,0.16754020436686531,0.21876652082578804,0.05122631645892273,0.05122631645892273,30.575536571957198,0.7261396088904469,1.1487863887586451,0.4226467798681982,0.4226467798681982,58.204617224229004,1.6035831986955318,1.4035956761851238,-0.19998752251040797,0.19998752251040797,-12.471290711519801,29.500780278265847,35.90439585691768,6.403615578651834,6.403615578651834,21.706597311155118,2.8230832008033855,9.207933653790768,6.384850452987383,6.384850452987383,226.1658618906591,10.449844435994871,3.8992891572515167,-6.550555278743355,6.550555278743355,-62.6856726802528,pleth_6
s2_sit,qppg,qppg (slope-sum),mid_upslope,lipponen_tarvainen,0.5,100.0,True,False,991,491,0.4873967328172344,0.02857142857142857,0.006973648083029702,483,8,8,0.9837067209775967,0.9837067209775967,0.9837067209775967,234.99999999998664,3.328421052631391,4.31179532762896,-0.014736842105288648,4.316316028173666,475,488.0703933747413,487.8529411764707,-0.21745219827056417,0.21745219827056417,-0.04455344991672216,11.074400091959992,12.374992260059601,1.3005921680996089,1.3005921680996089,11.744132027917594,3.656404600944044,6.3622240401330385,2.7058194391889945,2.7058194391889945,74.00218888496042,0.0,0.0,0.0,0.0,,3.65980513391569,6.368805834983332,2.7090007010676422,2.7090007010676422,74.02035359651062,2.5878730280131252,4.503425793977167,1.9155527659640414,1.9155527659640414,74.02035359651062,15.446280716874504,16.911535205037158,1.4652544881626532,1.4652544881626532,9.486131419079518,0.16754020436686531,0.2662931389360681,0.09875293456920278,0.09875293456920278,58.94282804679049,0.7261396088904469,1.2073849450968726,0.4812453362064256,0.4812453362064256,66.27449189030966,1.6035831986955318,1.3051085293816842,-0.2984746693138476,0.2984746693138476,-18.612983071701425,29.500780278265847,37.06038815006811,7.55960787180226,7.55960787180226,25.62511160890094,2.8230832008033855,9.745082633152354,6.921999432348969,6.921999432348969,245.1928951431231,10.449844435994871,3.802983468194539,-6.6468609678003325,6.6468609678003325,-63.60727194086237,pleth_6
s2_sit,terma,TERMA,mid_upslope,lipponen_tarvainen,0.5,100.0,True,False,991,491,0.4873967328172344,0.02857142857142857,0.0005258035953433959,482,9,9,0.9816700610997964,0.9816700610997964,0.9816700610997964,234.00000000000574,2.8713080168772414,3.501355976029934,-0.01898734177219759,3.505003706247168,474,488.0703933747413,487.83403361344557,-0.23635976129571645,0.23635976129571645,-0.04842739172548805,11.074400091959992,12.080771032858168,1.0063709408981758,1.0063709408981758,9.08736304035828,3.656404600944044,5.158335104724813,1.5019305037807689,1.5019305037807689,41.07670424090886,0.0,0.0,0.0,0.0,,3.65980513391569,5.163618264986546,1.503813131070856,1.503813131070856,41.089978183125275,2.5878730280131252,3.651229490630702,1.0633564626175769,1.0633564626175769,41.08997818312528,15.446280716874504,16.69007431689382,1.2437936000193162,1.2437936000193162,8.052382465511691,0.16754020436686531,0.21876652082578804,0.05122631645892273,0.05122631645892273,30.575536571957198,0.7261396088904469,1.1487863887586451,0.4226467798681982,0.4226467798681982,58.204617224229004,1.6035831986955318,1.4035956761851238,-0.19998752251040797,0.19998752251040797,-12.471290711519801,29.500780278265847,35.90439585691768,6.403615578651834,6.403615578651834,21.706597311155118,2.8230832008033855,9.207933653790768,6.384850452987383,6.384850452987383,226.1658618906591,10.449844435994871,3.8992891572515167,-6.550555278743355,6.550555278743355,-62.6856726802528,pleth_6
s2_sit,heartpy,HeartPy,mid_upslope,lipponen_tarvainen,0.5,100.0,True,False,991,491,0.4873967328172344,0.02857142857142857,0.02954829289284474,482,9,9,0.9816700610997964,0.9816700610997964,0.9816700610997964,234.00000000000574,2.8713080168772414,3.501355976029934,-0.01898734177219759,3.505003706247168,474,488.0703933747413,487.83403361344557,-0.23635976129571645,0.23635976129571645,-0.04842739172548805,11.074400091959992,12.080771032858168,1.0063709408981758,1.0063709408981758,9.08736304035828,3.656404600944044,5.158335104724813,1.5019305037807689,1.5019305037807689,41.07670424090886,0.0,0.0,0.0,0.0,,3.65980513391569,5.163618264986546,1.503813131070856,1.503813131070856,41.089978183125275,2.5878730280131252,3.651229490630702,1.0633564626175769,1.0633564626175769,41.08997818312528,15.446280716874504,16.69007431689382,1.2437936000193162,1.2437936000193162,8.052382465511691,0.16754020436686531,0.21876652082578804,0.05122631645892273,0.05122631645892273,30.575536571957198,0.7261396088904469,1.1487863887586451,0.4226467798681982,0.4226467798681982,58.204617224229004,1.6035831986955318,1.4035956761851238,-0.19998752251040797,0.19998752251040797,-12.471290711519801,29.500780278265847,35.90439585691768,6.403615578651834,6.403615578651834,21.706597311155118,2.8230832008033855,9.207933653790768,6.384850452987383,6.384850452987383,226.1658618906591,10.449844435994871,3.8992891572515167,-6.550555278743355,6.550555278743355,-62.6856726802528,pleth_6
s2_sit,findpeaks,find_peaks baseline,mid_upslope,lipponen_tarvainen,0.5,100.0,True,False,991,491,0.4873967328172344,0.02857142857142857,0.00015314005280964483,482,9,9,0.9816700610997964,0.9816700610997964,0.9816700610997964,234.00000000000574,2.8713080168772414,3.501355976029934,-0.01898734177219759,3.505003706247168,474,488.0703933747413,487.83403361344557,-0.23635976129571645,0.23635976129571645,-0.04842739172548805,11.074400091959992,12.080771032858168,1.0063709408981758,1.0063709408981758,9.08736304035828,3.656404600944044,5.158335104724813,1.5019305037807689,1.5019305037807689,41.07670424090886,0.0,0.0,0.0,0.0,,3.65980513391569,5.163618264986546,1.503813131070856,1.503813131070856,41.089978183125275,2.5878730280131252,3.651229490630702,1.0633564626175769,1.0633564626175769,41.08997818312528,15.446280716874504,16.69007431689382,1.2437936000193162,1.2437936000193162,8.052382465511691,0.16754020436686531,0.21876652082578804,0.05122631645892273,0.05122631645892273,30.575536571957198,0.7261396088904469,1.1487863887586451,0.4226467798681982,0.4226467798681982,58.204617224229004,1.6035831986955318,1.4035956761851238,-0.19998752251040797,0.19998752251040797,-12.471290711519801,29.500780278265847,35.90439585691768,6.403615578651834,6.403615578651834,21.706597311155118,2.8230832008033855,9.207933653790768,6.384850452987383,6.384850452987383,226.1658618906591,10.449844435994871,3.8992891572515167,-6.550555278743355,6.550555278743355,-62.6856726802528,pleth_6
s3_sit,msptdfast,MSPTDfast v2,mid_upslope,lipponen_tarvainen,1.0,100.0,True,False,603,603,0.9953320956006322,0.0,0.02189111879396208,602,1,1,0.9983416252072969,0.9983416252072969,0.9983416252072969,288.9999999999967,4.915141430948457,6.08481375250394,0.016638935108171615,6.089859551014323,601,815.7774086378738,815.953488372093,0.17607973421922907,0.17607973421922907,0.021584286639321663,61.9273119712334,64.09465101688056,2.167339045647161,2.167339045647161,3.4998112733424267,38.473190094833306,42.18635859983039,3.7131685049970855,3.7131685049970855,9.651314320035393,19.30116472545757,24.292845257903494,4.991680532445923,4.991680532445923,25.86206896551724,38.504571690160056,42.220516366081206,3.7159446759211505,3.7159446759211505,9.65065838369206,27.22684374879574,29.854413427653633,2.627569678857892,2.627569678857892,9.650658383692054,83.23871043837475,85.58599521441667,2.347284776041917,2.347284776041917,2.8199437060953922,0.3270935314279401,0.34882358209260805,0.021730050664667933,0.021730050664667933,6.643375235763457,1.4540556028720704,1.5384349900191248,0.0843793871470544,0.0843793871470544,5.803037172745463,1.077286974252094,1.0424029870607228,-0.03488398719137131,0.03488398719137131,-3.2381332017487265,901.0824037873131,944.0210498764415,42.93864608912838,42.93864608912838,4.7652296736296496,679.6120627362407,835.5662188246745,155.95415608843382,155.95415608843382,22.94752619024069,1.3258775898700104,1.1297980083545287,-0.19607958151548166,0.19607958151548166,-14.788663977245848,pleth_6
s3_sit,msptd,MSPTD,mid_upslope,lipponen_tarvainen,1.0,100.0,True,False,603,603,0.9953320956006322,0.0,0.8928387277622115,602,1,1,0.9983416252072969,0.9983416252072969,0.9983416252072969,288.9999999999967,4.908485856905447,6.079615978764796,0.016638935108171236,6.084657428134239,601,815.7774086378738,815.9534883720929,0.17607973421911538,0.17607973421911538,0.021584286639307726,61.9273119712334,64.1015300327257,2.1742180614923043,2.1742180614923043,3.5109194833166284,38.473190094833306,42.20260537178231,3.7294152769490054,3.7294152769490054,9.693543134209296,19.30116472545757,24.292845257903494,4.991680532445923,4.991680532445923,25.86206896551724,38.504571690160056,42.236777049768584,3.7322053596085283,3.7322053596085283,9.69288891106482,27.22684374879574,29.86591146735571,2.639067718559968,2.639067718559968,9.692888911064822,83.23871043837475,85.59228725356591,2.353576815191161,2.353576815191161,2.827502736162181,0.3270935314279401,0.3489322744569073,0.021838743028967156,0.021838743028967156,6.676604986234131,1.4540556028720704,1.5414033543889605,0.08734775151689012,0.08734775151689012,6.007180973297007,1.077286974252094,1.0422299504935104,-0.03505702375858366,0.03505702375858366,-3.2541954554794446,901.0824037873131,944.1501524570548,43.06774866974172,43.06774866974172,4.779557173542057,679.6120627362407,836.1316423618754,156.51957962563472,156.51957962563472,23.030724174532555,1.3258775898700104,1.129188401230759,-0.19668918863925144,0.19668918863925144,-14.834641609602507,pleth_6
s3_sit,qppg,qppg (slope-sum),mid_upslope,lipponen_tarvainen,1.0,100.0,True,False,603,603,0.9953320956006322,0.0,0.0031381967831074337,602,1,1,0.9983416252072969,0.9983416252072969,0.9983416252072969,289.00000000000205,4.930116472546355,6.097515928571177,0.014975041597395464,6.102576672279824,601,815.7774086378738,815.9717607973423,0.19435215946850803,0.19435215946850803,0.023824165441529356,61.9273119712334,64.15030862275924,2.2229966515258397,2.2229966515258397,3.589686974558932,38.473190094833306,42.163417126229604,3.6902270313962973,3.6902270313962973,9.591684553061977,19.30116472545757,23.960066555740433,4.658901830282861,4.658901830282861,24.137931034482754,38.504571690160056,42.1974018935629,3.692830203402842,3.692830203402842,9.590627921064643,27.22684374879574,29.83806902739239,2.611225278596649,2.611225278596649,9.590627921064648,83.23871043837475,85.675047881557,2.4363374431822535,2.4363374431822535,2.926928385064279,0.3270935314279401,0.3482702346270359,0.02117670319909576,0.02117670319909576,6.474204215120977,1.4540556028720704,1.5406357532582067,0.08658015038613631,0.08658015038613631,5.954390617189743,1.077286974252094,1.0429044581226448,-0.034382516129449314,0.034382516129449314,-3.19158376098619,901.0824037873131,944.5542615470277,43.47185775971468,43.47185775971468,4.824404247269659,679.6120627362407,835.7334019254503,156.1213391892096,156.1213391892096,22.97212597443267,1.3258775898700104,1.1302100159822075,-0.19566757388780287,0.19566757388780287,-14.757589643474269,pleth_6
s3_sit,terma,TERMA,mid_upslope,lipponen_tarvainen,1.0,100.0,True,False,603,603,0.9953320956006322,0.0,0.00048502329868587953,602,1,1,0.9983416252072969,0.9983416252072969,0.9983416252072969,288.9999999999967,4.908485856905447,6.080163322090595,0.016638935108171236,6.085205229441,601,815.7774086378738,815.9534883720929,0.17607973421911538,0.17607973421911538,0.021584286639307726,61.9273119712334,64.09981683743722,2.172504866203816,2.172504866203816,3.508153021744255,38.473190094833306,42.19897799426413,3.725787899430827,3.725787899430827,9.68411480890215,19.30116472545757,24.292845257903494,4.991680532445923,4.991680532445923,25.86206896551724,38.504571690160056,42.23314656623611,3.7285748760760526,3.7285748760760526,9.683460203321518,27.22684374879574,29.86334432783091,2.636500579035168,2.636500579035168,9.683460203321518,83.23871043837475,85.59061690830022,2.351906469925467,2.351906469925467,2.8254960432942866,0.3270935314279401,0.3489090908157117,0.021815559387771577,0.021815559387771577,6.669517215010296,1.4540556028720704,1.539296935195317,0.0852413323232466,0.0852413323232466,5.862315867073911,1.077286974252094,1.042341015386681,-0.034945958865413074,0.034945958865413074,-3.243885770518509,901.0824037873131,944.1158607267859,43.033456939472785,43.033456939472785,4.7757515581926935,679.6120627362407,835.9173121474191,156.30524941117847,156.30524941117847,22.999187033535772,1.3258775898700104,1.1294369036351353,-0.1964406862348751,0.1964406862348751,-14.81589912490596,pleth_6
s3_sit,heartpy,HeartPy,mid_upslope,lipponen_tarvainen,1.0,100.0,True,False,592,603,0.9953320956006322,0.018612521150592216,0.016092886828914785,602,1,1,0.9983416252072969,0.9983416252072969,0.9983416252072969,289.00000000001546,5.178036605657561,6.557057901183251,0.016638935108171236,6.562498712463391,601,815.7774086378738,815.953488372093,0.17607973421922907,0.17607973421922907,0.021584286639321663,61.9273119712334,64.0559070713968,2.128595100163402,2.128595100163402,3.4372476899242472,38.473190094833306,42.28323403193848,3.8100439371051706,3.8100439371051706,9.903114162651239,19.30116472545757,23.960066555740433,4.658901830282861,4.658901830282861,24.137931034482754,38.504571690160056,42.31747474608102,3.8129030559209625,3.8129030559209625,9.902468430509408,27.22684374879574,29.922973355644363,2.696129606848622,2.696129606848622,9.902468430509405,83.23871043837475,85.50400064930437,2.2652902109296207,2.2652902109296207,2.7214383776484787,0.3270935314279401,0.3499599215055887,0.02286639007764857,0.02286639007764857,6.990780275545166,1.4540556028720704,1.5473641719111353,0.09330856903906493,0.09330856903906493,6.417125236116183,1.077286974252094,1.0440624345510592,-0.033224539701034894,0.033224539701034894,-3.0840936997405928,901.0824037873131,940.0851825128398,39.002778725526696,39.002778725526696,4.3284363962269445,679.6120627362407,819.6247275776615,140.01266484142081,140.01266484142081,20.601851043918288,1.3258775898700104,1.1469702546568965,-0.17890733521311386,0.17890733521311386,-13.493503214776714,pleth_6
s3_sit,findpeaks,find_peaks baseline,mid_upslope,lipponen_tarvainen,1.0,100.0,True,False,603,603,0.9953320956006322,0.0,0.00012496089767224716,602,1,1,0.9983416252072969,0.9983416252072969,0.9983416252072969,288.9999999999967,4.908485856905447,6.080163322090595,0.016638935108171236,6.085205229441,601,815.7774086378738,815.9534883720929,0.17607973421911538,0.17607973421911538,0.021584286639307726,61.9273119712334,64.09981683743722,2.172504866203816,2.172504866203816,3.508153021744255,38.473190094833306,42.19897799426413,3.725787899430827,3.725787899430827,9.68411480890215,19.30116472545757,24.292845257903494,4.991680532445923,4.991680532445923,25.86206896551724,38.504571690160056,42.23314656623611,3.7285748760760526,3.7285748760760526,9.683460203321518,27.22684374879574,29.86334432783091,2.636500579035168,2.636500579035168,9.683460203321518,83.23871043837475,85.59061690830022,2.351906469925467,2.351906469925467,2.8254960432942866,0.3270935314279401,0.3489090908157117,0.021815559387771577,0.021815559387771577,6.669517215010296,1.4540556028720704,1.539296935195317,0.0852413323232466,0.0852413323232466,5.862315867073911,1.077286974252094,1.042341015386681,-0.034945958865413074,0.034945958865413074,-3.243885770518509,901.0824037873131,944.1158607267859,43.033456939472785,43.033456939472785,4.7757515581926935,679.6120627362407,835.9173121474191,156.30524941117847,156.30524941117847,22.999187033535772,1.3258775898700104,1.1294369036351353,-0.1964406862348751,0.1964406862348751,-14.81589912490596,pleth_6
s3_sit,msptdfast,MSPTDfast v2,mid_upslope,lipponen_tarvainen,0.9,100.0,True,False,603,543,0.8937675960495473,0.014760147601476014,0.027227350100806076,538,5,5,0.990791896869245,0.990791896869245,0.990791896869245,288.9999999999967,4.9587242026267555,6.149940129972585,-0.005628517823620792,6.155714857194961,533,810.0446096654275,809.9513108614232,-0.09329880400434831,0.09329880400434831,-0.011517736540816375,59.70365876838299,61.833564873740535,2.1299061053575485,2.1299061053575485,3.56746328331468,37.3867003509066,41.37759134683921,3.9908909959326095,3.9908909959326095,10.674627497143735,18.063314711359403,23.639774859287055,5.576460147927651,5.576460147927651,30.871743293166485,37.42141417803312,41.416346679004036,3.9949325009709185,3.9949325009709185,10.675525200530766,26.460935726877633,29.285779588696702,2.824843861819069,2.824843861819069,10.675525200530759,80.1802508172747,82.3961322142759,2.2158813970011977,2.2158813970011977,2.7636249256079775,0.33001812113534407,0.35542662988764256,0.025408508752298498,0.025408508752298498,7.699125328296196,1.5896130626687812,1.5391368407249009,-0.05047622194388035,0.05047622194388035,-3.1753779035469463,1.066486577835718,0.9957337277833384,-0.07075285005237963,0.07075285005237963,-6.63419976611074,726.6201118502107,716.6632044599708,-9.956907390239962,9.956907390239962,-1.3703044036155898,503.8574403801987,611.7441577346875,107.88671735448884,107.88671735448884,21.412151276972335,1.4421144824256653,1.171508048583255,-0.27060643384241034,0.27060643384241034,-18.76455975861534,pleth_6
s3_sit,msptd,MSPTD,mid_upslope,lipponen_tarvainen,0.9,100.0,True,False,603,543,0.8937675960495473,0.014760147601476014,0.8928304644745683,538,5,5,0.990791896869245,0.990791896869245,0.990791896869245,288.9999999999967,4.954971857411297,6.146583425357265,-0.0056285178236212185,6.152354997855286,533,810.0446096654275,809.9513108614232,-0.09329880400434831,0.09329880400434831,-0.011517736540816375,59.70365876838299,61.83990608939482,2.1362473210118367,2.1362473210118367,3.5780844341538414,37.3867003509066,41.38949209986949,4.002791748962892,4.002791748962892,10.70645901187647,18.063314711359403,23.639774859287055,5.576460147927651,5.576460147927651,30.871743293166485,37.42141417803312,41.42825417566477,4.006839997631651,4.006839997631651,10.707345207663803,26.460935726877633,29.294199460332464,2.8332637334548316,2.8332637334548316,10.707345207663804,80.1802508172747,82.4026568034587,2.2224059861840004,2.2224059861840004,2.7717623274198924,0.33001812113534407,0.35550066705012956,0.025482545914785493,0.025482545914785493,7.7215596001574776,1.5896130626687812,1.5394937923617447,-0.050119270307036556,0.050119270307036556,-3.152922650427391,1.066486577835718,0.9956834056803651,-0.07080317215535292,0.07080317215535292,-6.638918259903264,726.6201118502107,716.6778124227433,-9.942299427467447,9.942299427467447,-1.368294004710539,503.8574403801987,612.4529403233698,108.59549994317115,108.59549994317115,21.552822532744102,1.4421144824256653,1.1701761314825978,-0.2719383509430675,0.2719383509430675,-18.85691838318285,pleth_6
s3_sit,qppg,qppg (slope-sum),mid_upslope,lipponen_tarvainen,0.9,100.0,True,False,603,543,0.8937675960495473,0.014760147601476014,0.003158635623442916,538,5,5,0.990791896869245,0.990791896869245,0.990791896869245,288.9999999999967,4.979362101314079,6.162892038153097,-0.00375234521579867,6.168680367177089,533,810.0446096654275,809.9513108614232,-0.09329880400434831,0.09329880400434831,-0.011517736540816375,59.70365876838299,61.84169607564892,2.1380373072659324,2.1380373072659324,3.5810825523446206,37.3867003509066,41.37208183935558,3.9853814884489793,3.9853814884489793,10.659890953314196,18.063314711359403,23.26454033771107,5.201225626351668,5.201225626351668,28.7944140345448,37.42141417803312,41.410827509492705,3.9894133314595877,3.9894133314595877,10.660776507482787,26.460935726877633,29.281876946508724,2.8209412196310915,2.8209412196310915,10.660776507482792,80.1802508172747,82.40972290643491,2.229472089160211,2.229472089160211,2.780575099772418,0.33001812113534407,0.35532065773057303,0.025302536595228964,0.025302536595228964,7.66701431672357,1.5896130626687812,1.5423354006783176,-0.04727766199046357,0.04727766199046357,-2.9741616435316467,1.066486577835718,0.9962546475954145,-0.0702319302403035,0.0702319302403035,-6.585355287155059,726.6201118502107,716.7149006961575,-9.905211154053177,9.905211154053177,-1.3631897868655594,503.8574403801987,611.8687083119341,108.01126793173546,108.01126793173546,21.436870685135215,1.4421144824256653,1.1713540682174781,-0.2707604142081872,0.2707604142081872,-18.775237160975095,pleth_6
s3_sit,terma,TERMA,mid_upslope,lipponen_tarvainen,0.9,100.0,True,False,603,543,0.8937675960495473,0.014760147601476014,0.0005169429896807762,538,5,5,0.990791896869245,0.990791896869245,0.990791896869245,288.9999999999967,4.954971857411297,6.147193871622112,-0.0056285178236212185,6.1529660178346255,533,810.0446096654275,809.9513108614232,-0.09329880400434831,0.09329880400434831,-0.011517736540816375,59.70365876838299,61.83790367049098,2.1342449021079943,2.1342449021079943,3.5747305041851427,37.3867003509066,41.38532155880025,3.998621207893649,3.998621207893649,10.695303865714603,18.063314711359403,23.639774859287055,5.576460147927651,5.576460147927651,30.871743293166485,37.42141417803312,41.4240797047058,4.002665526672679,4.002665526672679,10.696189907815665,26.460935726877633,29.291247663609507,2.8303119367318743,2.8303119367318743,10.696189907815663,80.1802508172747,82.4007006707524,2.220449853477703,2.220449853477703,2.769322658441112,0.33001812113534407,0.35547328390626476,0.025455162770920692,0.025455162770920692,7.713262133409108,1.5896130626687812,1.5368850514272954,-0.05272801124148585,0.05272801124148585,-3.317034345009814,1.066486577835718,0.9957243191963152,-0.07076225863940278,0.07076225863940278,-6.63508197008955,726.6201118502107,716.641257904441,-9.978853945769742,9.978853945769742,-1.3733247653110427,503.8574403801987,612.0990556494521,108.24161526925343,108.24161526925343,21.48258745322425,1.4421144824256653,1.170792948118613,-0.2713215343070523,0.2713215343070523,-18.81414670010692,pleth_6
s3_sit,heartpy,HeartPy,mid_upslope,lipponen_tarvainen,0.9,100.0,True,False,592,543,0.8937675960495473,0.039399624765478425,0.01604264896452089,534,9,9,0.9834254143646409,0.9834254143646409,0.9834254143646409,289.00000000000125,5.230623818526029,6.653026373342113,0.024574669187228084,6.659278177921998,529,810.0446096654275,809.8924528301886,-0.15215683523888401,0.15215683523888401,-0.018783759983506256,59.70365876838299,61.90340774143573,2.199748973052742,2.199748973052742,3.684445842065635,37.3867003509066,41.79152056250507,4.404820211598469,4.404820211598469,11.781783816853084,18.063314711359403,22.873345935727787,4.810031224368384,4.810031224368384,26.62872956170951,37.42141417803312,41.830956937387164,4.409542759354046,4.409542759354046,11.783474398844362,26.460935726877633,29.57895331394892,3.118017587071286,3.118017587071286,11.783474398844357,80.1802508172747,82.3962942179812,2.2160434007064964,2.2160434007064964,2.7638269749950117,0.33001812113534407,0.358984024641899,0.028965903506554924,0.028965903506554924,8.777064546305834,1.5896130626687812,1.5501381701528087,-0.03947489251597247,0.03947489251597247,-2.483301970965096,1.066486577835718,1.0199506688220064,-0.04653590901371163,0.04653590901371163,-4.3634781703628756,726.6201118502107,679.6627290738118,-46.95738277639896,46.95738277639896,-6.462439177031614,503.8574403801987,603.1388568255779,99.28141644537925,99.28141644537925,19.704267217025492,1.4421144824256653,1.1268760441849028,-0.3152384382407625,0.3152384382407625,-21.859459986181204,pleth_6
s3_sit,findpeaks,find_peaks baseline,mid_upslope,lipponen_tarvainen,0.9,100.0,True,False,603,543,0.8937675960495473,0.014760147601476014,0.0001305672581718709,538,5,5,0.990791896869245,0.990791896869245,0.990791896869245,288.9999999999967,4.954971857411297,6.147193871622112,-0.0056285178236212185,6.1529660178346255,533,810.0446096654275,809.9513108614232,-0.09329880400434831,0.09329880400434831,-0.011517736540816375,59.70365876838299,61.83790367049098,2.1342449021079943,2.1342449021079943,3.5747305041851427,37.3867003509066,41.38532155880025,3.998621207893649,3.998621207893649,10.695303865714603,18.063314711359403,23.639774859287055,5.576460147927651,5.576460147927651,30.871743293166485,37.42141417803312,41.4240797047058,4.002665526672679,4.002665526672679,10.696189907815665,26.460935726877633,29.291247663609507,2.8303119367318743,2.8303119367318743,10.696189907815663,80.1802508172747,82.4007006707524,2.220449853477703,2.220449853477703,2.769322658441112,0.33001812113534407,0.35547328390626476,0.025455162770920692,0.025455162770920692,7.713262133409108,1.5896130626687812,1.5368850514272954,-0.05272801124148585,0.05272801124148585,-3.317034345009814,1.066486577835718,0.9957243191963152,-0.07076225863940278,0.07076225863940278,-6.63508197008955,726.6201118502107,716.641257904441,-9.978853945769742,9.978853945769742,-1.3733247653110427,503.8574403801987,612.0990556494521,108.24161526925343,108.24161526925343,21.48258745322425,1.4421144824256653,1.170792948118613,-0.2713215343070523,0.2713215343070523,-18.81414670010692,pleth_6
s3_sit,msptdfast,MSPTDfast v2,mid_upslope,lipponen_tarvainen,0.75,100.0,True,False,603,460,0.7515772966780283,0.039301310043668124,0.024817005147162015,449,10,11,0.9760869565217392,0.9782135076252724,0.9771490750816106,288.00000000002035,4.872437357631973,6.0778922734338945,-0.0751708428246213,6.084361149586361,439,805.5288888888889,805.0090909090908,-0.5197979797981134,0.5197979797981134,-0.06452878189323537,59.71715299469367,62.052258886237375,2.335105891543705,2.335105891543705,3.9102766532610778,36.65902599745991,40.746424022422275,4.087398024962361,4.087398024962361,11.149772569641035,17.37193763919822,22.55125284738041,5.179315208182192,5.179315208182192,29.814263185561597,36.699884501600756,40.79285042710178,4.0929659255010264,4.0929659255010264,11.152530807889878,25.950737199844976,28.844901160932224,2.894163961087248,2.894163961087248,11.15253080788987,80.36688349294057,82.87905249690841,2.5121690039678413,2.5121690039678413,3.125875851822113,0.32290336606277,0.34803608743003195,0.025132721367261968,0.025132721367261968,7.783356882806962,1.581644049232872,1.553967066279123,-0.027676982953749096,0.027676982953749096,-1.749886958900327,1.1930387268322662,1.0813096463966254,-0.11172908043564078,0.11172908043564078,-9.365084127009164,692.8623176786026,739.8189720437875,46.95665436518493,46.95665436518493,6.777198465996915,383.08976245445535,465.3948176013606,82.30505514690526,82.30505514690526,21.484535274338036,1.80861611450913,1.589658810248051,-0.21895730426107907,0.21895730426107907,-12.106344873550212,pleth_6
s3_sit,msptd,MSPTD,mid_upslope,lipponen_tarvainen,0.75,100.0,True,False,603,460,0.7515772966780283,0.039301310043668124,0.8888652442215593,449,10,11,0.9760869565217392,0.9782135076252724,0.9771490750816106,288.00000000002035,4.872437357631973,6.080140569049785,-0.07517084282462157,6.086612182394344,439,805.5288888888889,805.0090909090908,-0.5197979797981134,0.5197979797981134,-0.06452878189323537,59.71715299469367,62.0506436493914,2.3334906546977265,2.3334906546977265,3.907571841050552,36.65902599745991,40.736975083481134,4.077949086021221,4.077949086021221,11.12399736507942,17.37193763919822,22.55125284738041,5.179315208182192,5.179315208182192,29.814263185561597,36.699884501600756,40.783390693641245,4.083506192040488,4.083506192040488,11.126754886278665,25.950737199844976,28.83821211925406,2.887474919409083,2.887474919409083,11.126754886278654,80.36688349294057,82.87896160288462,2.512078109944042,2.512078109944042,3.1257627529686443,0.32290336606277,0.3479557605636114,0.025052394500841402,0.025052394500841402,7.758480441474061,1.581644049232872,1.5520180265048076,-0.02962602272806447,0.02962602272806447,-1.8731156825351232,1.1930387268322662,1.0814093682819166,-0.11162935855034961,0.11162935855034961,-9.356725480885752,692.8623176786026,739.8176425071889,46.9553248285863,46.9553248285863,6.777006575549895,383.08976245445535,465.3748612828811,82.28509882842576,82.28509882842576,21.479325968207892,1.80861611450913,1.5897241214700808,-0.21889199303904916,0.21889199303904916,-12.102733757763618,pleth_6
s3_sit,qppg,qppg (slope-sum),mid_upslope,lipponen_tarvainen,0.75,100.0,True,False,603,460,0.7515772966780283,0.039301310043668124,0.003122438035076804,449,10,11,0.9760869565217392,0.9782135076252724,0.9771490750816106,288.9999999999967,4.8701594533041535,6.07508073383041,-0.07289293849667326,6.081573979524257,439,805.5288888888889,805.0090909090908,-0.5197979797981134,0.5197979797981134,-0.06452878189323537,59.71715299469367,62.04924863827804,2.332095643584367,2.332095643584367,3.9052358102061424,36.65902599745991,40.71247591047279,4.0534499130128765,4.0534499130128765,11.057167512562222,17.37193763919822,22.095671981776764,4.723734342578545,4.723734342578545,27.1917528181765,36.699884501600756,40.75886353261327,4.0589790310125125,4.0589790310125125,11.05992317451427,25.950737199844976,28.820868797367925,2.870131597522949,2.870131597522949,11.059923174514266,80.36688349294057,82.88290556510795,2.516022072167374,2.516022072167374,3.13067019998154,0.32290336606277,0.3477299522846474,0.024826586221877445,0.024826586221877445,7.688549836006152,1.581644049232872,1.5597067115690877,-0.021937337663784362,0.021937337663784362,-1.386995871443034,1.1930387268322662,1.0825338051365017,-0.11050492169576454,0.11050492169576454,-9.262475660716825,692.8623176786026,740.3315111839395,47.469193505336875,47.469193505336875,6.851172634756617,383.08976245445535,465.678295182133,82.58853272767766,82.58853272767766,21.55853296588588,1.80861611450913,1.5897917486027258,-0.2188243659064042,0.2188243659064042,-12.098994593211094,pleth_6
s3_sit,terma,TERMA,mid_upslope,lipponen_tarvainen,0.75,100.0,True,False,603,460,0.7515772966780283,0.039301310043668124,0.0005744325586938692,449,10,11,0.9760869565217392,0.9782135076252724,0.9771490750816106,288.00000000002035,4.872437357631973,6.080140569049785,-0.07517084282462157,6.086612182394344,439,805.5288888888889,805.0090909090908,-0.5197979797981134,0.5197979797981134,-0.06452878189323537,59.71715299469367,62.0506436493914,2.3334906546977265,2.3334906546977265,3.907571841050552,36.65902599745991,40.736975083481134,4.077949086021221,4.077949086021221,11.12399736507942,17.37193763919822,22.55125284738041,5.179315208182192,5.179315208182192,29.814263185561597,36.699884501600756,40.783390693641245,4.083506192040488,4.083506192040488,11.126754886278665,25.950737199844976,28.83821211925406,2.887474919409083,2.887474919409083,11.126754886278654,80.36688349294057,82.87896160288462,2.512078109944042,2.512078109944042,3.1257627529686443,0.32290336606277,0.3479557605636114,0.025052394500841402,0.025052394500841402,7.758480441474061,1.581644049232872,1.5520180265048076,-0.02962602272806447,0.02962602272806447,-1.8731156825351232,1.1930387268322662,1.0814093682819166,-0.11162935855034961,0.11162935855034961,-9.356725480885752,692.8623176786026,739.8176425071889,46.9553248285863,46.9553248285863,6.777006575549895,383.08976245445535,465.3748612828811,82.28509882842576,82.28509882842576,21.479325968207892,1.80861611450913,1.5897241214700808,-0.21889199303904916,0.21889199303904916,-12.102733757763618,pleth_6
s3_sit,heartpy,HeartPy,mid_upslope,lipponen_tarvainen,0.75,100.0,True,False,592,460,0.7515772966780283,0.05309734513274336,0.015848120446918502,449,10,11,0.9760869565217392,0.9782135076252724,0.9771490750816106,289.00000000000125,5.154897494306157,6.644400934721056,-0.07517084282462157,6.651555824830631,439,805.5288888888889,805.0090909090907,-0.5197979797982271,0.5197979797982271,-0.06452878189324948,59.71715299469367,62.00209349901399,2.2849405043203177,2.2849405043203177,3.8262716652338606,36.65902599745991,40.80245760609335,4.143431608633435,4.143431608633435,11.302623285519182,17.37193763919822,22.55125284738041,5.179315208182192,5.179315208182192,29.814263185561597,36.699884501600756,40.84894802370933,4.149063522108577,4.149063522108577,11.305385775608109,25.950737199844976,28.88456815190169,2.933830952056713,2.933830952056713,11.305385775608096,80.36688349294057,82.7901015774174,2.4232180844768294,2.4232180844768294,3.0151947906374708,0.32290336606277,0.3488891498084659,0.025985783745695934,0.025985783745695934,8.047541920217856,1.581644049232872,1.5602268676276296,-0.02141718160524242,0.02141718160524242,-1.3541088221227884,1.1930387268322662,1.0862014708713088,-0.10683725596095739,0.10683725596095739,-8.955053474636959,692.8623176786026,738.9618245549349,46.09950687633227,46.09950687633227,6.653487381271672,383.08976245445535,463.9376068655244,80.84784441106905,80.84784441106905,21.104151646621165,1.80861611450913,1.5928043202781967,-0.21581179423093322,0.21581179423093322,-11.932426815156733,pleth_6
s3_sit,findpeaks,find_peaks baseline,mid_upslope,lipponen_tarvainen,0.75,100.0,True,False,603,460,0.7515772966780283,0.039301310043668124,0.00012888535055404865,449,10,11,0.9760869565217392,0.9782135076252724,0.9771490750816106,288.00000000002035,4.872437357631973,6.080140569049785,-0.07517084282462157,6.086612182394344,439,805.5288888888889,805.0090909090908,-0.5197979797981134,0.5197979797981134,-0.06452878189323537,59.71715299469367,62.0506436493914,2.3334906546977265,2.3334906546977265,3.907571841050552,36.65902599745991,40.736975083481134,4.077949086021221,4.077949086021221,11.12399736507942,17.37193763919822,22.55125284738041,5.179315208182192,5.179315208182192,29.814263185561597,36.699884501600756,40.783390693641245,4.083506192040488,4.083506192040488,11.126754886278665,25.950737199844976,28.83821211925406,2.887474919409083,2.887474919409083,11.126754886278654,80.36688349294057,82.87896160288462,2.512078109944042,2.512078109944042,3.1257627529686443,0.32290336606277,0.3479557605636114,0.025052394500841402,0.025052394500841402,7.758480441474061,1.581644049232872,1.5520180265048076,-0.02962602272806447,0.02962602272806447,-1.8731156825351232,1.1930387268322662,1.0814093682819166,-0.11162935855034961,0.11162935855034961,-9.356725480885752,692.8623176786026,739.8176425071889,46.9553248285863,46.9553248285863,6.777006575549895,383.08976245445535,465.3748612828811,82.28509882842576,82.28509882842576,21.479325968207892,1.80861611450913,1.5897241214700808,-0.21889199303904916,0.21889199303904916,-12.102733757763618,pleth_6
s3_sit,msptdfast,MSPTDfast v2,mid_upslope,lipponen_tarvainen,0.5,100.0,True,False,603,302,0.4875095978452076,0.07432432432432433,0.027847401370752735,286,11,16,0.9470198675496688,0.9629629629629629,0.9549248747913187,287.0000000000156,4.930656934307615,6.07946165499821,-0.13503649635035045,6.089083383034314,274,805.3310344827585,802.8868613138686,-2.444173168889847,2.444173168889847,-0.3034991903000076,59.44734580115068,61.4652435425009,2.017897741350218,2.017897741350218,3.3944286564113666,38.29732524742846,42.71208663039541,4.414761382966951,4.414761382966951,11.527597174069978,18.33910034602076,24.175824175824175,5.8367238298034145,5.8367238298034145,31.826663902135603,38.36294428274254,42.789572082362014,4.4266277996194745,4.4266277996194745,11.538811429577317,27.126698048608944,30.256796583508763,3.130098534899819,3.130098534899819,11.538811429577327,79.57459455493802,81.48913171694781,1.9145371620097933,1.9145371620097933,2.4059653369493494,0.3408964657668569,0.3712985516719657,0.03040208590510879,0.03040208590510879,8.918275476021256,1.6360049398188221,1.598493890754783,-0.037511049064039126,0.037511049064039126,-2.2928444866549884,1.1091626305729203,1.1434302147258806,0.03426758415296027,0.03426758415296027,3.0895004220670415,528.4906653821768,568.0870842113425,39.596418829165714,39.596418829165714,7.492359169774864,278.58447898009183,341.10617153003557,62.52169254994374,62.52169254994374,22.442633121140844,1.89705710568299,1.6654259923330659,-0.23163111334992403,0.23163111334992403,-12.210023233145153,pleth_6
s3_sit,msptd,MSPTD,mid_upslope,lipponen_tarvainen,0.5,100.0,True,False,603,302,0.4875095978452076,0.07432432432432433,0.8917288024733891,286,11,16,0.9470198675496688,0.9629629629629629,0.9549248747913187,287.0000000000156,4.930656934307615,6.07946165499821,-0.13503649635035045,6.089083383034314,274,805.3310344827585,802.8868613138686,-2.444173168889847,2.444173168889847,-0.3034991903000076,59.44734580115068,61.4652435425009,2.017897741350218,2.017897741350218,3.3944286564113666,38.29732524742846,42.71208663039541,4.414761382966951,4.414761382966951,11.527597174069978,18.33910034602076,24.175824175824175,5.8367238298034145,5.8367238298034145,31.826663902135603,38.36294428274254,42.789572082362014,4.4266277996194745,4.4266277996194745,11.538811429577317,27.126698048608944,30.256796583508763,3.130098534899819,3.130098534899819,11.538811429577327,79.57459455493802,81.48913171694781,1.9145371620097933,1.9145371620097933,2.4059653369493494,0.3408964657668569,0.3712985516719657,0.03040208590510879,0.03040208590510879,8.918275476021256,1.6360049398188221,1.598493890754783,-0.037511049064039126,0.037511049064039126,-2.2928444866549884,1.1091626305729203,1.1434302147258806,0.03426758415296027,0.03426758415296027,3.0895004220670415,528.4906653821768,568.0870842113425,39.596418829165714,39.596418829165714,7.492359169774864,278.58447898009183,341.10617153003557,62.52169254994374,62.52169254994374,22.442633121140844,1.89705710568299,1.6654259923330659,-0.23163111334992403,0.23163111334992403,-12.210023233145153,pleth_6
s3_sit,qppg,qppg (slope-sum),mid_upslope,lipponen_tarvainen,0.5,100.0,True,False,603,302,0.4875095978452076,0.07432432432432433,0.0031492144996694625,286,11,16,0.9470198675496688,0.9629629629629629,0.9549248747913187,287.0000000000298,4.941605839417208,6.11388273062161,-0.1386861313868638,6.123494036888129,274,805.3310344827585,802.8832116788321,-2.4478228039263286,2.4478228039263286,-0.3039523747521411,59.44734580115068,61.4545385077496,2.0071927065989144,2.0071927065989144,3.376421065648422,38.29732524742846,42.67115933306562,4.3738340856371565,4.3738340856371565,11.420729926643755,18.33910034602076,23.44322344322344,5.104123097202681,5.104123097202681,27.83191651116179,38.36294428274254,42.74856870177591,4.38562441903337,4.38562441903337,11.43192865154052,27.126698048608944,30.227802815044754,3.1011047664358102,3.1011047664358102,11.431928651540524,79.57459455493802,81.48374404367861,1.9091494887405958,1.9091494887405958,2.399194742264789,0.3408964657668569,0.37096727905435245,0.030070813287495557,0.030070813287495557,8.821098576029634,1.6360049398188221,1.597283812783417,-0.03872112703540509,0.03872112703540509,-2.3668099094916686,1.1091626305729203,1.1439962428139017,0.03483361224098136,0.03483361224098136,3.140532441395777,528.4906653821768,568.6133522912389,40.12268690906217,40.12268690906217,7.591938616370365,278.58447898009183,341.43016513266895,62.845686152577116,62.845686152577116,22.55893306858211,1.89705710568299,1.6653869820503229,-0.23167012363266704,0.23167012363266704,-12.212079590996801,pleth_6
s3_sit,terma,TERMA,mid_upslope,lipponen_tarvainen,0.5,100.0,True,False,603,302,0.4875095978452076,0.07432432432432433,0.0005018789427962248,286,11,16,0.9470198675496688,0.9629629629629629,0.9549248747913187,287.0000000000156,4.930656934307615,6.07946165499821,-0.13503649635035045,6.089083383034314,274,805.3310344827585,802.8868613138686,-2.444173168889847,2.444173168889847,-0.3034991903000076,59.44734580115068,61.4652435425009,2.017897741350218,2.017897741350218,3.3944286564113666,38.29732524742846,42.71208663039541,4.414761382966951,4.414761382966951,11.527597174069978,18.33910034602076,24.175824175824175,5.8367238298034145,5.8367238298034145,31.826663902135603,38.36294428274254,42.789572082362014,4.4266277996194745,4.4266277996194745,11.538811429577317,27.126698048608944,30.256796583508763,3.130098534899819,3.130098534899819,11.538811429577327,79.57459455493802,81.48913171694781,1.9145371620097933,1.9145371620097933,2.4059653369493494,0.3408964657668569,0.3712985516719657,0.03040208590510879,0.03040208590510879,8.918275476021256,1.6360049398188221,1.598493890754783,-0.037511049064039126,0.037511049064039126,-2.2928444866549884,1.1091626305729203,1.1434302147258806,0.03426758415296027,0.03426758415296027,3.0895004220670415,528.4906653821768,568.0870842113425,39.596418829165714,39.596418829165714,7.492359169774864,278.58447898009183,341.10617153003557,62.52169254994374,62.52169254994374,22.442633121140844,1.89705710568299,1.6654259923330659,-0.23163111334992403,0.23163111334992403,-12.210023233145153,pleth_6
s3_sit,heartpy,HeartPy,mid_upslope,lipponen_tarvainen,0.5,100.0,True,False,592,302,0.4875095978452076,0.0859106529209622,0.016192545978229,283,12,19,0.9370860927152318,0.9593220338983051,0.948073701842546,287.0000000000201,5.429629629630304,7.797910451360229,-0.23703703703718398,7.808781071345911,270,805.3310344827585,807.1948529411765,1.8638184584179953,1.8638184584179953,0.23143507186644977,59.44734580115068,90.43908212098428,30.9917363198336,30.9917363198336,52.13308668733485,38.29732524742846,101.68622601358598,63.38890076615752,63.38890076615752,165.51782756790274,18.33910034602076,24.723247232472325,6.384146886451564,6.384146886451564,34.8116688714057,38.36294428274254,101.87395170677429,63.51100742403175,63.51100742403175,165.5530059318257,27.126698048608944,72.03576207813096,44.909064029522014,44.909064029522014,165.5530059318257,79.57459455493802,105.6849285924686,26.110334037530578,26.110334037530578,32.81239971572095,0.3408964657668569,0.6816086554394893,0.34071218967263245,0.34071218967263245,99.9459436771191,1.6360049398188221,1.2051990460491804,-0.43080589376964173,0.43080589376964173,-26.33279908172838,1.1091626305729203,0.7415116846675958,-0.36765094590532454,0.36765094590532454,-33.14671228288861,528.4906653821768,1552.9215464586248,1024.430881076448,1024.430881076448,193.84086572950787,278.58447898009183,523.7194431672259,245.13496418713407,245.13496418713407,87.99304436649963,1.89705710568299,2.965178334925347,1.068121229242357,1.068121229242357,56.304115782418975,pleth_6
s3_sit,findpeaks,find_peaks baseline,mid_upslope,lipponen_tarvainen,0.5,100.0,True,False,603,302,0.4875095978452076,0.07432432432432433,0.00012532652999441065,286,11,16,0.9470198675496688,0.9629629629629629,0.9549248747913187,287.0000000000156,4.930656934307615,6.07946165499821,-0.13503649635035045,6.089083383034314,274,805.3310344827585,802.8868613138686,-2.444173168889847,2.444173168889847,-0.3034991903000076,59.44734580115068,61.4652435425009,2.017897741350218,2.017897741350218,3.3944286564113666,38.29732524742846,42.71208663039541,4.414761382966951,4.414761382966951,11.527597174069978,18.33910034602076,24.175824175824175,5.8367238298034145,5.8367238298034145,31.826663902135603,38.36294428274254,42.789572082362014,4.4266277996194745,4.4266277996194745,11.538811429577317,27.126698048608944,30.256796583508763,3.130098534899819,3.130098534899819,11.538811429577327,79.57459455493802,81.48913171694781,1.9145371620097933,1.9145371620097933,2.4059653369493494,0.3408964657668569,0.3712985516719657,0.03040208590510879,0.03040208590510879,8.918275476021256,1.6360049398188221,1.598493890754783,-0.037511049064039126,0.037511049064039126,-2.2928444866549884,1.1091626305729203,1.1434302147258806,0.03426758415296027,0.03426758415296027,3.0895004220670415,528.4906653821768,568.0870842113425,39.596418829165714,39.596418829165714,7.492359169774864,278.58447898009183,341.10617153003557,62.52169254994374,62.52169254994374,22.442633121140844,1.89705710568299,1.6654259923330659,-0.23163111334992403,0.23163111334992403,-12.210023233145153,pleth_6
s4_sit,msptdfast,MSPTDfast v2,mid_upslope,lipponen_tarvainen,1.0,100.0,True,False,679,681,0.9920795607314664,0.0014749262536873156,0.02170307261154505,680,0,1,0.9985315712187959,1.0,0.9992652461425422,266.00000000000057,5.123711340205976,7.125531269756633,0.019145802650952937,7.130758409415537,679,724.3264705882353,724.3313696612665,0.0048990730311970765,0.0048990730311970765,0.000676362556130038,47.66481403611934,48.53190480915013,0.8670907730307889,0.8670907730307889,1.8191422552781318,25.291933202608096,27.187646856483433,1.8957136538753367,1.8957136538753367,7.4953291972155425,4.860088365243005,6.1946902654867255,1.3346019002437206,1.3346019002437206,27.460445159560187,25.31055348154773,27.207380076217067,1.8968265946693386,1.8968265946693386,7.494212230689427,17.89726400238718,19.238522950212854,1.3412589478256756,1.3412589478256756,7.494212230689426,64.98889855524969,65.88300845819772,0.8941099029480313,0.8941099029480313,1.3757886697955226,0.2753895572975743,0.29201038933156115,0.016620832033986843,0.016620832033986843,6.035389357929457,1.4191767991993267,1.4936606359180185,0.07448383671869174,0.07448383671869174,5.2483832007903555,1.2617883725140517,1.2363078467778856,-0.025480525736166104,0.025480525736166104,-2.019397728748871,966.4383586160568,990.8793472145431,24.440988598486342,24.440988598486342,2.528975426170576,276.63397826643387,301.2995554814973,24.665577215063422,24.665577215063422,8.916322343926717,3.4935634612652433,3.2886850617188936,-0.20487839954634968,0.20487839954634968,-5.864453353085794,pleth_6
s4_sit,msptd,MSPTD,mid_upslope,lipponen_tarvainen,1.0,100.0,True,False,680,681,0.9920795607314664,0.0,0.8652997295059696,680,0,1,0.9985315712187959,1.0,0.9992652461425422,266.00000000000057,5.141384388806777,7.16962583470784,0.019145802650952937,7.174885638811781,679,724.3264705882353,724.3313696612665,0.0048990730311970765,0.0048990730311970765,0.000676362556130038,47.66481403611934,48.56514102777295,0.9003269916536141,0.9003269916536141,1.8888712981684272,25.291933202608096,27.176197723629258,1.8842645210211622,1.8842645210211622,7.450061274188632,4.860088365243005,6.1946902654867255,1.3346019002437206,1.3346019002437206,27.460445159560187,25.31055348154773,27.195922347931347,1.8853688663836188,1.8853688663836188,7.448943650158097,17.89726400238718,19.23042111284503,1.3331571104578508,1.3331571104578508,7.448943650158097,64.98889855524969,65.93433665335229,0.9454380981025992,0.9454380981025992,1.4547686129790982,0.2753895572975743,0.2916601893479018,0.01627063205032747,0.01627063205032747,5.908224048142143,1.4191767991993267,1.4931662664641052,0.07398946726477851,0.07398946726477851,5.213548256039839,1.2617883725140517,1.2364610165607304,-0.025327355953321362,0.025327355953321362,-2.0072586263303283,966.4383586160568,990.8950725743412,24.456713958284354,24.456713958284354,2.5306025718294602,276.63397826643387,301.3468351169008,24.71285685046695,24.71285685046695,8.933413388092664,3.4935634612652433,3.288221268990416,-0.20534219227482753,0.20534219227482753,-5.8777289879388634,pleth_6
s4_sit,qppg,qppg (slope-sum),mid_upslope,lipponen_tarvainen,1.0,100.0,True,False,614,681,0.9920795607314664,0.022838499184339316,0.0034302912255640707,608,12,73,0.8928046989720999,0.9806451612903225,0.9346656418139893,264.9999999999994,4.777586206895593,6.9791561588521915,-0.36379310344820803,6.975684347503395,580,724.3264705882353,767.3011456628478,42.97467507461249,42.97467507461249,5.93305323215817,47.66481403611934,202.0151292386494,154.35031520253006,154.35031520253006,323.8244359572384,25.291933202608096,213.71410349527048,188.42217029266237,188.42217029266237,744.9891978729105,4.860088365243005,11.311475409836065,6.45138704459306,6.45138704459306,132.74217585692992,25.31055348154773,213.88804483334448,188.57749135179677,188.57749135179677,745.0547910351953,17.89726400238718,151.2416869163902,133.34442291400302,133.34442291400302,745.0547910351953,64.98889855524969,242.37610653961136,177.38720798436168,177.38720798436168,272.95001442986086,0.2753895572975743,0.6239958594750051,0.3486063021774308,0.3486063021774308,126.58660901972458,1.4191767991993267,0.44047600363661943,-0.9787007955627073,0.9787007955627073,-68.9625701403005,1.2617883725140517,0.8187837490934254,-0.4430046234206263,0.4430046234206263,-35.10926499805678,966.4383586160568,24657.10988630022,23690.67152768416,23690.67152768416,2451.338082400753,276.63397826643387,9650.829593459965,9374.19561519353,9374.19561519353,3388.6638488656595,3.4935634612652433,2.554921278789286,-0.9386421824759572,0.9386421824759572,-26.867758175373595,pleth_6
s4_sit,terma,TERMA,mid_upslope,lipponen_tarvainen,1.0,100.0,True,False,680,681,0.9920795607314664,0.0014727540500736377,0.00042952590684249757,679,2,2,0.9970631424375918,0.9970631424375918,0.9970631424375918,265.999999999996,5.180206794682075,7.420379936682173,-0.12555391432785717,7.424803298380147,677,724.3264705882353,725.6676470588235,1.3411764705881524,1.3411764705881524,0.185161874520334,47.66481403611934,52.80900211443963,5.1441880783202905,5.1441880783202905,10.792422423849466,25.291933202608096,34.84717318011468,9.555239977506584,9.555239977506584,37.77979287293567,4.860088365243005,6.774668630338733,1.9145802650957284,1.9145802650957284,39.39393939393938,25.31055348154773,34.87197268389715,9.56141920234942,9.56141920234942,37.77641294695521,17.89726400238718,24.658208358135724,6.760944355748546,6.760944355748546,37.77641294695521,64.98889855524969,70.4950648571412,5.506166301891511,5.506166301891511,8.472472105694324,0.2753895572975743,0.3497863064330216,0.0743967491354473,0.0743967491354473,27.015094495779056,1.4191767991993267,1.3960189110118855,-0.023157888187441245,0.023157888187441245,-1.6317831718011806,1.2617883725140517,1.1497101406475077,-0.11207823186654409,0.11207823186654409,-8.882490464168225,966.4383586160568,1155.4043985760343,188.96603995997748,188.96603995997748,19.55282903201168,276.63397826643387,518.1847436671235,241.5507654006896,241.5507654006896,87.31782224092709,3.4935634612652433,2.229715198481903,-1.2638482627833403,1.2638482627833403,-36.17647931105908,pleth_6
s4_sit,heartpy,HeartPy,mid_upslope,lipponen_tarvainen,1.0,100.0,True,False,672,681,0.9920795607314664,0.0014903129657228018,0.03433048802215683,670,2,11,0.9838472834067548,0.9970238095238095,0.9903917220990393,266.0,4.999999999999583,6.8724053004903665,-0.11951588502278215,6.876569599897499,661,724.3264705882353,733.6492537313433,9.322783143107927,9.322783143107927,1.287096843987597,47.66481403611934,93.22294808023207,45.558134044112734,45.558134044112734,95.58021984432749,25.291933202608096,96.2947642104694,71.0028310078613,71.0028310078613,280.73311138011195,4.860088365243005,7.623318385650224,2.763230020407219,2.763230020407219,56.8555510259546,25.31055348154773,96.36501183628546,71.05445835473773,71.05445835473773,280.7305593160533,17.89726400238718,68.14035333855936,50.24308933617219,50.24308933617219,280.7305593160533,64.98889855524969,112.86243105850401,47.873532503254324,47.873532503254324,73.66416967746437,0.2753895572975743,0.603746992683843,0.3283574353862687,0.3283574353862687,119.23380051461413,1.4191767991993267,0.9089263352054313,-0.5102504639938954,0.5102504639938954,-35.95397446475797,1.2617883725140517,0.9190472584271853,-0.34274111408686647,0.34274111408686647,-27.16312192701313,966.4383586160568,3385.6531806588996,2419.2148220428426,2419.2148220428426,250.32272368691645,276.63397826643387,2954.2183962732975,2677.5844180068634,2677.5844180068634,967.9159569573943,3.4935634612652433,1.146040247034495,-2.3475232142307485,2.3475232142307485,-67.195665407508,pleth_6
s4_sit,findpeaks,find_peaks baseline,mid_upslope,lipponen_tarvainen,1.0,100.0,True,False,682,681,0.9920795607314664,0.0,0.00015190965164184418,681,1,0,1.0,0.998533724340176,0.9992663242846662,266.00000000000057,5.136764705882076,7.164762628964182,0.016176470588216904,7.170018379496813,680,724.3264705882353,724.6020558002937,0.2755852120583313,0.2755852120583313,0.038047099374198604,47.66481403611934,48.96477060574587,1.2999565696265307,1.2999565696265307,2.7272876143845908,25.291933202608096,28.248034809313022,2.9561016067049266,2.9561016067049266,11.68792271837921,4.860088365243005,6.470588235294119,1.6104998700511137,1.6104998700511137,33.137254901960794,25.31055348154773,28.267734239098704,2.957180757550976,2.957180757550976,11.68358787454752,17.89726400238718,19.988306569245847,2.0910425668586683,2.0910425668586683,11.68358787454753,64.98889855524969,66.29905822438562,1.3101596691359276,1.3101596691359276,2.0159745714448567,0.2753895572975743,0.30148703623506223,0.026097478937487928,0.026097478937487928,9.476568099961792,1.4191767991993267,1.4931662664641052,0.07398946726477851,0.07398946726477851,5.213548256039839,1.2617883725140517,1.2758132669270215,0.014024894412969724,0.014024894412969724,1.1115092450111745,966.4383586160568,990.8441040485706,24.405745432513754,24.405745432513754,2.525328720133053,276.63397826643387,301.35508608910277,24.7211078226689,24.7211078226689,8.936396019602233,3.4935634612652433,3.287962107782724,-0.2056013534825194,0.2056013534825194,-5.885147236113409,pleth_6
s4_sit,msptdfast,MSPTDfast v2,mid_upslope,lipponen_tarvainen,0.9,100.0,True,False,679,605,0.8908469524935616,0.016556291390728478,0.021759147377968538,600,6,5,0.9917355371900827,0.9900990099009901,0.9909165978530141,266.000000000029,5.03187919463046,7.014247246107366,0.008389261745040453,7.020134075868719,596,726.2362728785358,726.2634228187919,0.02714994025609485,0.02714994025609485,0.0037384445352037273,48.277849462793235,49.25074998562912,0.9729005228358858,0.9729005228358858,2.015210979075778,25.619133474807597,27.213843486558495,1.594710011750898,1.594710011750898,6.224683646381114,5.0,6.218487394957983,1.2184873949579833,1.2184873949579833,24.369747899159666,25.64035125905689,27.23659522617411,1.5962439671172213,1.5962439671172213,6.225515208390069,18.130466247284158,19.259181180860864,1.1287149335767062,1.1287149335767062,6.2255152083900835,65.82391428014853,66.93546659683989,1.111552316691359,1.111552316691359,1.6886755047117974,0.2754388955071915,0.28772760032974976,0.012288704822558283,0.012288704822558283,4.4614994552348675,1.464622189542894,1.509591392629559,0.04496920308666508,0.04496920308666508,3.0703619955874006,1.2939280986839485,1.2574361803375032,-0.036491918346445384,0.036491918346445384,-2.820243132795496,925.9755807325245,926.8883172440891,0.9127365115646171,0.9127365115646171,0.09857025720295624,252.79553366348293,273.09119963867033,20.295665975187404,20.295665975187404,8.028490725712205,3.6629428032742353,3.394061465438887,-0.26888133783534807,0.26888133783534807,-7.340582484525833,pleth_6
s4_sit,msptd,MSPTD,mid_upslope,lipponen_tarvainen,0.9,100.0,True,False,680,605,0.8908469524935616,0.009917355371900827,0.8974367053236626,603,3,2,0.996694214876033,0.995049504950495,0.9958711808422791,266.000000000029,5.03171953255392,7.048129317636263,0.0033388981637031846,7.054019149217333,599,726.2362728785358,726.3105175292154,0.07424465067958863,0.07424465067958863,0.010223208816782162,48.277849462793235,49.19434946852485,0.9165000057316135,0.9165000057316135,1.8983861458823712,25.619133474807597,27.290797449287325,1.6716639744797277,1.6716639744797277,6.525060561176073,5.0,6.354515050167224,1.3545150501672243,1.3545150501672243,27.090301003344486,25.64035125905689,27.31350046523265,1.6731492061757613,1.6731492061757613,6.525453529365197,18.130466247284158,19.31356139690793,1.183095149623771,1.183095149623771,6.525453529365203,65.82391428014853,66.83677419976648,1.0128599196179522,1.0128599196179522,1.5387415511438447,0.2754388955071915,0.2889660913194612,0.013527195812269743,0.013527195812269743,4.911142192667034,1.464622189542894,1.5288742357464367,0.06425204620354275,0.06425204620354275,4.386936553487264,1.2939280986839485,1.2812489026118845,-0.012679196072064025,0.012679196072064025,-0.9798995852211578,925.9755807325245,944.8273963347618,18.851815602237366,18.851815602237366,2.0358869061454077,252.79553366348293,273.34022178529074,20.54468812180781,20.54468812180781,8.126998062060917,3.6629428032742353,3.456598484349389,-0.20634431892484617,0.20634431892484617,-5.633293502164404,pleth_6
s4_sit,qppg,qppg (slope-sum),mid_upslope,lipponen_tarvainen,0.9,100.0,True,False,614,605,0.8908469524935616,0.032667876588021776,0.0034341542621415524,548,10,57,0.9057851239669421,0.982078853046595,0.942390369733448,265.99999999997215,4.7869481765820705,6.8979398298571395,-0.27255278310913356,6.8991774181902175,521,726.2362728785358,763.1394495412844,36.90317666274859,36.90317666274859,5.0814284608062685,48.277849462793235,182.5537159154784,134.27586645268516,134.27586645268516,278.13141626403404,25.619133474807597,194.85298002219332,169.23384654738572,169.23384654738572,660.5759976768952,5.0,11.029411764705882,6.029411764705882,6.029411764705882,120.58823529411764,25.64035125905689,195.0321500180881,169.3917987590312,169.3917987590312,660.6453907264522,18.130466247284158,137.90855582718214,119.77808957989798,119.77808957989798,660.6453907264523,65.82391428014853,218.24973910353103,152.4258248233825,152.4258248233825,231.56602959625536,0.2754388955071915,0.6318841726622295,0.35644527715503804,0.35644527715503804,129.4099282886979,1.464622189542894,0.5052346487731328,-0.9593875407697611,0.9593875407697611,-65.50409707155839,1.2939280986839485,0.829122616938695,-0.4648054817452535,0.4648054817452535,-35.92204869946067,925.9755807325245,12620.96790076428,11694.992320031757,11694.992320031757,1262.9914398800922,252.79553366348293,6155.899362518879,5903.1038288553955,5903.1038288553955,2335.129795731876,3.6629428032742353,2.050223234253787,-1.6127195690204483,1.6127195690204483,-44.027975746136924,pleth_6
s4_sit,terma,TERMA,mid_upslope,lipponen_tarvainen,0.9,100.0,True,False,680,605,0.8908469524935616,0.009933774834437087,0.0004358671179782678,601,4,4,0.9933884297520661,0.9933884297520661,0.9933884297520661,266.00000000002444,4.991596638655055,6.996037293719852,-0.003361344537653863,7.001922929400935,595,726.2362728785358,729.0317725752508,2.7954996967149555,2.7954996967149555,0.38492978127278243,48.277849462793235,65.86678088883922,17.58893142604598,17.58893142604598,36.43271525506002,25.619133474807597,51.07163163429312,25.452498159485522,25.452498159485522,99.34956693408098,5.0,6.867671691792294,1.8676716917922942,1.8676716917922942,37.353433835845884,25.64035125905689,51.113920160689325,25.473568901632436,25.473568901632436,99.34953169814497,18.130466247284158,36.14299955865121,18.012533311367054,18.012533311367054,99.349531698145,65.82391428014853,85.85190290389636,20.02798862374783,20.02798862374783,30.42661446493157,0.2754388955071915,0.42099241060632187,0.1455535150991304,0.1455535150991304,52.844212445417,1.464622189542894,1.1875005934107896,-0.2771215961321043,0.2771215961321043,-18.921029471675116,1.2939280986839485,1.0765352307637706,-0.21739286792017798,0.21739286792017798,-16.80100062293166,925.9755807325245,2363.751595550419,1437.7760148178945,1437.7760148178945,155.27148282684658,252.79553366348293,990.5824633586564,737.7869296951734,737.7869296951734,291.8512518806217,3.6629428032742353,2.386223947005798,-1.2767188562684373,1.2767188562684373,-34.855003881775126,pleth_6
s4_sit,heartpy,HeartPy,mid_upslope,lipponen_tarvainen,0.9,100.0,True,False,672,605,0.8908469524935616,0.01174496644295302,0.03360552487129486,593,4,12,0.9801652892561984,0.9932998324958124,0.9866888519134777,266.00000000004263,4.86746987951759,6.698832328181697,-0.15490533562822348,6.702811880329241,581,726.2362728785358,736.2156196943973,9.979346815861504,9.979346815861504,1.3741184774903918,48.277849462793235,96.32381979039044,48.04597032759721,48.04597032759721,99.51969870701318,25.619133474807597,101.21258021885421,75.59344674404662,75.59344674404662,295.06636833904207,5.0,7.8231292517006805,2.8231292517006805,2.8231292517006805,56.462585034013614,25.64035125905689,101.29875521363527,75.65840395457839,75.65840395457839,295.07553617407535,18.130466247284158,71.62903673731765,53.49857049003349,53.49857049003349,295.07553617407535,65.82391428014853,115.86991677785579,50.04600249770726,50.04600249770726,76.03012225117759,0.2754388955071915,0.6181849329765537,0.3427460374693623,0.3427460374693623,124.43632437540525,1.464622189542894,0.890415162358294,-0.5742070271845999,0.5742070271845999,-39.20512957432449,1.2939280986839485,0.9504188951787405,-0.3435092035052081,0.3435092035052081,-26.54778143040487,925.9755807325245,3340.3058367932167,2414.330256060692,2414.330256060692,260.7336852393833,252.79553366348293,2926.415724578352,2673.6201909148695,2673.6201909148695,1057.6216091198614,3.6629428032742353,1.1414324385762038,-2.5215103646980315,2.5215103646980315,-68.83837668565562,pleth_6
s4_sit,findpeaks,find_peaks baseline,mid_upslope,lipponen_tarvainen,0.9,100.0,True,False,682,605,0.8908469524935616,0.009900990099009901,0.00015743695259700708,603,4,2,0.996694214876033,0.9934102141680395,0.995049504950495,266.000000000029,5.03171953255392,7.048129317636263,0.0033388981637031846,7.054019149217333,599,726.2362728785358,726.6016666666667,0.3653937881308593,0.3653937881308593,0.05031334866854991,48.277849462793235,49.667942424969404,1.390092962176169,1.390092962176169,2.879359742913747,25.619133474807597,28.385375622822316,2.766242148014719,2.766242148014719,10.797563277207969,5.0,6.51085141903172,1.5108514190317202,1.5108514190317202,30.217028380634407,25.64035125905689,28.408136252626427,2.7677849935695384,2.7677849935695384,10.79464538377523,18.130466247284158,20.087585785103546,1.9571195378193877,1.9571195378193877,10.794645383775242,65.82391428014853,67.30748774680464,1.483573466656111,1.483573466656111,2.253851784538334,0.2754388955071915,0.2984450386956715,0.023006143188480044,0.023006143188480044,8.352539733401368,1.464622189542894,1.5288742357464367,0.06425204620354275,0.06425204620354275,4.386936553487264,1.2939280986839485,1.298900528762865,0.004972430078916457,0.004972430078916457,0.3842895199488986,925.9755807325245,944.9464292678689,18.97084853534443,18.97084853534443,2.0487417735505398,252.79553366348293,273.47158825256935,20.67605458908642,20.67605458908642,8.178963563735278,3.6629428032742353,3.455373317959259,-0.2075694853149761,0.2075694853149761,-5.666741100336965,pleth_6
s4_sit,msptdfast,MSPTDfast v2,mid_upslope,lipponen_tarvainen,0.75,100.0,True,False,679,507,0.749121300960495,0.03740157480314961,0.021724708044919397,501,9,6,0.9881656804733728,0.9823529411764705,0.9852507374631269,266.00000000002444,4.8391038696535915,6.667549160869745,-0.10183299388995994,6.673570832296022,491,728.5835010060363,728.256619144603,-0.3268818614333213,0.3268818614333213,-0.04486539442383188,48.63828773390381,49.61927838784187,0.9809906539380577,0.9809906539380577,2.016910338836308,26.143061745314405,27.839298313935135,1.69623656862073,1.69623656862073,6.488285821857667,5.64516129032258,6.938775510204081,1.2936142198815013,1.2936142198815013,22.91545189504374,26.169228632260563,27.86753897863737,1.6983103463768074,1.6983103463768074,6.489722606050323,18.504439024292605,19.70532578677492,1.200886762482316,1.200886762482316,6.489722606050329,66.24916455147394,67.348687523198,1.0995229717240562,1.0995229717240562,1.6596782452550847,0.27931580948338025,0.29258663400066254,0.013270824517282287,0.013270824517282287,4.751189895705464,1.5321900377123219,1.5081697731395585,-0.024020264572763406,0.024020264572763406,-1.5677079201368205,1.3041137757721486,1.2475090837959482,-0.05660469197620044,0.05660469197620044,-4.340471899599829,807.6416758375605,835.341710325576,27.70003448801549,27.70003448801549,3.4297430799728503,221.02497572819877,234.5994678509177,13.574492122718937,13.574492122718937,6.14161005017456,3.654074265483654,3.5607144294820627,-0.09335983600159148,0.09335983600159148,-2.5549517940417212,pleth_6
s4_sit,msptd,MSPTD,mid_upslope,lipponen_tarvainen,0.75,100.0,True,False,680,507,0.749121300960495,0.03536345776031434,0.8912736074444597,501,9,6,0.9881656804733728,0.9823529411764705,0.9852507374631269,266.00000000002444,4.863543788187082,6.7325999614051035,-0.10183299388995994,6.738695499978162,491,728.5835010060363,728.256619144603,-0.3268818614333213,0.3268818614333213,-0.04486539442383188,48.63828773390381,49.664253682629706,1.0259659487258972,1.0259659487258972,2.1093792494071235,26.143061745314405,27.823826230812834,1.680764485498429,1.680764485498429,6.429103453422669,5.64516129032258,6.938775510204081,1.2936142198815013,1.2936142198815013,22.91545189504374,26.169228632260563,27.852050966505033,1.6828223342444701,1.6828223342444701,6.430538545450064,18.504439024292605,19.694374108369043,1.1899350840764384,1.1899350840764384,6.430538545450057,66.24916455147394,67.41815642825603,1.168991876782087,1.168991876782087,1.7645382922131942,0.27931580948338025,0.29212270331549467,0.012806893832114419,0.012806893832114419,4.585094504962652,1.5321900377123219,1.5113273550530844,-0.02086268265923752,0.02086268265923752,-1.3616250038009068,1.3041137757721486,1.2467476182817445,-0.05736615749040408,0.05736615749040408,-4.3988613996841135,807.6416758375605,835.3374048358098,27.695728998249365,27.695728998249365,3.4292099859170415,221.02497572819877,234.66978912303767,13.644813394838906,13.644813394838906,6.173426034720327,3.654074265483654,3.5596290769147165,-0.09444518856893769,0.09444518856893769,-2.5846543257499146,pleth_6
s4_sit,qppg,qppg (slope-sum),mid_upslope,lipponen_tarvainen,0.75,100.0,True,False,614,507,0.749121300960495,0.05307855626326964,0.003384177748511816,461,16,46,0.9092702169625246,0.9664570230607966,0.9369918699186992,265.99999999996305,4.671981776764461,6.514920670579097,-0.3439635535305039,6.513256854136726,439,728.5835010060363,757.359649122807,28.77614811677074,28.77614811677074,3.9496019436394474,48.63828773390381,160.0302376478736,111.3919499139698,111.3919499139698,229.02111711536037,26.143061745314405,179.48757341662758,153.34451167131317,153.34451167131317,586.5591152451643,5.64516129032258,11.428571428571429,5.783410138248849,5.783410138248849,102.44897959183676,26.169228632260563,179.68487419810324,153.51564556584268,153.51564556584268,586.6265594721949,18.504439024292605,127.05639302213052,108.55195399783791,108.55195399783791,586.626559472195,66.24916455147394,187.28594959439883,121.03678504292489,121.03678504292489,182.6993379650582,0.27931580948338025,0.6784085688077179,0.3990927593243377,0.3990927593243377,142.88226651491576,1.5321900377123219,0.5711436767360206,-0.9610463609763013,0.9610463609763013,-62.72370510979289,1.3041137757721486,0.8443557538780595,-0.4597580218940891,0.4597580218940891,-35.254441018527885,807.6416758375605,8172.348574433499,7364.706898595939,7364.706898595939,911.8780170622583,221.02497572819877,4119.49968964068,3898.4747139124815,3898.4747139124815,1763.8163746284295,3.654074265483654,1.983820655451081,-1.670253610032573,1.670253610032573,-45.709350404007125,pleth_6
s4_sit,terma,TERMA,mid_upslope,lipponen_tarvainen,0.75,100.0,True,False,680,507,0.749121300960495,0.03543307086614173,0.0004345429959865179,499,10,8,0.9842209072978304,0.9803536345776032,0.9822834645669292,266.00000000001023,4.813141683777859,6.663209233508504,-0.11088295687871168,6.669137245971142,487,728.5835010060363,731.5816326530613,2.9981316470250476,2.9981316470250476,0.41150144669556665,48.63828773390381,69.23643193096684,20.598144197063036,20.598144197063036,42.349649127769126,26.143061745314405,55.22069497366248,29.077633228348077,29.077633228348077,111.22504896948281,5.64516129032258,7.566462167689162,1.9213008773665816,1.9213008773665816,34.03447268477945,26.169228632260563,55.276501658992636,29.107273026732074,29.107273026732074,111.22709589861425,18.504439024292605,39.08638916334314,20.581950139050537,20.581950139050537,111.22709589861427,66.24916455147394,89.77539303859662,23.52622848712268,23.52622848712268,35.51173610475252,0.27931580948338025,0.43537976098349085,0.1560639515001106,0.1560639515001106,55.87365491010514,1.5321900377123219,1.1992345659573245,-0.3329554717549974,0.3329554717549974,-21.73069029035887,1.3041137757721486,1.0114795132286656,-0.292634262543483,0.292634262543483,-22.439319941254215,807.6416758375605,2337.1919010392094,1529.550225201649,1529.550225201649,189.38475699826128,221.02497572819877,954.8052602115408,733.780284483342,733.780284483342,331.98975910563803,3.654074265483654,2.4478205121339562,-1.206253753349698,1.206253753349698,-33.011199710524714,pleth_6
s4_sit,heartpy,HeartPy,mid_upslope,lipponen_tarvainen,0.75,100.0,True,False,672,507,0.749121300960495,0.037698412698412696,0.03374856654610457,495,10,12,0.9763313609467456,0.9801980198019802,0.9782608695652174,266.0000000000142,4.800415800415341,6.631212028955041,-0.2307692307692142,6.634095111520709,481,728.5835010060363,734.3195876288661,5.736086622829816,5.736086622829816,0.7872929616041763,48.63828773390381,85.38325682055095,36.744969086647146,36.744969086647146,75.54741500703302,26.143061745314405,91.18639524449964,65.04333349918522,65.04333349918522,248.7976891644793,5.64516129032258,8.057851239669422,2.4126899493468414,2.4126899493468414,42.73907910271548,26.169228632260563,91.28074219644003,65.11151356417946,65.11151356417946,248.80944898739634,18.504439024292605,64.54523179884379,46.04079277455118,46.04079277455118,248.80944898739642,66.24916455147394,102.05152689990408,35.80236234843014,35.80236234843014,54.04198315680283,0.27931580948338025,0.6324768845658933,0.3531610750825131,0.3531610750825131,126.43791117148588,1.5321900377123219,0.978815153640025,-0.5533748840722968,0.5533748840722968,-36.11659588248781,1.3041137757721486,1.0680193667133844,-0.23609440905876422,0.23609440905876422,-18.103819884808427,807.6416758375605,2455.4879764090097,1647.8463005714493,1647.8463005714493,204.03185594187661,221.02497572819877,1023.766467371727,802.7414916435282,802.7414916435282,363.1903991839747,3.654074265483654,2.39848447342965,-1.2555897920540042,1.2555897920540042,-34.36136489929314,pleth_6
s4_sit,findpeaks,find_peaks baseline,mid_upslope,lipponen_tarvainen,0.75,100.0,True,False,682,507,0.749121300960495,0.03529411764705882,0.00015709681109495304,501,10,6,0.9881656804733728,0.9804305283757339,0.9842829076620825,266.00000000002444,4.863543788187082,6.7325999614051035,-0.10183299388995994,6.738695499978162,491,728.5835010060363,728.6077235772359,0.024222571199629783,0.024222571199629783,0.003324611546402435,48.63828773390381,50.22116646799544,1.5828787340916293,1.5828787340916293,3.254388276888842,26.143061745314405,29.128201772387033,2.985140027072628,2.985140027072628,11.418479044856527,5.64516129032258,7.128309572301425,1.4831482819788446,1.4831482819788446,26.27291242362525,26.169228632260563,29.15651225840113,2.9872836261405666,2.9872836261405666,11.415252883907865,18.504439024292605,20.616767533664138,2.112328509371533,2.112328509371533,11.415252883907861,66.24916455147394,67.96528539831986,1.716120846845925,1.716120846845925,2.5904037559787523,0.27931580948338025,0.30334261693799636,0.024026807454616106,0.024026807454616106,8.602022026270497,1.5321900377123219,1.4164669662732523,-0.11572307143906957,0.11572307143906957,-7.552788400311822,1.3041137757721486,1.2742013933458358,-0.029912382426312778,0.029912382426312778,-2.2936942299073597,807.6416758375605,835.1151990909618,27.473523253401368,27.473523253401368,3.401697073756143,221.02497572819877,234.2652396042241,13.240263876025324,13.240263876025324,5.990392638842447,3.654074265483654,3.564827630859084,-0.08924663462457039,0.08924663462457039,-2.4423869943638836,pleth_6
s4_sit,msptdfast,MSPTDfast v2,mid_upslope,lipponen_tarvainen,0.5,100.0,True,False,679,326,0.4859165195419427,0.07120743034055728,0.022625961710592717,314,11,12,0.9631901840490797,0.9661538461538461,0.9646697388632873,267.0000000000008,4.9370860927164095,7.036564860294466,-0.3874172185432316,7.03755285008414,302,740.3503184713379,739.6192052980133,-0.7311131733246157,0.7311131733246157,-0.09875232779452368,51.10952547370676,52.170854269858005,1.061328796151244,1.061328796151244,2.0765772843992525,30.497472791122814,32.43352516790923,1.9360523767864173,1.9360523767864173,6.348238721439117,7.987220447284344,7.973421926910299,-0.013798520374045609,0.013798520374045609,-0.17275747508305103,30.546136208856073,32.48728995868205,1.9411537498259754,1.9411537498259754,6.3548258167695435,21.59938005233007,22.971983032157713,1.3726029798276436,1.3726029798276436,6.354825816769551,68.97705393571087,70.11336581611084,1.1363118803999726,1.1363118803999726,1.647376650007489,0.3131386282815366,0.32764056845319994,0.014501940171663341,0.014501940171663341,4.63115657472477,1.499727672649808,1.5045800356408399,0.004852362991031756,0.004852362991031756,0.3235496070068716,1.2544523924782212,1.1405272744550046,-0.11392511802321659,0.11392511802321659,-9.081661345326381,521.5503731952732,454.7367652429923,-66.8136079522809,66.8136079522809,-12.810576194768686,123.51678660491262,111.11311183044877,-12.403674774463852,12.403674774463852,-10.042096394669745,4.222506005305433,4.092557194662052,-0.1299488106433806,0.1299488106433806,-3.077528142768877,pleth_6
s4_sit,msptd,MSPTD,mid_upslope,lipponen_tarvainen,0.5,100.0,True,False,680,326,0.4859165195419427,0.06790123456790123,0.8944010876432408,314,11,12,0.9631901840490797,0.9661538461538461,0.9646697388632873,267.0000000000008,4.990066225166617,7.152316347805628,-0.3874172185432316,7.153669733031105,302,740.3503184713379,739.6192052980133,-0.7311131733246157,0.7311131733246157,-0.09875232779452368,51.10952547370676,52.23004343517351,1.1205179614667529,1.1205179614667529,2.192385765825985,30.497472791122814,32.43352516790887,1.936052376786055,1.936052376786055,6.3482387214379274,7.987220447284344,7.973421926910299,-0.013798520374045609,0.013798520374045609,-0.17275747508305103,30.546136208856073,32.48728995868169,1.9411537498256202,1.9411537498256202,6.354825816768381,21.59938005233007,22.97198303215746,1.3726029798273913,1.3726029798273913,6.354825816768382,68.97705393571087,70.20144492850908,1.224390992798206,1.224390992798206,1.7750700021769312,0.3131386282815366,0.3272294901558137,0.014090861874277105,0.014090861874277105,4.499879798160288,1.499727672649808,1.4941072244564242,-0.00562044819338392,0.00562044819338392,-0.37476458532323925,1.2544523924782212,1.139672210099679,-0.11478018237854215,0.11478018237854215,-9.149823705289387,521.5503731952732,454.7367652429924,-66.81360795228079,66.81360795228079,-12.810576194768663,123.51678660491262,111.11311183044877,-12.403674774463852,12.403674774463852,-10.042096394669745,4.222506005305433,4.092557194662053,-0.1299488106433797,0.1299488106433797,-3.0775281427688563,pleth_6
s4_sit,qppg,qppg (slope-sum),mid_upslope,lipponen_tarvainen,0.5,100.0,True,False,614,326,0.4859165195419427,0.08524590163934426,0.003415993131820681,294,16,32,0.901840490797546,0.9483870967741935,0.9245283018867925,266.0000000000199,4.72992700729922,6.742392306487198,-0.6861313868614064,6.719663153096157,274,740.3503184713379,772.1602787456445,31.809960274306604,31.809960274306604,4.296609251143059,51.10952547370676,165.4841659674304,114.37464049372366,114.37464049372366,223.7834130402239,30.497472791122814,170.75186470636098,140.25439191523816,140.25439191523816,459.88857134438797,7.987220447284344,12.937062937062937,4.949842489778592,4.949842489778592,61.97202797202798,30.546136208856073,171.04925342869996,140.5031172198439,140.5031172198439,459.9701784185346,21.59938005233007,120.95008701633006,99.35070696399998,99.35070696399998,459.97017841853454,68.97705393571087,200.35242654536106,131.37537260965019,131.37537260965019,190.46242933497396,0.3131386282815366,0.6036866590629797,0.2905480307814431,0.2905480307814431,92.78575191311666,1.499727672649808,0.6113728707221309,-0.8883548019276772,0.8883548019276772,-59.23440756134606,1.2544523924782212,0.7557082052239278,-0.49874418725429337,0.49874418725429337,-39.75792068673122,521.5503731952732,4615.62397848254,4094.073605287267,4094.073605287267,784.9814352935778,123.51678660491262,1409.7224389129433,1286.2056523080307,1286.2056523080307,1041.3205262715883,4.222506005305433,3.274136703138323,-0.9483693021671096,0.9483693021671096,-22.4598686414067,pleth_6
s4_sit,terma,TERMA,mid_upslope,lipponen_tarvainen,0.5,100.0,True,False,680,326,0.4859165195419427,0.06811145510835913,0.00044172241154611904,312,12,14,0.9570552147239264,0.9629629629629629,0.9599999999999999,267.0000000000008,4.909395973155298,7.050869811639191,-0.40604026845643687,7.051009223444102,298,740.3503184713379,745.0697674418604,4.719448970522535,4.719448970522535,0.6374615979455738,51.10952547370676,79.91557075822186,28.8060452845151,28.8060452845151,56.36140233650641,30.497472791122814,69.00268110733188,38.505208316209064,38.505208316209064,126.25704621471829,7.987220447284344,9.0,1.0127795527156556,1.0127795527156556,12.680000000000009,30.546136208856073,69.11367036584197,38.5675341569859,38.5675341569859,126.25994297047698,21.59938005233007,48.8707449883786,27.271364936048528,27.271364936048528,126.25994297047698,68.97705393571087,101.90508909522428,32.92803515951341,32.92803515951341,47.73766532592642,0.3131386282815366,0.47957119141235205,0.16643256313081545,0.16643256313081545,53.14980270692739,1.499727672649808,1.1684433831714496,-0.33128428947835853,0.33128428947835853,-22.089629705440167,1.2544523924782212,0.9686389087878029,-0.28581348369041826,0.28581348369041826,-22.783924316632074,521.5503731952732,1985.782008351493,1464.23163515622,1464.23163515622,280.7459663360261,123.51678660491262,963.9763073499003,840.4595207449877,840.4595207449877,680.441536609373,4.222506005305433,2.0599904719760938,-2.162515533329339,2.162515533329339,-51.214030971470805,pleth_6
s4_sit,heartpy,HeartPy,mid_upslope,lipponen_tarvainen,0.5,100.0,True,False,672,326,0.4859165195419427,0.07210031347962383,0.035908817765212785,308,12,18,0.9447852760736196,0.9625,0.9535603715170279,267.0000000000008,4.849315068493971,6.961734943580564,-0.5547945205481442,6.951506867145359,292,740.3503184713379,749.7837837837837,9.433465312445833,9.433465312445833,1.2741894042706543,51.10952547370676,102.85896485672642,51.749439383019656,51.749439383019656,101.25204431733982,30.497472791122814,95.82489326626991,65.3274204751471,65.3274204751471,214.20601281481447,7.987220447284344,9.491525423728813,1.5043049764444687,1.5043049764444687,18.833898305084748,30.546136208856073,95.9872466931427,65.44111048428663,65.44111048428663,214.23694976294138,21.59938005233007,67.87323304414721,46.273852991817144,46.273852991817144,214.23694976294135,68.97705393571087,128.65907484095106,59.68202090524019,59.68202090524019,86.52445632262871,0.3131386282815366,0.5275433009918066,0.21440467271026997,0.21440467271026997,68.4695701347657,1.499727672649808,0.9510835725699636,-0.5486441000798445,0.5486441000798445,-36.58291502419686,1.2544523924782212,1.0604547222228506,-0.1939976702553705,0.1939976702553705,-15.46472958388802,521.5503731952732,2103.531132912982,1581.9807597177087,1581.9807597177087,303.32271646662224,123.51678660491262,1029.6733779597416,906.1565913548291,906.1565913548291,733.6303155726596,4.222506005305433,2.042911060865775,-2.179594944439658,2.179594944439658,-51.618516153702856,pleth_6
s4_sit,findpeaks,find_peaks baseline,mid_upslope,lipponen_tarvainen,0.5,100.0,True,False,682,326,0.4859165195419427,0.06769230769230769,0.0001600851974643839,314,12,12,0.9631901840490797,0.9631901840490797,0.9631901840490797,267.0000000000008,4.990066225166617,7.152316347805628,-0.3874172185432316,7.153669733031105,302,740.3503184713379,740.1518151815181,-0.19850328981976872,0.19850328981976872,-0.026812075968257132,51.10952547370676,52.96128213737476,1.8517566636679987,1.8517566636679987,3.623114569163106,30.497472791122814,34.231438630717506,3.733965839594692,3.733965839594692,12.243525439529444,7.987220447284344,8.27814569536424,0.29092524807989495,0.29092524807989495,3.642384105960285,30.546136208856073,34.2796932395092,3.7335570306531274,3.7335570306531274,12.22268179885441,21.59938005233007,24.239403546651605,2.640023494321536,2.640023494321536,12.222681798854403,68.97705393571087,70.86780740908947,1.8907534733785951,1.8907534733785951,2.7411339938363364,0.3131386282815366,0.3420368772908116,0.028898249009275012,0.028898249009275012,9.228580059849142,1.499727672649808,1.4941072244564242,-0.00562044819338392,0.00562044819338392,-0.37476458532323925,1.2544523924782212,1.264559614733845,0.010107222255623771,0.010107222255623771,0.8057079181503689,521.5503731952732,454.18014330325326,-67.37022989201995,67.37022989201995,-12.917300677838059,123.51678660491262,111.34899980997382,-12.167786794938806,12.167786794938806,-9.85111994036838,4.222506005305433,4.078888396647916,-0.14361760865751627,0.14361760865751627,-3.401241075254025,pleth_6
s5_sit,msptdfast,MSPTDfast v2,mid_upslope,lipponen_tarvainen,1.0,100.0,True,False,637,638,0.9911163611061667,0.0,0.024765194420173196,637,0,1,0.9984326018808778,1.0,0.9992156862745099,267.9999999999635,3.5566037735853704,4.562631922793291,-0.006289308176105991,4.566218794921836,636,774.7158555729984,774.5817610062893,-0.13409456670910913,0.13409456670910913,-0.017308870825927473,49.02100643708726,50.04263927447649,1.0216328373892338,1.0216328373892338,2.0840715269695256,26.212124517066584,27.573723655329875,1.3615991382632906,1.3615991382632906,5.1945394100991695,5.345911949685535,6.6141732283464565,1.2682612786609218,1.2682612786609218,23.723946271421948,26.232755677027686,27.595444678941423,1.3626890019137363,1.3626890019137363,5.194608674326419,18.54935942843618,19.512926062337712,0.9635666339015323,0.9635666339015323,5.194608674326425,66.79849855351979,68.02776791573052,1.2292693622107294,1.2292693622107294,1.8402649592877052,0.2776912629791252,0.28683766438595154,0.009146401406826321,0.009146401406826321,3.293730349562305,1.5491181222005777,1.444252637883133,-0.10486548431744458,0.10486548431744458,-6.769366571509693,1.2379608927180985,1.2195621876392049,-0.01839870507889363,0.01839870507889363,-1.4862105246714994,886.7114917235966,928.3490857596898,41.63759403609322,41.63759403609322,4.695731861460117,287.29067184026013,332.5441514018338,45.25347956157367,45.25347956157367,15.751809577282616,3.086461130268189,2.7916566321983147,-0.2948044980698743,0.2948044980698743,-9.55153768757354,pleth_6
s5_sit,msptd,MSPTD,mid_upslope,lipponen_tarvainen,1.0,100.0,True,False,637,638,0.9911163611061667,0.0,0.8825176782792423,637,0,1,0.9984326018808778,1.0,0.9992156862745099,267.9999999999635,3.5566037735853704,4.562631922793291,-0.006289308176105991,4.566218794921836,636,774.7158555729984,774.5817610062893,-0.13409456670910913,0.13409456670910913,-0.017308870825927473,49.02100643708726,50.04263927447649,1.0216328373892338,1.0216328373892338,2.0840715269695256,26.212124517066584,27.573723655329875,1.3615991382632906,1.3615991382632906,5.1945394100991695,5.345911949685535,6.6141732283464565,1.2682612786609218,1.2682612786609218,23.723946271421948,26.232755677027686,27.595444678941423,1.3626890019137363,1.3626890019137363,5.194608674326419,18.54935942843618,19.512926062337712,0.9635666339015323,0.9635666339015323,5.194608674326425,66.79849855351979,68.02776791573052,1.2292693622107294,1.2292693622107294,1.8402649592877052,0.2776912629791252,0.28683766438595154,0.009146401406826321,0.009146401406826321,3.293730349562305,1.5491181222005777,1.444252637883133,-0.10486548431744458,0.10486548431744458,-6.769366571509693,1.2379608927180985,1.2195621876392049,-0.01839870507889363,0.01839870507889363,-1.4862105246714994,886.7114917235966,928.3490857596898,41.63759403609322,41.63759403609322,4.695731861460117,287.29067184026013,332.5441514018338,45.25347956157367,45.25347956157367,15.751809577282616,3.086461130268189,2.7916566321983147,-0.2948044980698743,0.2948044980698743,-9.55153768757354,pleth_6
s5_sit,qppg,qppg (slope-sum),mid_upslope,lipponen_tarvainen,1.0,100.0,True,False,638,638,0.9911163611061667,0.0,0.0034421309400647156,638,0,0,1.0,1.0,1.0,267.9999999999635,3.5400313971755466,4.548189558215543,0.0015698587127033626,4.551763503389895,637,774.7158555729984,774.7174254317111,0.001569858712741734,0.001569858712741734,0.00020263670885896983,49.02100643708726,50.11956045827813,1.0985540211908713,1.0985540211908713,2.2409862649408008,26.212124517066584,27.568068987018144,1.3559444699515595,1.3559444699515595,5.172966689780185,5.345911949685535,6.446540880503145,1.10062893081761,1.10062893081761,20.588235294117645,26.232755677027686,27.58976718469434,1.3570115076666553,1.3570115076666553,5.172965907104473,18.54935942843618,19.50891146765545,0.9595520392192718,0.9595520392192718,5.172965907104468,66.79849855351979,68.142079909621,1.343581356101211,1.343581356101211,2.011394545080556,0.2776912629791252,0.28629756375987847,0.008606300780753251,0.008606300780753251,3.0992335475099946,1.5491181222005777,1.4505494538019243,-0.0985686683986533,0.0985686683986533,-6.36288911646279,1.2379608927180985,1.2196363613438792,-0.0183245313742193,0.0183245313742193,-1.4802189214544161,886.7114917235966,927.8581058848868,41.14661416129013,41.14661416129013,4.640360990620413,287.29067184026013,332.51645035238204,45.225778512121906,45.225778512121906,15.74216740920444,3.086461130268189,2.790412639439629,-0.2960484908285599,0.2960484908285599,-9.59184251262013,pleth_6
s5_sit,terma,TERMA,mid_upslope,lipponen_tarvainen,1.0,100.0,True,False,638,638,0.9911163611061667,0.0,0.00041944853477482994,638,0,0,1.0,1.0,1.0,267.9999999999635,3.5588697017273017,4.563351380748043,0.0015698587127033626,4.566937241813341,637,774.7158555729984,774.7174254317111,0.001569858712741734,0.001569858712741734,0.00020263670885896983,49.02100643708726,50.12037611129091,1.0993696742036505,1.0993696742036505,2.24265014961405,26.212124517066584,27.565844557414657,1.3537200403480725,1.3537200403480725,5.164480427622996,5.345911949685535,6.60377358490566,1.2578616352201255,1.2578616352201255,23.529411764705877,26.232755677027686,27.587541004227923,1.3547853272002364,1.3547853272002364,5.1644796447619745,18.54935942843618,19.507337320351503,0.9579778919153235,0.9579778919153235,5.164479644761979,66.79849855351979,68.14373040672592,1.3452318532061298,1.3452318532061298,2.013865404666713,0.2776912629791252,0.28626752899964647,0.00857626602052125,0.00857626602052125,3.0884176651845006,1.5491181222005777,1.4455635756226148,-0.10355454657796281,0.10355454657796281,-6.684741795600447,1.2379608927180985,1.2207460080406103,-0.017214884677488218,0.017214884677488218,-1.3905838850604382,886.7114917235966,928.3490857596901,41.63759403609345,41.63759403609345,4.6957318614601435,287.29067184026013,332.5441514018338,45.25347956157367,45.25347956157367,15.751809577282616,3.086461130268189,2.7916566321983156,-0.2948044980698734,0.2948044980698734,-9.55153768757351,pleth_6
s5_sit,heartpy,HeartPy,mid_upslope,lipponen_tarvainen,1.0,100.0,True,False,638,638,0.9911163611061667,0.0,0.020116927458654357,638,0,0,1.0,1.0,1.0,267.9999999999635,3.5588697017273017,4.563351380748043,0.0015698587127033626,4.566937241813341,637,774.7158555729984,774.7174254317111,0.001569858712741734,0.001569858712741734,0.00020263670885896983,49.02100643708726,50.12037611129091,1.0993696742036505,1.0993696742036505,2.24265014961405,26.212124517066584,27.565844557414657,1.3537200403480725,1.3537200403480725,5.164480427622996,5.345911949685535,6.60377358490566,1.2578616352201255,1.2578616352201255,23.529411764705877,26.232755677027686,27.587541004227923,1.3547853272002364,1.3547853272002364,5.1644796447619745,18.54935942843618,19.507337320351503,0.9579778919153235,0.9579778919153235,5.164479644761979,66.79849855351979,68.14373040672592,1.3452318532061298,1.3452318532061298,2.013865404666713,0.2776912629791252,0.28626752899964647,0.00857626602052125,0.00857626602052125,3.0884176651845006,1.5491181222005777,1.4455635756226148,-0.10355454657796281,0.10355454657796281,-6.684741795600447,1.2379608927180985,1.2207460080406103,-0.017214884677488218,0.017214884677488218,-1.3905838850604382,886.7114917235966,928.3490857596901,41.63759403609345,41.63759403609345,4.6957318614601435,287.29067184026013,332.5441514018338,45.25347956157367,45.25347956157367,15.751809577282616,3.086461130268189,2.7916566321983156,-0.2948044980698734,0.2948044980698734,-9.55153768757351,pleth_6
s5_sit,findpeaks,find_peaks baseline,mid_upslope,lipponen_tarvainen,1.0,100.0,True,False,638,638,0.9911163611061667,0.0,0.00013948041210540063,638,0,0,1.0,1.0,1.0,267.9999999999635,3.5588697017273017,4.563351380748043,0.0015698587127033626,4.566937241813341,637,774.7158555729984,774.7174254317111,0.001569858712741734,0.001569858712741734,0.00020263670885896983,49.02100643708726,50.12037611129091,1.0993696742036505,1.0993696742036505,2.24265014961405,26.212124517066584,27.565844557414657,1.3537200403480725,1.3537200403480725,5.164480427622996,5.345911949685535,6.60377358490566,1.2578616352201255,1.2578616352201255,23.529411764705877,26.232755677027686,27.587541004227923,1.3547853272002364,1.3547853272002364,5.1644796447619745,18.54935942843618,19.507337320351503,0.9579778919153235,0.9579778919153235,5.164479644761979,66.79849855351979,68.14373040672592,1.3452318532061298,1.3452318532061298,2.013865404666713,0.2776912629791252,0.28626752899964647,0.00857626602052125,0.00857626602052125,3.0884176651845006,1.5491181222005777,1.4455635756226148,-0.10355454657796281,0.10355454657796281,-6.684741795600447,1.2379608927180985,1.2207460080406103,-0.017214884677488218,0.017214884677488218,-1.3905838850604382,886.7114917235966,928.3490857596901,41.63759403609345,41.63759403609345,4.6957318614601435,287.29067184026013,332.5441514018338,45.25347956157367,45.25347956157367,15.751809577282616,3.086461130268189,2.7916566321983156,-0.2948044980698734,0.2948044980698734,-9.55153768757351,pleth_6
s5_sit,msptdfast,MSPTDfast v2,mid_upslope,lipponen_tarvainen,0.9,100.0,True,False,637,572,0.889982038544313,0.017543859649122806,0.021632886454308876,566,5,6,0.9895104895104895,0.9912434325744308,0.990376202974628,267.9999999999635,3.4607142857147153,4.400892766571013,-0.028571428571359952,4.404734576045138,560,771.9540636042403,771.5571428571428,-0.3969207470975107,0.3969207470975107,-0.051417664056886296,48.96324801342668,50.139771926610614,1.1765239131839351,1.1765239131839351,2.402871461593621,26.698579724250223,28.060756979985634,1.3621772557354106,1.3621772557354106,5.102058872810189,5.486725663716814,6.976744186046512,1.4900185223296978,1.4900185223296978,27.156789197299332,26.721803915415737,28.08544779029852,1.3636438748827828,1.3636438748827828,5.103113095205748,18.895168754127706,19.85941058518082,0.9642418310531156,0.9642418310531156,5.103113095205747,66.61660385971128,68.07053157508224,1.4539277153709662,1.4539277153709662,2.182530527123254,0.283640528927582,0.29174754663515096,0.008107017707568942,0.008107017707568942,2.8582014489328476,1.5487385494090653,1.4490198909190082,-0.09971865849005712,0.09971865849005712,-6.4387019053736125,1.2680171182740885,1.2807543553039877,0.012737237029899262,0.012737237029899262,1.0045004003759863,749.4316285543482,766.6609569222146,17.2293283678664,17.2293283678664,2.2989860197256062,255.41380141337504,294.115112393974,38.701310980598976,38.701310980598976,15.152396137733666,2.9341861105674116,2.606669717451494,-0.32751639311591774,0.32751639311591774,-11.162086547147576,pleth_6
s5_sit,msptd,MSPTD,mid_upslope,lipponen_tarvainen,0.9,100.0,True,False,637,572,0.889982038544313,0.017543859649122806,0.8712742803281329,566,5,6,0.9895104895104895,0.9912434325744308,0.990376202974628,267.9999999999635,3.4607142857147153,4.400892766571013,-0.028571428571359952,4.404734576045138,560,771.9540636042403,771.5571428571428,-0.3969207470975107,0.3969207470975107,-0.051417664056886296,48.96324801342668,50.139771926610614,1.1765239131839351,1.1765239131839351,2.402871461593621,26.698579724250223,28.060756979985634,1.3621772557354106,1.3621772557354106,5.102058872810189,5.486725663716814,6.976744186046512,1.4900185223296978,1.4900185223296978,27.156789197299332,26.721803915415737,28.08544779029852,1.3636438748827828,1.3636438748827828,5.103113095205748,18.895168754127706,19.85941058518082,0.9642418310531156,0.9642418310531156,5.103113095205747,66.61660385971128,68.07053157508224,1.4539277153709662,1.4539277153709662,2.182530527123254,0.283640528927582,0.29174754663515096,0.008107017707568942,0.008107017707568942,2.8582014489328476,1.5487385494090653,1.4490198909190082,-0.09971865849005712,0.09971865849005712,-6.4387019053736125,1.2680171182740885,1.2807543553039877,0.012737237029899262,0.012737237029899262,1.0045004003759863,749.4316285543482,766.6609569222146,17.2293283678664,17.2293283678664,2.2989860197256062,255.41380141337504,294.115112393974,38.701310980598976,38.701310980598976,15.152396137733666,2.9341861105674116,2.606669717451494,-0.32751639311591774,0.32751639311591774,-11.162086547147576,pleth_6
s5_sit,qppg,qppg (slope-sum),mid_upslope,lipponen_tarvainen,0.9,100.0,True,False,638,572,0.889982038544313,0.017543859649122806,0.003292601822859421,566,5,6,0.9895104895104895,0.9912434325744308,0.990376202974628,267.9999999999635,3.44285714285821,4.392363503042646,-0.024999999999863576,4.396219305954885,560,771.9540636042403,771.5607142857144,-0.3933493185259067,0.3933493185259067,-0.050955016246609995,48.96324801342668,50.1439062500603,1.1806582366336187,1.1806582366336187,2.411315189527172,26.698579724250223,28.070031256495437,1.3714515322452137,1.3714515322452137,5.136795838617323,5.486725663716814,6.976744186046512,1.4900185223296978,1.4900185223296978,27.156789197299332,26.721803915415737,28.09474050415196,1.3729365887362235,1.3729365887362235,5.13788886813955,18.895168754127706,19.865981526162216,0.9708127720345097,0.9708127720345097,5.137888868139549,66.61660385971128,68.07470489125791,1.458101031546633,1.458101031546633,2.1887952057977405,0.283640528927582,0.2918261865093063,0.008185657581724293,0.008185657581724293,2.8859266384368585,1.5487385494090653,1.4533630030661733,-0.09537554634289203,0.09537554634289203,-6.158272897596783,1.2680171182740885,1.2802355910537584,0.01221847277966992,0.01221847277966992,0.9635889455735908,749.4316285543482,766.8499279599299,17.418299405581706,17.418299405581706,2.3242012669229832,255.41380141337504,294.0993756331178,38.68557421974276,38.68557421974276,15.146234857188476,2.9341861105674116,2.607451737390145,-0.3267343731772665,0.3267343731772665,-11.135434524774666,pleth_6
s5_sit,terma,TERMA,mid_upslope,lipponen_tarvainen,0.9,100.0,True,False,638,572,0.889982038544313,0.017543859649122806,0.00043089289444006573,566,5,6,0.9895104895104895,0.9912434325744308,0.990376202974628,267.9999999999635,3.4607142857147153,4.400892766571013,-0.028571428571359952,4.404734576045138,560,771.9540636042403,771.5571428571428,-0.3969207470975107,0.3969207470975107,-0.051417664056886296,48.96324801342668,50.139771926610614,1.1765239131839351,1.1765239131839351,2.402871461593621,26.698579724250223,28.060756979985634,1.3621772557354106,1.3621772557354106,5.102058872810189,5.486725663716814,6.976744186046512,1.4900185223296978,1.4900185223296978,27.156789197299332,26.721803915415737,28.08544779029852,1.3636438748827828,1.3636438748827828,5.103113095205748,18.895168754127706,19.85941058518082,0.9642418310531156,0.9642418310531156,5.103113095205747,66.61660385971128,68.07053157508224,1.4539277153709662,1.4539277153709662,2.182530527123254,0.283640528927582,0.29174754663515096,0.008107017707568942,0.008107017707568942,2.8582014489328476,1.5487385494090653,1.4490198909190082,-0.09971865849005712,0.09971865849005712,-6.4387019053736125,1.2680171182740885,1.2807543553039877,0.012737237029899262,0.012737237029899262,1.0045004003759863,749.4316285543482,766.6609569222146,17.2293283678664,17.2293283678664,2.2989860197256062,255.41380141337504,294.115112393974,38.701310980598976,38.701310980598976,15.152396137733666,2.9341861105674116,2.606669717451494,-0.32751639311591774,0.32751639311591774,-11.162086547147576,pleth_6
s5_sit,heartpy,HeartPy,mid_upslope,lipponen_tarvainen,0.9,100.0,True,False,638,572,0.889982038544313,0.017543859649122806,0.02020962313275717,566,5,6,0.9895104895104895,0.9912434325744308,0.990376202974628,267.9999999999635,3.4607142857147153,4.400892766571013,-0.028571428571359952,4.404734576045138,560,771.9540636042403,771.5571428571428,-0.3969207470975107,0.3969207470975107,-0.051417664056886296,48.96324801342668,50.139771926610614,1.1765239131839351,1.1765239131839351,2.402871461593621,26.698579724250223,28.060756979985634,1.3621772557354106,1.3621772557354106,5.102058872810189,5.486725663716814,6.976744186046512,1.4900185223296978,1.4900185223296978,27.156789197299332,26.721803915415737,28.08544779029852,1.3636438748827828,1.3636438748827828,5.103113095205748,18.895168754127706,19.85941058518082,0.9642418310531156,0.9642418310531156,5.103113095205747,66.61660385971128,68.07053157508224,1.4539277153709662,1.4539277153709662,2.182530527123254,0.283640528927582,0.29174754663515096,0.008107017707568942,0.008107017707568942,2.8582014489328476,1.5487385494090653,1.4490198909190082,-0.09971865849005712,0.09971865849005712,-6.4387019053736125,1.2680171182740885,1.2807543553039877,0.012737237029899262,0.012737237029899262,1.0045004003759863,749.4316285543482,766.6609569222146,17.2293283678664,17.2293283678664,2.2989860197256062,255.41380141337504,294.115112393974,38.701310980598976,38.701310980598976,15.152396137733666,2.9341861105674116,2.606669717451494,-0.32751639311591774,0.32751639311591774,-11.162086547147576,pleth_6
s5_sit,findpeaks,find_peaks baseline,mid_upslope,lipponen_tarvainen,0.9,100.0,True,False,638,572,0.889982038544313,0.017543859649122806,0.00014738102549781805,566,5,6,0.9895104895104895,0.9912434325744308,0.990376202974628,267.9999999999635,3.4607142857147153,4.400892766571013,-0.028571428571359952,4.404734576045138,560,771.9540636042403,771.5571428571428,-0.3969207470975107,0.3969207470975107,-0.051417664056886296,48.96324801342668,50.139771926610614,1.1765239131839351,1.1765239131839351,2.402871461593621,26.698579724250223,28.060756979985634,1.3621772557354106,1.3621772557354106,5.102058872810189,5.486725663716814,6.976744186046512,1.4900185223296978,1.4900185223296978,27.156789197299332,26.721803915415737,28.08544779029852,1.3636438748827828,1.3636438748827828,5.103113095205748,18.895168754127706,19.85941058518082,0.9642418310531156,0.9642418310531156,5.103113095205747,66.61660385971128,68.07053157508224,1.4539277153709662,1.4539277153709662,2.182530527123254,0.283640528927582,0.29174754663515096,0.008107017707568942,0.008107017707568942,2.8582014489328476,1.5487385494090653,1.4490198909190082,-0.09971865849005712,0.09971865849005712,-6.4387019053736125,1.2680171182740885,1.2807543553039877,0.012737237029899262,0.012737237029899262,1.0045004003759863,749.4316285543482,766.6609569222146,17.2293283678664,17.2293283678664,2.2989860197256062,255.41380141337504,294.115112393974,38.701310980598976,38.701310980598976,15.152396137733666,2.9341861105674116,2.606669717451494,-0.32751639311591774,0.32751639311591774,-11.162086547147576,pleth_6
s5_sit,msptdfast,MSPTDfast v2,mid_upslope,lipponen_tarvainen,0.75,100.0,True,False,637,484,0.7483939869577177,0.04573804573804574,0.021548965193734816,471,11,13,0.9731404958677686,0.9771784232365145,0.9751552795031057,267.00000000000136,3.581699346405071,4.543663739129953,0.008714596950097636,4.5486129997894,459,770.0974576271186,769.2679738562091,-0.8294837709095191,0.8294837709095191,-0.10771153218261309,48.63974585408385,49.7986785222959,1.1589326682120529,1.1589326682120529,2.382686520790584,27.21948221980624,28.535812173813973,1.3163299540077347,1.3163299540077347,4.835984547310412,5.7324840764331215,7.20524017467249,1.4727560982393681,1.4727560982393681,25.69141193595342,27.24781065731637,28.566368333896527,1.3185576765801557,1.3185576765801557,4.839132556971533,19.267111688275488,20.199472762770892,0.9323610744954038,0.9323610744954038,4.839132556971518,66.03353815063413,67.46701464597368,1.4334764953395478,1.4334764953395478,2.170830967847786,0.2917776667414642,0.29939775561088006,0.007620088869415842,0.007620088869415842,2.611607994030531,1.5970609494843655,1.600113835558977,0.003052886074611516,0.003052886074611516,0.19115651632438857,1.2990616236533359,1.1567181272059635,-0.14234349644737243,0.14234349644737243,-10.95740909096071,656.9981949696415,672.5044232669213,15.50622829727979,15.50622829727979,2.36016299831635,233.49581958468437,260.96752978004866,27.471710195364295,27.471710195364295,11.765397018339698,2.8137471417614015,2.576965892399443,-0.23678124936195832,0.23678124936195832,-8.415157348280188,pleth_6
s5_sit,msptd,MSPTD,mid_upslope,lipponen_tarvainen,0.75,100.0,True,False,637,484,0.7483939869577177,0.04573804573804574,0.8920150042884847,471,11,13,0.9731404958677686,0.9771784232365145,0.9751552795031057,267.00000000000136,3.581699346405071,4.543663739129953,0.008714596950097636,4.5486129997894,459,770.0974576271186,769.2679738562091,-0.8294837709095191,0.8294837709095191,-0.10771153218261309,48.63974585408385,49.7986785222959,1.1589326682120529,1.1589326682120529,2.382686520790584,27.21948221980624,28.535812173813973,1.3163299540077347,1.3163299540077347,4.835984547310412,5.7324840764331215,7.20524017467249,1.4727560982393681,1.4727560982393681,25.69141193595342,27.24781065731637,28.566368333896527,1.3185576765801557,1.3185576765801557,4.839132556971533,19.267111688275488,20.199472762770892,0.9323610744954038,0.9323610744954038,4.839132556971518,66.03353815063413,67.46701464597368,1.4334764953395478,1.4334764953395478,2.170830967847786,0.2917776667414642,0.29939775561088006,0.007620088869415842,0.007620088869415842,2.611607994030531,1.5970609494843655,1.600113835558977,0.003052886074611516,0.003052886074611516,0.19115651632438857,1.2990616236533359,1.1567181272059635,-0.14234349644737243,0.14234349644737243,-10.95740909096071,656.9981949696415,672.5044232669213,15.50622829727979,15.50622829727979,2.36016299831635,233.49581958468437,260.96752978004866,27.471710195364295,27.471710195364295,11.765397018339698,2.8137471417614015,2.576965892399443,-0.23678124936195832,0.23678124936195832,-8.415157348280188,pleth_6
s5_sit,qppg,qppg (slope-sum),mid_upslope,lipponen_tarvainen,0.75,100.0,True,False,638,484,0.7483939869577177,0.04573804573804574,0.003269373290500669,471,11,13,0.9731404958677686,0.9771784232365145,0.9751552795031057,267.0000000000156,3.568627450981178,4.543184222086541,0.013071895425125896,4.548122499681756,459,770.0974576271186,769.2723311546843,-0.8251264724343628,0.8251264724343628,-0.10714572087756316,48.63974585408385,49.80378439623882,1.1640385421549695,1.1640385421549695,2.393183849370865,27.21948221980624,28.54472473231544,1.3252425125092024,1.3252425125092024,4.868727853849074,5.7324840764331215,7.20524017467249,1.4727560982393681,1.4727560982393681,25.69141193595342,27.24781065731637,28.575305470133287,1.3274948128169157,1.3274948128169157,4.871932022400732,19.267111688275488,20.205792272408296,0.9386805841328076,0.9386805841328076,4.871932022400731,66.03353815063413,67.47265993732844,1.4391217866943151,1.4391217866943151,2.17938009532584,0.2917776667414642,0.2994663659499465,0.007688699208482308,0.007688699208482308,2.6351225898639608,1.5970609494843655,1.6043085003947974,0.0072475509104319435,0.0072475509104319435,0.4538055302630699,1.2990616236533359,1.1566380960983893,-0.14242352755494658,0.14242352755494658,-10.963569776960275,656.9981949696415,671.7489035488595,14.750708579217985,14.750708579217985,2.2451672915021605,233.49581958468437,260.7874227617342,27.291603177049836,27.291603177049836,11.688262010683111,2.8137471417614015,2.5758485452827844,-0.2378985964786171,0.2378985964786171,-8.454867637100218,pleth_6
s5_sit,terma,TERMA,mid_upslope,lipponen_tarvainen,0.75,100.0,True,False,638,484,0.7483939869577177,0.04573804573804574,0.0004076643629643329,471,11,13,0.9731404958677686,0.9771784232365145,0.9751552795031057,267.00000000000136,3.581699346405071,4.543663739129953,0.008714596950097636,4.5486129997894,459,770.0974576271186,769.2679738562091,-0.8294837709095191,0.8294837709095191,-0.10771153218261309,48.63974585408385,49.7986785222959,1.1589326682120529,1.1589326682120529,2.382686520790584,27.21948221980624,28.535812173813973,1.3163299540077347,1.3163299540077347,4.835984547310412,5.7324840764331215,7.20524017467249,1.4727560982393681,1.4727560982393681,25.69141193595342,27.24781065731637,28.566368333896527,1.3185576765801557,1.3185576765801557,4.839132556971533,19.267111688275488,20.199472762770892,0.9323610744954038,0.9323610744954038,4.839132556971518,66.03353815063413,67.46701464597368,1.4334764953395478,1.4334764953395478,2.170830967847786,0.2917776667414642,0.29939775561088006,0.007620088869415842,0.007620088869415842,2.611607994030531,1.5970609494843655,1.600113835558977,0.003052886074611516,0.003052886074611516,0.19115651632438857,1.2990616236533359,1.1567181272059635,-0.14234349644737243,0.14234349644737243,-10.95740909096071,656.9981949696415,672.5044232669213,15.50622829727979,15.50622829727979,2.36016299831635,233.49581958468437,260.96752978004866,27.471710195364295,27.471710195364295,11.765397018339698,2.8137471417614015,2.576965892399443,-0.23678124936195832,0.23678124936195832,-8.415157348280188,pleth_6
s5_sit,heartpy,HeartPy,mid_upslope,lipponen_tarvainen,0.75,100.0,True,False,638,484,0.7483939869577177,0.04573804573804574,0.025115612712389112,471,11,13,0.9731404958677686,0.9771784232365145,0.9751552795031057,267.00000000000136,3.581699346405071,4.543663739129953,0.008714596950097636,4.5486129997894,459,770.0974576271186,769.2679738562091,-0.8294837709095191,0.8294837709095191,-0.10771153218261309,48.63974585408385,49.7986785222959,1.1589326682120529,1.1589326682120529,2.382686520790584,27.21948221980624,28.535812173813973,1.3163299540077347,1.3163299540077347,4.835984547310412,5.7324840764331215,7.20524017467249,1.4727560982393681,1.4727560982393681,25.69141193595342,27.24781065731637,28.566368333896527,1.3185576765801557,1.3185576765801557,4.839132556971533,19.267111688275488,20.199472762770892,0.9323610744954038,0.9323610744954038,4.839132556971518,66.03353815063413,67.46701464597368,1.4334764953395478,1.4334764953395478,2.170830967847786,0.2917776667414642,0.29939775561088006,0.007620088869415842,0.007620088869415842,2.611607994030531,1.5970609494843655,1.600113835558977,0.003052886074611516,0.003052886074611516,0.19115651632438857,1.2990616236533359,1.1567181272059635,-0.14234349644737243,0.14234349644737243,-10.95740909096071,656.9981949696415,672.5044232669213,15.50622829727979,15.50622829727979,2.36016299831635,233.49581958468437,260.96752978004866,27.471710195364295,27.471710195364295,11.765397018339698,2.8137471417614015,2.576965892399443,-0.23678124936195832,0.23678124936195832,-8.415157348280188,pleth_6
s5_sit,findpeaks,find_peaks baseline,mid_upslope,lipponen_tarvainen,0.75,100.0,True,False,638,484,0.7483939869577177,0.04573804573804574,0.00014610673304365457,471,11,13,0.9731404958677686,0.9771784232365145,0.9751552795031057,267.00000000000136,3.581699346405071,4.543663739129953,0.008714596950097636,4.5486129997894,459,770.0974576271186,769.2679738562091,-0.8294837709095191,0.8294837709095191,-0.10771153218261309,48.63974585408385,49.7986785222959,1.1589326682120529,1.1589326682120529,2.382686520790584,27.21948221980624,28.535812173813973,1.3163299540077347,1.3163299540077347,4.835984547310412,5.7324840764331215,7.20524017467249,1.4727560982393681,1.4727560982393681,25.69141193595342,27.24781065731637,28.566368333896527,1.3185576765801557,1.3185576765801557,4.839132556971533,19.267111688275488,20.199472762770892,0.9323610744954038,0.9323610744954038,4.839132556971518,66.03353815063413,67.46701464597368,1.4334764953395478,1.4334764953395478,2.170830967847786,0.2917776667414642,0.29939775561088006,0.007620088869415842,0.007620088869415842,2.611607994030531,1.5970609494843655,1.600113835558977,0.003052886074611516,0.003052886074611516,0.19115651632438857,1.2990616236533359,1.1567181272059635,-0.14234349644737243,0.14234349644737243,-10.95740909096071,656.9981949696415,672.5044232669213,15.50622829727979,15.50622829727979,2.36016299831635,233.49581958468437,260.96752978004866,27.471710195364295,27.471710195364295,11.765397018339698,2.8137471417614015,2.576965892399443,-0.23678124936195832,0.23678124936195832,-8.415157348280188,pleth_6
s5_sit,msptdfast,MSPTDfast v2,mid_upslope,lipponen_tarvainen,0.5,100.0,True,False,637,315,0.485444748296898,0.057692307692307696,0.02279541740123177,304,9,11,0.9650793650793651,0.9712460063897763,0.9681528662420382,266.9999999999917,3.7380952380940426,4.9819401733798925,-0.2142857142855279,4.985816059054331,294,769.8163934426232,768.7108843537414,-1.1055090888817176,1.1055090888817176,-0.14360685201024037,48.03472284496022,49.093642678392406,1.058919833432185,1.058919833432185,2.20448827580419,29.014288675901295,29.46728387742192,0.45299520152062556,0.45299520152062556,1.5612831545888444,8.223684210526317,8.19112627986348,-0.0325579306628363,0.0325579306628363,-0.39590443686008936,29.06158295091832,29.517163066888106,0.4555801159697843,0.4555801159697843,1.5676369616177028,20.549642376609704,20.871786165985693,0.3221437893759891,0.3221437893759891,1.5676369616177068,64.74860149669438,66.21736966316854,1.4687681664741632,1.4687681664741632,2.2684168190862755,0.3173758490777415,0.3152010759738016,-0.002174773103939931,0.002174773103939931,-0.6852358521480373,1.696024570793434,1.6002530028570279,-0.09577156793640618,0.09577156793640618,-5.64682667843676,1.2809811921328829,1.176982691908329,-0.10399850022455381,0.10399850022455381,-8.118659420080347,406.17653538770134,373.77575250280364,-32.400782884897694,32.400782884897694,-7.9770198576268525,185.491224616014,201.33662476342795,15.845400147413955,15.845400147413955,8.542398800922022,2.1897345075408756,1.856471732065604,-0.3332627754752717,0.3332627754752717,-15.219323362151961,pleth_6
s5_sit,msptd,MSPTD,mid_upslope,lipponen_tarvainen,0.5,100.0,True,False,637,315,0.485444748296898,0.057692307692307696,0.8732753928057655,304,9,11,0.9650793650793651,0.9712460063897763,0.9681528662420382,266.9999999999917,3.7380952380940426,4.9819401733798925,-0.2142857142855279,4.985816059054331,294,769.8163934426232,768.7108843537414,-1.1055090888817176,1.1055090888817176,-0.14360685201024037,48.03472284496022,49.093642678392406,1.058919833432185,1.058919833432185,2.20448827580419,29.014288675901295,29.46728387742192,0.45299520152062556,0.45299520152062556,1.5612831545888444,8.223684210526317,8.19112627986348,-0.0325579306628363,0.0325579306628363,-0.39590443686008936,29.06158295091832,29.517163066888106,0.4555801159697843,0.4555801159697843,1.5676369616177028,20.549642376609704,20.871786165985693,0.3221437893759891,0.3221437893759891,1.5676369616177068,64.74860149669438,66.21736966316854,1.4687681664741632,1.4687681664741632,2.2684168190862755,0.3173758490777415,0.3152010759738016,-0.002174773103939931,0.002174773103939931,-0.6852358521480373,1.696024570793434,1.6002530028570279,-0.09577156793640618,0.09577156793640618,-5.64682667843676,1.2809811921328829,1.176982691908329,-0.10399850022455381,0.10399850022455381,-8.118659420080347,406.17653538770134,373.77575250280364,-32.400782884897694,32.400782884897694,-7.9770198576268525,185.491224616014,201.33662476342795,15.845400147413955,15.845400147413955,8.542398800922022,2.1897345075408756,1.856471732065604,-0.3332627754752717,0.3332627754752717,-15.219323362151961,pleth_6
s5_sit,qppg,qppg (slope-sum),mid_upslope,lipponen_tarvainen,0.5,100.0,True,False,638,315,0.485444748296898,0.057692307692307696,0.0032188142199800597,304,9,11,0.9650793650793651,0.9712460063897763,0.9681528662420382,266.9999999999952,3.7414965986393884,4.984329184048374,-0.2108843537411973,4.988356808819889,294,769.8163934426232,768.7142857142857,-1.1021077283375007,1.1021077283375007,-0.14316501151772942,48.03472284496022,49.10106593311339,1.0663430881531681,1.0663430881531681,2.219942210544155,29.014288675901295,29.51074311237133,0.4964544364700352,0.4964544364700352,1.7110687841276653,8.223684210526317,8.19112627986348,-0.0325579306628363,0.0325579306628363,-0.39590443686008936,29.06158295091832,29.560717806159484,0.49913485524116297,0.49913485524116297,1.7175074602238443,20.549642376609704,20.902584017477295,0.3529416408675914,0.3529416408675914,1.7175074602238405,64.74860149669438,66.21866302582829,1.4700615291339147,1.4700615291339147,2.270414333518796,0.3173758490777415,0.31566001278709505,-0.0017158362906464775,0.0017158362906464775,-0.540632280506694,1.696024570793434,1.6002530028570279,-0.09577156793640618,0.09577156793640618,-5.64682667843676,1.2809811921328829,1.1764599602354533,-0.10452123189742957,0.10452123189742957,-8.159466551058232,406.17653538770134,373.7130679741268,-32.46346741357456,32.46346741357456,-7.992452686265522,185.491224616014,201.11738686574532,15.626162249731323,15.626162249731323,8.424205663679828,2.1897345075408756,1.8581837890703932,-0.33155071847048245,0.33155071847048245,-15.14113776481615,pleth_6
s5_sit,terma,TERMA,mid_upslope,lipponen_tarvainen,0.5,100.0,True,False,638,315,0.485444748296898,0.057692307692307696,0.00044535914859816686,304,9,11,0.9650793650793651,0.9712460063897763,0.9681528662420382,266.9999999999917,3.7380952380940426,4.9819401733798925,-0.2142857142855279,4.985816059054331,294,769.8163934426232,768.7108843537414,-1.1055090888817176,1.1055090888817176,-0.14360685201024037,48.03472284496022,49.093642678392406,1.058919833432185,1.058919833432185,2.20448827580419,29.014288675901295,29.46728387742192,0.45299520152062556,0.45299520152062556,1.5612831545888444,8.223684210526317,8.19112627986348,-0.0325579306628363,0.0325579306628363,-0.39590443686008936,29.06158295091832,29.517163066888106,0.4555801159697843,0.4555801159697843,1.5676369616177028,20.549642376609704,20.871786165985693,0.3221437893759891,0.3221437893759891,1.5676369616177068,64.74860149669438,66.21736966316854,1.4687681664741632,1.4687681664741632,2.2684168190862755,0.3173758490777415,0.3152010759738016,-0.002174773103939931,0.002174773103939931,-0.6852358521480373,1.696024570793434,1.6002530028570279,-0.09577156793640618,0.09577156793640618,-5.64682667843676,1.2809811921328829,1.176982691908329,-0.10399850022455381,0.10399850022455381,-8.118659420080347,406.17653538770134,373.77575250280364,-32.400782884897694,32.400782884897694,-7.9770198576268525,185.491224616014,201.33662476342795,15.845400147413955,15.845400147413955,8.542398800922022,2.1897345075408756,1.856471732065604,-0.3332627754752717,0.3332627754752717,-15.219323362151961,pleth_6
s5_sit,heartpy,HeartPy,mid_upslope,lipponen_tarvainen,0.5,100.0,True,False,638,315,0.485444748296898,0.057692307692307696,0.019990056473651315,304,9,11,0.9650793650793651,0.9712460063897763,0.9681528662420382,266.9999999999917,3.7380952380940426,4.9819401733798925,-0.2142857142855279,4.985816059054331,294,769.8163934426232,768.7108843537414,-1.1055090888817176,1.1055090888817176,-0.14360685201024037,48.03472284496022,49.093642678392406,1.058919833432185,1.058919833432185,2.20448827580419,29.014288675901295,29.46728387742192,0.45299520152062556,0.45299520152062556,1.5612831545888444,8.223684210526317,8.19112627986348,-0.0325579306628363,0.0325579306628363,-0.39590443686008936,29.06158295091832,29.517163066888106,0.4555801159697843,0.4555801159697843,1.5676369616177028,20.549642376609704,20.871786165985693,0.3221437893759891,0.3221437893759891,1.5676369616177068,64.74860149669438,66.21736966316854,1.4687681664741632,1.4687681664741632,2.2684168190862755,0.3173758490777415,0.3152010759738016,-0.002174773103939931,0.002174773103939931,-0.6852358521480373,1.696024570793434,1.6002530028570279,-0.09577156793640618,0.09577156793640618,-5.64682667843676,1.2809811921328829,1.176982691908329,-0.10399850022455381,0.10399850022455381,-8.118659420080347,406.17653538770134,373.77575250280364,-32.400782884897694,32.400782884897694,-7.9770198576268525,185.491224616014,201.33662476342795,15.845400147413955,15.845400147413955,8.542398800922022,2.1897345075408756,1.856471732065604,-0.3332627754752717,0.3332627754752717,-15.219323362151961,pleth_6
s5_sit,findpeaks,find_peaks baseline,mid_upslope,lipponen_tarvainen,0.5,100.0,True,False,638,315,0.485444748296898,0.057692307692307696,0.00014043916571955742,304,9,11,0.9650793650793651,0.9712460063897763,0.9681528662420382,266.9999999999917,3.7380952380940426,4.9819401733798925,-0.2142857142855279,4.985816059054331,294,769.8163934426232,768.7108843537414,-1.1055090888817176,1.1055090888817176,-0.14360685201024037,48.03472284496022,49.093642678392406,1.058919833432185,1.058919833432185,2.20448827580419,29.014288675901295,29.46728387742192,0.45299520152062556,0.45299520152062556,1.5612831545888444,8.223684210526317,8.19112627986348,-0.0325579306628363,0.0325579306628363,-0.39590443686008936,29.06158295091832,29.517163066888106,0.4555801159697843,0.4555801159697843,1.5676369616177028,20.549642376609704,20.871786165985693,0.3221437893759891,0.3221437893759891,1.5676369616177068,64.74860149669438,66.21736966316854,1.4687681664741632,1.4687681664741632,2.2684168190862755,0.3173758490777415,0.3152010759738016,-0.002174773103939931,0.002174773103939931,-0.6852358521480373,1.696024570793434,1.6002530028570279,-0.09577156793640618,0.09577156793640618,-5.64682667843676,1.2809811921328829,1.176982691908329,-0.10399850022455381,0.10399850022455381,-8.118659420080347,406.17653538770134,373.77575250280364,-32.400782884897694,32.400782884897694,-7.9770198576268525,185.491224616014,201.33662476342795,15.845400147413955,15.845400147413955,8.542398800922022,2.1897345075408756,1.856471732065604,-0.3332627754752717,0.3332627754752717,-15.219323362151961,pleth_6
s6_sit,msptdfast,MSPTDfast v2,mid_upslope,lipponen_tarvainen,1.0,100.0,True,False,642,643,0.9819560564644773,0.0,0.02194782406567088,642,0,1,0.9984447900466563,1.0,0.9992217898832686,255.50000000000327,5.664586583464432,7.800256006039141,0.001560062402518447,7.806347421323355,641,775.2523364485982,775.3244929797191,0.07215653112098153,0.07215653112098153,0.009307489668657807,51.22403640488481,54.39715792007484,3.173121515190033,3.173121515190033,6.194594838464231,35.84713601790884,38.73788116946965,2.8907451515608145,2.8907451515608145,8.064089555485353,15.912636505460217,17.34375,1.4311134945397832,1.4311134945397832,8.9935661764706,35.874867571113896,38.76803908327369,2.893171512159796,2.893171512159796,8.064619350649117,25.367362133704006,27.413143329087934,2.0457811953839276,2.0457811953839276,8.064619350649107,67.85499797063919,71.87921224096716,4.024214270327974,4.024214270327974,5.930608489693344,0.3738466272547889,0.38137790432633545,0.007531277071546549,0.007531277071546549,2.0145365833175575,1.3101181359021097,1.4075438177014954,0.09742568179938571,0.09742568179938571,7.436404330995783,1.1426386974928542,1.1139067479336155,-0.028731949559238634,0.028731949559238634,-2.514526212203514,1408.848534609433,1542.0867957426324,133.23826113319933,133.23826113319933,9.45724525100466,565.6118790702247,737.6298109944465,172.01793192422178,172.01793192422178,30.412715554523302,2.4908397202077053,2.090597170501617,-0.4002425497060882,0.4002425497060882,-16.068579060266188,pleth_6
s6_sit,msptd,MSPTD,mid_upslope,lipponen_tarvainen,1.0,100.0,True,False,642,643,0.9819560564644773,0.0,0.9087016496864989,642,0,1,0.9984447900466563,1.0,0.9992217898832686,255.50000000000327,5.664586583464432,7.800256006039141,0.001560062402518447,7.806347421323355,641,775.2523364485982,775.3244929797191,0.07215653112098153,0.07215653112098153,0.009307489668657807,51.22403640488481,54.39715792007484,3.173121515190033,3.173121515190033,6.194594838464231,35.84713601790884,38.73788116946965,2.8907451515608145,2.8907451515608145,8.064089555485353,15.912636505460217,17.34375,1.4311134945397832,1.4311134945397832,8.9935661764706,35.874867571113896,38.76803908327369,2.893171512159796,2.893171512159796,8.064619350649117,25.367362133704006,27.413143329087934,2.0457811953839276,2.0457811953839276,8.064619350649107,67.85499797063919,71.87921224096716,4.024214270327974,4.024214270327974,5.930608489693344,0.3738466272547889,0.38137790432633545,0.007531277071546549,0.007531277071546549,2.0145365833175575,1.3101181359021097,1.4075438177014954,0.09742568179938571,0.09742568179938571,7.436404330995783,1.1426386974928542,1.1139067479336155,-0.028731949559238634,0.028731949559238634,-2.514526212203514,1408.848534609433,1542.0867957426324,133.23826113319933,133.23826113319933,9.45724525100466,565.6118790702247,737.6298109944465,172.01793192422178,172.01793192422178,30.412715554523302,2.4908397202077053,2.090597170501617,-0.4002425497060882,0.4002425497060882,-16.068579060266188,pleth_6
s6_sit,qppg,qppg (slope-sum),mid_upslope,lipponen_tarvainen,1.0,100.0,True,False,644,643,0.9819560564644773,0.0,0.003279460685181341,643,1,0,1.0,0.9984472049689441,0.9992229992229993,255.99999999996302,5.735202492212934,7.88013789274796,-0.00623052959498618,7.886279785668853,642,775.2523364485982,775.4074650077761,0.15512855917791057,0.15512855917791057,0.020010073092916907,51.22403640488481,54.520013247415235,3.295976842530429,3.295976842530429,6.434434054509845,35.84713601790884,38.77181829732619,2.924682279417354,2.924682279417354,8.158761352528176,15.912636505460217,17.601246105919003,1.6886096004587863,1.6886096004587863,10.611752489157668,35.874867571113896,38.80129744122653,2.926429870112635,2.926429870112635,8.157325917124691,25.367362133704006,27.436660539527516,2.0692984058235098,2.0692984058235098,8.157325917124682,67.85499797063919,72.0561818821633,4.201183911524112,4.201183911524112,6.191414099432972,0.3738466272547889,0.3807676152532744,0.006920987998485506,0.006920987998485506,1.851290741689271,1.3101181359021097,1.420605530627867,0.11048739472575742,0.11048739472575742,8.433391745216852,1.1426386974928542,1.160272932875924,0.01763423538306985,0.01763423538306985,1.543290580107465,1408.848534609433,1541.676668655471,132.82813404603803,132.82813404603803,9.428134450440494,565.6118790702247,741.5377178148891,175.92583874466436,175.92583874466436,31.103632235210164,2.4908397202077053,2.0790266383190525,-0.41181308188865273,0.41181308188865273,-16.533102413121654,pleth_6
s6_sit,terma,TERMA,mid_upslope,lipponen_tarvainen,1.0,100.0,True,False,644,643,0.9819560564644773,0.0,0.00038950389185980603,643,1,0,1.0,0.9984472049689441,0.9992229992229993,255.0000000000435,5.663551401870244,7.7966763427609775,-0.00623052959498618,7.802753132052311,642,775.2523364485982,775.4074650077761,0.15512855917791057,0.15512855917791057,0.020010073092916907,51.22403640488481,54.50241133549125,3.2783749306064465,3.2783749306064465,6.400071452186098,35.84713601790884,38.75990477372826,2.912768755819421,2.912768755819421,8.125527111466406,15.912636505460217,17.445482866043612,1.5328463605833953,1.5328463605833953,9.632887422881925,35.874867571113896,38.78938407591792,2.914516504804027,2.914516504804027,8.12411780761741,25.367362133704006,27.428236518131047,2.0608743844270414,2.0608743844270414,8.124117807617404,67.85499797063919,72.03275313544272,4.1777551648035285,4.1777551648035285,6.156886433938499,0.3738466272547889,0.3807745133183777,0.006927886063588795,0.006927886063588795,1.853135900800092,1.3101181359021097,1.4100936757360045,0.09997553983389484,0.09997553983389484,7.631032430907809,1.1426386974928542,1.1605487907281526,0.017910093235298463,0.017910093235298463,1.56743275670571,1408.848534609433,1542.5479260598938,133.69939145046078,133.69939145046078,9.489976258343875,565.6118790702247,737.7663881922061,172.1545091219814,172.1545091219814,30.436862359569925,2.4908397202077053,2.0908351894963566,-0.40000453071134867,0.40000453071134867,-16.059023287054107,pleth_6
s6_sit,heartpy,HeartPy,mid_upslope,lipponen_tarvainen,1.0,100.0,True,False,644,643,0.9819560564644773,0.0,0.026205072504376536,643,1,0,1.0,0.9984472049689441,0.9992229992229993,255.0000000000435,5.663551401870244,7.7966763427609775,-0.00623052959498618,7.802753132052311,642,775.2523364485982,775.4074650077761,0.15512855917791057,0.15512855917791057,0.020010073092916907,51.22403640488481,54.50241133549125,3.2783749306064465,3.2783749306064465,6.400071452186098,35.84713601790884,38.75990477372826,2.912768755819421,2.912768755819421,8.125527111466406,15.912636505460217,17.445482866043612,1.5328463605833953,1.5328463605833953,9.632887422881925,35.874867571113896,38.78938407591792,2.914516504804027,2.914516504804027,8.12411780761741,25.367362133704006,27.428236518131047,2.0608743844270414,2.0608743844270414,8.124117807617404,67.85499797063919,72.03275313544272,4.1777551648035285,4.1777551648035285,6.156886433938499,0.3738466272547889,0.3807745133183777,0.006927886063588795,0.006927886063588795,1.853135900800092,1.3101181359021097,1.4100936757360045,0.09997553983389484,0.09997553983389484,7.631032430907809,1.1426386974928542,1.1605487907281526,0.017910093235298463,0.017910093235298463,1.56743275670571,1408.848534609433,1542.5479260598938,133.69939145046078,133.69939145046078,9.489976258343875,565.6118790702247,737.7663881922061,172.1545091219814,172.1545091219814,30.436862359569925,2.4908397202077053,2.0908351894963566,-0.40000453071134867,0.40000453071134867,-16.059023287054107,pleth_6
s6_sit,findpeaks,find_peaks baseline,mid_upslope,lipponen_tarvainen,1.0,100.0,True,False,645,643,0.9819560564644773,0.0015527950310559005,0.0001522953719726703,643,1,0,1.0,0.9984472049689441,0.9992229992229993,255.99999999996302,5.7476635514030905,7.985578902308198,-0.00623052959498618,7.991803043001989,642,775.2523364485982,775.4074650077761,0.15512855917791057,0.15512855917791057,0.020010073092916907,51.22403640488481,54.47837097131652,3.254334566431716,3.254334566431716,6.353139648560333,35.84713601790884,38.76689662770611,2.9197606097972724,2.9197606097972724,8.145031749087547,15.912636505460217,17.289719626168225,1.3770831207080079,1.3770831207080079,8.654022356606207,35.874867571113896,38.796381515614904,2.921513944501008,2.921513944501008,8.143622938007397,25.367362133704006,27.433184455191725,2.065822321487719,2.065822321487719,8.143622938007384,67.85499797063919,71.99448727523651,4.139489304597319,4.139489304597319,6.100492857414089,0.3738466272547889,0.38104562576179,0.00719899850700112,0.00719899850700112,1.9256555983571206,1.3101181359021097,1.4072076708468697,0.09708953494476003,0.09708953494476003,7.410746579575204,1.1426386974928542,1.159194703706706,0.016556006213851893,0.016556006213851893,1.4489274912689916,1408.848534609433,1542.0763719508095,133.22783734137647,133.22783734137647,9.45650537077149,565.6118790702247,737.1219121902818,171.51003312005707,171.51003312005707,30.322919207777616,2.4908397202077053,2.092023512594665,-0.39881620761304015,0.39881620761304015,-16.01131555665829,pleth_6
s6_sit,msptdfast,MSPTDfast v2,mid_upslope,lipponen_tarvainen,0.9,100.0,True,False,642,570,0.8817564588660611,0.01056338028169014,0.021889339564517326,566,3,4,0.9929824561403509,0.9947275922671354,0.9938542581211589,255.99999999996302,5.466192170819796,7.217515271227604,0.007117437722331731,7.2239416177042814,562,772.5159010600706,772.3451957295374,-0.1707053305332238,0.1707053305332238,-0.02209732256630272,49.13973856260168,52.26678157662572,3.1270430140240393,3.1270430140240393,6.363572752916331,34.7480438107327,37.2900420632187,2.541998252485996,2.541998252485996,7.315514698703251,15.04424778761062,16.755793226381464,1.7115454387708429,1.7115454387708429,11.376743210653249,34.778289267600236,37.32275794684551,2.544468679245277,2.544468679245277,7.316256011521897,24.591964179187457,26.39117523679857,1.7992110576111138,1.7992110576111138,7.316256011521897,64.99740848534844,69.04446960023657,4.047061114888123,4.047061114888123,6.226496116072692,0.3783529951771987,0.3822344554111564,0.00388146023395769,0.00388146023395769,1.0258833109381988,1.484745939757967,1.3955110162248145,-0.08923492353315243,0.08923492353315243,-6.010113996183003,1.1798539501823693,1.0708833483829592,-0.1089706017994101,0.1089706017994101,-9.235939904474327,1063.051215596908,1124.0839766050703,61.032761008162424,61.032761008162424,5.7412813336460236,408.79034939271554,547.5516849908445,138.76133559812894,138.76133559812894,33.944376574512546,2.6004802147999313,2.0529276183742655,-0.5475525964256658,0.5475525964256658,-21.055826278139627,pleth_6
s6_sit,msptd,MSPTD,mid_upslope,lipponen_tarvainen,0.9,100.0,True,False,642,570,0.8817564588660611,0.01056338028169014,0.9019533630995973,566,3,4,0.9929824561403509,0.9947275922671354,0.9938542581211589,255.99999999996302,5.466192170819796,7.217515271227604,0.007117437722331731,7.2239416177042814,562,772.5159010600706,772.3451957295374,-0.1707053305332238,0.1707053305332238,-0.02209732256630272,49.13973856260168,52.26678157662572,3.1270430140240393,3.1270430140240393,6.363572752916331,34.7480438107327,37.2900420632187,2.541998252485996,2.541998252485996,7.315514698703251,15.04424778761062,16.755793226381464,1.7115454387708429,1.7115454387708429,11.376743210653249,34.778289267600236,37.32275794684551,2.544468679245277,2.544468679245277,7.316256011521897,24.591964179187457,26.39117523679857,1.7992110576111138,1.7992110576111138,7.316256011521897,64.99740848534844,69.04446960023657,4.047061114888123,4.047061114888123,6.226496116072692,0.3783529951771987,0.3822344554111564,0.00388146023395769,0.00388146023395769,1.0258833109381988,1.484745939757967,1.3955110162248145,-0.08923492353315243,0.08923492353315243,-6.010113996183003,1.1798539501823693,1.0708833483829592,-0.1089706017994101,0.1089706017994101,-9.235939904474327,1063.051215596908,1124.0839766050703,61.032761008162424,61.032761008162424,5.7412813336460236,408.79034939271554,547.5516849908445,138.76133559812894,138.76133559812894,33.944376574512546,2.6004802147999313,2.0529276183742655,-0.5475525964256658,0.5475525964256658,-21.055826278139627,pleth_6
s6_sit,qppg,qppg (slope-sum),mid_upslope,lipponen_tarvainen,0.9,100.0,True,False,644,570,0.8817564588660611,0.01054481546572935,0.0032606432009433996,566,4,4,0.9929824561403509,0.9929824561403509,0.9929824561403509,255.99999999996302,5.5569395017806285,7.332349227617374,0.008896797152945208,7.338875986250887,562,772.5159010600706,772.5364120781528,0.020511018082174814,0.020511018082174814,0.002655093319636392,49.13973856260168,52.43959418559041,3.29985562298873,3.29985562298873,6.71524863483934,34.7480438107327,37.364916842889585,2.6168730321568816,2.6168730321568816,7.530993820574736,15.04424778761062,16.90391459074733,1.8596668031367098,1.8596668031367098,12.3613146326146,34.778289267600236,37.39696408676791,2.6186748191676728,2.6186748191676728,7.52962516073858,24.591964179187457,26.443646901543374,1.8516827223559176,1.8516827223559176,7.52962516073858,64.99740848534844,69.28604199436789,4.288633509019448,4.288633509019448,6.59816077126549,0.3783529951771987,0.38165907793799103,0.003306082760792306,0.003306082760792306,0.873809062683362,1.484745939757967,1.4090674721911394,-0.07567846756682761,0.07567846756682761,-5.097065130157163,1.1798539501823693,1.147563760344878,-0.03229018983749121,0.03229018983749121,-2.736795501892428,1063.051215596908,1129.8608986686768,66.80968307176886,66.80968307176886,6.284709719677516,408.79034939271554,551.0673321904695,142.276982797754,142.276982797754,34.80438885338552,2.6004802147999313,2.0503136961095607,-0.5501665186903706,0.5501665186903706,-21.15634318458746,pleth_6
s6_sit,terma,TERMA,mid_upslope,lipponen_tarvainen,0.9,100.0,True,False,644,570,0.8817564588660611,0.01054481546572935,0.0004382730395407695,566,4,4,0.9929824561403509,0.9929824561403509,0.9929824561403509,255.99999999996302,5.466192170819796,7.217515271227604,0.007117437722331731,7.2239416177042814,562,772.5159010600706,772.5346358792185,0.018734819147880444,0.018734819147880444,0.002425169387733241,49.13973856260168,52.41335970045774,3.273621137856061,3.273621137856061,6.661861120171863,34.7480438107327,37.331662498621775,2.5836186878890715,2.5836186878890715,7.435292478510872,15.04424778761062,16.90391459074733,1.8596668031367098,1.8596668031367098,12.3613146326146,34.778289267600236,37.36367901264336,2.5853897450431234,2.5853897450431234,7.43391868746027,24.591964179187457,26.42011079991761,1.828146620730152,1.828146620730152,7.43391868746027,64.99740848534844,69.25531239911643,4.25790391376799,4.25790391376799,6.550882585923093,0.3783529951771987,0.3814885802212435,0.003135585044044764,0.003135585044044764,0.8287459288055158,1.484745939757967,1.3961027322184107,-0.08864320753955623,0.08864320753955623,-5.970260983101678,1.1798539501823693,1.1484398314146174,-0.03141411876775191,0.03141411876775191,-2.6625430005888653,1063.051215596908,1130.6997461726883,67.64853057578034,67.64853057578034,6.3636191354896665,408.79034939271554,547.1636934923803,138.37334409966473,138.37334409966473,33.84946447616175,2.6004802147999313,2.066474365204632,-0.5340058495952995,0.5340058495952995,-20.534893769087315,pleth_6
s6_sit,heartpy,HeartPy,mid_upslope,lipponen_tarvainen,0.9,100.0,True,False,644,570,0.8817564588660611,0.01054481546572935,0.020332622584127623,566,4,4,0.9929824561403509,0.9929824561403509,0.9929824561403509,255.99999999996302,5.466192170819796,7.217515271227604,0.007117437722331731,7.2239416177042814,562,772.5159010600706,772.5346358792185,0.018734819147880444,0.018734819147880444,0.002425169387733241,49.13973856260168,52.41335970045774,3.273621137856061,3.273621137856061,6.661861120171863,34.7480438107327,37.331662498621775,2.5836186878890715,2.5836186878890715,7.435292478510872,15.04424778761062,16.90391459074733,1.8596668031367098,1.8596668031367098,12.3613146326146,34.778289267600236,37.36367901264336,2.5853897450431234,2.5853897450431234,7.43391868746027,24.591964179187457,26.42011079991761,1.828146620730152,1.828146620730152,7.43391868746027,64.99740848534844,69.25531239911643,4.25790391376799,4.25790391376799,6.550882585923093,0.3783529951771987,0.3814885802212435,0.003135585044044764,0.003135585044044764,0.8287459288055158,1.484745939757967,1.3961027322184107,-0.08864320753955623,0.08864320753955623,-5.970260983101678,1.1798539501823693,1.1484398314146174,-0.03141411876775191,0.03141411876775191,-2.6625430005888653,1063.051215596908,1130.6997461726883,67.64853057578034,67.64853057578034,6.3636191354896665,408.79034939271554,547.1636934923803,138.37334409966473,138.37334409966473,33.84946447616175,2.6004802147999313,2.066474365204632,-0.5340058495952995,0.5340058495952995,-20.534893769087315,pleth_6
s6_sit,findpeaks,find_peaks baseline,mid_upslope,lipponen_tarvainen,0.9,100.0,True,False,645,570,0.8817564588660611,0.012280701754385965,0.0003727304792300059,566,4,4,0.9929824561403509,0.9929824561403509,0.9929824561403509,255.99999999996302,5.56227758007262,7.449712789134132,0.007117437722331731,7.456346102608794,562,772.5159010600706,772.5346358792185,0.018734819147880444,0.018734819147880444,0.002425169387733241,49.13973856260168,52.38480115956623,3.2450625969645515,3.2450625969645515,6.603744122143622,34.7480438107327,37.33995503469249,2.5919112239597837,2.5919112239597837,7.459157235087906,15.04424778761062,16.72597864768683,1.6817308600762093,1.6817308600762093,11.178563952271272,34.778289267600236,37.37197921191041,2.593689944310171,2.593689944310171,7.457784724122344,24.591964179187457,26.425979927104535,1.8340157479170784,1.8340157479170784,7.457784724122334,64.99740848534844,69.20984301345331,4.212434528104865,4.212434528104865,6.4809268958075785,0.3783529951771987,0.38182401196846727,0.003471016791268544,0.003471016791268544,0.9174016951135592,1.484745939757967,1.3925323139183614,-0.09221362583960557,0.09221362583960557,-6.2107343330831135,1.1798539501823693,1.1475805557229073,-0.03227339445946198,0.03227339445946198,-2.7353719885815955,1063.051215596908,1130.6997461726883,67.64853057578034,67.64853057578034,6.3636191354896665,408.79034939271554,547.1636934923803,138.37334409966473,138.37334409966473,33.84946447616175,2.6004802147999313,2.066474365204632,-0.5340058495952995,0.5340058495952995,-20.534893769087315,pleth_6
s6_sit,msptdfast,MSPTDfast v2,mid_upslope,lipponen_tarvainen,0.75,100.0,True,False,642,481,0.7414770222282787,0.03773584905660377,0.024774763328521087,469,9,12,0.975051975051975,0.9811715481171548,0.9781021897810218,255.0000000000435,5.511982570807309,7.314294954087817,-0.04793028322432607,7.322118422698146,459,771.3970276008492,770.7755991285403,-0.6214284723089349,0.6214284723089349,-0.08055883676939525,47.45696271670793,49.783897335032755,2.3269346183248274,2.3269346183248274,4.903252305073446,34.85837608063147,37.618546248280275,2.760170167648802,2.760170167648802,7.918240830451216,14.255319148936172,16.157205240174672,1.9018860912385005,1.9018860912385005,13.341588998240226,34.89473220179949,37.658843000495025,2.7641107986955333,2.7641107986955333,7.921283885230649,24.67430176758101,26.628823257289586,1.9545214897085756,1.9545214897085756,7.921283885230649,62.41398443355752,65.17498476917503,2.761000335617503,2.761000335617503,4.423688634326352,0.39533290482116085,0.4085742919863923,0.013241387165231433,0.013241387165231433,3.349427028145183,1.5214181658924548,1.5658342749519685,0.04441610905951365,0.04441610905951365,2.9193886372100355,1.110637256516298,1.1026818492842019,-0.007955407232096201,0.007955407232096201,-0.7162921273728637,812.7767310610255,803.7374416667393,-9.039289394286243,9.039289394286243,-1.1121491362684628,288.9899052585129,376.07446874856095,87.08456349004803,87.08456349004803,30.13411953339596,2.81247447150088,2.137176300059095,-0.675298171441785,0.675298171441785,-24.010819592663232,pleth_6
s6_sit,msptd,MSPTD,mid_upslope,lipponen_tarvainen,0.75,100.0,True,False,642,481,0.7414770222282787,0.03773584905660377,0.9107989034158014,469,9,12,0.975051975051975,0.9811715481171548,0.9781021897810218,255.0000000000435,5.511982570807309,7.314294954087817,-0.04793028322432607,7.322118422698146,459,771.3970276008492,770.7755991285403,-0.6214284723089349,0.6214284723089349,-0.08055883676939525,47.45696271670793,49.783897335032755,2.3269346183248274,2.3269346183248274,4.903252305073446,34.85837608063147,37.618546248280275,2.760170167648802,2.760170167648802,7.918240830451216,14.255319148936172,16.157205240174672,1.9018860912385005,1.9018860912385005,13.341588998240226,34.89473220179949,37.658843000495025,2.7641107986955333,2.7641107986955333,7.921283885230649,24.67430176758101,26.628823257289586,1.9545214897085756,1.9545214897085756,7.921283885230649,62.41398443355752,65.17498476917503,2.761000335617503,2.761000335617503,4.423688634326352,0.39533290482116085,0.4085742919863923,0.013241387165231433,0.013241387165231433,3.349427028145183,1.5214181658924548,1.5658342749519685,0.04441610905951365,0.04441610905951365,2.9193886372100355,1.110637256516298,1.1026818492842019,-0.007955407232096201,0.007955407232096201,-0.7162921273728637,812.7767310610255,803.7374416667393,-9.039289394286243,9.039289394286243,-1.1121491362684628,288.9899052585129,376.07446874856095,87.08456349004803,87.08456349004803,30.13411953339596,2.81247447150088,2.137176300059095,-0.675298171441785,0.675298171441785,-24.010819592663232,pleth_6
s6_sit,qppg,qppg (slope-sum),mid_upslope,lipponen_tarvainen,0.75,100.0,True,False,644,481,0.7414770222282787,0.03765690376569038,0.003272871560212159,469,10,12,0.975051975051975,0.9791231732776617,0.9770833333333333,255.99999999996302,5.603485838781214,7.433071011521508,-0.05664488017421243,7.440965219048793,459,771.3970276008492,771.0021739130435,-0.39485368780572117,0.39485368780572117,-0.051186830345168736,47.45696271670793,50.03081834164551,2.573855624937579,2.573855624937579,5.423557424654602,34.85837608063147,37.77138546456444,2.913009383932966,2.913009383932966,8.356698479570126,14.255319148936172,16.33986928104575,2.0845501321095785,2.0845501321095785,14.622963613305997,34.89473220179949,37.81075879437058,2.916026592571086,2.916026592571086,8.356638405210942,24.67430176758101,26.736243945308324,2.061942177727314,2.061942177727314,8.35663840521093,62.41398443355752,65.50831113352281,3.0943266999652863,3.0943266999652863,4.957745812974551,0.39533290482116085,0.4081351432005776,0.012802238379416742,0.012802238379416742,3.238343741006878,1.5214181658924548,1.4818766867960815,-0.03954147909637329,0.03954147909637329,-2.5989882323495523,1.110637256516298,1.0793654790241551,-0.03127177749214294,0.03127177749214294,-2.8156607667054288,812.7767310610255,812.6179049080588,-0.1588261529667534,0.1588261529667534,-0.019541178640709422,288.9899052585129,378.3852404315863,89.39533517307336,89.39533517307336,30.933722440271985,2.81247447150088,2.1475940868655092,-0.6648803846353708,0.6648803846353708,-23.640406032932155,pleth_6
s6_sit,terma,TERMA,mid_upslope,lipponen_tarvainen,0.75,100.0,True,False,644,481,0.7414770222282787,0.03765690376569038,0.0011369488025864763,469,10,12,0.975051975051975,0.9791231732776617,0.9770833333333333,255.0000000000435,5.511982570807309,7.314294954087817,-0.04793028322432607,7.322118422698146,459,771.3970276008492,771.0108695652174,-0.38615803563186546,0.38615803563186546,-0.050059570080645766,47.45696271670793,49.98498566840308,2.5280229516951493,2.5280229516951493,5.326980082535121,34.85837608063147,37.66834399643144,2.809967915799966,2.809967915799966,8.061098168486634,14.255319148936172,16.33986928104575,2.0845501321095785,2.0845501321095785,14.622963613305997,34.89473220179949,37.70759986518708,2.8128676633875855,2.8128676633875855,8.061009458735803,24.67430176758101,26.66329956694273,1.9889977993617194,1.9889977993617194,8.061009458735798,62.41398443355752,65.46805358909332,3.0540691555357924,3.0540691555357924,4.893244972666318,0.39533290482116085,0.4072719151587045,0.011939010337543632,0.011939010337543632,3.0199890249319252,1.5214181658924548,1.5669478608131482,0.045529694920693364,0.045529694920693364,2.9925825746918115,1.110637256516298,1.0805878068498174,-0.03004944966648071,0.03004944966648071,-2.7056043267210304,812.7767310610255,808.6042525606654,-4.172478500360171,4.172478500360171,-0.5133609687513174,288.9899052585129,376.7394158280682,87.7495105695553,87.7495105695553,30.36421306517952,2.81247447150088,2.1463224143493562,-0.6661520571515238,0.6661520571515238,-23.685621466140137,pleth_6
s6_sit,heartpy,HeartPy,mid_upslope,lipponen_tarvainen,0.75,100.0,True,False,644,481,0.7414770222282787,0.03765690376569038,0.022553314201148554,469,10,12,0.975051975051975,0.9791231732776617,0.9770833333333333,255.0000000000435,5.511982570807309,7.314294954087817,-0.04793028322432607,7.322118422698146,459,771.3970276008492,771.0108695652174,-0.38615803563186546,0.38615803563186546,-0.050059570080645766,47.45696271670793,49.98498566840308,2.5280229516951493,2.5280229516951493,5.326980082535121,34.85837608063147,37.66834399643144,2.809967915799966,2.809967915799966,8.061098168486634,14.255319148936172,16.33986928104575,2.0845501321095785,2.0845501321095785,14.622963613305997,34.89473220179949,37.70759986518708,2.8128676633875855,2.8128676633875855,8.061009458735803,24.67430176758101,26.66329956694273,1.9889977993617194,1.9889977993617194,8.061009458735798,62.41398443355752,65.46805358909332,3.0540691555357924,3.0540691555357924,4.893244972666318,0.39533290482116085,0.4072719151587045,0.011939010337543632,0.011939010337543632,3.0199890249319252,1.5214181658924548,1.5669478608131482,0.045529694920693364,0.045529694920693364,2.9925825746918115,1.110637256516298,1.0805878068498174,-0.03004944966648071,0.03004944966648071,-2.7056043267210304,812.7767310610255,808.6042525606654,-4.172478500360171,4.172478500360171,-0.5133609687513174,288.9899052585129,376.7394158280682,87.7495105695553,87.7495105695553,30.36421306517952,2.81247447150088,2.1463224143493562,-0.6661520571515238,0.6661520571515238,-23.685621466140137,pleth_6
s6_sit,findpeaks,find_peaks baseline,mid_upslope,lipponen_tarvainen,0.75,100.0,True,False,645,481,0.7414770222282787,0.03966597077244259,0.00019072392205510304,469,10,12,0.975051975051975,0.9791231732776617,0.9770833333333333,255.0000000000435,5.629629629631029,7.594000613374085,-0.04793028322432607,7.602135061766153,459,771.3970276008492,771.0108695652174,-0.38615803563186546,0.38615803563186546,-0.050059570080645766,47.45696271670793,49.948316330513414,2.4913536138054866,2.4913536138054866,5.249711467372033,34.85837608063147,37.67840640696122,2.82003032632975,2.82003032632975,8.089964718398505,14.255319148936172,16.122004357298476,1.8666852083623038,1.8666852083623038,13.094657431795264,34.89473220179949,37.71767374746978,2.8229415456702895,2.8229415456702895,8.089878808483055,24.67430176758101,26.670422877417703,1.996121109836693,1.996121109836693,8.089878808483043,62.41398443355752,65.40915189823042,2.995167464672896,2.995167464672896,4.7988723871032235,0.39533290482116085,0.40774757206627604,0.012414667245115196,0.012414667245115196,3.140307091495785,1.5214181658924548,1.5486174489876372,0.02719928309518238,0.02719928309518238,1.7877585337774275,1.110637256516298,1.0806324947261046,-0.030004761790193513,0.030004761790193513,-2.701580701903386,812.7767310610255,808.6042525606655,-4.172478500360057,4.172478500360057,-0.5133609687513034,288.9899052585129,376.7394158280682,87.7495105695553,87.7495105695553,30.36421306517952,2.81247447150088,2.1463224143493562,-0.6661520571515238,0.6661520571515238,-23.685621466140137,pleth_6
s6_sit,msptdfast,MSPTDfast v2,mid_upslope,lipponen_tarvainen,0.5,100.0,True,False,642,313,0.48095806847239697,0.04487179487179487,0.024935379275445542,306,7,7,0.9776357827476039,0.9776357827476039,0.9776357827476039,254.99999999998667,5.570469798659232,7.483763185016025,-0.18791946308714494,7.493987828203007,298,768.2819672131147,768.2348993288593,-0.047067884255397985,0.047067884255397985,-0.006126381493259982,47.17338367868354,50.85456774729497,3.6811840686114294,3.6811840686114294,7.803519233823508,32.90916525672869,37.24249410288443,4.333328846155737,4.333328846155737,13.16754409402631,13.486842105263158,16.4983164983165,3.0114743930533407,3.0114743930533407,22.328980865566233,32.96342541849104,37.30532872375695,4.341903305265909,4.341903305265909,13.171881411421188,23.308661644552025,26.378850914961834,3.0701892704098093,3.0701892704098093,13.171881411421193,62.50889974821475,66.90687816610969,4.39797841789494,4.39797841789494,7.035763604238684,0.37288548892140305,0.3942621691221501,0.021376680200747067,0.021376680200747067,5.73277342129365,1.497853897198191,1.4469189829363254,-0.05093491426186558,0.05093491426186558,-3.4005262033327703,1.151247492897535,1.1347478819206316,-0.016499610976903334,0.016499610976903334,-1.4331940854330145,554.6734426867573,603.3463865516718,48.67294386491449,48.67294386491449,8.775062968428747,151.85518795056285,203.91412051152946,52.05893256096661,52.05893256096661,34.28195853138362,3.6526473028194055,2.9588259265133043,-0.6938213763061012,0.6938213763061012,-18.995027956040385,pleth_6
s6_sit,msptd,MSPTD,mid_upslope,lipponen_tarvainen,0.5,100.0,True,False,642,313,0.48095806847239697,0.04487179487179487,0.9018257528994849,306,7,7,0.9776357827476039,0.9776357827476039,0.9776357827476039,254.99999999998667,5.570469798659232,7.483763185016025,-0.18791946308714494,7.493987828203007,298,768.2819672131147,768.2348993288593,-0.047067884255397985,0.047067884255397985,-0.006126381493259982,47.17338367868354,50.85456774729497,3.6811840686114294,3.6811840686114294,7.803519233823508,32.90916525672869,37.24249410288443,4.333328846155737,4.333328846155737,13.16754409402631,13.486842105263158,16.4983164983165,3.0114743930533407,3.0114743930533407,22.328980865566233,32.96342541849104,37.30532872375695,4.341903305265909,4.341903305265909,13.171881411421188,23.308661644552025,26.378850914961834,3.0701892704098093,3.0701892704098093,13.171881411421193,62.50889974821475,66.90687816610969,4.39797841789494,4.39797841789494,7.035763604238684,0.37288548892140305,0.3942621691221501,0.021376680200747067,0.021376680200747067,5.73277342129365,1.497853897198191,1.4469189829363254,-0.05093491426186558,0.05093491426186558,-3.4005262033327703,1.151247492897535,1.1347478819206316,-0.016499610976903334,0.016499610976903334,-1.4331940854330145,554.6734426867573,603.3463865516718,48.67294386491449,48.67294386491449,8.775062968428747,151.85518795056285,203.91412051152946,52.05893256096661,52.05893256096661,34.28195853138362,3.6526473028194055,2.9588259265133043,-0.6938213763061012,0.6938213763061012,-18.995027956040385,pleth_6
s6_sit,qppg,qppg (slope-sum),mid_upslope,lipponen_tarvainen,0.5,100.0,True,False,644,313,0.48095806847239697,0.04487179487179487,0.0033760611139169315,306,7,7,0.9776357827476039,0.9776357827476039,0.9776357827476039,255.0000000000222,5.630872483221896,7.560494284469846,-0.21476510067116575,7.570155613013541,298,768.2819672131147,768.2080536912754,-0.07391352183935851,0.07391352183935851,-0.0096206243272212,47.17338367868354,50.89770227167187,3.7243185929883253,3.7243185929883253,7.8949575005179256,32.90916525672869,37.328417786060214,4.419252529331523,4.419252529331523,13.428637569067332,13.486842105263158,16.161616161616163,2.674774056353005,2.674774056353005,19.83247105198326,32.96342541849104,37.39139367376138,4.427968255270336,4.427968255270336,13.432973664158215,23.308661644552025,26.439708024732447,3.131046380180422,3.131046380180422,13.43297366415822,62.50889974821475,66.94844309346112,4.439543345246371,4.439543345246371,7.102258019464122,0.37288548892140305,0.3949264060976322,0.022040917176229136,0.022040917176229136,5.910907726654638,1.497853897198191,1.4768539381656176,-0.020999959032573345,0.020999959032573345,-1.4020031641173278,1.151247492897535,1.1349328404527503,-0.016314652444784583,0.016314652444784583,-1.4171281627482897,554.6734426867573,600.524812835017,45.85137014825966,45.85137014825966,8.26637199829909,151.85518795056285,205.1161552520884,53.26096730152554,53.26096730152554,35.073524994658,3.6526473028194055,2.9277304466679874,-0.7249168561514181,0.7249168561514181,-19.846341462858163,pleth_6
s6_sit,terma,TERMA,mid_upslope,lipponen_tarvainen,0.5,100.0,True,False,644,313,0.48095806847239697,0.04487179487179487,0.00045810053641437133,306,7,7,0.9776357827476039,0.9776357827476039,0.9776357827476039,254.99999999998667,5.570469798659232,7.483763185016025,-0.18791946308714494,7.493987828203007,298,768.2819672131147,768.2348993288593,-0.047067884255397985,0.047067884255397985,-0.006126381493259982,47.17338367868354,50.85456774729497,3.6811840686114294,3.6811840686114294,7.803519233823508,32.90916525672869,37.24249410288443,4.333328846155737,4.333328846155737,13.16754409402631,13.486842105263158,16.4983164983165,3.0114743930533407,3.0114743930533407,22.328980865566233,32.96342541849104,37.30532872375695,4.341903305265909,4.341903305265909,13.171881411421188,23.308661644552025,26.378850914961834,3.0701892704098093,3.0701892704098093,13.171881411421193,62.50889974821475,66.90687816610969,4.39797841789494,4.39797841789494,7.035763604238684,0.37288548892140305,0.3942621691221501,0.021376680200747067,0.021376680200747067,5.73277342129365,1.497853897198191,1.4469189829363254,-0.05093491426186558,0.05093491426186558,-3.4005262033327703,1.151247492897535,1.1347478819206316,-0.016499610976903334,0.016499610976903334,-1.4331940854330145,554.6734426867573,603.3463865516718,48.67294386491449,48.67294386491449,8.775062968428747,151.85518795056285,203.91412051152946,52.05893256096661,52.05893256096661,34.28195853138362,3.6526473028194055,2.9588259265133043,-0.6938213763061012,0.6938213763061012,-18.995027956040385,pleth_6
s6_sit,heartpy,HeartPy,mid_upslope,lipponen_tarvainen,0.5,100.0,True,False,644,313,0.48095806847239697,0.04487179487179487,0.025239621325635536,306,7,7,0.9776357827476039,0.9776357827476039,0.9776357827476039,254.99999999998667,5.570469798659232,7.483763185016025,-0.18791946308714494,7.493987828203007,298,768.2819672131147,768.2348993288593,-0.047067884255397985,0.047067884255397985,-0.006126381493259982,47.17338367868354,50.85456774729497,3.6811840686114294,3.6811840686114294,7.803519233823508,32.90916525672869,37.24249410288443,4.333328846155737,4.333328846155737,13.16754409402631,13.486842105263158,16.4983164983165,3.0114743930533407,3.0114743930533407,22.328980865566233,32.96342541849104,37.30532872375695,4.341903305265909,4.341903305265909,13.171881411421188,23.308661644552025,26.378850914961834,3.0701892704098093,3.0701892704098093,13.171881411421193,62.50889974821475,66.90687816610969,4.39797841789494,4.39797841789494,7.035763604238684,0.37288548892140305,0.3942621691221501,0.021376680200747067,0.021376680200747067,5.73277342129365,1.497853897198191,1.4469189829363254,-0.05093491426186558,0.05093491426186558,-3.4005262033327703,1.151247492897535,1.1347478819206316,-0.016499610976903334,0.016499610976903334,-1.4331940854330145,554.6734426867573,603.3463865516718,48.67294386491449,48.67294386491449,8.775062968428747,151.85518795056285,203.91412051152946,52.05893256096661,52.05893256096661,34.28195853138362,3.6526473028194055,2.9588259265133043,-0.6938213763061012,0.6938213763061012,-18.995027956040385,pleth_6
s6_sit,findpeaks,find_peaks baseline,mid_upslope,lipponen_tarvainen,0.5,100.0,True,False,645,313,0.48095806847239697,0.04792332268370607,0.00015395467769566273,306,7,7,0.9776357827476039,0.9776357827476039,0.9776357827476039,254.99999999998667,5.7516778523508,7.9012359920053505,-0.18791946308714494,7.912287786330359,298,768.2819672131147,768.2348993288593,-0.047067884255397985,0.047067884255397985,-0.006126381493259982,47.17338367868354,50.79885590346416,3.6254722247806157,3.6254722247806157,7.685419069098652,32.90916525672869,37.25822169904388,4.349056442315188,4.349056442315188,13.215335024111464,13.486842105263158,16.161616161616163,2.674774056353005,2.674774056353005,19.83247105198326,32.96342541849104,37.32108287366869,4.357657455177652,4.357657455177652,13.21967422940577,23.308661644552025,26.389990781196257,3.081329136644232,3.081329136644232,13.219674229405774,62.50889974821475,66.81778138168168,4.308881633466932,4.308881633466932,6.893229045500826,0.37288548892140305,0.3949546099181192,0.02206912099671615,0.02206912099671615,5.918471394677385,1.497853897198191,1.4461128563308008,-0.051741040867390176,0.051741040867390176,-3.454344977449024,1.151247492897535,1.1325732876435586,-0.01867420525397634,0.01867420525397634,-1.6220843362686401,554.6734426867573,603.3463865516719,48.6729438649146,48.6729438649146,8.775062968428767,151.85518795056285,203.91412051152946,52.05893256096661,52.05893256096661,34.28195853138362,3.6526473028194055,2.9588259265133052,-0.6938213763061003,0.6938213763061003,-18.99502795604036,pleth_6
s7_sit,msptdfast,MSPTDfast v2,mid_upslope,lipponen_tarvainen,1.0,100.0,True,False,543,544,0.9881188588412922,0.0,0.021875647217769884,543,0,1,0.9981617647058824,1.0,0.9990800367985281,257.99999999998624,4.880073800738742,6.68271438763374,-0.0018450184501566046,6.688887542231308,542,929.9779005524862,929.869003690037,-0.10889686244922814,0.10889686244922814,-0.011709618302169773,51.70095202801028,52.21899887366494,0.5180468456546592,0.5180468456546592,1.002006395112404,50.56879425129114,51.26665456814983,0.6978603168586943,0.6978603168586943,1.38002166591282,33.025830258302584,34.380776340110906,1.3549460818083219,1.3549460818083219,4.102685901341399,50.615449655065476,51.31406317989386,0.6986135248283816,0.6986135248283816,1.3802377131672205,35.7905276839031,36.284522044737884,0.4939943608347832,0.4939943608347832,1.3802377131672152,63.757470223598155,64.32014572993884,0.562675506340689,0.562675506340689,0.8825248310000063,0.561354262620291,0.5641237536538831,0.002769491033592142,0.002769491033592142,0.49335886765421605,1.8267763094653138,1.8745597126257074,0.047783403160393645,0.047783403160393645,2.615722730408057,0.8630132618839237,0.8657600319948278,0.002746770110904073,0.002746770110904073,0.3182766977309228,657.0905559531319,673.4740715159645,16.3835155628326,16.3835155628326,2.4933421146295065,815.9542415345144,816.9268906406978,0.9726491061834395,0.9726491061834395,0.11920387892760247,0.8053031928817266,0.8243994404294533,0.019096247547726763,0.019096247547726763,2.3713115403643252,pleth_6
s7_sit,msptd,MSPTD,mid_upslope,lipponen_tarvainen,1.0,100.0,True,False,544,544,0.9881188588412922,0.0,0.8864320095173689,543,1,1,0.9981617647058824,0.9981617647058824,0.9981617647058824,257.99999999998624,4.87269372693776,6.676914018599917,-0.0018450184501566046,6.683081814666304,542,929.9779005524862,929.6261510128913,-0.35174953959483446,0.35174953959483446,-0.03782342993160001,51.70095202801028,52.477285697001854,0.7763336689915761,0.7763336689915761,1.5015848616694292,50.56879425129114,51.64729232426489,1.0784980729737512,1.0784980729737512,2.132734404570492,33.025830258302584,34.31734317343174,1.2915129151291538,1.2915129151291538,3.9106145251396724,50.615449655065476,51.69452846362368,1.079078808558208,1.079078808558208,2.131915879265959,35.7905276839031,36.55355162686931,0.7630239429662069,0.7630239429662069,2.1319158792659523,63.757470223598155,64.58768374629416,0.8302135226960061,0.8302135226960061,1.302143136771955,0.561354262620291,0.5659523535548159,0.004598090934524901,0.004598090934524901,0.8191067995212007,1.8267763094653138,1.8633930142162298,0.03661670475091605,0.03661670475091605,2.0044438151069266,0.8630132618839237,0.8579095746063743,-0.005103687277549396,0.005103687277549396,-0.5913799362026314,657.0905559531319,674.5329535220119,17.442397568879983,17.442397568879983,2.6544891584355828,815.9542415345144,819.8651316291115,3.9108900945971072,3.9108900945971072,0.4793026245248924,0.8053031928817266,0.822736481281601,0.017433288399874458,0.017433288399874458,2.164810540175625,pleth_6
s7_sit,qppg,qppg (slope-sum),mid_upslope,lipponen_tarvainen,1.0,100.0,True,False,536,544,0.9881188588412922,0.007476635514018692,0.0029438313716277143,538,1,6,0.9889705882352942,0.9981447124304267,0.9935364727608494,257.99999999998624,4.767354596624229,7.540634139578797,0.21200750469030843,7.54473415326988,533,929.9779005524862,935.3836126629423,5.405712110456079,5.405712110456079,0.5812731794212126,51.70095202801028,79.56550591150805,27.864553883497777,27.864553883497777,53.8956301392699,50.56879425129114,79.72006760599653,29.151273354705395,29.151273354705395,57.646763752847626,33.025830258302584,32.83582089552239,-0.1900093627801951,0.1900093627801951,-0.5753356124405907,50.615449655065476,79.79447617881401,29.179026523748533,29.179026523748533,57.64845856867413,35.7905276839031,56.42321520726782,20.632687523364723,20.632687523364723,57.64845856867412,63.757470223598155,97.35378907665992,33.59631885306177,33.59631885306177,52.69393333085379,0.561354262620291,0.5795687640142915,0.018214501394000493,0.018214501394000493,3.2447426886862485,1.8267763094653138,1.5665285457529223,-0.26024776371239144,0.26024776371239144,-14.246285238314941,0.8630132618839237,0.8276986094381509,-0.03531465244577281,0.03531465244577281,-4.092017354250423,657.0905559531319,5234.761548888238,4577.670992935106,4577.670992935106,696.6575537362642,815.9542415345144,1411.9102447945195,595.9560032600051,595.9560032600051,73.03791964353634,0.8053031928817266,3.707573883104781,2.9022706902230544,2.9022706902230544,360.3947824716132,pleth_6
s7_sit,terma,TERMA,mid_upslope,lipponen_tarvainen,1.0,100.0,True,False,543,544,0.9881188588412922,0.0,0.0004089507753277626,543,0,1,0.9981617647058824,1.0,0.9990800367985281,257.99999999998624,4.87269372693776,6.676914018599917,-0.0018450184501566046,6.683081814666304,542,929.9779005524862,929.869003690037,-0.10889686244922814,0.10889686244922814,-0.011709618302169773,51.70095202801028,52.21945904083598,0.518507012825701,0.518507012825701,1.0028964506200715,50.56879425129114,51.26925047591703,0.7004562246258956,0.7004562246258956,1.3851550842701996,33.025830258302584,34.195933456561924,1.1701031982593406,1.1701031982593406,3.5429940416567742,50.615449655065476,51.316661492119856,0.7012118370543803,0.7012118370543803,1.3853711501784607,35.7905276839031,36.28635932893253,0.4958316450294262,0.4958316450294262,1.3853711501784536,63.757470223598155,64.31985643397134,0.5623862103731838,0.5623862103731838,0.8820710865736817,0.561354262620291,0.5641548557587798,0.002800593138488794,0.002800593138488794,0.4988994161042222,1.8267763094653138,1.8633930142162298,0.03661670475091605,0.03661670475091605,2.0044438151069266,0.8630132618839237,0.8656074793890888,0.002594217505165086,0.002594217505165086,0.3005999582789739,657.0905559531319,673.3552016335661,16.264645680434228,16.264645680434228,2.4752517796944766,815.9542415345144,817.0778159987642,1.1235744642498275,1.1235744642498275,0.13770067082889242,0.8053031928817266,0.8241016809524842,0.01879848807075757,0.01879848807075757,2.3343367115543607,pleth_6
s7_sit,heartpy,HeartPy,mid_upslope,lipponen_tarvainen,1.0,100.0,True,False,538,544,0.9881188588412922,0.0111731843575419,0.021153363951915107,543,1,1,0.9981617647058824,0.9981617647058824,0.9981617647058824,257.99999999998624,5.197416974170799,7.436198489178507,-0.0018450184501566046,7.443067728971802,542,929.9779005524862,929.6261510128913,-0.35174953959483446,0.35174953959483446,-0.03782342993160001,51.70095202801028,52.35782204107525,0.6568700130649745,0.6568700130649745,1.2705182154268626,50.56879425129114,51.67893359118212,1.110139339890985,1.110139339890985,2.1953051409024655,33.025830258302584,34.132841328413285,1.1070110701107012,1.1070110701107012,3.3519553072625703,50.615449655065476,51.72619925118123,1.1107495961157525,1.1107495961157525,2.194487263642419,35.7905276839031,36.57594625551677,0.7854185716136683,0.7854185716136683,2.1944872636424213,63.757470223598155,64.38076741763304,0.6232971940348833,0.6232971940348833,0.9776065327701571,0.561354262620291,0.5681191405851292,0.006764877964838267,0.006764877964838267,1.2050995984712312,1.8267763094653138,1.8739100630897525,0.04713375362443872,0.04713375362443872,2.5801601093805777,0.8630132618839237,0.8549027760369193,-0.008110485847004356,0.008110485847004356,-0.9397869308867267,657.0905559531319,673.6586428420351,16.568086888903167,16.568086888903167,2.521431291136212,815.9542415345144,806.760947193653,-9.193294340861371,9.193294340861371,-1.1266923894619525,0.8053031928817266,0.835016426099182,0.029713233217455448,0.029713233217455448,3.689695195560882,pleth_6
s7_sit,findpeaks,find_peaks baseline,mid_upslope,lipponen_tarvainen,1.0,100.0,True,False,544,544,0.9881188588412922,0.0,0.00020794368452275956,543,1,1,0.9981617647058824,0.9981617647058824,0.9981617647058824,257.99999999998624,4.87269372693776,6.676914018599917,-0.0018450184501566046,6.683081814666304,542,929.9779005524862,929.6261510128913,-0.35174953959483446,0.35174953959483446,-0.03782342993160001,51.70095202801028,52.477285697001854,0.7763336689915761,0.7763336689915761,1.5015848616694292,50.56879425129114,51.64729232426489,1.0784980729737512,1.0784980729737512,2.132734404570492,33.025830258302584,34.31734317343174,1.2915129151291538,1.2915129151291538,3.9106145251396724,50.615449655065476,51.69452846362368,1.079078808558208,1.079078808558208,2.131915879265959,35.7905276839031,36.55355162686931,0.7630239429662069,0.7630239429662069,2.1319158792659523,63.757470223598155,64.58768374629416,0.8302135226960061,0.8302135226960061,1.302143136771955,0.561354262620291,0.5659523535548159,0.004598090934524901,0.004598090934524901,0.8191067995212007,1.8267763094653138,1.8633930142162298,0.03661670475091605,0.03661670475091605,2.0044438151069266,0.8630132618839237,0.8579095746063743,-0.005103687277549396,0.005103687277549396,-0.5913799362026314,657.0905559531319,674.5329535220119,17.442397568879983,17.442397568879983,2.6544891584355828,815.9542415345144,819.8651316291115,3.9108900945971072,3.9108900945971072,0.4793026245248924,0.8053031928817266,0.822736481281601,0.017433288399874458,0.017433288399874458,2.164810540175625,pleth_6
s7_sit,msptdfast,MSPTDfast v2,mid_upslope,lipponen_tarvainen,0.9,100.0,True,False,543,485,0.8893069729571631,0.02066115702479339,0.02219456455633853,480,5,5,0.9896907216494846,0.9896907216494846,0.9896907216494846,257.99999999998624,4.932489451477374,6.8211015356979425,0.012658227848023555,6.8282964377885715,474,929.2985386221295,929.2700421940929,-0.028496428036646648,0.028496428036646648,-0.0030664449423215803,52.42784060652522,53.208541704858135,0.7807010983329121,0.7807010983329121,1.4890964214836369,51.41788757990512,52.4716977976459,1.0538102177407822,1.0538102177407822,2.0495011898400644,34.72803347280335,36.78646934460888,2.0584358718055356,2.0584358718055356,5.927303293512326,51.47164131578065,52.52712383776361,1.0554825219829596,1.0554825219829596,2.050609801827633,36.39594661319017,37.1422854619082,0.7463388487180325,0.7463388487180325,2.0506098018276395,64.59637769609255,65.44271121661585,0.8463335205233022,0.8463335205233022,1.310187274749459,0.5634363397963686,0.5675541977313099,0.004117857934941238,0.004117857934941238,0.7308470618756099,1.8232043019357131,1.8599371937581655,0.03673289182245232,0.03673289182245232,2.014743590910391,0.7871905494122855,0.8020968146137007,0.014906265201415247,0.014906265201415247,1.8936031704832113,628.9324388661913,632.5620713708063,3.6296325046149605,3.6296325046149605,0.5771100805610034,743.6489094224785,732.3896204268169,-11.259288995661564,11.259288995661564,-1.5140597737722206,0.845738400066536,0.8636961171052181,0.017957717038682097,0.017957717038682097,2.123318160470108,pleth_6
s7_sit,msptd,MSPTD,mid_upslope,lipponen_tarvainen,0.9,100.0,True,False,544,485,0.8893069729571631,0.020618556701030927,0.8842055880093735,480,6,5,0.9896907216494846,0.9876543209876543,0.9886714727085478,257.9999999999929,4.924050632911693,6.81460333147576,0.012658227848023555,6.821791356843762,474,929.2985386221295,928.9936842105263,-0.3048544116031735,0.3048544116031735,-0.03280478758259762,52.42784060652522,53.49306869908682,1.065228092561597,1.065228092561597,2.0317985258180125,51.41788757990512,52.894309872402026,1.4764222924969062,1.4764222924969062,2.871417636911856,34.72803347280335,36.708860759493675,1.980827286690328,1.980827286690328,5.703827970108294,51.47164131578065,52.949781202143114,1.478139886362463,1.478139886362463,2.8717558806683736,36.39594661319017,37.44114935037938,1.0452027371892143,1.0452027371892143,2.8717558806683843,64.59637769609255,65.73566104492318,1.1392833488306309,1.1392833488306309,1.763695410585765,0.5634363397963686,0.5695713522191924,0.006135012422823771,0.006135012422823771,1.088856360425922,1.8232043019357131,1.845481505821103,0.022277203885389785,0.022277203885389785,1.2218709588244097,0.7871905494122855,0.7739525946990117,-0.013237954713273825,0.013237954713273825,-1.6816709401754442,628.9324388661913,632.5876098055274,3.6551709393361307,3.6551709393361307,0.5811706812142643,743.6489094224785,735.9297143322107,-7.719195090267817,7.719195090267817,-1.0380160573707535,0.845738400066536,0.859576121857701,0.013837721791165047,0.013837721791165047,1.6361704505880785,pleth_6
s7_sit,qppg,qppg (slope-sum),mid_upslope,lipponen_tarvainen,0.9,100.0,True,False,536,485,0.8893069729571631,0.029411764705882353,0.002953210596509089,474,5,11,0.977319587628866,0.9895615866388309,0.983402489626556,257.99999999998624,4.631465517242514,6.623332581316166,-0.05387931034491971,6.630261962193647,464,929.2985386221295,933.6630901287554,4.364551506625844,4.364551506625844,0.4696608598026165,52.42784060652522,82.28547351058147,29.857632904056246,29.857632904056246,56.949957424605685,51.41788757990512,80.21381373540548,28.79592615550036,28.79592615550036,56.00371293112835,34.72803347280335,34.40860215053764,-0.31943132226570725,0.31943132226570725,-0.9198082653193257,51.47164131578065,80.30011721423438,28.828475898453725,28.828475898453725,56.00846439224627,36.39594661319017,56.780757412259746,20.384810799069577,20.384810799069577,56.00846439224626,64.59637769609255,101.57629590318462,36.97991820709207,36.97991820709207,57.24766546674179,0.5634363397963686,0.5589961408553347,-0.004440198941033979,0.004440198941033979,-0.7880568978988309,1.8232043019357131,1.463943942447338,-0.3592603594883752,0.3592603594883752,-19.70488765888415,0.7871905494122855,0.8453049136649067,0.058114364252621176,0.058114364252621176,7.3825027874139515,628.9324388661913,3747.04402071473,3118.1115818485387,3118.1115818485387,495.77846349756067,743.6489094224785,1470.6772119995476,727.0283025770691,727.0283025770691,97.76499277618561,0.845738400066536,2.5478357794231483,1.7020973793566123,1.7020973793566123,201.25577592583056,pleth_6
s7_sit,terma,TERMA,mid_upslope,lipponen_tarvainen,0.9,100.0,True,False,543,485,0.8893069729571631,0.02066115702479339,0.0003823901409005385,480,5,5,0.9896907216494846,0.9896907216494846,0.9896907216494846,257.9999999999929,4.924050632911693,6.81460333147576,0.012658227848023555,6.821791356843762,474,929.2985386221295,929.2700421940929,-0.028496428036646648,0.028496428036646648,-0.0030664449423215803,52.42784060652522,53.20905823866044,0.7812176321352169,0.7812176321352169,1.4900816495539313,51.41788757990512,52.47459870750601,1.0567111276008916,1.0567111276008916,2.0551430199436473,34.72803347280335,36.57505285412262,1.8470193813192708,1.8470193813192708,5.318525688377178,51.47164131578065,52.530027826125604,1.0583865103449526,1.0583865103449526,2.0562517209266895,36.39594661319017,37.144338891771454,0.7483922785812851,0.7483922785812851,2.056251720926698,64.59637769609255,65.44238569599638,0.8460079999038328,0.8460079999038328,1.3096833446049532,0.5634363397963686,0.567588398508581,0.004152058712212359,0.004152058712212359,0.7369170958538018,1.8232043019357131,1.845481505821103,0.022277203885389785,0.022277203885389785,1.2218709588244097,0.7871905494122855,0.8020742101684171,0.014883660756131567,0.014883660756131567,1.8907316363545867,628.9324388661913,632.4444313608988,3.5119924947074423,3.5119924947074423,0.5584053672026666,743.6489094224785,732.5443728462466,-11.104536576231908,11.104536576231908,-1.4932498973010997,0.845738400066536,0.8633530674784696,0.017614667411933627,0.017614667411933627,2.082756016582414,pleth_6
s7_sit,heartpy,HeartPy,mid_upslope,lipponen_tarvainen,0.9,100.0,True,False,538,485,0.8893069729571631,0.041666666666666664,0.023707109713038934,475,11,10,0.979381443298969,0.977366255144033,0.9783728115345005,257.99999999998624,5.1279317697240385,7.312255681774119,-0.027718550106624353,7.3200111593901065,469,929.2985386221295,928.9936170212766,-0.3049216008529356,0.3049216008529356,-0.032812017686484556,52.42784060652522,53.575464996356665,1.1476243898314422,1.1476243898314422,2.188959866656434,51.41788757990512,52.98137018192332,1.5634826020181976,1.5634826020181976,3.0407367466983026,34.72803347280335,36.034115138592746,1.3060816657893994,1.3060816657893994,3.760885760526102,51.47164131578065,53.03752304892703,1.5658817331463766,1.5658817331463766,3.042222266703382,36.39594661319017,37.503192205234114,1.1072455920439452,1.1072455920439452,3.042222266703378,64.59637769609255,65.83442468472664,1.2380469886340961,1.2380469886340961,1.9165888750894866,0.5634363397963686,0.5696592988369309,0.006222959040562248,0.006222959040562248,1.1044653319328472,1.8232043019357131,1.8470338994058282,0.023829597470115038,0.023829597470115038,1.3070174003437207,0.7871905494122855,0.851143589416268,0.0639530400039825,0.0639530400039825,8.124213387943959,628.9324388661913,616.0959011287462,-12.836537737445155,12.836537737445155,-2.0410042389586773,743.6489094224785,722.7152013756205,-20.933708046857987,20.933708046857987,-2.8149988229143252,0.845738400066536,0.8524739758566936,0.0067355757901576,0.0067355757901576,0.796413617925791,pleth_6
s7_sit,findpeaks,find_peaks baseline,mid_upslope,lipponen_tarvainen,0.9,100.0,True,False,544,485,0.8893069729571631,0.020618556701030927,0.00014493332188708462,480,6,5,0.9896907216494846,0.9876543209876543,0.9886714727085478,257.9999999999929,4.924050632911693,6.81460333147576,0.012658227848023555,6.821791356843762,474,929.2985386221295,928.9936842105263,-0.3048544116031735,0.3048544116031735,-0.03280478758259762,52.42784060652522,53.49306869908682,1.065228092561597,1.065228092561597,2.0317985258180125,51.41788757990512,52.894309872402026,1.4764222924969062,1.4764222924969062,2.871417636911856,34.72803347280335,36.708860759493675,1.980827286690328,1.980827286690328,5.703827970108294,51.47164131578065,52.949781202143114,1.478139886362463,1.478139886362463,2.8717558806683736,36.39594661319017,37.44114935037938,1.0452027371892143,1.0452027371892143,2.8717558806683843,64.59637769609255,65.73566104492318,1.1392833488306309,1.1392833488306309,1.763695410585765,0.5634363397963686,0.5695713522191924,0.006135012422823771,0.006135012422823771,1.088856360425922,1.8232043019357131,1.845481505821103,0.022277203885389785,0.022277203885389785,1.2218709588244097,0.7871905494122855,0.7739525946990117,-0.013237954713273825,0.013237954713273825,-1.6816709401754442,628.9324388661913,632.5876098055274,3.6551709393361307,3.6551709393361307,0.5811706812142643,743.6489094224785,735.9297143322107,-7.719195090267817,7.719195090267817,-1.0380160573707535,0.845738400066536,0.859576121857701,0.013837721791165047,0.013837721791165047,1.6361704505880785,pleth_6
s7_sit,msptdfast,MSPTDfast v2,mid_upslope,lipponen_tarvainen,0.75,100.0,True,False,543,407,0.7509703327193822,0.03931203931203931,0.026866461665352295,400,8,7,0.9828009828009828,0.9803921568627451,0.9815950920245399,257.00000000002353,5.102301790282279,8.469744558719455,-0.0025575447571402473,8.480595867192225,391,935.6532663316584,935.7058823529413,0.052616021282915426,0.052616021282915426,0.005623452958081671,48.679596860627406,49.23984150005152,0.5602446394241127,0.5602446394241127,1.1508818387057038,51.30341413850459,52.591239399147554,1.2878252606429612,1.2878252606429612,2.510213564278978,34.76070528967254,36.15384615384615,1.3931408641736098,1.3931408641736098,4.007803790412487,51.36775408100076,52.658275719147746,1.2905216381469842,1.2905216381469842,2.5123185960437104,36.32248724499859,37.2350238466003,0.9125366016017082,0.9125366016017082,2.512318596043721,58.481477592168666,58.844515301287835,0.363037709119169,0.363037709119169,0.6207738314186916,0.6210938700677184,0.6327696584117398,0.011675788344021387,0.011675788344021387,1.8798749926075369,1.9910175355529078,2.1036223398770506,0.11260480432414277,0.11260480432414277,5.655641013371199,0.7239816221049276,0.8136234116176972,0.08964178951276969,0.08964178951276969,12.38177693684299,490.0770313098829,474.4356613458047,-15.641369964078194,15.641369964078194,-3.1916145758293917,611.1282740272969,596.0180314141447,-15.110242613152195,15.110242613152195,-2.4725157148394796,0.8019217112641607,0.7960089063415294,-0.005912804922631243,0.005912804922631243,-0.7373294474482072,pleth_6
s7_sit,msptd,MSPTD,mid_upslope,lipponen_tarvainen,0.75,100.0,True,False,544,407,0.7509703327193822,0.0392156862745098,0.8886221710156958,400,9,7,0.9828009828009828,0.9779951100244498,0.9803921568627451,257.00000000002353,5.0920716112538065,8.463400971840935,-0.0025575447571402473,8.474244152426879,391,935.6532663316584,935.3545918367347,-0.29867449492371634,0.29867449492371634,-0.031921493321420844,48.679596860627406,49.66691385421749,0.9873169935900847,0.9873169935900847,2.028194679624879,51.30341413850459,53.10167345559997,1.7982593170953791,1.7982593170953791,3.5051455098886626,34.76070528967254,36.0613810741688,1.3006757844962564,1.3006757844962564,3.741799177137781,51.36775408100076,53.16946417617629,1.8017100951755296,1.8017100951755296,3.5074729806844385,36.32248724499859,37.59648867102947,1.2740014260308783,1.2740014260308783,3.507472980684442,58.481477592168666,59.33050398583915,0.8490263936704849,0.8490263936704849,1.451786836836317,0.6210938700677184,0.6336789028457082,0.012585032777989724,0.012585032777989724,2.026269036694496,1.9910175355529078,2.1036223398770506,0.11260480432414277,0.11260480432414277,5.655641013371199,0.7239816221049276,0.8349170541474308,0.11093543204250322,0.11093543204250322,15.322962442052875,490.0770313098829,471.9856386132323,-18.091392696650587,18.091392696650587,-3.6915406233782733,611.1282740272969,598.3224182525639,-12.805855774733004,12.805855774733004,-2.0954448221390933,0.8019217112641607,0.7888483269466893,-0.013073384317471404,0.013073384317471404,-1.6302569357877013,pleth_6
s7_sit,qppg,qppg (slope-sum),mid_upslope,lipponen_tarvainen,0.75,100.0,True,False,536,407,0.7509703327193822,0.04466501240694789,0.0029339659928796767,398,8,9,0.9778869778869779,0.9802955665024631,0.9790897908979089,257.00000000001046,4.6770025839812055,6.832435183930449,-0.02067183462551747,6.841248451595616,387,935.6532663316584,940.5295629820051,4.876296650346717,4.876296650346717,0.5211649257063812,48.679596860627406,84.23498841492187,35.55539155429447,35.55539155429447,73.03961792471634,51.30341413850459,84.67732872498841,33.37391458648382,33.37391458648382,65.05203434684438,34.76070528967254,34.5360824742268,-0.22462281544574125,0.22462281544574125,-0.6461975197968064,51.36775408100076,84.78633515175746,33.418581070756694,33.418581070756694,65.05750868153515,36.32248724499859,59.952992537763045,23.630505292764454,23.630505292764454,65.05750868153515,58.481477592168666,102.94029935982785,44.45882176765918,44.45882176765918,76.0220562101747,0.6210938700677184,0.5824054613266408,-0.038688408741077596,0.038688408741077596,-6.229075926455265,1.9910175355529078,1.4722883245997265,-0.5187292109531814,0.5187292109531814,-26.05347274398212,0.7239816221049276,0.7436858347516123,0.01970421264668476,0.01970421264668476,2.7216454182077294,490.0770313098829,3629.1513025430404,3139.0742712331576,3139.0742712331576,640.5267071674442,611.1282740272969,1333.4857194278188,722.3574454005219,722.3574454005219,118.2006259733708,0.8019217112641607,2.72155243184776,1.9196307205835996,1.9196307205835996,239.37881885720074,pleth_6
s7_sit,terma,TERMA,mid_upslope,lipponen_tarvainen,0.75,100.0,True,False,543,407,0.7509703327193822,0.03931203931203931,0.00040740931111161164,400,8,7,0.9828009828009828,0.9803921568627451,0.9815950920245399,257.00000000002353,5.0920716112538065,8.463400971840935,-0.0025575447571402473,8.474244152426879,391,935.6532663316584,935.7058823529413,0.052616021282915426,0.052616021282915426,0.005623452958081671,48.679596860627406,49.240518453981245,0.5609215933538394,0.5609215933538394,1.152272470455726,51.30341413850459,52.59474966484484,1.291335526340248,1.291335526340248,2.5170557321078286,34.76070528967254,35.8974358974359,1.1367306077633543,1.1367306077633543,3.270159791898925,51.36775408100076,52.661790528450375,1.2940364474496135,1.2940364474496135,2.519161039061731,36.32248724499859,37.237509192092766,0.915021947094175,0.915021947094175,2.5191610390617414,58.481477592168666,58.844075525090396,0.36259793292173015,0.36259793292173015,0.6200218391374676,0.6210938700677184,0.6328166235905116,0.011722753522793172,0.011722753522793172,1.8874366803064777,1.9910175355529078,2.1036223398770506,0.11260480432414277,0.11260480432414277,5.655641013371199,0.7239816221049276,0.813652902338293,0.08967128023336546,0.08967128023336546,12.385850344191374,490.0770313098829,474.3166203274358,-15.76041098244707,15.76041098244707,-3.2159048426167787,611.1282740272969,596.1693733625513,-14.95890066474567,14.95890066474567,-2.4477513642377327,0.8019217112641607,0.7956071571610027,-0.006314554103157954,0.006314554103157954,-0.7874277519190249,pleth_6
s7_sit,heartpy,HeartPy,mid_upslope,lipponen_tarvainen,0.75,100.0,True,False,538,407,0.7509703327193822,0.04691358024691358,0.021116309494674048,400,9,7,0.9828009828009828,0.9779951100244498,0.9803921568627451,257.00000000002353,5.24040920716237,8.717064429965024,-0.0025575447571402473,8.728232623171237,391,935.6532663316584,935.3545918367347,-0.29867449492371634,0.29867449492371634,-0.031921493321420844,48.679596860627406,49.61405294834148,0.9344560877140751,0.9344560877140751,1.9196052308926852,51.30341413850459,53.113712882491185,1.8102987439865927,1.8102987439865927,3.528612616500146,34.76070528967254,36.0613810741688,1.3006757844962564,1.3006757844962564,3.741799177137781,51.36775408100076,53.18151908382995,1.8137650028291858,1.8137650028291858,3.530940831030099,36.32248724499859,37.60501277797795,1.2825255329793563,1.2825255329793563,3.5309408310301027,58.481477592168666,59.23657243536107,0.7550948431924027,0.7550948431924027,1.2911692287568304,0.6210938700677184,0.6348276281348406,0.013733758067122182,0.013733758067122182,2.211220997177895,1.9910175355529078,2.0885664494568363,0.0975489139039285,0.0975489139039285,4.899450264100213,0.7239816221049276,0.8316617289346667,0.10768010682973916,0.10768010682973916,14.873320474167084,490.0770313098829,470.73268636981686,-19.344344940066037,19.344344940066037,-3.9472049706884396,611.1282740272969,596.013562166746,-15.11471186055087,15.11471186055087,-2.4732470256932917,0.8019217112641607,0.789801971382189,-0.01211973988197168,0.01211973988197168,-1.5113370434709832,pleth_6
s7_sit,findpeaks,find_peaks baseline,mid_upslope,lipponen_tarvainen,0.75,100.0,True,False,544,407,0.7509703327193822,0.0392156862745098,0.00014307170558562645,400,9,7,0.9828009828009828,0.9779951100244498,0.9803921568627451,257.00000000002353,5.0920716112538065,8.463400971840935,-0.0025575447571402473,8.474244152426879,391,935.6532663316584,935.3545918367347,-0.29867449492371634,0.29867449492371634,-0.031921493321420844,48.679596860627406,49.66691385421749,0.9873169935900847,0.9873169935900847,2.028194679624879,51.30341413850459,53.10167345559997,1.7982593170953791,1.7982593170953791,3.5051455098886626,34.76070528967254,36.0613810741688,1.3006757844962564,1.3006757844962564,3.741799177137781,51.36775408100076,53.16946417617629,1.8017100951755296,1.8017100951755296,3.5074729806844385,36.32248724499859,37.59648867102947,1.2740014260308783,1.2740014260308783,3.507472980684442,58.481477592168666,59.33050398583915,0.8490263936704849,0.8490263936704849,1.451786836836317,0.6210938700677184,0.6336789028457082,0.012585032777989724,0.012585032777989724,2.026269036694496,1.9910175355529078,2.1036223398770506,0.11260480432414277,0.11260480432414277,5.655641013371199,0.7239816221049276,0.8349170541474308,0.11093543204250322,0.11093543204250322,15.322962442052875,490.0770313098829,471.9856386132323,-18.091392696650587,18.091392696650587,-3.6915406233782733,611.1282740272969,598.3224182525639,-12.805855774733004,12.805855774733004,-2.0954448221390933,0.8019217112641607,0.7888483269466893,-0.013073384317471404,0.013073384317471404,-1.6302569357877013,pleth_6
s7_sit,msptdfast,MSPTDfast v2,mid_upslope,lipponen_tarvainen,0.5,100.0,True,False,543,266,0.4940594294206461,0.06741573033707865,0.021893611218234514,259,9,7,0.9736842105263158,0.9664179104477612,0.9700374531835205,256.00000000000114,4.582329317271997,6.095294122662628,0.060240963855560485,6.107272365643469,249,939.9218749999998,940.124497991968,0.20262299196826916,0.20262299196826916,0.021557429118060394,48.185199806497856,49.089415642005726,0.9042158355078698,0.9042158355078698,1.8765426710670914,53.540528903756886,54.7666604493487,1.2261315455918123,1.2261315455918123,2.2900998004630764,36.07843137254902,39.11290322580645,3.034471853257429,3.034471853257429,8.41076437587657,53.64533603327037,54.87697842331033,1.2316423900399585,1.2316423900399585,2.2958983596935707,37.93298088815653,38.80388357415059,0.8709026859940607,0.8709026859940607,2.295898359693569,56.61021040168455,57.56561539418265,0.955404992498103,0.955404992498103,1.687690234180216,0.6700731302533325,0.6740809302296098,0.004007799976277315,0.004007799976277315,0.5981138170339854,2.0603205002330576,2.245426679154097,0.18510617892103953,0.18510617892103953,8.984339033664948,0.72184670677,0.6985599820138145,-0.02328672475618543,0.02328672475618543,-3.2259930727377015,398.365588582977,362.5796576680541,-35.785930914922915,35.785930914922915,-8.98318829249704,407.0207938592013,400.24830228799016,-6.772491571211162,6.772491571211162,-1.6639178325503283,0.9787352257997454,0.9058868097513318,-0.07284841604841352,0.07284841604841352,-7.443117824730129,pleth_6
s7_sit,msptd,MSPTD,mid_upslope,lipponen_tarvainen,0.5,100.0,True,False,544,266,0.4940594294206461,0.06716417910447761,0.8878703983303835,259,10,7,0.9736842105263158,0.9628252788104089,0.9682242990654205,256.00000000000114,4.582329317271997,6.095294122662628,0.060240963855560485,6.107272365643469,249,939.9218749999998,939.556,-0.3658749999997326,0.3658749999997326,-0.038926107555453233,48.185199806497856,49.80853767882393,1.6233378723260756,1.6233378723260756,3.368955361490824,53.540528903756886,55.52104416688854,1.9805152631316503,1.9805152631316503,3.6990954398149016,36.07843137254902,39.3574297188755,3.278998346326482,3.278998346326482,9.088528025144054,53.64533603327037,55.62657206897759,1.9812360357072194,1.9812360357072194,3.693212089264338,37.93298088815653,39.33392632413626,1.4009454359797289,1.4009454359797289,3.6932120892643407,56.61021040168455,58.43477638643847,1.8245659847539244,1.8245659847539244,3.223033392399529,0.6700731302533325,0.6731252989489469,0.003052168695614421,0.003052168695614421,0.4554978490870836,2.0603205002330576,2.245426679154097,0.18510617892103953,0.18510617892103953,8.984339033664948,0.72184670677,0.6959953511910769,-0.02585135557892304,0.02585135557892304,-3.5812805317902474,398.365588582977,358.3239850655439,-40.04160351743309,40.04160351743309,-10.051471478715003,407.0207938592013,397.898022608875,-9.12277125032631,9.12277125032631,-2.241352625704451,0.9787352257997454,0.9005422613466177,-0.07819296445312762,0.07819296445312762,-7.989184653003011,pleth_6
s7_sit,qppg,qppg (slope-sum),mid_upslope,lipponen_tarvainen,0.5,100.0,True,False,536,266,0.4940594294206461,0.06792452830188679,0.002947969612997728,257,9,9,0.9661654135338346,0.9661654135338346,0.9661654135338346,256.0000000000108,4.363265306125706,5.78844732626784,0.012244897959322883,5.800283792274687,245,939.9218749999998,947.7368421052632,7.814967105263463,7.814967105263463,0.8314485823902614,48.185199806497856,98.41231280657053,50.22711300007267,50.22711300007267,104.23763562623944,53.540528903756886,100.18941410741317,46.648885203656285,46.648885203656285,87.12817403711335,36.07843137254902,37.80487804878049,1.7264466762314683,1.7264466762314683,4.785259809119831,53.64533603327037,100.39343312009186,46.74809708682149,46.74809708682149,87.14289170978206,37.93298088815653,70.98887734581508,33.055896457658555,33.055896457658555,87.14289170978202,56.61021040168455,119.71025819476539,63.10004779308084,63.10004779308084,111.46407573006154,0.6700731302533325,0.5930057993051696,-0.07706733094816287,0.07706733094816287,-11.501331342599316,2.0603205002330576,1.2982493923069782,-0.7620711079260793,0.7620711079260793,-36.987988414417856,0.72184670677,0.6436879043960606,-0.07815880237393935,0.07815880237393935,-10.827617781020491,398.365588582977,4035.253714151443,3636.888125568466,3636.888125568466,912.9523808783813,407.0207938592013,1249.3834836524811,842.3626897932797,842.3626897932797,206.95814624268903,0.9787352257997454,3.2297959489224835,2.251060723122738,2.251060723122738,229.9969045543802,pleth_6
s7_sit,terma,TERMA,mid_upslope,lipponen_tarvainen,0.5,100.0,True,False,543,266,0.4940594294206461,0.06741573033707865,0.0010350228848657785,259,9,7,0.9736842105263158,0.9664179104477612,0.9700374531835205,256.00000000000114,4.582329317271997,6.095294122662628,0.060240963855560485,6.107272365643469,249,939.9218749999998,940.124497991968,0.20262299196826916,0.20262299196826916,0.021557429118060394,48.185199806497856,49.089415642005726,0.9042158355078698,0.9042158355078698,1.8765426710670914,53.540528903756886,54.7666604493487,1.2261315455918123,1.2261315455918123,2.2900998004630764,36.07843137254902,39.11290322580645,3.034471853257429,3.034471853257429,8.41076437587657,53.64533603327037,54.87697842331033,1.2316423900399585,1.2316423900399585,2.2958983596935707,37.93298088815653,38.80388357415059,0.8709026859940607,0.8709026859940607,2.295898359693569,56.61021040168455,57.56561539418265,0.955404992498103,0.955404992498103,1.687690234180216,0.6700731302533325,0.6740809302296098,0.004007799976277315,0.004007799976277315,0.5981138170339854,2.0603205002330576,2.245426679154097,0.18510617892103953,0.18510617892103953,8.984339033664948,0.72184670677,0.6985599820138145,-0.02328672475618543,0.02328672475618543,-3.2259930727377015,398.365588582977,362.5796576680541,-35.785930914922915,35.785930914922915,-8.98318829249704,407.0207938592013,400.24830228799016,-6.772491571211162,6.772491571211162,-1.6639178325503283,0.9787352257997454,0.9058868097513318,-0.07284841604841352,0.07284841604841352,-7.443117824730129,pleth_6
s7_sit,heartpy,HeartPy,mid_upslope,lipponen_tarvainen,0.5,100.0,True,False,538,266,0.4940594294206461,0.07116104868913857,0.018376176849412472,259,10,7,0.9736842105263158,0.9628252788104089,0.9682242990654205,256.00000000000114,4.566265060243921,6.079460449532369,0.060240963855560485,6.0914060249712225,249,939.9218749999998,939.556,-0.3658749999997326,0.3658749999997326,-0.038926107555453233,48.185199806497856,49.80805389624993,1.6228540897520745,1.6228540897520745,3.3679513549163076,53.540528903756886,55.52646895868799,1.9859400549311061,1.9859400549311061,3.709227561985766,36.07843137254902,39.3574297188755,3.278998346326482,3.278998346326482,9.088528025144054,53.64533603327037,55.63200840213155,1.9866723688611785,1.9866723688611785,3.703345930444096,37.93298088815653,39.33777039217421,1.4047895040176783,1.4047895040176783,3.7033459304440877,56.61021040168455,58.4313638933412,1.821153491656652,1.821153491656652,3.2170053400869536,0.6700731302533325,0.6732303983863898,0.0031572681330572783,0.0031572681330572783,0.47118262030050656,2.0603205002330576,2.2329426599382987,0.17262215970524108,0.17262215970524108,8.37841295496087,0.72184670677,0.6959314509527901,-0.02591525581720988,0.02591525581720988,-3.5901328598105233,398.365588582977,358.3468203582266,-40.01876822475043,40.01876822475043,-10.045739233426477,407.0207938592013,397.86220238331236,-9.158591475888954,9.158591475888954,-2.250153214299204,0.9787352257997454,0.9006807337103727,-0.07805449208937265,0.07805449208937265,-7.975036560638007,pleth_6
s7_sit,findpeaks,find_peaks baseline,mid_upslope,lipponen_tarvainen,0.5,100.0,True,False,544,266,0.4940594294206461,0.06716417910447761,0.00013914689778882946,259,10,7,0.9736842105263158,0.9628252788104089,0.9682242990654205,256.00000000000114,4.582329317271997,6.095294122662628,0.060240963855560485,6.107272365643469,249,939.9218749999998,939.556,-0.3658749999997326,0.3658749999997326,-0.038926107555453233,48.185199806497856,49.80853767882393,1.6233378723260756,1.6233378723260756,3.368955361490824,53.540528903756886,55.52104416688854,1.9805152631316503,1.9805152631316503,3.6990954398149016,36.07843137254902,39.3574297188755,3.278998346326482,3.278998346326482,9.088528025144054,53.64533603327037,55.62657206897759,1.9812360357072194,1.9812360357072194,3.693212089264338,37.93298088815653,39.33392632413626,1.4009454359797289,1.4009454359797289,3.6932120892643407,56.61021040168455,58.43477638643847,1.8245659847539244,1.8245659847539244,3.223033392399529,0.6700731302533325,0.6731252989489469,0.003052168695614421,0.003052168695614421,0.4554978490870836,2.0603205002330576,2.245426679154097,0.18510617892103953,0.18510617892103953,8.984339033664948,0.72184670677,0.6959953511910769,-0.02585135557892304,0.02585135557892304,-3.5812805317902474,398.365588582977,358.3239850655439,-40.04160351743309,40.04160351743309,-10.051471478715003,407.0207938592013,397.898022608875,-9.12277125032631,9.12277125032631,-2.241352625704451,0.9787352257997454,0.9005422613466177,-0.07819296445312762,0.07819296445312762,-7.989184653003011,pleth_6
s8_sit,msptdfast,MSPTDfast v2,mid_upslope,lipponen_tarvainen,1.0,100.0,True,False,697,698,0.9805123176859909,0.0,0.02462727049879328,697,0,1,0.998567335243553,1.0,0.9992831541218639,237.00000000000517,3.8563218390815743,7.907693038770596,0.020114942528768952,7.9133543798281085,696,700.8493543758967,700.8045977011494,-0.044756674747304714,0.044756674747304714,-0.006386062064244939,51.82554154129068,51.59520675533425,-0.23033478595642976,0.23033478595642976,-0.44444260321508916,23.21872510286055,21.073321809490334,-2.145403293370215,2.145403293370215,-9.239970256187327,3.5919540229885056,2.7338129496402876,-0.858141073348218,0.858141073348218,-23.89064748201439,23.235293495142578,21.08836077195451,-2.146932723188069,2.146932723188069,-9.239963866335035,16.429833593274996,14.91172290595741,-1.518110687317586,1.518110687317586,-9.239963866335044,71.42712426097935,71.42668437095007,-0.000439890029284129,0.000439890029284129,-0.0006158585185046306,0.23002233063792288,0.20876963612806523,-0.021252694509857645,0.021252694509857645,-9.239404909478731,1.0827239482177928,1.1735135968412274,0.09078964862343453,0.09078964862343453,8.385299759267165,1.3180806021470912,1.3540060990611973,0.03592549691410607,0.03592549691410607,2.7255918079353516,492.87552988095445,481.8889016299009,-10.98662825105356,10.98662825105356,-2.22908778890021,142.84777245208284,138.64352191471247,-4.2042505373703705,4.2042505373703705,-2.9431684269215004,3.4503550277361565,3.4757404815952255,0.025385453859068985,0.025385453859068985,0.7357345448513124,pleth_6
s8_sit,msptd,MSPTD,mid_upslope,lipponen_tarvainen,1.0,100.0,True,False,697,698,0.9805123176859909,0.0,0.8853210565018507,697,0,1,0.998567335243553,1.0,0.9992831541218639,237.00000000000517,3.8563218390815743,7.907693038770596,0.020114942528768952,7.9133543798281085,696,700.8493543758967,700.8045977011494,-0.044756674747304714,0.044756674747304714,-0.006386062064244939,51.82554154129068,51.59520675533425,-0.23033478595642976,0.23033478595642976,-0.44444260321508916,23.21872510286055,21.073321809490334,-2.145403293370215,2.145403293370215,-9.239970256187327,3.5919540229885056,2.7338129496402876,-0.858141073348218,0.858141073348218,-23.89064748201439,23.235293495142578,21.08836077195451,-2.146932723188069,2.146932723188069,-9.239963866335035,16.429833593274996,14.91172290595741,-1.518110687317586,1.518110687317586,-9.239963866335044,71.42712426097935,71.42668437095007,-0.000439890029284129,0.000439890029284129,-0.0006158585185046306,0.23002233063792288,0.20876963612806523,-0.021252694509857645,0.021252694509857645,-9.239404909478731,1.0827239482177928,1.1735135968412274,0.09078964862343453,0.09078964862343453,8.385299759267165,1.3180806021470912,1.3540060990611973,0.03592549691410607,0.03592549691410607,2.7255918079353516,492.87552988095445,481.8889016299009,-10.98662825105356,10.98662825105356,-2.22908778890021,142.84777245208284,138.64352191471247,-4.2042505373703705,4.2042505373703705,-2.9431684269215004,3.4503550277361565,3.4757404815952255,0.025385453859068985,0.025385453859068985,0.7357345448513124,pleth_6
s8_sit,qppg,qppg (slope-sum),mid_upslope,lipponen_tarvainen,1.0,100.0,True,False,699,698,0.9805123176859909,0.0,0.006655166074226665,698,1,0,1.0,0.9985693848354793,0.9992841803865427,237.0000000000104,3.7546628407469673,7.955128823939133,0.015781922525160776,7.960825998166197,697,700.8493543758967,700.7965616045846,-0.05279277131216986,0.05279277131216986,-0.007532684589426724,51.82554154129068,51.59636846946217,-0.22917307182851232,0.22917307182851232,-0.44220101712960297,23.21872510286055,21.256782190542143,-1.9619429123184062,1.9619429123184062,-8.44983048650115,3.5919540229885056,2.582496413199426,-1.0094576097890795,1.0094576097890795,-28.103299856527975,23.235293495142578,21.27165491504923,-1.963638580093349,1.963638580093349,-8.45110297618515,16.429833593274996,15.041331437491465,-1.3885021557835309,1.3885021557835309,-8.45110297618515,71.42712426097935,71.40118225254082,-0.025942008438534003,0.025942008438534003,-0.03631954766056027,0.23002233063792288,0.21065941715490596,-0.019362913483016914,0.019362913483016914,-8.417840750207851,1.0827239482177928,1.1784974192467266,0.09577347102893374,0.09577347102893374,8.845603829727857,1.3180806021470912,1.3890293612141282,0.07094875906703701,0.07094875906703701,5.382732964240945,492.87552988095445,480.58838980117105,-12.287140079783399,12.287140079783399,-2.4929499102443056,142.84777245208284,137.89402754396042,-4.953744908122417,4.953744908122417,-3.467848901727965,3.4503550277361565,3.4852009065291836,0.03484587879302703,0.03484587879302703,1.0099215446791303,pleth_6
s8_sit,terma,TERMA,mid_upslope,lipponen_tarvainen,1.0,100.0,True,False,699,698,0.9805123176859909,0.0,0.00044075254268600907,698,1,0,1.0,0.9985693848354793,0.9992841803865427,237.0000000000104,3.8005738880927353,7.821814031855844,0.015781922525161102,7.827415201328987,697,700.8493543758967,700.7965616045847,-0.052792771312056175,0.052792771312056175,-0.007532684589410503,51.82554154129068,51.586829919651315,-0.23871162163936788,0.23871162163936788,-0.4606061307611816,23.21872510286055,21.16912833021501,-2.0495967726455397,2.0495967726455397,-8.82734415247041,3.5919540229885056,2.72596843615495,-0.8659855868335558,0.8659855868335558,-24.109038737446195,23.235293495142578,21.18393648248297,-2.051357012659608,2.051357012659608,-8.828625354306162,16.429833593274996,14.979305138988808,-1.4505284542861876,1.4505284542861876,-8.828625354306162,71.42712426097935,71.4004373927158,-0.026686868263553265,0.026686868263553265,-0.037362372543580484,0.23002233063792288,0.20979290444118456,-0.020229426196738315,0.020229426196738315,-8.794548833861423,1.0827239482177928,1.178467513917574,0.09574356569978115,0.09574356569978115,8.84284178412964,1.3180806021470912,1.3900296331467075,0.07194903099961625,0.07194903099961625,5.458621489642945,492.87552988095445,480.75800089566536,-12.117528985289084,12.117528985289084,-2.4585373488141853,142.84777245208284,138.1443499288955,-4.703422523187328,4.703422523187328,-3.2926117379709607,3.4503550277361565,3.4801133824374073,0.029758354701250767,0.029758354701250767,0.8624722517547937,pleth_6
s8_sit,heartpy,HeartPy,mid_upslope,lipponen_tarvainen,1.0,100.0,True,False,699,698,0.9805123176859909,0.0,0.020700367692666668,698,1,0,1.0,0.9985693848354793,0.9992841803865427,237.0000000000104,3.8005738880927353,7.821814031855844,0.015781922525161102,7.827415201328987,697,700.8493543758967,700.7965616045847,-0.052792771312056175,0.052792771312056175,-0.007532684589410503,51.82554154129068,51.586829919651315,-0.23871162163936788,0.23871162163936788,-0.4606061307611816,23.21872510286055,21.16912833021501,-2.0495967726455397,2.0495967726455397,-8.82734415247041,3.5919540229885056,2.72596843615495,-0.8659855868335558,0.8659855868335558,-24.109038737446195,23.235293495142578,21.18393648248297,-2.051357012659608,2.051357012659608,-8.828625354306162,16.429833593274996,14.979305138988808,-1.4505284542861876,1.4505284542861876,-8.828625354306162,71.42712426097935,71.4004373927158,-0.026686868263553265,0.026686868263553265,-0.037362372543580484,0.23002233063792288,0.20979290444118456,-0.020229426196738315,0.020229426196738315,-8.794548833861423,1.0827239482177928,1.178467513917574,0.09574356569978115,0.09574356569978115,8.84284178412964,1.3180806021470912,1.3900296331467075,0.07194903099961625,0.07194903099961625,5.458621489642945,492.87552988095445,480.75800089566536,-12.117528985289084,12.117528985289084,-2.4585373488141853,142.84777245208284,138.1443499288955,-4.703422523187328,4.703422523187328,-3.2926117379709607,3.4503550277361565,3.4801133824374073,0.029758354701250767,0.029758354701250767,0.8624722517547937,pleth_6
s8_sit,findpeaks,find_peaks baseline,mid_upslope,lipponen_tarvainen,1.0,100.0,True,False,699,698,0.9805123176859909,0.0,0.000145275156670125,698,1,0,1.0,0.9985693848354793,0.9992841803865427,237.0000000000104,3.8005738880927353,7.821814031855844,0.015781922525161102,7.827415201328987,697,700.8493543758967,700.7965616045847,-0.052792771312056175,0.052792771312056175,-0.007532684589410503,51.82554154129068,51.586829919651315,-0.23871162163936788,0.23871162163936788,-0.4606061307611816,23.21872510286055,21.16912833021501,-2.0495967726455397,2.0495967726455397,-8.82734415247041,3.5919540229885056,2.72596843615495,-0.8659855868335558,0.8659855868335558,-24.109038737446195,23.235293495142578,21.18393648248297,-2.051357012659608,2.051357012659608,-8.828625354306162,16.429833593274996,14.979305138988808,-1.4505284542861876,1.4505284542861876,-8.828625354306162,71.42712426097935,71.4004373927158,-0.026686868263553265,0.026686868263553265,-0.037362372543580484,0.23002233063792288,0.20979290444118456,-0.020229426196738315,0.020229426196738315,-8.794548833861423,1.0827239482177928,1.178467513917574,0.09574356569978115,0.09574356569978115,8.84284178412964,1.3180806021470912,1.3900296331467075,0.07194903099961625,0.07194903099961625,5.458621489642945,492.87552988095445,480.75800089566536,-12.117528985289084,12.117528985289084,-2.4585373488141853,142.84777245208284,138.1443499288955,-4.703422523187328,4.703422523187328,-3.2926117379709607,3.4503550277361565,3.4801133824374073,0.029758354701250767,0.029758354701250767,0.8624722517547937,pleth_6
s8_sit,msptdfast,MSPTDfast v2,mid_upslope,lipponen_tarvainen,0.9,100.0,True,False,697,610,0.8783756179270336,0.019672131147540985,0.02455343792088943,603,8,7,0.9885245901639345,0.9869067103109657,0.9877149877149878,236.99999999999974,3.653846153846116,8.125170438140627,0.028428093645346167,8.131922817775402,598,704.9586776859506,705.7274247491639,0.7687470632132545,0.7687470632132545,0.10904852831043817,49.865580355680244,49.13705186912214,-0.7285284865581048,0.7285284865581048,-1.4609846739207102,24.96805906573095,22.502484508277643,-2.4655745574533086,2.4655745574533086,-9.874914789982006,4.304635761589404,3.350083752093802,-0.9545520094956021,0.9545520094956021,-22.17497745135937,24.988528663126598,22.52108272210437,-2.467445941022227,2.467445941022227,-9.874314627668426,17.66955806957123,15.924810312463192,-1.7447477571080388,1.7447477571080388,-9.874314627668426,68.27106946608978,67.64096502334709,-0.6301044427426916,0.6301044427426916,-0.9229450302600932,0.2588147250036517,0.23543144759934387,-0.023383277404307845,0.023383277404307845,-9.034755423586477,1.3209625039629236,1.3012530399289737,-0.01970946403394991,0.01970946403394991,-1.4920532547154803,1.2654816279285335,1.2626118595109073,-0.002869768417626206,0.002869768417626206,-0.2267728234287944,441.90274093650004,416.49310200752,-25.40963892898003,25.40963892898003,-5.750052347521264,122.28267751007171,120.68888468469385,-1.5937928253778608,1.5937928253778608,-1.303367621506807,3.613780381118193,3.450964876306799,-0.16281550481139417,0.16281550481139417,-4.505406738663378,pleth_6
s8_sit,msptd,MSPTD,mid_upslope,lipponen_tarvainen,0.9,100.0,True,False,697,610,0.8783756179270336,0.019672131147540985,0.8887378110055217,603,8,7,0.9885245901639345,0.9869067103109657,0.9877149877149878,236.99999999999974,3.653846153846116,8.125170438140627,0.028428093645346167,8.131922817775402,598,704.9586776859506,705.7274247491639,0.7687470632132545,0.7687470632132545,0.10904852831043817,49.865580355680244,49.13705186912214,-0.7285284865581048,0.7285284865581048,-1.4609846739207102,24.96805906573095,22.502484508277643,-2.4655745574533086,2.4655745574533086,-9.874914789982006,4.304635761589404,3.350083752093802,-0.9545520094956021,0.9545520094956021,-22.17497745135937,24.988528663126598,22.52108272210437,-2.467445941022227,2.467445941022227,-9.874314627668426,17.66955806957123,15.924810312463192,-1.7447477571080388,1.7447477571080388,-9.874314627668426,68.27106946608978,67.64096502334709,-0.6301044427426916,0.6301044427426916,-0.9229450302600932,0.2588147250036517,0.23543144759934387,-0.023383277404307845,0.023383277404307845,-9.034755423586477,1.3209625039629236,1.3012530399289737,-0.01970946403394991,0.01970946403394991,-1.4920532547154803,1.2654816279285335,1.2626118595109073,-0.002869768417626206,0.002869768417626206,-0.2267728234287944,441.90274093650004,416.49310200752,-25.40963892898003,25.40963892898003,-5.750052347521264,122.28267751007171,120.68888468469385,-1.5937928253778608,1.5937928253778608,-1.303367621506807,3.613780381118193,3.450964876306799,-0.16281550481139417,0.16281550481139417,-4.505406738663378,pleth_6
s8_sit,qppg,qppg (slope-sum),mid_upslope,lipponen_tarvainen,0.9,100.0,True,False,699,610,0.8783756179270336,0.019639934533551555,0.003978845446618468,603,9,7,0.9885245901639345,0.9852941176470589,0.9869067103109656,236.99999999999986,3.6287625418059273,8.123009146367957,0.026755852842662027,8.129765388390972,598,704.9586776859506,705.6377295492488,0.6790518632981275,0.6790518632981275,0.096325059154834,49.865580355680244,49.14289428849788,-0.7226860671823658,0.7226860671823658,-1.4492683370525414,24.96805906573095,22.518442831567842,-2.449616234163109,2.449616234163109,-9.810999836688328,4.304635761589404,3.177257525083612,-1.127378236505792,1.127378236505792,-26.189863648057628,24.988528663126598,22.53664806207684,-2.4518806010497585,2.4518806010497585,-9.812024685822282,17.66955806957123,15.9358166699092,-1.7337413996620317,1.7337413996620317,-9.812024685822278,68.27106946608978,67.64686145834114,-0.6242080077486492,0.6242080077486492,-0.9143082313346402,0.2588147250036517,0.23557362938002568,-0.02324109562362603,0.02324109562362603,-8.97981968502685,1.3209625039629236,1.2985023439657148,-0.02246015999720874,0.02246015999720874,-1.7002874744610574,1.2654816279285335,1.3003912175052204,0.034909589576686884,0.034909589576686884,2.758601057988521,441.90274093650004,413.1429336105172,-28.75980732598282,28.75980732598282,-6.508175818288375,122.28267751007171,120.0221885244519,-2.2604889856198014,2.2604889856198014,-1.8485766190666033,3.613780381118193,3.442221298325587,-0.17155908279260634,0.17155908279260634,-4.747357744510244,pleth_6
s8_sit,terma,TERMA,mid_upslope,lipponen_tarvainen,0.9,100.0,True,False,699,610,0.8783756179270336,0.019639934533551555,0.000415332760805494,603,9,7,0.9885245901639345,0.9852941176470589,0.9869067103109656,236.99999999999974,3.653846153846116,8.125170438140627,0.028428093645346167,8.131922817775402,598,704.9586776859506,705.6393989983305,0.6807213123798874,0.6807213123798874,0.09656187432352445,49.865580355680244,49.143195825660975,-0.7223845300192693,0.7223845300192693,-1.4486636370551769,24.96805906573095,22.534514590426305,-2.4335444753046467,2.4335444753046467,-9.746630560661899,4.304635761589404,3.3444816053511706,-0.9601541562382336,0.9601541562382336,-22.30511962953435,24.988528663126598,22.55272100625969,-2.4358076568669063,2.4358076568669063,-9.747703395043088,17.66955806957123,15.947181957734527,-1.722376111836704,1.722376111836704,-9.747703395043084,68.27106946608978,67.64462121651233,-0.6264482495774502,0.6264482495774502,-0.9175896239454793,0.2588147250036517,0.23574944572003537,-0.023065279283616347,0.023065279283616347,-8.91188833374566,1.3209625039629236,1.3018433006445864,-0.019119203318337163,0.019119203318337163,-1.447369116154246,1.2654816279285335,1.2999785987760777,0.03449697084754422,0.03449697084754422,2.72599539070451,441.90274093650004,412.78918782103625,-29.113553115463787,29.113553115463787,-6.588226416918131,122.28267751007171,120.3545561013939,-1.9281214086778107,1.9281214086778107,-1.5767739535462844,3.613780381118193,3.429776164628765,-0.18400421648942844,0.18400421648942844,-5.091737656522807,pleth_6
s8_sit,heartpy,HeartPy,mid_upslope,lipponen_tarvainen,0.9,100.0,True,False,699,610,0.8783756179270336,0.019639934533551555,0.020669996323332385,603,9,7,0.9885245901639345,0.9852941176470589,0.9869067103109656,236.99999999999974,3.653846153846116,8.125170438140627,0.028428093645346167,8.131922817775402,598,704.9586776859506,705.6393989983305,0.6807213123798874,0.6807213123798874,0.09656187432352445,49.865580355680244,49.143195825660975,-0.7223845300192693,0.7223845300192693,-1.4486636370551769,24.96805906573095,22.534514590426305,-2.4335444753046467,2.4335444753046467,-9.746630560661899,4.304635761589404,3.3444816053511706,-0.9601541562382336,0.9601541562382336,-22.30511962953435,24.988528663126598,22.55272100625969,-2.4358076568669063,2.4358076568669063,-9.747703395043088,17.66955806957123,15.947181957734527,-1.722376111836704,1.722376111836704,-9.747703395043084,68.27106946608978,67.64462121651233,-0.6264482495774502,0.6264482495774502,-0.9175896239454793,0.2588147250036517,0.23574944572003537,-0.023065279283616347,0.023065279283616347,-8.91188833374566,1.3209625039629236,1.3018433006445864,-0.019119203318337163,0.019119203318337163,-1.447369116154246,1.2654816279285335,1.2999785987760777,0.03449697084754422,0.03449697084754422,2.72599539070451,441.90274093650004,412.78918782103625,-29.113553115463787,29.113553115463787,-6.588226416918131,122.28267751007171,120.3545561013939,-1.9281214086778107,1.9281214086778107,-1.5767739535462844,3.613780381118193,3.429776164628765,-0.18400421648942844,0.18400421648942844,-5.091737656522807,pleth_6
s8_sit,findpeaks,find_peaks baseline,mid_upslope,lipponen_tarvainen,0.9,100.0,True,False,699,610,0.8783756179270336,0.019639934533551555,0.00014683171934210185,603,9,7,0.9885245901639345,0.9852941176470589,0.9869067103109656,236.99999999999974,3.653846153846116,8.125170438140627,0.028428093645346167,8.131922817775402,598,704.9586776859506,705.6393989983305,0.6807213123798874,0.6807213123798874,0.09656187432352445,49.865580355680244,49.143195825660975,-0.7223845300192693,0.7223845300192693,-1.4486636370551769,24.96805906573095,22.534514590426305,-2.4335444753046467,2.4335444753046467,-9.746630560661899,4.304635761589404,3.3444816053511706,-0.9601541562382336,0.9601541562382336,-22.30511962953435,24.988528663126598,22.55272100625969,-2.4358076568669063,2.4358076568669063,-9.747703395043088,17.66955806957123,15.947181957734527,-1.722376111836704,1.722376111836704,-9.747703395043084,68.27106946608978,67.64462121651233,-0.6264482495774502,0.6264482495774502,-0.9175896239454793,0.2588147250036517,0.23574944572003537,-0.023065279283616347,0.023065279283616347,-8.91188833374566,1.3209625039629236,1.3018433006445864,-0.019119203318337163,0.019119203318337163,-1.447369116154246,1.2654816279285335,1.2999785987760777,0.03449697084754422,0.03449697084754422,2.72599539070451,441.90274093650004,412.78918782103625,-29.113553115463787,29.113553115463787,-6.588226416918131,122.28267751007171,120.3545561013939,-1.9281214086778107,1.9281214086778107,-1.5767739535462844,3.613780381118193,3.429776164628765,-0.18400421648942844,0.18400421648942844,-5.091737656522807,pleth_6
s8_sit,msptdfast,MSPTDfast v2,mid_upslope,lipponen_tarvainen,0.75,100.0,True,False,697,508,0.7353842382644932,0.023622047244094488,0.021783270008675328,503,6,5,0.9901574803149606,0.9882121807465619,0.9891838741396263,237.99999999999918,3.211693548386753,4.594658539736477,0.08669354838699363,4.598478487372332,496,709.1536926147706,709.5181451612904,0.3644525465197148,0.3644525465197148,0.05139260365068623,50.13775355295921,49.9624068108252,-0.17534674213401047,0.17534674213401047,-0.3497299533948928,22.62989173637232,22.17533437279998,-0.4545573635723379,0.4545573635723379,-2.0086590288089714,4.3999999999999995,3.6363636363636362,-0.7636363636363632,0.7636363636363632,-17.355371900826437,22.652193265098436,22.19736644115934,-0.4548268239390971,0.4548268239390971,-2.0078710198887255,16.017519466499348,15.695908335026472,-0.321611131472876,0.321611131472876,-2.007871019888728,69.07262650873255,68.892108765803,-0.18051774292955258,0.18051774292955258,-0.2613448366651158,0.23189388149984888,0.22783318171293493,-0.004060699786913952,0.004060699786913952,-1.7511025994519815,1.1561773408850748,1.337997496310951,0.18182015542587626,0.18182015542587626,15.725974640420615,1.2519353874995898,1.2259717286946739,-0.025963658804915912,0.025963658804915912,-2.073881692630437,326.7460045722768,310.7259065671504,-16.020098005126385,16.020098005126385,-4.902920856246526,92.61347591799787,95.53433373923066,2.9208578212327865,2.9208578212327865,3.1538151357357345,3.528061130775237,3.2525050880168798,-0.2755560427583572,0.2755560427583572,-7.810410096205108,pleth_6
s8_sit,msptd,MSPTD,mid_upslope,lipponen_tarvainen,0.75,100.0,True,False,697,508,0.7353842382644932,0.023622047244094488,0.8922822649833959,503,6,5,0.9901574803149606,0.9882121807465619,0.9891838741396263,237.99999999999918,3.211693548386753,4.594658539736477,0.08669354838699363,4.598478487372332,496,709.1536926147706,709.5181451612904,0.3644525465197148,0.3644525465197148,0.05139260365068623,50.13775355295921,49.9624068108252,-0.17534674213401047,0.17534674213401047,-0.3497299533948928,22.62989173637232,22.17533437279998,-0.4545573635723379,0.4545573635723379,-2.0086590288089714,4.3999999999999995,3.6363636363636362,-0.7636363636363632,0.7636363636363632,-17.355371900826437,22.652193265098436,22.19736644115934,-0.4548268239390971,0.4548268239390971,-2.0078710198887255,16.017519466499348,15.695908335026472,-0.321611131472876,0.321611131472876,-2.007871019888728,69.07262650873255,68.892108765803,-0.18051774292955258,0.18051774292955258,-0.2613448366651158,0.23189388149984888,0.22783318171293493,-0.004060699786913952,0.004060699786913952,-1.7511025994519815,1.1561773408850748,1.337997496310951,0.18182015542587626,0.18182015542587626,15.725974640420615,1.2519353874995898,1.2259717286946739,-0.025963658804915912,0.025963658804915912,-2.073881692630437,326.7460045722768,310.7259065671504,-16.020098005126385,16.020098005126385,-4.902920856246526,92.61347591799787,95.53433373923066,2.9208578212327865,2.9208578212327865,3.1538151357357345,3.528061130775237,3.2525050880168798,-0.2755560427583572,0.2755560427583572,-7.810410096205108,pleth_6
s8_sit,qppg,qppg (slope-sum),mid_upslope,lipponen_tarvainen,0.75,100.0,True,False,699,508,0.7353842382644932,0.023575638506876228,0.0034507292555659374,503,7,5,0.9901574803149606,0.9862745098039216,0.9882121807465619,238.00000000000097,3.183467741934854,4.5946585397362645,0.08669354838699295,4.5984784873721205,496,709.1536926147706,709.4044265593561,0.2507339445854768,0.2507339445854768,0.03535678474167962,50.13775355295921,49.973454853987,-0.1642986989722104,0.1642986989722104,-0.3276945761015517,22.62989173637232,22.185526377465447,-0.4443653589068717,0.4443653589068717,-1.9636212319684108,4.3999999999999995,3.4274193548387095,-0.97258064516129,0.97258064516129,-22.1041055718475,22.652193265098436,22.206970613422357,-0.44522265167607955,0.44522265167607955,-1.965472598903084,16.017519466499348,15.702699510361334,-0.31481995613801317,0.31481995613801317,-1.9654725989030906,69.07262650873255,68.9065861015785,-0.16604040715405688,0.16604040715405688,-0.24038525179445017,0.23189388149984888,0.22788387001517146,-0.004010011484677417,0.004010011484677417,-1.7292441951212199,1.1561773408850748,1.3301790463266807,0.17400170544160587,0.17400170544160587,15.049741876830453,1.2519353874995898,1.2518480257757865,-8.736172380330309e-05,8.736172380330309e-05,-0.006978133590247421,326.7460045722768,308.21095371241154,-18.535050859865237,18.535050859865237,-5.672617446119452,92.61347591799787,94.72321327113534,2.1097373531374615,2.1097373531374615,2.2780025608859256,3.528061130775237,3.253805936990226,-0.27425519378501084,0.27425519378501084,-7.773538598656524,pleth_6
s8_sit,terma,TERMA,mid_upslope,lipponen_tarvainen,0.75,100.0,True,False,699,508,0.7353842382644932,0.023575638506876228,0.00045606079188024025,503,7,5,0.9901574803149606,0.9862745098039216,0.9882121807465619,237.99999999999918,3.211693548386753,4.594658539736477,0.08669354838699363,4.598478487372332,496,709.1536926147706,709.4044265593561,0.2507339445854768,0.2507339445854768,0.03535678474167962,50.13775355295921,49.97635953752658,-0.16139401543263432,0.16139401543263432,-0.3219011702671481,22.62989173637232,22.2151775348129,-0.41471420155941985,0.41471420155941985,-1.8325947220192074,4.3999999999999995,3.6290322580645165,-0.770967741935483,0.770967741935483,-17.521994134897344,22.652193265098436,22.236634205338802,-0.4155590597596337,0.4155590597596337,-1.8345201936799203,16.017519466499348,15.723674837359804,-0.293844629139544,0.293844629139544,-1.834520193679928,69.07262650873255,68.90601624573304,-0.16661026299951232,0.16661026299951232,-0.24121026146073726,0.23189388149984888,0.22819015949617436,-0.0037037220036745255,0.0037037220036745255,-1.597162451945477,1.1561773408850748,1.338572704839897,0.18239536395482214,0.18239536395482214,15.775725531447899,1.2519353874995898,1.2507054065744683,-0.0012299809251214988,0.0012299809251214988,-0.09824635819090159,326.7460045722768,308.29557242365394,-18.450432148622838,18.450432148622838,-5.646720048734848,92.61347591799787,95.06782770647617,2.4543517884782915,2.4543517884782915,2.650102227727023,3.528061130775237,3.242901198663366,-0.28515993211187096,0.28515993211187096,-8.082624465444324,pleth_6
s8_sit,heartpy,HeartPy,mid_upslope,lipponen_tarvainen,0.75,100.0,True,False,699,508,0.7353842382644932,0.023575638506876228,0.022329930138347248,503,7,5,0.9901574803149606,0.9862745098039216,0.9882121807465619,237.99999999999918,3.211693548386753,4.594658539736477,0.08669354838699363,4.598478487372332,496,709.1536926147706,709.4044265593561,0.2507339445854768,0.2507339445854768,0.03535678474167962,50.13775355295921,49.97635953752658,-0.16139401543263432,0.16139401543263432,-0.3219011702671481,22.62989173637232,22.2151775348129,-0.41471420155941985,0.41471420155941985,-1.8325947220192074,4.3999999999999995,3.6290322580645165,-0.770967741935483,0.770967741935483,-17.521994134897344,22.652193265098436,22.236634205338802,-0.4155590597596337,0.4155590597596337,-1.8345201936799203,16.017519466499348,15.723674837359804,-0.293844629139544,0.293844629139544,-1.834520193679928,69.07262650873255,68.90601624573304,-0.16661026299951232,0.16661026299951232,-0.24121026146073726,0.23189388149984888,0.22819015949617436,-0.0037037220036745255,0.0037037220036745255,-1.597162451945477,1.1561773408850748,1.338572704839897,0.18239536395482214,0.18239536395482214,15.775725531447899,1.2519353874995898,1.2507054065744683,-0.0012299809251214988,0.0012299809251214988,-0.09824635819090159,326.7460045722768,308.29557242365394,-18.450432148622838,18.450432148622838,-5.646720048734848,92.61347591799787,95.06782770647617,2.4543517884782915,2.4543517884782915,2.650102227727023,3.528061130775237,3.242901198663366,-0.28515993211187096,0.28515993211187096,-8.082624465444324,pleth_6
s8_sit,findpeaks,find_peaks baseline,mid_upslope,lipponen_tarvainen,0.75,100.0,True,False,699,508,0.7353842382644932,0.023575638506876228,0.0001481063852515512,503,7,5,0.9901574803149606,0.9862745098039216,0.9882121807465619,237.99999999999918,3.211693548386753,4.594658539736477,0.08669354838699363,4.598478487372332,496,709.1536926147706,709.4044265593561,0.2507339445854768,0.2507339445854768,0.03535678474167962,50.13775355295921,49.97635953752658,-0.16139401543263432,0.16139401543263432,-0.3219011702671481,22.62989173637232,22.2151775348129,-0.41471420155941985,0.41471420155941985,-1.8325947220192074,4.3999999999999995,3.6290322580645165,-0.770967741935483,0.770967741935483,-17.521994134897344,22.652193265098436,22.236634205338802,-0.4155590597596337,0.4155590597596337,-1.8345201936799203,16.017519466499348,15.723674837359804,-0.293844629139544,0.293844629139544,-1.834520193679928,69.07262650873255,68.90601624573304,-0.16661026299951232,0.16661026299951232,-0.24121026146073726,0.23189388149984888,0.22819015949617436,-0.0037037220036745255,0.0037037220036745255,-1.597162451945477,1.1561773408850748,1.338572704839897,0.18239536395482214,0.18239536395482214,15.775725531447899,1.2519353874995898,1.2507054065744683,-0.0012299809251214988,0.0012299809251214988,-0.09824635819090159,326.7460045722768,308.29557242365394,-18.450432148622838,18.450432148622838,-5.646720048734848,92.61347591799787,95.06782770647617,2.4543517884782915,2.4543517884782915,2.650102227727023,3.528061130775237,3.242901198663366,-0.28515993211187096,0.28515993211187096,-8.082624465444324,pleth_6
s8_sit,msptdfast,MSPTDfast v2,mid_upslope,lipponen_tarvainen,0.5,100.0,True,False,697,338,0.49025615884299545,0.05934718100890208,0.021810773379044527,328,10,10,0.9704142011834319,0.9704142011834319,0.9704142011834319,237.9999999999954,3.0536277602504613,4.3512933644141905,0.08201892744462388,4.3573985924274545,317,713.5779816513765,713.5583596214511,-0.01962202992535822,0.01962202992535822,-0.002749808770717466,44.97312631330253,45.05145336684726,0.0783270535447329,0.0783270535447329,0.17416412859331212,22.7876298376894,22.668985671890145,-0.11864416579925674,0.11864416579925674,-0.5206516282927602,4.9079754601226995,3.481012658227848,-1.4269628018948515,1.4269628018948515,-29.074367088607598,22.822421767787525,22.704530611029703,-0.11789115675782114,0.11789115675782114,-0.5165584877772148,16.137889195102034,16.05452755871665,-0.08336163638538352,0.08336163638538352,-0.5165584877772267,61.52018134816523,61.656459886996714,0.13627853883148333,0.13627853883148333,0.22151842833530216,0.26231862197823846,0.26038678815068544,-0.00193183382755302,0.00193183382755302,-0.7364455534968775,1.3549080472992199,1.2941116733168827,-0.06079637398233717,0.06079637398233717,-4.4871217721028716,1.1954407477280178,1.1306906196609317,-0.06475012806708613,0.06475012806708613,-5.4164230381260055,202.48922485033347,206.4376378748729,3.948413024539434,3.948413024539434,1.9499373497319858,54.68208016507901,51.5323030464043,-3.149777118674706,3.149777118674706,-5.760163309745872,3.7030271020970935,4.005985094222899,0.3029579921258052,0.3029579921258052,8.181360378222305,pleth_6
s8_sit,msptd,MSPTD,mid_upslope,lipponen_tarvainen,0.5,100.0,True,False,697,338,0.49025615884299545,0.05934718100890208,0.894660607917375,328,10,10,0.9704142011834319,0.9704142011834319,0.9704142011834319,237.9999999999954,3.0536277602504613,4.3512933644141905,0.08201892744462388,4.3573985924274545,317,713.5779816513765,713.5583596214511,-0.01962202992535822,0.01962202992535822,-0.002749808770717466,44.97312631330253,45.05145336684726,0.0783270535447329,0.0783270535447329,0.17416412859331212,22.7876298376894,22.668985671890145,-0.11864416579925674,0.11864416579925674,-0.5206516282927602,4.9079754601226995,3.481012658227848,-1.4269628018948515,1.4269628018948515,-29.074367088607598,22.822421767787525,22.704530611029703,-0.11789115675782114,0.11789115675782114,-0.5165584877772148,16.137889195102034,16.05452755871665,-0.08336163638538352,0.08336163638538352,-0.5165584877772267,61.52018134816523,61.656459886996714,0.13627853883148333,0.13627853883148333,0.22151842833530216,0.26231862197823846,0.26038678815068544,-0.00193183382755302,0.00193183382755302,-0.7364455534968775,1.3549080472992199,1.2941116733168827,-0.06079637398233717,0.06079637398233717,-4.4871217721028716,1.1954407477280178,1.1306906196609317,-0.06475012806708613,0.06475012806708613,-5.4164230381260055,202.48922485033347,206.4376378748729,3.948413024539434,3.948413024539434,1.9499373497319858,54.68208016507901,51.5323030464043,-3.149777118674706,3.149777118674706,-5.760163309745872,3.7030271020970935,4.005985094222899,0.3029579921258052,0.3029579921258052,8.181360378222305,pleth_6
s8_sit,qppg,qppg (slope-sum),mid_upslope,lipponen_tarvainen,0.5,100.0,True,False,699,338,0.49025615884299545,0.05917159763313609,0.003444257874932082,328,11,10,0.9704142011834319,0.967551622418879,0.9689807976366321,238.0000000000025,3.031545741322943,4.350930862363461,0.08517350157721965,4.356974735566623,317,713.5779816513765,713.37106918239,-0.20691246898650206,0.20691246898650206,-0.02899647611150516,44.97312631330253,45.10290420736144,0.12977789405891116,0.12977789405891116,0.288567650722837,22.7876298376894,22.721881781048076,-0.06574805664132555,0.06574805664132555,-0.28852520911403484,4.9079754601226995,3.4700315457413247,-1.4379439143813748,1.4379439143813748,-29.298107255520513,22.822421767787525,22.756401987352376,-0.06601978043514833,0.06601978043514833,-0.2892759633788351,16.137889195102034,16.091206160663894,-0.04668303443813926,0.04668303443813926,-0.2892759633788284,61.52018134816523,61.72209507276837,0.20191372460313772,0.20191372460313772,0.3282072974727334,0.26231862197823846,0.2607041472213942,-0.0016144747568442863,0.0016144747568442863,-0.6154632655009222,1.3549080472992199,1.297360522788406,-0.05754752451081391,0.05754752451081391,-4.247338011278711,1.1954407477280178,1.177381178179436,-0.018059569548581678,0.018059569548581678,-1.5107038623959073,202.48922485033347,204.87289818415988,2.3836733338264082,2.3836733338264082,1.1771852727414314,54.68208016507901,51.04181848353378,-3.6402616815452262,3.6402616815452262,-6.657138262764856,3.7030271020970935,4.013824433983526,0.31079733188643255,0.31079733188643255,8.39306122578531,pleth_6
s8_sit,terma,TERMA,mid_upslope,lipponen_tarvainen,0.5,100.0,True,False,699,338,0.49025615884299545,0.05917159763313609,0.000418470400927584,328,11,10,0.9704142011834319,0.967551622418879,0.9689807976366321,237.9999999999954,3.0536277602504613,4.3512933644141905,0.08201892744462388,4.3573985924274545,317,713.5779816513765,713.3679245283018,-0.2100571230746482,0.2100571230746482,-0.029437164329051996,44.97312631330253,45.108350204140805,0.1352238908382759,0.1352238908382759,0.30067709746537735,22.7876298376894,22.728406051466397,-0.05922378622300428,0.05922378622300428,-0.2598944543370264,4.9079754601226995,3.4700315457413247,-1.4379439143813748,1.4379439143813748,-29.298107255520513,22.822421767787525,22.762936975802592,-0.05948479198493217,0.05948479198493217,-0.2606418923906287,16.137889195102034,16.095827095312018,-0.04206209979001585,0.04206209979001585,-0.2606418923906232,61.52018134816523,61.72884954700386,0.2086681988386303,0.2086681988386303,0.3391865795350969,0.26231862197823846,0.2607504791265507,-0.0015681428516877705,0.0015681428516877705,-0.5978008117997284,1.3549080472992199,1.2954070102855677,-0.05950103701365217,0.05950103701365217,-4.39151846003553,1.1954407477280178,1.1775936542733865,-0.017847093454631313,0.017847093454631313,-1.4929299915993677,202.48922485033347,205.28083627707355,2.791611426740076,2.791611426740076,1.3786469027196133,54.68208016507901,51.3976301142554,-3.284450050823608,3.284450050823608,-6.00644679373613,3.7030271020970935,3.9939747381492174,0.2909476360521239,0.2909476360521239,7.85702151321968,pleth_6
s8_sit,heartpy,HeartPy,mid_upslope,lipponen_tarvainen,0.5,100.0,True,False,699,338,0.49025615884299545,0.05917159763313609,0.020802622870211084,328,11,10,0.9704142011834319,0.967551622418879,0.9689807976366321,237.9999999999954,3.0536277602504613,4.3512933644141905,0.08201892744462388,4.3573985924274545,317,713.5779816513765,713.3679245283018,-0.2100571230746482,0.2100571230746482,-0.029437164329051996,44.97312631330253,45.108350204140805,0.1352238908382759,0.1352238908382759,0.30067709746537735,22.7876298376894,22.728406051466397,-0.05922378622300428,0.05922378622300428,-0.2598944543370264,4.9079754601226995,3.4700315457413247,-1.4379439143813748,1.4379439143813748,-29.298107255520513,22.822421767787525,22.762936975802592,-0.05948479198493217,0.05948479198493217,-0.2606418923906287,16.137889195102034,16.095827095312018,-0.04206209979001585,0.04206209979001585,-0.2606418923906232,61.52018134816523,61.72884954700386,0.2086681988386303,0.2086681988386303,0.3391865795350969,0.26231862197823846,0.2607504791265507,-0.0015681428516877705,0.0015681428516877705,-0.5978008117997284,1.3549080472992199,1.2954070102855677,-0.05950103701365217,0.05950103701365217,-4.39151846003553,1.1954407477280178,1.1775936542733865,-0.017847093454631313,0.017847093454631313,-1.4929299915993677,202.48922485033347,205.28083627707355,2.791611426740076,2.791611426740076,1.3786469027196133,54.68208016507901,51.3976301142554,-3.284450050823608,3.284450050823608,-6.00644679373613,3.7030271020970935,3.9939747381492174,0.2909476360521239,0.2909476360521239,7.85702151321968,pleth_6
s8_sit,findpeaks,find_peaks baseline,mid_upslope,lipponen_tarvainen,0.5,100.0,True,False,699,338,0.49025615884299545,0.05917159763313609,0.00016479960704736664,328,11,10,0.9704142011834319,0.967551622418879,0.9689807976366321,237.9999999999954,3.0536277602504613,4.3512933644141905,0.08201892744462388,4.3573985924274545,317,713.5779816513765,713.3679245283018,-0.2100571230746482,0.2100571230746482,-0.029437164329051996,44.97312631330253,45.108350204140805,0.1352238908382759,0.1352238908382759,0.30067709746537735,22.7876298376894,22.728406051466397,-0.05922378622300428,0.05922378622300428,-0.2598944543370264,4.9079754601226995,3.4700315457413247,-1.4379439143813748,1.4379439143813748,-29.298107255520513,22.822421767787525,22.762936975802592,-0.05948479198493217,0.05948479198493217,-0.2606418923906287,16.137889195102034,16.095827095312018,-0.04206209979001585,0.04206209979001585,-0.2606418923906232,61.52018134816523,61.72884954700386,0.2086681988386303,0.2086681988386303,0.3391865795350969,0.26231862197823846,0.2607504791265507,-0.0015681428516877705,0.0015681428516877705,-0.5978008117997284,1.3549080472992199,1.2954070102855677,-0.05950103701365217,0.05950103701365217,-4.39151846003553,1.1954407477280178,1.1775936542733865,-0.017847093454631313,0.017847093454631313,-1.4929299915993677,202.48922485033347,205.28083627707355,2.791611426740076,2.791611426740076,1.3786469027196133,54.68208016507901,51.3976301142554,-3.284450050823608,3.284450050823608,-6.00644679373613,3.7030271020970935,3.9939747381492174,0.2909476360521239,0.2909476360521239,7.85702151321968,pleth_6
s9_sit,msptdfast,MSPTDfast v2,mid_upslope,lipponen_tarvainen,1.0,100.0,True,False,549,557,0.9859623608868732,0.009124087591240875,0.021920001478958374,538,16,19,0.9658886894075404,0.9711191335740073,0.9684968496849685,312.99999999999994,16.17202268431136,25.31364687942881,-0.2589792060492585,25.336280724005942,529,875.4604316546763,877.1066907775769,1.6462591229005739,1.6462591229005739,0.1880449490777143,126.45211413916228,131.13083068400456,4.678716544842288,4.678716544842288,3.6999907646409906,62.185482503830606,76.65303911650942,14.467556612678813,14.467556612678813,23.26516741554207,36.03603603603604,40.39855072463768,4.362514688601642,4.362514688601642,12.105978260869556,62.239444175113725,76.72068834819778,14.481244173084058,14.481244173084058,23.26698826605901,44.00993303350448,54.2497189883104,10.239785954805917,10.239785954805917,23.266988266059013,173.33032087581762,177.3345919482251,4.004271072407477,4.004271072407477,2.3101965381327214,0.2539078726164441,0.30591729674574286,0.052009424129298765,0.052009424129298765,20.48358075445134,1.1901059154575024,1.381116660684719,0.1910107452272165,0.1910107452272165,16.049894614109856,1.2065278691742076,1.117162224680152,-0.0893656444940556,0.0893656444940556,-7.40684461397653,3436.4082964011973,3648.288296122206,211.87999972100852,211.87999972100852,6.165739965850429,1115.4182136210668,1523.6974842609795,408.27927063991274,408.27927063991274,36.60324581884715,3.080824980654856,2.394365242318222,-0.6864597383366342,0.6864597383366342,-22.281685673384835,pleth_6
s9_sit,msptd,MSPTD,mid_upslope,lipponen_tarvainen,1.0,100.0,True,False,549,557,0.9859623608868732,0.005474452554744526,0.9126605331583707,532,20,25,0.9551166965888689,0.9637681159420289,0.9594229035166816,312.99999999999994,16.373563218391872,25.851513810287013,-0.2432950191572214,25.875165452660568,522,875.4604316546763,878.8784029038112,3.4179712491348937,3.4179712491348937,0.39041984372437133,126.45211413916228,131.22411677594366,4.77200263678138,4.77200263678138,3.77376263676361,62.185482503830606,78.04075858165423,15.855276077823625,15.855276077823625,25.496748500499205,36.03603603603604,40.18181818181818,4.145782145782142,4.145782145782142,11.504545454545443,62.239444175113725,78.11013958684181,15.870695411728086,15.870695411728086,25.49941700487412,44.00993303350448,55.23220938128364,11.222276347779157,11.222276347779157,25.499417004874125,173.33032087581762,177.16924308162248,3.838922205804863,3.838922205804863,2.214801303319144,0.2539078726164441,0.3117482945718629,0.05784042195541883,0.05784042195541883,22.780082145303613,1.1901059154575024,1.3649245212572867,0.17481860579978425,0.17481860579978425,14.689331724948211,1.2065278691742076,1.1194832552037515,-0.08704461397045615,0.08704461397045615,-7.214471890320505,3436.4082964011973,3747.034114091637,310.6258176904398,310.6258176904398,9.03925817010001,1115.4182136210668,1566.8383294573546,451.4201158362878,451.4201158362878,40.470929228491656,3.080824980654856,2.3914618653663857,-0.6893631152884705,0.6893631152884705,-22.375925916503714,pleth_6
s9_sit,qppg,qppg (slope-sum),mid_upslope,lipponen_tarvainen,1.0,100.0,True,False,519,557,0.9859623608868732,0.03088803088803089,0.003024858575445754,513,9,44,0.9210053859964094,0.9827586206896551,0.9508804448563485,310.99999999997675,10.752988047809009,14.117887272386588,-0.2111553784861955,14.130389211242449,502,875.4604316546763,873.5748031496062,-1.8856285050701445,1.8856285050701445,-0.21538706226918625,126.45211413916228,131.70184902441716,5.249734885254881,5.249734885254881,4.151559601034014,62.185482503830606,86.43538020215013,24.249897698319522,24.249897698319522,38.99607548566619,36.03603603603604,37.08086785009862,1.044831814062583,1.044831814062583,2.8994082840236675,62.239444175113725,86.51970721186902,24.280263036755294,24.280263036755294,39.011053775547204,44.00993303350448,61.17867167578723,17.168738642282747,17.168738642282747,39.011053775547204,173.33032087581762,175.9202211369886,2.589900261170982,2.589900261170982,1.4941991961270953,0.2539078726164441,0.34776372653685766,0.09385585392041357,0.09385585392041357,36.964530856509995,1.1901059154575024,1.2775718230765616,0.08746590761905915,0.08746590761905915,7.3494221382334155,1.2065278691742076,1.0324788455879883,-0.17404902358621932,0.17404902358621932,-14.425611544749888,3436.4082964011973,4337.040484206838,900.632187805641,900.632187805641,26.208532575969926,1115.4182136210668,1770.5613472108887,655.1431335898219,655.1431335898219,58.73520134326846,3.080824980654856,2.449528501816018,-0.6312964788388382,0.6312964788388382,-20.491150351054692,pleth_6
s9_sit,terma,TERMA,mid_upslope,lipponen_tarvainen,1.0,100.0,True,False,551,557,0.9859623608868732,0.007272727272727273,0.00043512983880340014,537,18,20,0.9640933572710951,0.9675675675675676,0.9658273381294964,312.99999999999994,16.612167300381522,27.087732410599358,-0.5399239543726962,27.10813132611969,526,875.4604316546763,877.6191335740073,2.1587019193309516,2.1587019193309516,0.24657903901503198,126.45211413916228,132.64606154761736,6.193947408455088,6.193947408455088,4.898255320301378,62.185482503830606,87.6026600040382,25.417177500207593,25.417177500207593,40.87316922987918,36.03603603603604,41.22965641952984,5.193620383493801,5.193620383493801,14.412296564195298,62.239444175113725,87.68183936557263,25.442395190458903,25.442395190458903,40.87824936044653,44.00993303350448,62.000423202305974,17.990490168801493,17.990490168801493,40.87824936044653,173.33032087581762,177.04774161486372,3.717420739046105,3.717420739046105,2.1447030849896414,0.2539078726164441,0.35019042116434906,0.09628254854790497,0.09628254854790497,37.92026909435392,1.1901059154575024,1.3633693805367937,0.17326346507929125,0.17326346507929125,14.558659261237686,1.2065278691742076,1.0136275689053689,-0.19290030026883875,0.19290030026883875,-15.988051763849175,3436.4082964011973,3546.6699882006246,110.26169179942735,110.26169179942735,3.20863187051724,1115.4182136210668,1912.8514546045208,797.433240983454,797.433240983454,71.4918611912106,3.080824980654856,1.8541272400756772,-1.226697740579179,1.226697740579179,-39.81718365314065,pleth_6
s9_sit,heartpy,HeartPy,mid_upslope,lipponen_tarvainen,1.0,100.0,True,False,483,557,0.9859623608868732,0.12655601659751037,0.009223677886236159,489,45,68,0.8779174147217235,0.9157303370786517,0.8964252978918423,310.0000000000004,15.259656652361768,24.062106693737093,-0.16523605150230036,24.08739807156749,466,875.4604316546763,878.2198852772467,2.7594536225703905,2.7594536225703905,0.31520026751578556,126.45211413916228,165.45206684638794,38.99995270722566,38.99995270722566,30.841677082840768,62.185482503830606,123.49274413667479,61.30726163284418,61.30726163284418,98.58773971733302,36.03603603603604,39.46360153256705,3.4275654965310096,3.4275654965310096,9.51149425287355,62.239444175113725,123.61111424852929,61.371670073415565,61.371670073415565,98.60574895357895,44.00993303350448,87.40625711516013,43.39632408165565,43.39632408165565,98.60574895357897,173.33032087581762,217.04589160958972,43.7155707337721,43.7155707337721,25.2209599064275,0.2539078726164441,0.40270864593180933,0.14880077331536523,0.14880077331536523,58.60423774261826,1.1901059154575024,1.1321151804909302,-0.057990734966572255,0.057990734966572255,-4.872737309626712,1.2065278691742076,1.0351669028971608,-0.17136096627704678,0.17136096627704678,-14.202818737567378,3436.4082964011973,12063.046786053834,8626.638489652636,8626.638489652636,251.03648186063756,1115.4182136210668,3803.4017550134486,2687.983541392382,2687.983541392382,240.9843687836311,3.080824980654856,3.171646742328219,0.09082176167336264,0.09082176167336264,2.947968879882871,pleth_6
s9_sit,findpeaks,find_peaks baseline,mid_upslope,lipponen_tarvainen,1.0,100.0,True,False,564,557,0.9859623608868732,0.003552397868561279,0.00014335892756113235,536,26,21,0.9622980251346499,0.9537366548042705,0.9579982126899016,312.99999999999994,16.065009560230706,25.05901256830776,-0.9751434034419034,25.06400530260162,523,875.4604316546763,867.174688057041,-8.28574359763536,8.28574359763536,-0.9464440993609241,126.45211413916228,140.57136520395727,14.119251064794994,14.119251064794994,11.165690001241549,62.185482503830606,78.67202488813938,16.48654238430877,16.48654238430877,26.51188303201347,36.03603603603604,39.464285714285715,3.428249678249678,3.428249678249678,9.513392857142854,62.239444175113725,78.7415586971827,16.502114522068972,16.502114522068972,26.51391692322872,44.00993303350448,55.67869011597646,11.668757082471977,11.668757082471977,26.513916923228734,173.33032087581762,190.84155967078482,17.5112387949672,17.5112387949672,10.102813348804167,0.2539078726164441,0.2917534849957532,0.03784561237930911,0.03784561237930911,14.905253621843816,1.1901059154575024,1.2469291654271828,0.056823249969680356,0.056823249969680356,4.774638057977913,1.2065278691742076,1.1943702435332681,-0.012157625640939473,0.012157625640939473,-1.0076539424870976,3436.4082964011973,4023.944781166343,587.5364847651458,587.5364847651458,17.09740036946272,1115.4182136210668,1572.289547444899,456.8713338238322,456.8713338238322,40.959644395679724,3.080824980654856,2.5592899143199084,-0.5215350663349478,0.5215350663349478,-16.92842240665327,pleth_6
s9_sit,msptdfast,MSPTDfast v2,mid_upslope,lipponen_tarvainen,0.9,100.0,True,False,549,494,0.8832579482944906,0.043121149897330596,0.02755848605459506,473,20,21,0.9574898785425101,0.9594320486815415,0.9584599797365755,312.99999999999994,14.989200863932751,22.680902233682993,-0.5745140388772245,22.698150050753267,463,872.7786885245902,872.1029411764704,-0.6757473481197849,0.6757473481197849,-0.07742482223782507,127.59992741014061,131.44580597006805,3.845878559927442,3.845878559927442,3.0140131252314513,64.47870253100726,77.04746315711743,12.568760626110176,12.568760626110176,19.492887004148333,35.318275154004105,40.21052631578947,4.892251161785367,4.892251161785367,13.851897184822523,64.54428764075082,77.12814570198773,12.58385806123691,12.58385806123691,19.496470595938437,45.63970347762998,54.5378348462196,8.898131368589624,8.898131368589624,19.496470595938444,174.58665589506066,177.712195373666,3.125539478605333,3.125539478605333,1.7902510719284357,0.2614157608074169,0.30688853250361237,0.04547277169619546,0.04547277169619546,17.394808773482836,1.158479087690683,1.3633913992506463,0.20491231155996337,0.20491231155996337,17.688045795322594,1.2371360979728254,1.135193626622262,-0.10194247135056345,0.10194247135056345,-8.240198593962834,2993.4291225204684,3121.165135072464,127.73601255199583,127.73601255199583,4.267213530829888,1069.7955742525894,1399.9445456734825,330.1489714208931,330.1489714208931,30.860940105454354,2.7981318997433897,2.229491978606153,-0.5686399211372368,0.5686399211372368,-20.322127101634685,pleth_6
s9_sit,msptd,MSPTD,mid_upslope,lipponen_tarvainen,0.9,100.0,True,False,549,494,0.8832579482944906,0.03680981595092025,0.8948749922967874,474,19,20,0.9595141700404858,0.9614604462474645,0.9604863221884499,312.99999999999994,15.721982758621975,24.504793690072884,-0.47198275862111233,24.526691757901368,464,872.7786885245902,872.4968553459117,-0.2818331786784256,0.2818331786784256,-0.032291482638612236,127.59992741014061,131.47530078680612,3.8753733766655074,3.8753733766655074,3.0371281985208434,64.47870253100726,77.92915873735909,13.45045620635183,13.45045620635183,20.86030840940638,35.318275154004105,40.33613445378151,5.017859299777406,5.017859299777406,14.207543482509283,64.54428764075082,78.01059069166072,13.4663030509099,13.4663030509099,20.86366360701421,45.63970347762998,55.161817682441466,9.522114204811487,9.522114204811487,20.863663607014214,174.58665589506066,177.56318116076702,2.976525265706357,2.976525265706357,1.7048984932132878,0.2614157608074169,0.3106602242753105,0.04924446346789357,0.04924446346789357,18.837603102351437,1.158479087690683,1.3384995397202069,0.18002045202952388,0.18002045202952388,15.539378651053374,1.2371360979728254,1.1347653662438926,-0.10237073172893285,0.10237073172893285,-8.2748156728009,2993.4291225204684,3137.5215805974653,144.092458076997,144.092458076997,4.8136251830032,1069.7955742525894,1427.5276840078518,357.7321097552624,357.7321097552624,33.439296101518394,2.7981318997433897,2.1978709174933297,-0.60026098225006,0.60026098225006,-21.452204676452475,pleth_6
s9_sit,qppg,qppg (slope-sum),mid_upslope,lipponen_tarvainen,0.9,100.0,True,False,519,494,0.8832579482944906,0.02754237288135593,0.003024957172432603,470,5,24,0.951417004048583,0.9894736842105263,0.9700722394220846,310.99999999997675,10.559652928417064,13.8517092142499,-0.08676789587881792,13.86648518865787,461,872.7786885245902,873.3326133909285,0.5539248663383205,0.5539248663383205,0.06346681852128129,127.59992741014061,132.24353417968254,4.6436067695419325,4.6436067695419325,3.6391923285474346,64.47870253100726,80.32179597774693,15.843093446739672,15.843093446739672,24.57104877245454,35.318275154004105,36.58008658008658,1.261811426082474,1.261811426082474,3.572687002919563,64.54428764075082,80.4082852533277,15.863997612576881,15.863997612576881,24.578468819541133,45.63970347762998,56.857243766210296,11.217540288580317,11.217540288580317,24.57846881954114,174.58665589506066,178.16834313641542,3.581687241354757,3.581687241354757,2.0515240543398763,0.2614157608074169,0.31912090983905755,0.057705149031640646,0.057705149031640646,22.074089509144635,1.158479087690683,1.2844618409513138,0.1259827532606308,0.1259827532606308,10.874840521443105,1.2371360979728254,1.136254322793028,-0.10088177517979746,0.10088177517979746,-8.154460559764008,2993.4291225204684,4989.314632172062,1995.885509651594,1995.885509651594,66.67555595807987,1069.7955742525894,2033.3468858357633,963.5513115831739,963.5513115831739,90.0687322675042,2.7981318997433897,2.4537449398956404,-0.34438695984774936,0.34438695984774936,-12.3077457456288,pleth_6
s9_sit,terma,TERMA,mid_upslope,lipponen_tarvainen,0.9,100.0,True,False,551,494,0.8832579482944906,0.03665987780040733,0.00040251913379659864,475,19,19,0.9615384615384616,0.9615384615384616,0.9615384615384616,312.50000000000466,15.213362068966983,23.827821684049322,-1.0711206896555476,23.829426833026005,464,872.7786885245902,868.8259958071278,-3.952692717462355,3.952692717462355,-0.4528860259115951,127.59992741014061,132.90921079592238,5.309283385781768,5.309283385781768,4.1608827634488375,64.47870253100726,79.34259826322513,14.86389573221787,14.86389573221787,23.05241133701465,35.318275154004105,40.33613445378151,5.017859299777406,5.017859299777406,14.207543482509283,64.54428764075082,79.42554264475534,14.881255004004515,14.881255004004515,23.055882321968728,45.63970347762998,56.162339803527814,10.522636325897835,10.522636325897835,23.055882321968724,174.58665589506066,179.37532778111637,4.78867188605571,4.78867188605571,2.7428624836791946,0.2614157608074169,0.3130995800719048,0.051683819264487896,0.051683819264487896,19.77073574479811,1.158479087690683,1.3325212142525575,0.17404212656187457,0.17404212656187457,15.023329157266954,1.2371360979728254,1.1425471352175716,-0.09458896275525386,0.09458896275525386,-7.645800887246569,2993.4291225204684,3126.41186378912,132.9827412686518,132.9827412686518,4.4424883912628035,1069.7955742525894,1442.5567105373395,372.76113628475014,372.76113628475014,34.844146419766126,2.7981318997433897,2.167271373771198,-0.6308605259721918,0.6308605259721918,-22.54577513054501,pleth_6
s9_sit,heartpy,HeartPy,mid_upslope,lipponen_tarvainen,0.9,100.0,True,False,483,494,0.8832579482944906,0.10440835266821345,0.00912572252587892,431,13,63,0.8724696356275303,0.9707207207207207,0.9189765458422174,310.0000000000095,12.43073047859057,19.258352239543395,-0.14357682619694234,19.282117122072428,397,872.7786885245902,857.3682926829267,-15.410395841663444,15.410395841663444,-1.7656705009278264,127.59992741014061,141.80055372317094,14.200626313030327,14.200626313030327,11.129023817847232,64.47870253100726,140.1964479214081,75.71774539040084,75.71774539040084,117.4306281271538,35.318275154004105,40.58679706601467,5.268521912010563,5.268521912010563,14.917268436913629,64.54428764075082,140.36805051864562,75.8237628778948,75.8237628778948,117.4755592623855,45.63970347762998,99.2552003836702,53.61549690604022,53.61549690604022,117.4755592623855,174.58665589506066,174.25039245061473,-0.33626344444593315,0.33626344444593315,-0.19260546730905487,0.2614157608074169,0.5696124926192099,0.30819673181179297,0.30819673181179297,117.89523740262901,1.158479087690683,1.246213558137258,0.08773447044657501,0.08773447044657501,7.573245937608186,1.2371360979728254,0.9060005788903673,-0.3311355190824581,0.3311355190824581,-26.76629674172936,2993.4291225204684,7068.240774608059,4074.8116520875906,4074.8116520875906,136.12520909319537,1069.7955742525894,3452.966595648015,2383.1710213954257,2383.1710213954257,222.76882413356623,2.7981318997433897,2.0470052573102198,-0.75112664243317,0.75112664243317,-26.843861166875445,pleth_6
s9_sit,findpeaks,find_peaks baseline,mid_upslope,lipponen_tarvainen,0.9,100.0,True,False,564,494,0.8832579482944906,0.04790419161676647,0.00014934864877910883,471,26,23,0.9534412955465587,0.9476861167002012,0.9505549949545913,312.00000000001904,15.50108932461979,23.956796625907618,-0.6819172113290927,23.973218313697686,459,872.7786885245902,870.4528301886792,-2.3258583359109934,2.3258583359109934,-0.26648890108015777,127.59992741014061,155.06416528124151,27.464237871100906,27.464237871100906,21.523709635682966,64.47870253100726,103.24884275095704,38.77014021994978,38.77014021994978,60.12859858851154,35.318275154004105,39.49579831932773,4.1775231653236276,4.1775231653236276,11.828219659957016,64.54428764075082,103.35365829035374,38.80937064960291,38.80937064960291,60.12828101165709,45.63970347762998,73.08207263754636,27.44236915991638,27.44236915991638,60.12828101165707,174.58665589506066,206.7578326635699,32.17117676850924,32.17117676850924,18.427053662020118,0.2614157608074169,0.35346700870318803,0.09205124789577113,0.09205124789577113,35.21258535118876,1.158479087690683,1.160873057095841,0.002393969405158014,0.002393969405158014,0.20664761501480036,1.2371360979728254,1.1109410250187695,-0.12619507295405596,0.12619507295405596,-10.200581258669889,2993.4291225204684,10651.057855087318,7657.628732566849,7657.628732566849,255.81459988333123,1069.7955742525894,2358.6313810742263,1288.8358068216369,1288.8358068216369,120.47496155721896,2.7981318997433897,4.515778913378296,1.717647013634906,1.717647013634906,61.385491291258546,pleth_6
s9_sit,msptdfast,MSPTDfast v2,mid_upslope,lipponen_tarvainen,0.75,100.0,True,False,549,413,0.7394717706651549,0.05867970660146699,0.026931796053046252,399,16,14,0.9661016949152542,0.9614457831325302,0.963768115942029,312.9999999999903,15.45974025974223,23.263817287909134,-0.8000000000003458,23.28031178199062,385,873.2555831265508,869.9518987341769,-3.3036843923739525,3.3036843923739525,-0.37831815292215404,126.28965240990941,128.97453892357257,2.684886513663159,2.684886513663159,2.125975060053683,69.92910411259382,80.57239705701167,10.643292944417851,10.643292944417851,15.2201191184731,37.3134328358209,41.62436548223351,4.31093264641261,4.31093264641261,11.553299492385793,70.01141881352825,80.67101952017117,10.65960070664292,10.65960070664292,15.225517333157049,49.50554900353726,57.04302494794538,7.537475944408122,7.537475944408122,15.225517333157049,171.6023112591723,173.24825160989172,1.6459403507194281,1.6459403507194281,0.9591597797500243,0.2884899896760053,0.3292559920107642,0.04076600233475891,0.04076600233475891,14.130820407509466,1.1950041343431754,1.4207635539280652,0.22575941958488976,0.22575941958488976,18.89193627844448,1.1184280643391944,1.071084244315847,-0.04734382002334736,0.04734382002334736,-4.233067957868145,2661.2389662205687,2686.967077026257,25.728110805688175,25.728110805688175,0.9667719108377049,1018.7454395929233,1349.7016606881361,330.95622109521287,330.95622109521287,32.48664565580372,2.612270801706816,1.9907859309118172,-0.6214848707949989,0.6214848707949989,-23.79098179212242,pleth_6
s9_sit,msptd,MSPTD,mid_upslope,lipponen_tarvainen,0.75,100.0,True,False,549,413,0.7394717706651549,0.04854368932038835,0.9112674176409735,400,15,13,0.9685230024213075,0.963855421686747,0.9661835748792271,312.9999999999903,15.852331606219073,24.73355422625686,-0.6813471502595436,24.756256231426274,386,873.2555831265508,870.4267676767673,-2.8288154497835194,2.8288154497835194,-0.32393900530877817,126.28965240990941,128.86508376330298,2.5754313533935687,2.5754313533935687,2.0393051245673437,69.92910411259382,79.90061865066713,9.971514538073308,9.971514538073308,14.25946272959258,37.3134328358209,42.025316455696206,4.711883619875309,4.711883619875309,12.627848101265826,70.01141881352825,79.99806686605992,9.986648052531663,9.986648052531663,14.264313196009608,49.50554900353726,56.56717556280583,7.061626559268568,7.061626559268568,14.264313196009606,171.6023112591723,173.24137576079477,1.639064501622471,1.639064501622471,0.9551529286496493,0.2884899896760053,0.32652231786078445,0.03803232818477914,0.03803232818477914,13.183240162853533,1.1950041343431754,1.4022482890621324,0.20724415471895696,0.20724415471895696,17.342547089417984,1.1184280643391944,1.0773686937111873,-0.04105937062800713,0.04105937062800713,-3.6711677699420404,2661.2389662205687,2710.011277004313,48.77231078374416,48.77231078374416,1.8326918928670841,1018.7454395929233,1344.8860845154418,326.1406449225185,326.1406449225185,32.01394894615085,2.612270801706816,2.0150489384985506,-0.5972218632082655,0.5972218632082655,-22.86217274327188,pleth_6
s9_sit,qppg,qppg (slope-sum),mid_upslope,lipponen_tarvainen,0.75,100.0,True,False,519,413,0.7394717706651549,0.052763819095477386,0.005781350521850485,392,9,21,0.9491525423728814,0.9775561097256857,0.963144963144963,310.99999999997675,10.406332453825977,13.825905859044385,-0.005277044855232226,13.844181006489409,379,873.2555831265508,872.7007874015745,-0.5547957249763158,0.5547957249763158,-0.0635318841008676,126.28965240990941,130.56542914895962,4.275776739050215,4.275776739050215,3.385690480144764,69.92910411259382,84.55633438253082,14.627230269937002,14.627230269937002,20.917228177820633,37.3134328358209,37.89473684210527,0.5813040062843697,0.5813040062843697,1.5578947368421108,70.01141881352825,84.66382117707144,14.652402363543189,14.652402363543189,20.928589381353767,49.50554900353726,59.866362075472445,10.360813071935183,10.360813071935183,20.928589381353763,171.6023112591723,174.67306967461363,3.0707584154413325,3.0707584154413325,1.7894621540403044,0.2884899896760053,0.34273378367365587,0.05424379399765056,0.05424379399765056,18.80266072960458,1.1950041343431754,1.314148725408505,0.11914459106532949,0.11914459106532949,9.97022417255622,1.1184280643391944,1.1616626188811687,0.043234554541974335,0.043234554541974335,3.8656535829614387,2661.2389662205687,4668.410516668501,2007.1715504479325,2007.1715504479325,75.42244706038076,1018.7454395929233,1971.5532666249921,952.8078270320689,952.8078270320689,93.5275673393736,2.612270801706816,2.367884548541836,-0.24438625316498008,0.24438625316498008,-9.355318484029373,pleth_6
s9_sit,terma,TERMA,mid_upslope,lipponen_tarvainen,0.75,100.0,True,False,551,413,0.7394717706651549,0.048426150121065374,0.00044919212734217153,397,18,16,0.9612590799031477,0.9566265060240964,0.9589371980676329,312.00000000002814,15.439790575917892,24.074491725319124,-1.2460732984296987,24.073753097825918,382,873.2555831265508,869.9518987341769,-3.3036843923739525,3.3036843923739525,-0.37831815292215404,126.28965240990941,128.88918317013213,2.59953076022272,2.59953076022272,2.0583877701913336,69.92910411259382,82.03813957652677,12.109035463932955,12.109035463932955,17.31615987019658,37.3134328358209,42.13197969543147,4.818546859610571,4.818546859610571,12.913705583756329,70.01141881352825,82.13869395338492,12.127275139856664,12.127275139856664,17.32185312821188,49.50554900353726,58.08082749224494,8.575278488707681,8.575278488707681,17.321853128211874,171.6023112591723,172.7757522175604,1.1734409583881131,1.1734409583881131,0.6838141921153126,0.2884899896760053,0.33616307118784333,0.04767308151183802,0.04767308151183802,16.52503837841246,1.1950041343431754,1.3997173814520312,0.20471324710885574,0.20471324710885574,17.13075639034293,1.1184280643391944,1.0674436962163203,-0.0509843681228741,0.0509843681228741,-4.558573747252794,2661.2389662205687,2763.967442076455,102.72847585588624,102.72847585588624,3.8601747967706523,1018.7454395929233,1376.2963444213387,357.55090482841547,357.55090482841547,35.097178444429446,2.612270801706816,2.0082647558281206,-0.6040060458786956,0.6040060458786956,-23.121877160822972,pleth_6
s9_sit,heartpy,HeartPy,mid_upslope,lipponen_tarvainen,0.75,100.0,True,False,483,413,0.7394717706651549,0.1448087431693989,0.008966095219236091,355,26,58,0.8595641646489104,0.931758530183727,0.8942065491183879,309.00000000003314,13.161094224925025,20.741717503251895,0.10334346504524612,20.77305406945327,329,873.2555831265508,852.3812316715541,-20.874351454996713,20.874351454996713,-2.3904057252356137,126.28965240990941,125.2694324467762,-1.020219963133215,1.020219963133215,-0.8078412947260298,69.92910411259382,93.62313376762457,23.694029655030747,23.694029655030747,33.882930370279965,37.3134328358209,41.76470588235294,4.4512730465320445,4.4512730465320445,11.929411764705877,70.01141881352825,93.75746596450126,23.746047150973013,23.746047150973013,33.91739169608799,49.50554900353726,66.29653997036577,16.79099096682851,16.79099096682851,33.917391696087975,171.6023112591723,164.2852099217472,-7.3171013374251,7.3171013374251,-4.263987637307533,0.2884899896760053,0.40354539524248306,0.11505540556647775,0.11505540556647775,39.88194033896743,1.1950041343431754,1.3908710281473025,0.19586689380412703,0.19586689380412703,16.39047834020957,1.1184280643391944,1.0864612851679811,-0.031966779171213267,0.031966779171213267,-2.858188218846273,2661.2389662205687,3097.0327245608482,435.7937583402795,435.7937583402795,16.375596625175827,1018.7454395929233,1315.056999816147,296.31156022322375,296.31156022322375,29.085927524900214,2.612270801706816,2.3550558835045416,-0.2572149182022745,0.2572149182022745,-9.846410947678715,pleth_6
s9_sit,findpeaks,find_peaks baseline,mid_upslope,lipponen_tarvainen,0.75,100.0,True,False,564,413,0.7394717706651549,0.05463182897862233,0.0001422620441529843,398,19,15,0.9636803874092009,0.9544364508393285,0.9590361445783132,312.00000000001904,16.326315789474844,26.01902138213836,-0.8000000000004335,26.041006834208158,380,873.2555831265508,866.7663316582912,-6.489251468259681,6.489251468259681,-0.7431102180905574,126.28965240990941,143.44151836565118,17.15186595574177,17.15186595574177,13.581370784100706,69.92910411259382,111.73237411642596,41.80327000383214,41.80327000383214,59.779501731531006,37.3134328358209,43.32493702770781,6.011504191886914,6.011504191886914,16.110831234256928,70.01141881352825,111.86336401038453,41.85194519685628,41.85194519685628,59.778741676878084,49.50554900353726,79.0993432580821,29.59379425454484,29.59379425454484,59.778741676878106,171.6023112591723,186.79997933144156,15.197668072269266,15.197668072269266,8.856330640743009,0.2884899896760053,0.4234440685763414,0.13495407890033612,0.13495407890033612,46.77946678562369,1.1950041343431754,1.2878542883066382,0.09285015396346274,0.09285015396346274,7.7698604795620305,1.1184280643391944,1.036234905496941,-0.08219315884225331,0.08219315884225331,-7.348989305880467,2661.2389662205687,2791.3949236334633,130.15595741289462,130.15595741289462,4.890803083262348,1018.7454395929233,1621.0393928405538,602.2939532476305,602.2939532476305,59.12114350060786,2.612270801706816,1.72197846391758,-0.8902923377892362,0.8902923377892362,-34.08116559766826,pleth_6
s9_sit,msptdfast,MSPTDfast v2,mid_upslope,lipponen_tarvainen,0.5,100.0,True,False,549,272,0.4929811804434366,0.09191176470588236,0.027313437434495064,260,14,12,0.9558823529411765,0.948905109489051,0.9523809523809523,312.9999999999954,17.040816326532692,26.650496798217848,-0.36326530612310326,26.702571665597226,245,884.5791505791506,883.489959839357,-1.0891907397935938,1.0891907397935938,-0.12313095318609761,137.85090709484857,140.94439856730187,3.0934914724533087,3.0934914724533087,2.24408495935745,70.72525726714673,84.97245758707496,14.247200319928226,14.247200319928226,20.14443053365368,38.759689922480625,44.354838709677416,5.595148787196791,5.595148787196791,14.435483870967719,70.85113200594972,85.13513896452646,14.28400695857674,14.28400695857674,20.160591022564383,50.09931589615029,60.199634079075736,10.100318182925449,10.100318182925449,20.16059102256439,188.40330071546754,190.01750190901436,1.614201193546819,1.614201193546819,0.8567796781780567,0.2659152769930067,0.31681099622023756,0.05089571922723085,0.05089571922723085,19.139825211535083,1.160592508695711,1.3571115943628307,0.19651908566711973,0.19651908566711973,16.93265157190877,1.0623962271954153,0.9645271169520077,-0.09786911024340761,0.09786911024340761,-9.212110109028629,1182.7150178840948,1443.7699708747023,261.0549529906075,261.0549529906075,22.072515275712064,765.9763041430327,1135.0194713373342,369.0431671943014,369.0431671943014,48.1794495728146,1.5440621485116377,1.2720222051993377,-0.27203994331229997,0.27203994331229997,-17.61845814137251,pleth_6
s9_sit,msptd,MSPTD,mid_upslope,lipponen_tarvainen,0.5,100.0,True,False,549,272,0.4929811804434366,0.08791208791208792,0.8808926410229874,260,14,12,0.9558823529411765,0.948905109489051,0.9523809523809523,312.9999999999954,16.73877551020588,26.47964177573777,-0.3632653061231432,26.531350878874985,245,884.5791505791506,883.489959839357,-1.0891907397935938,1.0891907397935938,-0.12313095318609761,137.85090709484857,140.95841620989384,3.107509115045275,3.107509115045275,2.2542536574729595,70.72525726714673,84.95902712674302,14.233769859596293,14.233769859596293,20.125440909789603,38.759689922480625,44.75806451612903,5.998374593648407,5.998374593648407,15.475806451612888,70.85113200594972,85.12156099143425,14.270428985484529,14.270428985484529,20.141426934838766,50.09931589615029,60.19003300222746,10.090717106077172,10.090717106077172,20.141426934838762,188.40330071546754,190.04133794517995,1.6380372297124097,1.6380372297124097,0.8694312803925999,0.2659152769930067,0.31672073904041925,0.05080546204741254,0.05080546204741254,19.105883130117668,1.160592508695711,1.3350010667323402,0.17440855803662925,0.17440855803662925,15.027544700648797,1.0623962271954153,0.9642921693797668,-0.09810405781564846,0.09810405781564846,-9.234224981637041,1182.7150178840948,1441.5724115888283,258.85739370473357,258.85739370473357,21.886708952748023,765.9763041430327,1134.9521444957227,368.97584035268994,368.97584035268994,48.170659895999876,1.5440621485116377,1.2701614059942077,-0.27390074251743,0.27390074251743,-17.73897137375268,pleth_6
s9_sit,qppg,qppg (slope-sum),mid_upslope,lipponen_tarvainen,0.5,100.0,True,False,519,272,0.4929811804434366,0.10227272727272728,0.006416076115953293,255,12,17,0.9375,0.9550561797752809,0.9461966604823747,312.0000000000054,10.242677824266712,13.79193870424499,0.37656903765672917,13.815730406544764,239,884.5791505791506,885.4481327800829,0.8689822009323507,0.8689822009323507,0.09823679434038342,137.85090709484857,144.72453146206922,6.873624367220657,6.873624367220657,4.986274310470258,70.72525726714673,95.05226632402365,24.327009056876918,24.327009056876918,34.39649426086611,38.759689922480625,38.75,-0.009689922480625057,0.009689922480625057,-0.025000000000012644,70.85113200594972,95.24200402418943,24.390872018239705,24.390872018239705,34.42552197499326,50.09931589615029,67.3462668993008,17.246951003150514,17.246951003150514,34.42552197499327,188.40330071546754,193.27405503212032,4.8707543166527785,4.8707543166527785,2.5852807770118327,0.2659152769930067,0.348449598618441,0.08253432162543428,0.08253432162543428,31.03782624253094,1.160592508695711,1.269717161857056,0.10912465316134501,0.10912465316134501,9.40249504832499,1.0623962271954153,1.0075598528884968,-0.054836374306918456,0.054836374306918456,-5.161574646370798,1182.7150178840948,3371.3705310304017,2188.655513146307,2188.655513146307,185.05349809980967,765.9763041430327,1776.7267316073112,1010.7504274642785,1010.7504274642785,131.95583492561127,1.5440621485116377,1.8975177617666057,0.353455613254968,0.353455613254968,22.891281519702638,pleth_6
s9_sit,terma,TERMA,mid_upslope,lipponen_tarvainen,0.5,100.0,True,False,551,272,0.4929811804434366,0.08791208791208792,0.0004196379056127752,259,15,13,0.9522058823529411,0.9452554744525548,0.9487179487179487,312.9999999999954,16.341563786010184,25.7859980507489,-0.11934156378670112,25.838943244536864,243,884.5791505791506,883.365461847389,-1.213688731761522,1.213688731761522,-0.13720521571946356,137.85090709484857,141.81828648997003,3.967379395121469,3.967379395121469,2.878021972239694,70.72525726714673,91.73064971302836,21.005392445881625,21.005392445881625,29.69998732777893,38.759689922480625,45.564516129032256,6.804826206551631,6.804826206551631,17.556451612903206,70.85113200594972,91.90767229448348,21.056540288533753,21.056540288533753,29.719412650690646,50.09931589615029,64.98853832250025,14.88922242634996,14.88922242634996,29.719412650690654,188.40330071546754,189.74019777740128,1.3368970619337404,1.3368970619337404,0.7095932273250156,0.2659152769930067,0.3425132843950298,0.0765980074020231,0.0765980074020231,28.805418127232137,1.160592508695711,1.3329483804145978,0.1723558717188869,0.1723558717188869,14.850679323493365,1.0623962271954153,0.9449823200240519,-0.11741390717136335,0.11741390717136335,-11.051800087931454,1182.7150178840948,1373.0685677963222,190.35354991222744,190.35354991222744,16.09462525070278,765.9763041430327,1154.1214200389304,388.1451158958977,388.1451158958977,50.673253702038586,1.5440621485116377,1.1897089369938272,-0.3543532115178105,0.3543532115178105,-22.949413782300212,pleth_6
s9_sit,heartpy,HeartPy,mid_upslope,lipponen_tarvainen,0.5,100.0,True,False,483,272,0.4929811804434366,0.16455696202531644,0.014019706922929785,223,19,49,0.8198529411764706,0.9214876033057852,0.8677042801556419,310.49999999999767,13.949494949496621,22.52495809926822,1.0909090909083634,22.55555618701194,198,884.5791505791506,861.689320388349,-22.889830190801604,22.889830190801604,-2.5876520123513203,137.85090709484857,137.2268216068437,-0.6240854880048516,0.6240854880048516,-0.45272497741015844,70.72525726714673,107.14330499325749,36.41804772611076,36.41804772611076,51.49228031585776,38.759689922480625,43.41463414634146,4.654944223860838,4.654944223860838,12.00975609756096,70.85113200594972,107.38968358999485,36.53855158404512,36.53855158404512,51.57087903828664,50.09931589615029,75.93597349596307,25.83665759981278,25.83665759981278,51.57087903828665,188.40330071546754,178.5948741309599,-9.808426584507629,9.808426584507629,-5.206080014129166,0.2659152769930067,0.42518562677381655,0.15927034978080984,0.15927034978080984,59.89514840284956,1.160592508695711,1.3540543025464686,0.19346179385075768,0.19346179385075768,16.669226485717417,1.0623962271954153,0.9533755079675,-0.10902071922791523,0.10902071922791523,-10.261775826869737,1182.7150178840948,1663.1007140691675,480.3856961850727,480.3856961850727,40.61719762758184,765.9763041430327,456.6355345178169,-309.34076962521584,309.34076962521584,-40.385161780076665,1.5440621485116377,3.642074670831989,2.098012522320351,2.098012522320351,135.87617080974888,pleth_6
s9_sit,findpeaks,find_peaks baseline,mid_upslope,lipponen_tarvainen,0.5,100.0,True,False,564,272,0.4929811804434366,0.09712230215827339,0.00014980465625637562,256,20,16,0.9411764705882353,0.927536231884058,0.9343065693430658,312.9999999999954,16.285714285716363,25.65544154116718,0.2941176470579317,25.70782045919977,238,884.5791505791506,877.6693227091629,-6.90982786998768,6.90982786998768,-0.7811429723912988,137.85090709484857,153.41347468569856,15.562567590849994,15.562567590849994,11.289419793329428,70.72525726714673,103.87802462503862,33.15276735789189,33.15276735789189,46.87542843805532,38.759689922480625,46.400000000000006,7.640310077519381,7.640310077519381,19.712,70.85113200594972,104.05944925819956,33.20831725224984,33.20831725224984,46.87055282258747,50.09931589615029,73.58114221701037,23.48182632086008,23.48182632086008,46.87055282258747,188.40330071546754,204.10096506464404,15.697664349176506,15.697664349176506,8.331947630197627,0.2659152769930067,0.36051344585120076,0.09459816885819405,0.09459816885819405,35.57455213853015,1.160592508695711,1.277784236559168,0.1171917278634571,0.1171917278634571,10.097577486103086,1.0623962271954153,0.9843367682649449,-0.0780594589304704,0.0780594589304704,-7.347490223731025,1182.7150178840948,1411.3404334637985,228.6254155797037,228.6254155797037,19.330558259818158,765.9763041430327,1363.8650163887914,597.8887122457587,597.8887122457587,78.05577130935808,1.5440621485116377,1.0348094690490055,-0.5092526794626322,0.5092526794626322,-32.981358940345395,pleth_6
s10_sit,msptdfast,MSPTDfast v2,mid_upslope,lipponen_tarvainen,1.0,100.0,True,False,603,604,0.988292847642304,0.0,0.024697055299672154,603,0,1,0.9983443708609272,1.0,0.9991714995857498,274.9999999999685,2.5481727574771527,3.372745955803908,-0.006644518272392012,3.375544184124906,602,804.2719734660033,804.3355481727575,0.06357470675425247,0.06357470675425247,0.007904627893506946,62.96625943969139,63.2595506428552,0.2932912031638111,0.2932912031638111,0.46579105345256083,25.937953054122264,25.87735054472806,-0.06060250939420442,0.06060250939420442,-0.2336441478930543,5.813953488372093,4.9916805324459235,-0.8222729559261692,0.8222729559261692,-14.143094841930113,25.959318442642765,25.89886405190856,-0.06045439073420411,0.06045439073420411,-0.23288127100785935,18.356010105773706,18.313262396133048,-0.04274770964065766,0.04274770964065766,-0.23288127100786343,87.13527729140354,87.56806447262782,0.4327871812242847,0.4327871812242847,0.4966842301734225,0.2106610626186031,0.20913174804562956,-0.0015293145729735336,0.0015293145729735336,-0.7259597734690637,1.2469920328958066,1.2983003641408615,0.05130833124505485,0.05130833124505485,4.114567687004778,1.4222357628070728,1.4222592715152682,2.3508708195452144e-05,2.3508708195452144e-05,0.0016529403078047275,703.4768626141686,727.2264837448303,23.749621130661694,23.749621130661694,3.37603443593105,151.89685797700866,151.58417500783693,-0.3126829691717319,0.3126829691717319,-0.20585216398555134,4.6312798828310715,4.797509263135367,0.16622938030429513,0.16622938030429513,3.5892752005883994,pleth_6
s10_sit,msptd,MSPTD,mid_upslope,lipponen_tarvainen,1.0,100.0,True,False,603,604,0.988292847642304,0.0,0.8804677260619354,603,0,1,0.9983443708609272,1.0,0.9991714995857498,274.9999999999685,2.5481727574771527,3.372745955803908,-0.006644518272392012,3.375544184124906,602,804.2719734660033,804.3355481727575,0.06357470675425247,0.06357470675425247,0.007904627893506946,62.96625943969139,63.2595506428552,0.2932912031638111,0.2932912031638111,0.46579105345256083,25.937953054122264,25.87735054472806,-0.06060250939420442,0.06060250939420442,-0.2336441478930543,5.813953488372093,4.9916805324459235,-0.8222729559261692,0.8222729559261692,-14.143094841930113,25.959318442642765,25.89886405190856,-0.06045439073420411,0.06045439073420411,-0.23288127100785935,18.356010105773706,18.313262396133048,-0.04274770964065766,0.04274770964065766,-0.23288127100786343,87.13527729140354,87.56806447262782,0.4327871812242847,0.4327871812242847,0.4966842301734225,0.2106610626186031,0.20913174804562956,-0.0015293145729735336,0.0015293145729735336,-0.7259597734690637,1.2469920328958066,1.2983003641408615,0.05130833124505485,0.05130833124505485,4.114567687004778,1.4222357628070728,1.4222592715152682,2.3508708195452144e-05,2.3508708195452144e-05,0.0016529403078047275,703.4768626141686,727.2264837448303,23.749621130661694,23.749621130661694,3.37603443593105,151.89685797700866,151.58417500783693,-0.3126829691717319,0.3126829691717319,-0.20585216398555134,4.6312798828310715,4.797509263135367,0.16622938030429513,0.16622938030429513,3.5892752005883994,pleth_6
s10_sit,qppg,qppg (slope-sum),mid_upslope,lipponen_tarvainen,1.0,100.0,True,False,602,604,0.988292847642304,0.0016638935108153079,0.0032216740858068437,603,0,1,0.9983443708609272,1.0,0.9991714995857498,274.9999999999685,2.568106312293777,3.3943474607622375,-0.006644518272391823,3.3971636946030874,602,804.2719734660033,804.3355481727575,0.06357470675425247,0.06357470675425247,0.007904627893506946,62.96625943969139,63.25586816535632,0.2896087256649267,0.2896087256649267,0.4599427189133122,25.937953054122264,25.9253375700281,-0.012615484094165907,0.012615484094165907,-0.04863716141301657,5.813953488372093,4.9916805324459235,-0.8222729559261692,0.8222729559261692,-14.143094841930113,25.959318442642765,25.946891127440608,-0.012427315202156564,0.012427315202156564,-0.04787227072087726,18.356010105773706,18.34722266692232,-0.008787438851385332,0.008787438851385332,-0.04787227072086503,87.13527729140354,87.55563451381212,0.4203572224085832,0.4203572224085832,0.48241910219990103,0.2106610626186031,0.20954930849171105,-0.001111754126892045,0.001111754126892045,-0.5277454281643161,1.2469920328958066,1.3070361629898528,0.06004413009404619,0.06004413009404619,4.815117379267428,1.4222357628070728,1.4219946451989556,-0.00024111760811718064,0.00024111760811718064,-0.016953420411907363,703.4768626141686,725.764851360156,22.287988745987377,22.287988745987377,3.168261805109506,151.89685797700866,151.7316424154693,-0.16521556153935535,0.16521556153935535,-0.10876825481430473,4.6312798828310715,4.783213572373239,0.1519336895421679,0.1519336895421679,3.280598309452458,pleth_6
s10_sit,terma,TERMA,mid_upslope,lipponen_tarvainen,1.0,100.0,True,False,604,604,0.988292847642304,0.0,0.00042785668155548366,603,1,1,0.9983443708609272,0.9983443708609272,0.9983443708609272,274.9999999999685,2.5481727574771527,3.372745955803908,-0.006644518272392012,3.375544184124906,602,804.2719734660033,804.2620232172471,-0.009950248756126712,0.009950248756126712,-0.0012371746230626685,62.96625943969139,63.232768854679904,0.2665094149885121,0.2665094149885121,0.42325749911152466,25.937953054122264,25.97123376716631,0.03328071304404645,0.03328071304404645,0.12830894162929027,5.813953488372093,5.149501661129568,-0.6644518272425248,0.6644518272425248,-11.428571428571427,25.959318442642765,25.99277702701923,0.033458584376464984,0.033458584376464984,0.12888853168619155,18.356010105773706,18.379668897675206,0.02365879190150011,0.02365879190150011,0.12888853168618852,87.13527729140354,87.51544940906481,0.38017211766127446,0.38017211766127446,0.4363010361347423,0.2106610626186031,0.21001627737480882,-0.0006447852437942714,0.0006447852437942714,-0.30607708694683644,1.2469920328958066,1.2984846789510782,0.051492646055271596,0.051492646055271596,4.129348439836753,1.4222357628070728,1.3888410651210172,-0.03339469768605552,0.03339469768605552,-2.348042325988503,703.4768626141686,725.7155617735141,22.238699159345515,22.238699159345515,3.1612552368396276,151.89685797700866,151.30926306114145,-0.5875949158672142,0.5875949158672142,-0.38683809770189814,4.6312798828310715,4.796240144797117,0.16496026196604507,0.16496026196604507,3.561872012477163,pleth_6
s10_sit,heartpy,HeartPy,mid_upslope,lipponen_tarvainen,1.0,100.0,True,False,603,604,0.988292847642304,0.0016611295681063123,0.022568396041805848,603,1,1,0.9983443708609272,0.9983443708609272,0.9983443708609272,274.9999999999685,2.531561461796081,3.355463636015767,-0.006644518272392012,3.358247458604321,602,804.2719734660033,804.2620232172471,-0.009950248756126712,0.009950248756126712,-0.0012371746230626685,62.96625943969139,63.23211209939909,0.2658526597076971,0.2658526597076971,0.42221447180347244,25.937953054122264,25.972193154907867,0.03424010078560258,0.03424010078560258,0.13200772132695673,5.813953488372093,5.149501661129568,-0.6644518272425248,0.6644518272425248,-11.428571428571427,25.959318442642765,25.993737214599662,0.03441877195689713,0.03441877195689713,0.13258734828861385,18.356010105773706,18.380347852824542,0.024337747050836356,0.024337747050836356,0.1325873482886194,87.13527729140354,87.51435775866217,0.37908046725863187,0.37908046725863187,0.4350482135850512,0.2106610626186031,0.21002665532336898,-0.0006344072952341184,0.0006344072952341184,-0.3011507144928334,1.2469920328958066,1.3019911780671405,0.05499914517133386,0.05499914517133386,4.410545033203862,1.4222357628070728,1.3889891972218962,-0.03324656558517658,0.03324656558517658,-2.3376268868079713,703.4768626141686,725.7232925959643,22.2464299817957,22.2464299817957,3.162354181646633,151.89685797700866,151.28989872553694,-0.6069592514717215,0.6069592514717215,-0.39958644277131244,4.6312798828310715,4.796905138475488,0.1656252556444162,0.1656252556444162,3.5762307576878847,pleth_6
s10_sit,findpeaks,find_peaks baseline,mid_upslope,lipponen_tarvainen,1.0,100.0,True,False,604,604,0.988292847642304,0.0,0.0001535560010534876,603,1,1,0.9983443708609272,0.9983443708609272,0.9983443708609272,274.9999999999685,2.5481727574771527,3.372745955803908,-0.006644518272392012,3.375544184124906,602,804.2719734660033,804.2620232172471,-0.009950248756126712,0.009950248756126712,-0.0012371746230626685,62.96625943969139,63.232768854679904,0.2665094149885121,0.2665094149885121,0.42325749911152466,25.937953054122264,25.97123376716631,0.03328071304404645,0.03328071304404645,0.12830894162929027,5.813953488372093,5.149501661129568,-0.6644518272425248,0.6644518272425248,-11.428571428571427,25.959318442642765,25.99277702701923,0.033458584376464984,0.033458584376464984,0.12888853168619155,18.356010105773706,18.379668897675206,0.02365879190150011,0.02365879190150011,0.12888853168618852,87.13527729140354,87.51544940906481,0.38017211766127446,0.38017211766127446,0.4363010361347423,0.2106610626186031,0.21001627737480882,-0.0006447852437942714,0.0006447852437942714,-0.30607708694683644,1.2469920328958066,1.2984846789510782,0.051492646055271596,0.051492646055271596,4.129348439836753,1.4222357628070728,1.3888410651210172,-0.03339469768605552,0.03339469768605552,-2.348042325988503,703.4768626141686,725.7155617735141,22.238699159345515,22.238699159345515,3.1612552368396276,151.89685797700866,151.30926306114145,-0.5875949158672142,0.5875949158672142,-0.38683809770189814,4.6312798828310715,4.796240144797117,0.16496026196604507,0.16496026196604507,3.561872012477163,pleth_6
s10_sit,msptdfast,MSPTDfast v2,mid_upslope,lipponen_tarvainen,0.9,100.0,True,False,603,532,0.8853456760128973,0.015180265654648957,0.024482015129064418,524,4,8,0.9849624060150376,0.9924242424242424,0.9886792452830188,274.9999999999685,2.504816955686027,3.3093549889906435,0.003853564547156003,3.3125455610968904,519,811.5104364326376,811.9113680154143,0.4009315827767068,0.4009315827767068,0.04940559785517776,60.68089088214025,60.956531175195586,0.2756402930553392,0.2756402930553392,0.4542456266680593,26.037264900485493,26.339555819571572,0.3022909190860794,0.3022909190860794,1.1609933694703964,6.083650190114068,5.405405405405405,-0.6782447847086628,0.6782447847086628,-11.148648648648646,26.062050220685816,26.36500989034762,0.3029596696618029,0.3029596696618029,1.1624552446811707,18.4286524426713,18.642877279515197,0.21422483684389704,0.21422483684389704,1.1624552446811698,83.81363734886851,84.16555419271069,0.3519168438421758,0.3519168438421758,0.41988017102437175,0.21987653830084117,0.22150245974534077,0.0016259214444996062,0.0016259214444996062,0.739470184979434,1.2366217523159828,1.3138392819044682,0.07721752958848538,0.07721752958848538,6.2442318715379255,1.271032796185714,1.3601325055897817,0.08909970940406775,0.08909970940406775,7.010024420412293,564.0099571294912,594.8896828321525,30.87972570266129,30.87972570266129,5.475032011814572,150.80099998249034,144.07953337219556,-6.721466610294783,6.721466610294783,-4.457176418641269,3.7400942778561084,4.128897900407513,0.3888036225514049,0.3888036225514049,10.395556733780367,pleth_6
s10_sit,msptd,MSPTD,mid_upslope,lipponen_tarvainen,0.9,100.0,True,False,603,532,0.8853456760128973,0.015180265654648957,0.8793627158290012,524,4,8,0.9849624060150376,0.9924242424242424,0.9886792452830188,274.9999999999685,2.504816955686027,3.3093549889906435,0.003853564547156003,3.3125455610968904,519,811.5104364326376,811.9113680154143,0.4009315827767068,0.4009315827767068,0.04940559785517776,60.68089088214025,60.956531175195586,0.2756402930553392,0.2756402930553392,0.4542456266680593,26.037264900485493,26.339555819571572,0.3022909190860794,0.3022909190860794,1.1609933694703964,6.083650190114068,5.405405405405405,-0.6782447847086628,0.6782447847086628,-11.148648648648646,26.062050220685816,26.36500989034762,0.3029596696618029,0.3029596696618029,1.1624552446811707,18.4286524426713,18.642877279515197,0.21422483684389704,0.21422483684389704,1.1624552446811698,83.81363734886851,84.16555419271069,0.3519168438421758,0.3519168438421758,0.41988017102437175,0.21987653830084117,0.22150245974534077,0.0016259214444996062,0.0016259214444996062,0.739470184979434,1.2366217523159828,1.3138392819044682,0.07721752958848538,0.07721752958848538,6.2442318715379255,1.271032796185714,1.3601325055897817,0.08909970940406775,0.08909970940406775,7.010024420412293,564.0099571294912,594.8896828321525,30.87972570266129,30.87972570266129,5.475032011814572,150.80099998249034,144.07953337219556,-6.721466610294783,6.721466610294783,-4.457176418641269,3.7400942778561084,4.128897900407513,0.3888036225514049,0.3888036225514049,10.395556733780367,pleth_6
s10_sit,qppg,qppg (slope-sum),mid_upslope,lipponen_tarvainen,0.9,100.0,True,False,602,532,0.8853456760128973,0.015180265654648957,0.004020202352728736,524,4,8,0.9849624060150376,0.9924242424242424,0.9886792452830188,274.9999999999685,2.508670520232585,3.297105637929074,0.003853564547156003,3.3002843836947418,519,811.5104364326376,811.9113680154143,0.4009315827767068,0.4009315827767068,0.04940559785517776,60.68089088214025,60.958019653644115,0.27712877150386817,0.27712877150386817,0.4566985874385595,26.037264900485493,26.362925880941187,0.32566098045569447,0.32566098045569447,1.2507495764258334,6.083650190114068,5.405405405405405,-0.6782447847086628,0.6782447847086628,-11.148648648648646,26.062050220685816,26.388402548682848,0.3263523279970322,0.3263523279970322,1.2522127968965455,18.4286524426713,18.659418386854018,0.23076594418271767,0.23076594418271767,1.2522127968965446,83.81363734886851,84.16404473201403,0.350407383145523,0.350407383145523,0.41807919836121216,0.21987653830084117,0.2217029664658739,0.0018264281650327285,0.0018264281650327285,0.8306607786110217,1.2366217523159828,1.3216348405266694,0.08501308821068654,0.08501308821068654,6.874623388394346,1.271032796185714,1.359246294363747,0.08821349817803315,0.08821349817803315,6.940300710001824,564.0099571294912,594.2268202708046,30.21686314131341,30.21686314131341,5.357505263754752,150.80099998249034,144.9466626008318,-5.854337381658553,5.854337381658553,-3.8821608492903272,3.7400942778561084,4.099624024509238,0.3595297466531293,0.3595297466531293,9.612852509675731,pleth_6
s10_sit,terma,TERMA,mid_upslope,lipponen_tarvainen,0.9,100.0,True,False,604,532,0.8853456760128973,0.015151515151515152,0.000406768983240407,524,5,8,0.9849624060150376,0.9905482041587902,0.9877474081055608,274.9999999999685,2.504816955686027,3.3093549889906435,0.003853564547156003,3.3125455610968904,519,811.5104364326376,811.8115384615385,0.30110202890091387,0.30110202890091387,0.037103900995351886,60.68089088214025,60.94031210329578,0.25942122115553445,0.25942122115553445,0.4275171596597109,26.037264900485493,26.4456398859799,0.4083749854944081,0.4083749854944081,1.5684250517679892,6.083650190114068,5.5876685934489405,-0.49598159666512753,0.49598159666512753,-8.152697495183036,26.062050220685816,26.470978610166387,0.40892838948057175,0.40892838948057175,1.569056870115305,18.4286524426713,18.717808479892703,0.28915603722140304,0.28915603722140304,1.569056870115289,83.81363734886851,84.12542376834872,0.3117864194802138,0.3117864194802138,0.37199962839272116,0.21987653830084117,0.22249883140481813,0.0026222931039769637,0.0026222931039769637,1.1926206971609994,1.2366217523159828,1.3140801006894973,0.07745834837351451,0.07745834837351451,6.263705795927344,1.271032796185714,1.3274625034312895,0.0564297072455755,0.0564297072455755,4.439673580014406,564.0099571294912,591.5820419595522,27.57208483006093,27.57208483006093,4.888581217677093,150.80099998249034,143.59258063257974,-7.208419349910599,7.208419349910599,-4.780087234665272,3.7400942778561084,4.119864963450124,0.3797706855940155,0.3797706855940155,10.154040443379067,pleth_6
s10_sit,heartpy,HeartPy,mid_upslope,lipponen_tarvainen,0.9,100.0,True,False,603,532,0.8853456760128973,0.017077798861480076,0.020284018892898232,523,6,9,0.9830827067669173,0.9886578449905482,0.9858623939679547,274.9999999999685,2.486486486488496,3.2909141328988087,0.007722007721962072,3.294086229145182,518,811.5104364326376,811.7711538461539,0.2607174135163177,0.2607174135163177,0.03212742582368003,60.68089088214025,61.01005582656762,0.32916494442737587,0.32916494442737587,0.542452392577276,26.037264900485493,26.425304623982303,0.38803972349681004,0.38803972349681004,1.4903244445217232,6.083650190114068,5.5876685934489405,-0.49598159666512753,0.49598159666512753,-8.152697495183036,26.062050220685816,26.450623593833594,0.3885733731477785,0.3885733731477785,1.4909547401584022,18.4286524426713,18.703415309812623,0.27476286714132314,0.27476286714132314,1.4909547401583925,83.81363734886851,84.22966270661698,0.4160253577484667,0.4160253577484667,0.49636952995702804,0.21987653830084117,0.2220525965414237,0.0021760582405825346,0.0021760582405825346,0.9896727760945515,1.2366217523159828,1.3146024326637742,0.07798068034779138,0.07798068034779138,6.305944416855581,1.271032796185714,1.3283086566644349,0.05727586047872091,0.05727586047872091,4.506245680725313,564.0099571294912,591.1034245450807,27.09346741558943,27.09346741558943,4.80372147213157,150.80099998249034,143.55886896114026,-7.242131021350076,7.242131021350076,-4.802442306212138,3.7400942778561084,4.117498478656066,0.37740420079995785,0.37740420079995785,10.090767043880321,pleth_6
s10_sit,findpeaks,find_peaks baseline,mid_upslope,lipponen_tarvainen,0.9,100.0,True,False,604,532,0.8853456760128973,0.015151515151515152,0.0001522094525814518,524,5,8,0.9849624060150376,0.9905482041587902,0.9877474081055608,274.9999999999685,2.504816955686027,3.3093549889906435,0.003853564547156003,3.3125455610968904,519,811.5104364326376,811.8115384615385,0.30110202890091387,0.30110202890091387,0.037103900995351886,60.68089088214025,60.94031210329578,0.25942122115553445,0.25942122115553445,0.4275171596597109,26.037264900485493,26.4456398859799,0.4083749854944081,0.4083749854944081,1.5684250517679892,6.083650190114068,5.5876685934489405,-0.49598159666512753,0.49598159666512753,-8.152697495183036,26.062050220685816,26.470978610166387,0.40892838948057175,0.40892838948057175,1.569056870115305,18.4286524426713,18.717808479892703,0.28915603722140304,0.28915603722140304,1.569056870115289,83.81363734886851,84.12542376834872,0.3117864194802138,0.3117864194802138,0.37199962839272116,0.21987653830084117,0.22249883140481813,0.0026222931039769637,0.0026222931039769637,1.1926206971609994,1.2366217523159828,1.3140801006894973,0.07745834837351451,0.07745834837351451,6.263705795927344,1.271032796185714,1.3274625034312895,0.0564297072455755,0.0564297072455755,4.439673580014406,564.0099571294912,591.5820419595522,27.57208483006093,27.57208483006093,4.888581217677093,150.80099998249034,143.59258063257974,-7.208419349910599,7.208419349910599,-4.780087234665272,3.7400942778561084,4.119864963450124,0.3797706855940155,0.3797706855940155,10.154040443379067,pleth_6
s10_sit,msptdfast,MSPTDfast v2,mid_upslope,lipponen_tarvainen,0.75,100.0,True,False,603,445,0.7412196357317279,0.04090909090909091,0.027393130541280047,432,9,13,0.9707865168539326,0.9795918367346939,0.9751693002257336,275.000000000006,2.6113744075855396,4.148316623125218,-0.052132701421999494,4.152912460141463,422,813.880459770115,814.7061611374407,0.8257013673257916,0.8257013673257916,0.1014524132400249,62.41532114114419,62.746247703788,0.3309265626438105,0.3309265626438105,0.5302008490759229,26.406778909025448,26.756933525473595,0.3501546164481475,0.3501546164481475,1.326002757301345,6.221198156682028,4.98812351543943,-1.233074641242598,1.233074641242598,-19.820533122195833,26.437253737500917,26.788757524218322,0.3515037867174051,0.3515037867174051,1.3295775355773862,18.6939613937363,18.942512104936924,0.24855071120062533,0.24855071120062533,1.329577535577377,86.26633430089527,86.69120161218531,0.4248673112900434,0.4248673112900434,0.492506508747798,0.21670054193484253,0.21850558941006035,0.0018050474752178136,0.0018050474752178136,0.8329686022476838,1.23884162997676,1.3238915557732474,0.0850499257964874,0.0850499257964874,6.865278316331918,1.362087387531734,1.424195499375687,0.06210811184395282,0.06210811184395282,4.559774388374609,386.7905978648723,412.4222484715069,25.631650606634594,25.631650606634594,6.626751205464712,121.15907018575463,118.44563471047518,-2.7134354752794536,2.7134354752794536,-2.2395644594493493,3.192419661787315,3.481953973902196,0.28953431211488123,0.28953431211488123,9.069431427846235,pleth_6
s10_sit,msptd,MSPTD,mid_upslope,lipponen_tarvainen,0.75,100.0,True,False,603,445,0.7412196357317279,0.04090909090909091,0.9096369794473395,432,9,13,0.9707865168539326,0.9795918367346939,0.9751693002257336,275.000000000006,2.6113744075855396,4.148316623125218,-0.052132701421999494,4.152912460141463,422,813.880459770115,814.7061611374407,0.8257013673257916,0.8257013673257916,0.1014524132400249,62.41532114114419,62.746247703788,0.3309265626438105,0.3309265626438105,0.5302008490759229,26.406778909025448,26.756933525473595,0.3501546164481475,0.3501546164481475,1.326002757301345,6.221198156682028,4.98812351543943,-1.233074641242598,1.233074641242598,-19.820533122195833,26.437253737500917,26.788757524218322,0.3515037867174051,0.3515037867174051,1.3295775355773862,18.6939613937363,18.942512104936924,0.24855071120062533,0.24855071120062533,1.329577535577377,86.26633430089527,86.69120161218531,0.4248673112900434,0.4248673112900434,0.492506508747798,0.21670054193484253,0.21850558941006035,0.0018050474752178136,0.0018050474752178136,0.8329686022476838,1.23884162997676,1.3238915557732474,0.0850499257964874,0.0850499257964874,6.865278316331918,1.362087387531734,1.424195499375687,0.06210811184395282,0.06210811184395282,4.559774388374609,386.7905978648723,412.4222484715069,25.631650606634594,25.631650606634594,6.626751205464712,121.15907018575463,118.44563471047518,-2.7134354752794536,2.7134354752794536,-2.2395644594493493,3.192419661787315,3.481953973902196,0.28953431211488123,0.28953431211488123,9.069431427846235,pleth_6
s10_sit,qppg,qppg (slope-sum),mid_upslope,lipponen_tarvainen,0.75,100.0,True,False,602,445,0.7412196357317279,0.04090909090909091,0.0031582133316858624,432,9,13,0.9707865168539326,0.9795918367346939,0.9751693002257336,275.00000000002024,2.609004739337925,4.140597754314925,-0.054502369668456306,4.145153265563393,422,813.880459770115,814.7037914691944,0.8233316990794037,0.8233316990794037,0.1011612564469183,62.41532114114419,62.74432479817795,0.3290036570337591,0.3290036570337591,0.5271200260105364,26.406778909025448,26.78098023995767,0.3742013309322232,0.3742013309322232,1.4170654142309143,6.221198156682028,4.98812351543943,-1.233074641242598,1.233074641242598,-19.820533122195833,26.437253737500917,26.812832858201777,0.3755791207008592,0.3755791207008592,1.4206434769285619,18.6939613937363,18.959535936855957,0.26557454311965856,0.26557454311965856,1.4206434769285627,86.26633430089527,86.68469637610531,0.418362075210041,0.418362075210041,0.48496563416129673,0.21670054193484253,0.2187183750935092,0.00201783315866666,0.00201783315866666,0.9311620269382536,1.23884162997676,1.3191399396387065,0.08029830966194651,0.08029830966194651,6.48172516316334,1.362087387531734,1.422860944289435,0.06077355675770102,0.06077355675770102,4.461795719864201,386.7905978648723,412.3637377295816,25.573139864709276,25.573139864709276,6.611623965493444,121.15907018575463,119.3116072346252,-1.8474629511294296,1.8474629511294296,-1.524824306011096,3.192419661787315,3.4561912900785257,0.2637716282912108,0.2637716282912108,8.262435902413127,pleth_6
s10_sit,terma,TERMA,mid_upslope,lipponen_tarvainen,0.75,100.0,True,False,604,445,0.7412196357317279,0.04081632653061224,0.00043560242640489647,432,10,13,0.9707865168539326,0.9773755656108597,0.9740698985343855,275.000000000006,2.6113744075855396,4.148316623125218,-0.052132701421999494,4.152912460141463,422,813.880459770115,814.5768321513002,0.696372381185256,0.696372381185256,0.08556199781254735,62.41532114114419,62.72827984498423,0.31295870384003877,0.31295870384003877,0.5014132718028047,26.406778909025448,26.8843406560771,0.4775617470516522,0.4775617470516522,1.8084816353289823,6.221198156682028,5.213270142180095,-1.0079280145019327,1.0079280145019327,-16.201509566438475,26.437253737500917,26.915989465484117,0.4787357279831994,0.4787357279831994,1.810837588263257,18.6939613937363,19.032478673389498,0.33851727965319967,0.33851727965319967,1.810837588263262,86.26633430089527,86.64547847503806,0.37914417414279455,0.37914417414279455,0.4395042135676557,0.21670054193484253,0.21965922525169757,0.002958683316855032,0.002958683316855032,1.36533268003762,1.23884162997676,1.3242793781554596,0.08543774817869965,0.08543774817869965,6.896583559296633,1.362087387531734,1.4229458520806808,0.06085846454894672,0.06085846454894672,4.468029372126378,386.7905978648723,411.06504022050814,24.274442355635813,24.274442355635813,6.275861535837083,121.15907018575463,118.03372386786585,-3.125346317888784,3.125346317888784,-2.5795397018953428,3.192419661787315,3.482606722470939,0.2901870606836243,0.2901870606836243,9.089878256205187,pleth_6
s10_sit,heartpy,HeartPy,mid_upslope,lipponen_tarvainen,0.75,100.0,True,False,603,445,0.7412196357317279,0.04318181818181818,0.020079121077567475,431,11,14,0.9685393258426966,0.9751131221719457,0.971815107102593,275.000000000006,2.589073634206865,4.132025436064656,-0.047505938242473636,4.136668167349195,421,813.880459770115,814.5271867612291,0.6467269911141784,0.6467269911141784,0.07946215974970698,62.41532114114419,62.813789301610804,0.3984681604666136,0.3984681604666136,0.6384140194769314,26.406778909025448,26.859737482531052,0.45295857350560453,0.45295857350560453,1.7153117200174306,6.221198156682028,5.213270142180095,-1.0079280145019327,1.0079280145019327,-16.201509566438475,26.437253737500917,26.89135684990797,0.45410311240705425,0.45410311240705425,1.7176637063588591,18.6939613937363,19.015060783877242,0.3210993901409438,0.3210993901409438,1.717663706358852,86.26633430089527,86.77310479774114,0.5067704968458742,0.5067704968458742,0.5874487434208908,0.21670054193484253,0.2191354202226522,0.0024348782878096664,0.0024348782878096664,1.1236143048233747,1.23884162997676,1.329957409095737,0.09111577911897695,0.09111577911897695,7.354917441762611,1.362087387531734,1.4240773025713966,0.06198991503966256,0.06198991503966256,4.551096765677841,386.7905978648723,410.6020809272034,23.811483062331092,23.811483062331092,6.156169046965764,121.15907018575463,117.99989458966611,-3.1591755960885166,3.1591755960885166,-2.6074610767852846,3.192419661787315,3.4796817603527086,0.28726209856539375,0.28726209856539375,8.998256150463833,pleth_6
s10_sit,findpeaks,find_peaks baseline,mid_upslope,lipponen_tarvainen,0.75,100.0,True,False,604,445,0.7412196357317279,0.04081632653061224,0.00015134469604701387,432,10,13,0.9707865168539326,0.9773755656108597,0.9740698985343855,275.000000000006,2.6113744075855396,4.148316623125218,-0.052132701421999494,4.152912460141463,422,813.880459770115,814.5768321513002,0.696372381185256,0.696372381185256,0.08556199781254735,62.41532114114419,62.72827984498423,0.31295870384003877,0.31295870384003877,0.5014132718028047,26.406778909025448,26.8843406560771,0.4775617470516522,0.4775617470516522,1.8084816353289823,6.221198156682028,5.213270142180095,-1.0079280145019327,1.0079280145019327,-16.201509566438475,26.437253737500917,26.915989465484117,0.4787357279831994,0.4787357279831994,1.810837588263257,18.6939613937363,19.032478673389498,0.33851727965319967,0.33851727965319967,1.810837588263262,86.26633430089527,86.64547847503806,0.37914417414279455,0.37914417414279455,0.4395042135676557,0.21670054193484253,0.21965922525169757,0.002958683316855032,0.002958683316855032,1.36533268003762,1.23884162997676,1.3242793781554596,0.08543774817869965,0.08543774817869965,6.896583559296633,1.362087387531734,1.4229458520806808,0.06085846454894672,0.06085846454894672,4.468029372126378,386.7905978648723,411.06504022050814,24.274442355635813,24.274442355635813,6.275861535837083,121.15907018575463,118.03372386786585,-3.125346317888784,3.125346317888784,-2.5795397018953428,3.192419661787315,3.482606722470939,0.2901870606836243,0.2901870606836243,9.089878256205187,pleth_6
s10_sit,msptdfast,MSPTDfast v2,mid_upslope,lipponen_tarvainen,0.5,100.0,True,False,603,299,0.494146423821152,0.05460750853242321,0.024615607614488638,286,8,13,0.9565217391304348,0.9727891156462585,0.9645868465430016,274.99999999998823,2.6823104693153037,4.590446837299421,-0.14079422382696394,4.596591768764048,277,814.7241379310346,816.0469314079425,1.3227934769078047,1.3227934769078047,0.1623609041788053,66.39766773310755,66.46107038273757,0.06340264963002085,0.06340264963002085,0.09548927213057318,27.586667458273848,28.927194967638854,1.3405275093650069,1.3405275093650069,4.859331093154396,6.228373702422145,5.434782608695652,-0.7935910937264925,0.7935910937264925,-12.741545893719795,27.63448817262514,28.979719408968354,1.3452312363432135,1.3452312363432135,4.8679433754659005,19.54053398148268,20.491756110964932,0.9512221294822503,0.9512221294822503,4.867943375465905,91.84480438495595,91.7291430480364,-0.11566133691954406,0.11566133691954406,-0.1259312790680724,0.21275600848994125,0.22339417365137576,0.01063816516143451,0.01063816516143451,5.000171434376888,1.221248981517805,1.2316754068752718,0.01042642535746685,0.01042642535746685,0.8537509971560898,1.3557122881313548,1.4747204434091146,0.11900815527775976,0.11900815527775976,8.778275178267696,326.26790079401803,348.9158052321406,22.647904438122566,22.647904438122566,6.941505548969348,102.20224329834019,98.69862035749773,-3.5036229408424617,3.5036229408424617,-3.4281272384745805,3.192375140353859,3.5351639563787973,0.3427888160249384,0.3427888160249384,10.737736041477318,pleth_6
s10_sit,msptd,MSPTD,mid_upslope,lipponen_tarvainen,0.5,100.0,True,False,603,299,0.494146423821152,0.05460750853242321,0.8904716092291552,286,8,13,0.9565217391304348,0.9727891156462585,0.9645868465430016,274.99999999998823,2.6823104693153037,4.590446837299421,-0.14079422382696394,4.596591768764048,277,814.7241379310346,816.0469314079425,1.3227934769078047,1.3227934769078047,0.1623609041788053,66.39766773310755,66.46107038273757,0.06340264963002085,0.06340264963002085,0.09548927213057318,27.586667458273848,28.927194967638854,1.3405275093650069,1.3405275093650069,4.859331093154396,6.228373702422145,5.434782608695652,-0.7935910937264925,0.7935910937264925,-12.741545893719795,27.63448817262514,28.979719408968354,1.3452312363432135,1.3452312363432135,4.8679433754659005,19.54053398148268,20.491756110964932,0.9512221294822503,0.9512221294822503,4.867943375465905,91.84480438495595,91.7291430480364,-0.11566133691954406,0.11566133691954406,-0.1259312790680724,0.21275600848994125,0.22339417365137576,0.01063816516143451,0.01063816516143451,5.000171434376888,1.221248981517805,1.2316754068752718,0.01042642535746685,0.01042642535746685,0.8537509971560898,1.3557122881313548,1.4747204434091146,0.11900815527775976,0.11900815527775976,8.778275178267696,326.26790079401803,348.9158052321406,22.647904438122566,22.647904438122566,6.941505548969348,102.20224329834019,98.69862035749773,-3.5036229408424617,3.5036229408424617,-3.4281272384745805,3.192375140353859,3.5351639563787973,0.3427888160249384,0.3427888160249384,10.737736041477318,pleth_6
s10_sit,qppg,qppg (slope-sum),mid_upslope,lipponen_tarvainen,0.5,100.0,True,False,602,299,0.494146423821152,0.05460750853242321,0.0031905428613532437,286,8,13,0.9565217391304348,0.9727891156462585,0.9645868465430016,275.000000000006,2.6678700361021876,4.58887368891938,-0.14079422382686133,4.595015030992122,277,814.7241379310346,816.0469314079426,1.3227934769079184,1.3227934769079184,0.16236090417881927,66.39766773310755,66.46085231857896,0.06318458547140438,0.06318458547140438,0.09516085071750034,27.586667458273848,28.954424457279984,1.3677569990061365,1.3677569990061365,4.958036345183535,6.228373702422145,5.434782608695652,-0.7935910937264925,0.7935910937264925,-12.741545893719795,27.63448817262514,29.00700269820646,1.3725145255813196,1.3725145255813196,4.966672503603448,19.54053398148268,20.51104830979827,0.9705143283155877,0.9705143283155877,4.966672503603444,91.84480438495595,91.72451514757135,-0.12028923738459696,0.12028923738459696,-0.13097010570180947,0.21275600848994125,0.22361577247695436,0.010859763987013105,0.010859763987013105,5.104327752758407,1.221248981517805,1.2211429852187432,-0.00010599629906171693,0.00010599629906171693,-0.008679335718256366,1.3557122881313548,1.4744312546416138,0.11871896651025904,0.11871896651025904,8.756944047021603,326.26790079401803,349.74944449659273,23.481543702574697,23.481543702574697,7.197013143318456,102.20224329834019,99.11827974419744,-3.0839635541427555,3.0839635541427555,-3.017510628548836,3.192375140353859,3.528606886633015,0.336231746279156,0.336231746279156,10.532338196377708,pleth_6
s10_sit,terma,TERMA,mid_upslope,lipponen_tarvainen,0.5,100.0,True,False,604,299,0.494146423821152,0.05460750853242321,0.0004972595467267216,286,8,13,0.9565217391304348,0.9727891156462585,0.9645868465430016,274.99999999998823,2.6823104693153037,4.590446837299421,-0.14079422382696394,4.596591768764048,277,814.7241379310346,816.0469314079425,1.3227934769078047,1.3227934769078047,0.1623609041788053,66.39766773310755,66.46107038273757,0.06340264963002085,0.06340264963002085,0.09548927213057318,27.586667458273848,28.927194967638854,1.3405275093650069,1.3405275093650069,4.859331093154396,6.228373702422145,5.434782608695652,-0.7935910937264925,0.7935910937264925,-12.741545893719795,27.63448817262514,28.979719408968354,1.3452312363432135,1.3452312363432135,4.8679433754659005,19.54053398148268,20.491756110964932,0.9512221294822503,0.9512221294822503,4.867943375465905,91.84480438495595,91.7291430480364,-0.11566133691954406,0.11566133691954406,-0.1259312790680724,0.21275600848994125,0.22339417365137576,0.01063816516143451,0.01063816516143451,5.000171434376888,1.221248981517805,1.2316754068752718,0.01042642535746685,0.01042642535746685,0.8537509971560898,1.3557122881313548,1.4747204434091146,0.11900815527775976,0.11900815527775976,8.778275178267696,326.26790079401803,348.9158052321406,22.647904438122566,22.647904438122566,6.941505548969348,102.20224329834019,98.69862035749773,-3.5036229408424617,3.5036229408424617,-3.4281272384745805,3.192375140353859,3.5351639563787973,0.3427888160249384,0.3427888160249384,10.737736041477318,pleth_6
s10_sit,heartpy,HeartPy,mid_upslope,lipponen_tarvainen,0.5,100.0,True,False,603,299,0.494146423821152,0.05821917808219178,0.0200580333792524,285,9,14,0.9531772575250836,0.9693877551020408,0.9612141652613828,274.9999999999989,2.6485507246388833,4.569511438065989,-0.13405797101473413,4.575841643427493,276,814.7241379310346,815.9711191335742,1.2469812025395868,1.2469812025395868,0.1530556349669785,66.39766773310755,66.58610446482795,0.18843673172040099,0.18843673172040099,0.28380022695652857,27.586667458273848,28.892228532346824,1.3055610740729762,1.3055610740729762,4.7325798813782045,6.228373702422145,5.434782608695652,-0.7935910937264925,0.7935910937264925,-12.741545893719795,27.63448817262514,28.944689428519457,1.3102012558943166,1.3102012558943166,4.741181554403487,19.54053398148268,20.466986174244685,0.9264521927620031,0.9264521927620031,4.741181554403491,91.84480438495595,91.91583700617234,0.0710326212163892,0.0710326212163892,0.07733983614213484,0.21275600848994125,0.22267094377729796,0.009914935287356708,0.009914935287356708,4.660237498216399,1.221248981517805,1.2437428171359841,0.022493835618179192,0.022493835618179192,1.84187139220564,1.3557122881313548,1.4744515134680913,0.11873922533673653,0.11873922533673653,8.758438377836102,326.26790079401803,348.8987336348059,22.63083284078789,22.63083284078789,6.936273162549129,102.20224329834019,98.6994427969091,-3.5028005014310963,3.5028005014310963,-3.4273225209020275,3.192375140353859,3.534961533194513,0.34258639284065406,0.34258639284065406,10.731395208229824,pleth_6
s10_sit,findpeaks,find_peaks baseline,mid_upslope,lipponen_tarvainen,0.5,100.0,True,False,604,299,0.494146423821152,0.05460750853242321,0.00014984990341787642,286,8,13,0.9565217391304348,0.9727891156462585,0.9645868465430016,274.99999999998823,2.6823104693153037,4.590446837299421,-0.14079422382696394,4.596591768764048,277,814.7241379310346,816.0469314079425,1.3227934769078047,1.3227934769078047,0.1623609041788053,66.39766773310755,66.46107038273757,0.06340264963002085,0.06340264963002085,0.09548927213057318,27.586667458273848,28.927194967638854,1.3405275093650069,1.3405275093650069,4.859331093154396,6.228373702422145,5.434782608695652,-0.7935910937264925,0.7935910937264925,-12.741545893719795,27.63448817262514,28.979719408968354,1.3452312363432135,1.3452312363432135,4.8679433754659005,19.54053398148268,20.491756110964932,0.9512221294822503,0.9512221294822503,4.867943375465905,91.84480438495595,91.7291430480364,-0.11566133691954406,0.11566133691954406,-0.1259312790680724,0.21275600848994125,0.22339417365137576,0.01063816516143451,0.01063816516143451,5.000171434376888,1.221248981517805,1.2316754068752718,0.01042642535746685,0.01042642535746685,0.8537509971560898,1.3557122881313548,1.4747204434091146,0.11900815527775976,0.11900815527775976,8.778275178267696,326.26790079401803,348.9158052321406,22.647904438122566,22.647904438122566,6.941505548969348,102.20224329834019,98.69862035749773,-3.5036229408424617,3.5036229408424617,-3.4281272384745805,3.192375140353859,3.5351639563787973,0.3427888160249384,0.3427888160249384,10.737736041477318,pleth_6
s11_sit,msptdfast,MSPTDfast v2,mid_upslope,lipponen_tarvainen,1.0,100.0,True,False,589,588,0.9852742551942427,0.003401360544217687,0.027314893652244265,587,0,1,0.9982993197278912,1.0,0.9991489361702128,295.0000000000151,5.213310580207408,8.384835165397828,-0.0017064846416582078,8.391998457376651,586,828.6541737649063,828.6262798634813,-0.027893901425045442,0.027893901425045442,-0.0033661691822913682,79.17687458943618,80.84296432490419,1.666089735468006,1.666089735468006,2.10426307442337,38.07187382821857,39.17562908913859,1.1037552609200176,1.1037552609200176,2.899135634616237,16.723549488054605,17.60683760683761,0.8832881187830033,0.8832881187830033,5.281702424559592,38.1043998440733,39.2091524981158,1.1047526540424997,1.1047526540424997,2.8992784522607598,26.943879522787856,27.725057615995144,0.7811780932072878,0.7811780932072878,2.8992784522607606,108.68294390457089,110.91659452879543,2.2336506242245378,2.2336506242245378,2.0551988600766977,0.24791267658746843,0.24996311628371667,0.0020504396962482407,0.0020504396962482407,0.8270814241823594,1.2387984281449955,1.2034400392627218,-0.03535838888227372,0.03535838888227372,-2.854248768721814,1.3550773299749495,1.337162880559705,-0.01791444941524456,0.01791444941524456,-1.32202413980136,2699.726698279838,2861.618288191917,161.89158991207933,161.89158991207933,5.996591803727037,425.9870128496739,487.6743409618339,61.68732811216,61.68732811216,14.481034926275742,6.337579824839734,5.8678877435872145,-0.4696920812525196,0.4696920812525196,-7.4112215425136245,pleth_6
s11_sit,msptd,MSPTD,mid_upslope,lipponen_tarvainen,1.0,100.0,True,False,586,588,0.9852742551942427,0.0,0.886916481584911,586,0,2,0.9965986394557823,1.0,0.9982964224872232,295.0000000000151,5.246153846156304,8.409904620537299,0.001709401709398017,8.417101627799635,585,828.6541737649063,828.5965811965812,-0.057592568325162574,0.057592568325162574,-0.006950133137385475,79.17687458943618,80.90890778001348,1.7320331905772974,1.7320331905772974,2.1875493312391825,38.07187382821857,39.216819148286696,1.1449453200681248,1.1449453200681248,3.0073258942655468,16.723549488054605,17.80821917808219,1.0846696900275852,1.0846696900275852,6.4858820240425,38.1043998440733,39.25043822395976,1.1460383798864626,1.1460383798864626,3.007627425116671,26.943879522787856,27.754251032705618,0.8103715099177613,0.8103715099177613,3.007627425116667,108.68294390457089,111.00542448872942,2.3224805841585265,2.3224805841585265,2.1369319791316856,0.24791267658746843,0.2500260790005227,0.0021134024130542717,0.0021134024130542717,0.8524785590415833,1.2387984281449955,1.213627539551767,-0.02517088859322847,0.02517088859322847,-2.031879280870571,1.3550773299749495,1.3374655610595334,-0.01761176891541605,0.01761176891541605,-1.2996873702950684,2699.726698279838,2861.703494626204,161.97679634636597,161.97679634636597,5.999747917060322,425.9870128496739,487.14257364714,61.15556079746614,61.15556079746614,14.356203112475463,6.337579824839734,5.874468070407389,-0.46311175443234553,0.46311175443234553,-7.30739126341587,pleth_6
s11_sit,qppg,qppg (slope-sum),mid_upslope,lipponen_tarvainen,1.0,100.0,True,False,579,588,0.9852742551942427,0.0034602076124567475,0.0031193659754401694,578,1,10,0.9829931972789115,0.998272884283247,0.9905741216795202,295.0000000000151,5.01562500000228,7.534757424393841,0.026041666666680088,7.541261499246242,576,828.6541737649063,828.5850694444446,-0.06910432046174719,0.06910432046174719,-0.008339343799812014,79.17687458943618,80.17402627867853,0.9971516892423438,0.9971516892423438,1.2593976390366186,38.07187382821857,39.366394849898356,1.2945210216797847,1.2945210216797847,3.4002030672845316,16.723549488054605,17.217391304347824,0.49384181629321944,0.49384181629321944,2.9529724933451695,38.1043998440733,39.40066809799733,1.2962682539240333,1.2962682539240333,3.401886026885299,26.943879522787856,27.860479595374386,0.9166000725865295,0.9166000725865295,3.401886026885299,108.68294390457089,109.90697273687506,1.224028832304171,1.224028832304171,1.1262382010731418,0.24791267658746843,0.25349146556947133,0.005578788982002897,0.005578788982002897,2.2503040420503027,1.2387984281449955,1.198956818270533,-0.0398416098744625,0.0398416098744625,-3.216149534038578,1.3550773299749495,1.3832733752139394,0.028196045238989997,0.028196045238989997,2.0807701977798745,2699.726698279838,2695.5883524546675,-4.1383458251702905,4.1383458251702905,-0.15328758380643068,425.9870128496739,492.6078172119732,66.62080436229934,66.62080436229934,15.639163249751252,6.337579824839734,5.472077905119264,-0.8655019197204705,0.8655019197204705,-13.65666301082618,pleth_6
s11_sit,terma,TERMA,mid_upslope,lipponen_tarvainen,1.0,100.0,True,False,588,588,0.9852742551942427,0.0,0.0004303431626136541,587,1,1,0.9982993197278912,0.9982993197278912,0.9982993197278912,295.0000000000151,5.2406143344734595,8.403132034330236,-0.0017064846416582078,8.410310958359656,586,828.6541737649063,828.5587734241908,-0.09540034071551418,0.09540034071551418,-0.011512684511329061,79.17687458943618,80.79047102679742,1.6135964373612381,1.6135964373612381,2.0379642992077955,38.07187382821857,39.201087433546206,1.1292136053276352,1.1292136053276352,2.9660048003486263,16.723549488054605,17.747440273037544,1.0238907849829388,1.0238907849829388,6.1224489795918595,38.1043998440733,39.234457549440016,1.130057705366717,1.130057705366717,2.9656882407045293,26.943879522787856,27.74295098938477,0.7990714665969136,0.7990714665969136,2.965688240704524,108.68294390457089,110.83559485952236,2.1526509549514685,2.1526509549514685,1.980670450776163,0.24791267658746843,0.25030723229795754,0.0023945557104891046,0.0023945557104891046,0.9658867563572364,1.2387984281449955,1.2098614723059635,-0.028936955839031997,0.028936955839031997,-2.3358889696334892,1.3550773299749495,1.4038119278268597,0.048734597851910255,0.048734597851910255,3.596444038570934,2699.726698279838,2852.9195351840635,153.19283690422571,153.19283690422571,5.674383151518052,425.9870128496739,487.4925698128171,61.50555696314325,61.50555696314325,14.438364341602094,6.337579824839734,5.852231832537471,-0.48534799230226344,0.48534799230226344,-7.658254502767339,pleth_6
s11_sit,heartpy,HeartPy,mid_upslope,lipponen_tarvainen,1.0,100.0,True,False,587,588,0.9852742551942427,0.0017064846416382253,0.020244972022935896,587,1,1,0.9982993197278912,0.9982993197278912,0.9982993197278912,295.0000000000151,5.2406143344734595,8.40008532380107,-0.0017064846416582078,8.40726164485338,586,828.6541737649063,828.5587734241908,-0.09540034071551418,0.09540034071551418,-0.011512684511329061,79.17687458943618,80.78994296631056,1.6130683768743808,1.6130683768743808,2.037297361431335,38.07187382821857,39.21088081210713,1.1390069838885566,1.1390069838885566,2.9917281955382338,16.723549488054605,17.747440273037544,1.0238907849829388,1.0238907849829388,6.1224489795918595,38.1043998440733,39.244259325002446,1.1398594809291467,1.1398594809291467,2.991411715165588,26.943879522787856,27.749881891352633,0.8060023685647764,0.8060023685647764,2.9914117151655826,108.68294390457089,110.83308993263432,2.150146028063432,2.150146028063432,1.9783656485707348,0.24791267658746843,0.2503754240562935,0.0024627474688250495,0.0024627474688250495,0.9933931183854344,1.2387984281449955,1.2098614723059635,-0.028936955839031997,0.028936955839031997,-2.3358889696334892,1.3550773299749495,1.4039153664972501,0.048838036522300676,0.048838036522300676,3.604077453144576,2699.726698279838,2852.575980147967,152.8492818681293,152.8492818681293,5.6616576028054615,425.9870128496739,487.69714737952125,61.71013452984738,61.71013452984738,14.486388708668029,6.337579824839734,5.84907251452123,-0.4885073103185045,0.4885073103185045,-7.708105046721962,pleth_6
s11_sit,findpeaks,find_peaks baseline,mid_upslope,lipponen_tarvainen,1.0,100.0,True,False,588,588,0.9852742551942427,0.0,0.00014612848770956908,587,1,1,0.9982993197278912,0.9982993197278912,0.9982993197278912,295.0000000000151,5.2406143344734595,8.403132034330236,-0.0017064846416582078,8.410310958359656,586,828.6541737649063,828.5587734241908,-0.09540034071551418,0.09540034071551418,-0.011512684511329061,79.17687458943618,80.79047102679742,1.6135964373612381,1.6135964373612381,2.0379642992077955,38.07187382821857,39.201087433546206,1.1292136053276352,1.1292136053276352,2.9660048003486263,16.723549488054605,17.747440273037544,1.0238907849829388,1.0238907849829388,6.1224489795918595,38.1043998440733,39.234457549440016,1.130057705366717,1.130057705366717,2.9656882407045293,26.943879522787856,27.74295098938477,0.7990714665969136,0.7990714665969136,2.965688240704524,108.68294390457089,110.83559485952236,2.1526509549514685,2.1526509549514685,1.980670450776163,0.24791267658746843,0.25030723229795754,0.0023945557104891046,0.0023945557104891046,0.9658867563572364,1.2387984281449955,1.2098614723059635,-0.028936955839031997,0.028936955839031997,-2.3358889696334892,1.3550773299749495,1.4038119278268597,0.048734597851910255,0.048734597851910255,3.596444038570934,2699.726698279838,2852.9195351840635,153.19283690422571,153.19283690422571,5.674383151518052,425.9870128496739,487.4925698128171,61.50555696314325,61.50555696314325,14.438364341602094,6.337579824839734,5.852231832537471,-0.48534799230226344,0.48534799230226344,-7.658254502767339,pleth_6
s11_sit,msptdfast,MSPTDfast v2,mid_upslope,lipponen_tarvainen,0.9,100.0,True,False,589,518,0.8826415202781758,0.011560693641618497,0.021725950071304005,517,3,1,0.9980694980694981,0.9942307692307693,0.9961464354527937,294.9999999999867,5.000000000002394,7.660816481408853,0.04873294346992918,7.668138942193004,513,829.3346303501945,829.1325536062378,-0.20207674395669528,0.20207674395669528,-0.02436612876895861,76.97791439902558,78.22220186094292,1.244287461917338,1.244287461917338,1.6164213744053955,40.00808885074671,40.18890938430407,0.18082053355735894,0.18082053355735894,0.45195993798135176,17.15399610136452,16.6015625,-0.5524336013645197,0.5524336013645197,-3.220436789772712,40.04707155104826,40.22817670583796,0.18110515478969802,0.18110515478969802,0.4522307069540456,28.317555860409097,28.445616543468734,0.12806068305963692,0.12806068305963692,0.452230706954053,105.11572023508201,106.9030992413697,1.7873790062876935,1.7873790062876935,1.7003917228463816,0.2693941096258427,0.2660878566227831,-0.0033062530030595894,0.0033062530030595894,-1.227292240224403,1.2928913573146,1.2566242532356486,-0.036267104078951284,0.036267104078951284,-2.8051161355336056,1.3654704074028918,1.359266685188307,-0.0062037222145847615,0.0062037222145847615,-0.45432857284576134,2040.1009095690247,2164.443054673083,124.34214510405855,124.34214510405855,6.09490170416747,347.14178964879824,387.5810260286476,40.439236379849376,40.439236379849376,11.649198565451185,5.876851967701686,5.5844917818889845,-0.2923601858127016,0.2923601858127016,-4.974775397091337,pleth_6
s11_sit,msptd,MSPTD,mid_upslope,lipponen_tarvainen,0.9,100.0,True,False,586,518,0.8826415202781758,0.011560693641618497,0.8891294937742447,517,3,1,0.9980694980694981,0.9942307692307693,0.9961464354527937,294.9999999999867,5.003898635479994,7.664123656559556,0.04873294346992918,7.671449412384765,513,829.3346303501945,829.1325536062378,-0.20207674395669528,0.20207674395669528,-0.02436612876895861,76.97791439902558,78.22092843494057,1.243014035914996,1.243014035914996,1.6147670999134403,40.00808885074671,40.18536152941517,0.17727267866845864,0.17727267866845864,0.44309209402575606,17.15399610136452,16.796875,-0.3571211013645197,0.3571211013645197,-2.081853693181803,40.04707155104826,40.22462537787526,0.17755382682700116,0.17755382682700116,0.4433628226739929,28.317555860409097,28.443105375384093,0.12554951497499545,0.12554951497499545,0.44336282267399635,105.11572023508201,106.9019038513954,1.7861836163133944,1.7861836163133944,1.6992545095241252,0.2693941096258427,0.266067341652988,-0.003326767972854694,0.003326767972854694,-1.2349074660448924,1.2928913573146,1.256199397993949,-0.036691959320650946,0.036691959320650946,-2.8379769972986737,1.3654704074028918,1.359330671247923,-0.006139736154968878,0.006139736154968878,-0.44964256432672034,2040.1009095690247,2164.3816781398946,124.2807685708699,124.2807685708699,6.0918931993969085,347.14178964879824,387.56070025352597,40.41891060472773,40.41891060472773,11.643343385888329,5.876851967701686,5.5846262965363795,-0.2922256711653066,0.2922256711653066,-4.972486507595153,pleth_6
s11_sit,qppg,qppg (slope-sum),mid_upslope,lipponen_tarvainen,0.9,100.0,True,False,579,518,0.8826415202781758,0.011560693641618497,0.003074930106900728,517,3,1,0.9980694980694981,0.9942307692307693,0.9961464354527937,295.0000000000009,5.000000000002143,7.644514143569924,0.05263157894753042,7.651794487673561,513,829.3346303501945,829.1364522417153,-0.19817810847916917,0.19817810847916917,-0.023896036801874118,76.97791439902558,78.22239489538795,1.244480496362371,1.244480496362371,1.6166721404160622,40.00808885074671,40.208951312174705,0.20086246142799524,0.20086246142799524,0.5020546274462854,17.15399610136452,16.6015625,-0.5524336013645197,0.5524336013645197,-3.220436789772712,40.04707155104826,40.24824086471472,0.20116931366645474,0.20116931366645474,0.5023321453355782,28.317555860409097,28.45980404626929,0.1422481858601934,0.1422481858601934,0.5023321453355769,105.11572023508201,106.89960561193845,1.7838853768564462,1.7838853768564462,1.6970681196560746,0.2693941096258427,0.26622927075692526,-0.003164838868917441,0.003164838868917441,-1.174798837774529,1.2928913573146,1.2647530001809677,-0.02813835713363222,0.02813835713363222,-2.176389916634372,1.3654704074028918,1.3585497378400617,-0.006920669562830106,0.006920669562830106,-0.5068340936068425,2040.1009095690247,2162.173472012816,122.07256244379141,122.07256244379141,5.9836531551559125,347.14178964879824,388.46474913922697,41.32295949042873,41.32295949042873,11.903769791656309,5.876851967701686,5.565945112919079,-0.3109068547826075,0.3109068547826075,-5.290363897054168,pleth_6
s11_sit,terma,TERMA,mid_upslope,lipponen_tarvainen,0.9,100.0,True,False,588,518,0.8826415202781758,0.011560693641618497,0.0003862890871708599,517,3,1,0.9980694980694981,0.9942307692307693,0.9961464354527937,294.9999999999867,5.003898635479994,7.664123656559556,0.04873294346992918,7.671449412384765,513,829.3346303501945,829.1325536062378,-0.20207674395669528,0.20207674395669528,-0.02436612876895861,76.97791439902558,78.22092843494057,1.243014035914996,1.243014035914996,1.6147670999134403,40.00808885074671,40.18536152941517,0.17727267866845864,0.17727267866845864,0.44309209402575606,17.15399610136452,16.796875,-0.3571211013645197,0.3571211013645197,-2.081853693181803,40.04707155104826,40.22462537787526,0.17755382682700116,0.17755382682700116,0.4433628226739929,28.317555860409097,28.443105375384093,0.12554951497499545,0.12554951497499545,0.44336282267399635,105.11572023508201,106.9019038513954,1.7861836163133944,1.7861836163133944,1.6992545095241252,0.2693941096258427,0.266067341652988,-0.003326767972854694,0.003326767972854694,-1.2349074660448924,1.2928913573146,1.256199397993949,-0.036691959320650946,0.036691959320650946,-2.8379769972986737,1.3654704074028918,1.359330671247923,-0.006139736154968878,0.006139736154968878,-0.44964256432672034,2040.1009095690247,2164.3816781398946,124.2807685708699,124.2807685708699,6.0918931993969085,347.14178964879824,387.56070025352597,40.41891060472773,40.41891060472773,11.643343385888329,5.876851967701686,5.5846262965363795,-0.2922256711653066,0.2922256711653066,-4.972486507595153,pleth_6
s11_sit,heartpy,HeartPy,mid_upslope,lipponen_tarvainen,0.9,100.0,True,False,587,518,0.8826415202781758,0.013513513513513514,0.019540821144229316,517,3,1,0.9980694980694981,0.9942307692307693,0.9961464354527937,294.9999999999867,5.003898635479994,7.660307558503928,0.04873294346992918,7.667629512227289,513,829.3346303501945,829.1325536062378,-0.20207674395669528,0.20207674395669528,-0.02436612876895861,76.97791439902558,78.22030419893608,1.242389799910498,1.242389799910498,1.6139561712082768,40.00808885074671,40.19629569375517,0.1882068430084587,0.1882068430084587,0.47042197819190756,17.15399610136452,16.796875,-0.3571211013645197,0.3571211013645197,-2.081853693181803,40.04707155104826,40.23557024590926,0.18849869486099635,0.18849869486099635,0.4706928311117976,28.317555860409097,28.45084456579012,0.13328870538102322,0.13328870538102322,0.47069283111179366,105.11572023508201,106.89893087136768,1.7832106362856734,1.7832106362856734,1.696426217027939,0.2693941096258427,0.26614713855300615,-0.0032469710728365575,0.0032469710728365575,-1.205286588242863,1.2928913573146,1.256199397993949,-0.036691959320650946,0.036691959320650946,-2.8379769972986737,1.3654704074028918,1.359241606666189,-0.006228800736702844,0.006228800736702844,-0.4561651942754254,2040.1009095690247,2163.6885569669603,123.5876473979356,123.5876473979356,6.057918351893864,347.14178964879824,387.9692371599954,40.827447511197136,40.827447511197136,11.761029276395123,5.876851967701686,5.576959072336637,-0.2998928953650495,0.2998928953650495,-5.102951325185945,pleth_6
s11_sit,findpeaks,find_peaks baseline,mid_upslope,lipponen_tarvainen,0.9,100.0,True,False,588,518,0.8826415202781758,0.011560693641618497,0.00014627627997320289,517,3,1,0.9980694980694981,0.9942307692307693,0.9961464354527937,294.9999999999867,5.003898635479994,7.664123656559556,0.04873294346992918,7.671449412384765,513,829.3346303501945,829.1325536062378,-0.20207674395669528,0.20207674395669528,-0.02436612876895861,76.97791439902558,78.22092843494057,1.243014035914996,1.243014035914996,1.6147670999134403,40.00808885074671,40.18536152941517,0.17727267866845864,0.17727267866845864,0.44309209402575606,17.15399610136452,16.796875,-0.3571211013645197,0.3571211013645197,-2.081853693181803,40.04707155104826,40.22462537787526,0.17755382682700116,0.17755382682700116,0.4433628226739929,28.317555860409097,28.443105375384093,0.12554951497499545,0.12554951497499545,0.44336282267399635,105.11572023508201,106.9019038513954,1.7861836163133944,1.7861836163133944,1.6992545095241252,0.2693941096258427,0.266067341652988,-0.003326767972854694,0.003326767972854694,-1.2349074660448924,1.2928913573146,1.256199397993949,-0.036691959320650946,0.036691959320650946,-2.8379769972986737,1.3654704074028918,1.359330671247923,-0.006139736154968878,0.006139736154968878,-0.44964256432672034,2040.1009095690247,2164.3816781398946,124.2807685708699,124.2807685708699,6.0918931993969085,347.14178964879824,387.56070025352597,40.41891060472773,40.41891060472773,11.643343385888329,5.876851967701686,5.5846262965363795,-0.2922256711653066,0.2922256711653066,-4.972486507595153,pleth_6
s11_sit,msptdfast,MSPTDfast v2,mid_upslope,lipponen_tarvainen,0.75,100.0,True,False,589,430,0.7389556913956821,0.041666666666666664,0.0220650445216246,424,9,6,0.986046511627907,0.9792147806004619,0.9826187717265353,294.9999999999776,4.681159420293088,7.229836194618512,0.11111111111106663,7.237728846768506,414,835.0904761904764,835.1014492753624,0.010973084886018114,0.010973084886018114,0.0013139995244677244,77.14426497096909,78.63425217631237,1.489987205343283,1.489987205343283,1.9314296479511401,39.123938676538245,37.66277023137049,-1.4611684451677576,1.4611684451677576,-3.7347171440179867,16.94510739856802,15.012106537530268,-1.9330008610377512,1.9330008610377512,-11.407427616546729,39.17060444860397,37.70838868115691,-1.4622157674470557,1.4622157674470557,-3.732941546423261,27.697800028783814,26.66385734406411,-1.0339426847197046,1.0339426847197046,-3.73294154642326,105.52396462125407,107.96170590626647,2.4377412850124074,2.4377412850124074,2.310130493828518,0.26247876610963755,0.2469751391962439,-0.015503626913393659,0.015503626913393659,-5.906621378629075,1.2714075763785997,1.26903045051351,-0.0023771258650897575,0.0023771258650897575,-0.1869680430771554,1.3284887595230532,1.4014444439786145,0.07295568445556122,0.07295568445556122,5.491629788554129,1678.1267963486232,1633.8429641883802,-44.28383216024304,44.28383216024304,-2.6388847527254,210.6622081566962,229.66649970201428,19.00429154531807,19.00429154531807,9.021215391031204,7.965960344915721,7.113980342401895,-0.8519800025138258,0.8519800025138258,-10.695257892635665,pleth_6
s11_sit,msptd,MSPTD,mid_upslope,lipponen_tarvainen,0.75,100.0,True,False,586,430,0.7389556913956821,0.041666666666666664,0.9000262452434148,424,9,6,0.986046511627907,0.9792147806004619,0.9826187717265353,294.9999999999776,4.683574879230229,7.23133947007409,0.11352657004834488,7.2391965514134675,414,835.0904761904764,835.1038647342995,0.013388543823111831,0.013388543823111831,0.0016032447028000868,77.14426497096909,78.63152387414955,1.4872589031804608,1.4872589031804608,1.9278930245043435,39.123938676538245,37.664120279335776,-1.4598183972024685,1.4598183972024685,-3.7312664485845572,16.94510739856802,15.254237288135593,-1.6908701104324262,1.6908701104324262,-9.978515158749106,39.17060444860397,37.70974036872684,-1.4608640798771262,1.4608640798771262,-3.7294907761608234,27.697800028783814,26.66481313151085,-1.0329868972729628,1.0329868972729628,-3.7294907761608256,105.52396462125407,107.95749549801306,2.4335308767589936,2.4335308767589936,2.3061404918715924,0.26247876610963755,0.24699362474559824,-0.015485141364039307,0.015485141364039307,-5.899578694899516,1.2714075763785997,1.2684167672865183,-0.0029908090920813812,0.0029908090920813812,-0.2352360602254881,1.3284887595230532,1.4014069639164974,0.07291820439344421,0.07291820439344421,5.488808533059994,1678.1267963486232,1634.2904563050158,-43.83634004360738,43.83634004360738,-2.612218584375705,210.6622081566962,229.742853542118,19.080645385421803,19.080645385421803,9.057460069548453,7.965960344915721,7.11356384369713,-0.8523965012185908,0.8523965012185908,-10.70048637340548,pleth_6
s11_sit,qppg,qppg (slope-sum),mid_upslope,lipponen_tarvainen,0.75,100.0,True,False,579,430,0.7389556913956821,0.041666666666666664,0.003103872538087988,424,9,6,0.986046511627907,0.9792147806004619,0.9826187717265353,294.9999999999847,4.6690821256071775,7.188792941890852,0.11835748792283246,7.196515245465366,414,835.0904761904764,835.1086956521741,0.018219461697754014,0.018219461697754014,0.0021817350595192664,77.14426497096909,78.63124019044675,1.4869752194776567,1.4869752194776567,1.927525293082039,39.123938676538245,37.69043654912679,-1.433502127411458,1.433502127411458,-3.6640025925383055,16.94510739856802,15.012106537530268,-1.9330008610377512,1.9330008610377512,-11.407427616546729,39.17060444860397,37.73609288184558,-1.4345115667583883,1.4345115667583883,-3.6622145278371216,27.697800028783814,26.683447172238417,-1.014352856545397,1.014352856545397,-3.662214527837128,105.52396462125407,107.95247803909746,2.4285134178433907,2.4285134178433907,2.301385686710877,0.26247876610963755,0.24717771798229954,-0.015301048127338013,0.015301048127338013,-5.829442264654183,1.2714075763785997,1.2805908511181083,0.00918327473950864,0.00918327473950864,0.7222919628704528,1.3284887595230532,1.4001322973083308,0.07164353778527754,0.07164353778527754,5.39285991482522,1678.1267963486232,1630.041044204853,-48.08575214377015,48.08575214377015,-2.8654421256128106,210.6622081566962,230.19457771340996,19.532369556713746,19.532369556713746,9.271890638393502,7.965960344915721,7.081144397042395,-0.8848159478733262,0.8848159478733262,-11.107461116575362,pleth_6
s11_sit,terma,TERMA,mid_upslope,lipponen_tarvainen,0.75,100.0,True,False,588,430,0.7389556913956821,0.041666666666666664,0.0004257985854548823,424,9,6,0.986046511627907,0.9792147806004619,0.9826187717265353,294.9999999999776,4.683574879230229,7.23133947007409,0.11352657004834488,7.2391965514134675,414,835.0904761904764,835.1038647342995,0.013388543823111831,0.013388543823111831,0.0016032447028000868,77.14426497096909,78.63152387414955,1.4872589031804608,1.4872589031804608,1.9278930245043435,39.123938676538245,37.664120279335776,-1.4598183972024685,1.4598183972024685,-3.7312664485845572,16.94510739856802,15.254237288135593,-1.6908701104324262,1.6908701104324262,-9.978515158749106,39.17060444860397,37.70974036872684,-1.4608640798771262,1.4608640798771262,-3.7294907761608234,27.697800028783814,26.66481313151085,-1.0329868972729628,1.0329868972729628,-3.7294907761608256,105.52396462125407,107.95749549801306,2.4335308767589936,2.4335308767589936,2.3061404918715924,0.26247876610963755,0.24699362474559824,-0.015485141364039307,0.015485141364039307,-5.899578694899516,1.2714075763785997,1.2684167672865183,-0.0029908090920813812,0.0029908090920813812,-0.2352360602254881,1.3284887595230532,1.4014069639164974,0.07291820439344421,0.07291820439344421,5.488808533059994,1678.1267963486232,1634.2904563050158,-43.83634004360738,43.83634004360738,-2.612218584375705,210.6622081566962,229.742853542118,19.080645385421803,19.080645385421803,9.057460069548453,7.965960344915721,7.11356384369713,-0.8523965012185908,0.8523965012185908,-10.70048637340548,pleth_6
s11_sit,heartpy,HeartPy,mid_upslope,lipponen_tarvainen,0.75,100.0,True,False,587,430,0.7389556913956821,0.04408352668213457,0.019444449006225425,424,9,6,0.986046511627907,0.9792147806004619,0.9826187717265353,294.9999999999776,4.683574879230229,7.226327335745032,0.11352657004834488,7.234177733842005,414,835.0904761904764,835.1038647342995,0.013388543823111831,0.013388543823111831,0.0016032447028000868,77.14426497096909,78.63075404315825,1.4864890721891584,1.4864890721891584,1.9268951136530417,39.123938676538245,37.678582043304075,-1.4453566332341694,1.4453566332341694,-3.694302470883172,16.94510739856802,15.254237288135593,-1.6908701104324262,1.6908701104324262,-9.978515158749106,39.17060444860397,37.72421969619113,-1.4463847524128397,1.4463847524128397,-3.6925259969134547,27.697800028783814,26.675051562147868,-1.0227484666359459,1.0227484666359459,-3.692525996913459,105.52396462125407,107.95384470665252,2.4298800853984517,2.4298800853984517,2.302680812003,0.26247876610963755,0.2470968184100631,-0.01538194769957446,0.01538194769957446,-5.860263642488098,1.2714075763785997,1.2684167672865183,-0.0029908090920813812,0.0029908090920813812,-0.2352360602254881,1.3284887595230532,1.400883218288811,0.07239445876575767,0.07239445876575767,5.449384366018147,1678.1267963486232,1633.5223911443652,-44.604405204258,44.604405204258,-2.6579877814543664,210.6622081566962,230.21553258365802,19.553324426961808,19.553324426961808,9.281837780992745,7.965960344915721,7.095621971340094,-0.8703383735756267,0.8703383735756267,-10.925718129278923,pleth_6
s11_sit,findpeaks,find_peaks baseline,mid_upslope,lipponen_tarvainen,0.75,100.0,True,False,588,430,0.7389556913956821,0.041666666666666664,0.00014479836809008567,424,9,6,0.986046511627907,0.9792147806004619,0.9826187717265353,294.9999999999776,4.683574879230229,7.23133947007409,0.11352657004834488,7.2391965514134675,414,835.0904761904764,835.1038647342995,0.013388543823111831,0.013388543823111831,0.0016032447028000868,77.14426497096909,78.63152387414955,1.4872589031804608,1.4872589031804608,1.9278930245043435,39.123938676538245,37.664120279335776,-1.4598183972024685,1.4598183972024685,-3.7312664485845572,16.94510739856802,15.254237288135593,-1.6908701104324262,1.6908701104324262,-9.978515158749106,39.17060444860397,37.70974036872684,-1.4608640798771262,1.4608640798771262,-3.7294907761608234,27.697800028783814,26.66481313151085,-1.0329868972729628,1.0329868972729628,-3.7294907761608256,105.52396462125407,107.95749549801306,2.4335308767589936,2.4335308767589936,2.3061404918715924,0.26247876610963755,0.24699362474559824,-0.015485141364039307,0.015485141364039307,-5.899578694899516,1.2714075763785997,1.2684167672865183,-0.0029908090920813812,0.0029908090920813812,-0.2352360602254881,1.3284887595230532,1.4014069639164974,0.07291820439344421,0.07291820439344421,5.488808533059994,1678.1267963486232,1634.2904563050158,-43.83634004360738,43.83634004360738,-2.612218584375705,210.6622081566962,229.742853542118,19.080645385421803,19.080645385421803,9.057460069548453,7.965960344915721,7.11356384369713,-0.8523965012185908,0.8523965012185908,-10.70048637340548,pleth_6
s11_sit,msptdfast,MSPTDfast v2,mid_upslope,lipponen_tarvainen,0.5,100.0,True,False,589,287,0.49263712759712136,0.05555555555555555,0.021797727300720098,281,8,6,0.9790940766550522,0.972318339100346,0.9756944444444444,294.00000000000125,4.742647058827733,7.771554466360139,0.25735294117649776,7.781609812235505,272,834.8129496402878,834.080882352941,-0.7320672873468084,0.7320672873468084,-0.0876923732031527,82.75919296022076,83.85214145021423,1.092948489993475,1.092948489993475,1.3206369599553904,42.168135179880686,43.35981781255083,1.191682632670144,1.191682632670144,2.8260264002348414,17.689530685920577,18.45018450184502,0.7606538159244423,0.7606538159244423,4.300022592062664,42.24078592055878,43.4352766872604,1.1944907667016196,1.1944907667016196,2.8278137839292796,29.868746167076356,30.71337868827579,0.8446325211994328,0.8446325211994328,2.827813783929277,113.16371344764569,114.53842857802807,1.3747151303823841,1.3747151303823841,1.2148020672884559,0.2639427892307095,0.26814911876805286,0.004206329537343345,0.004206329537343345,1.5936519992090552,1.2275303430146434,1.2791336649579164,0.051603321943272995,0.051603321943272995,4.203832698468571,1.3962386661588087,1.4043761272666333,0.00813746110782465,0.00813746110782465,0.5828130465840496,1106.5297127666202,1141.7170227771783,35.18731001055812,35.18731001055812,3.1799697382350844,186.7306733448325,204.10912848075324,17.378455135920746,17.378455135920746,9.306695479980535,5.9258058301070315,5.593659780311286,-0.33214604979574514,0.33214604979574514,-5.605078183767388,pleth_6
s11_sit,msptd,MSPTD,mid_upslope,lipponen_tarvainen,0.5,100.0,True,False,586,287,0.49263712759712136,0.05555555555555555,0.8858094397486652,281,8,6,0.9790940766550522,0.972318339100346,0.9756944444444444,294.00000000000125,4.746323529415881,7.7736829790580915,0.2610294117648551,7.783620542650666,272,834.8129496402878,834.0845588235294,-0.7283908167584059,0.7283908167584059,-0.08725197867046287,82.75919296022076,83.84828715510596,1.089094194885206,1.089094194885206,1.3159797189040894,42.168135179880686,43.347646420354494,1.1795112404738077,1.1795112404738077,2.797162443732104,17.689530685920577,18.81918819188192,1.1296575059613438,1.1296575059613438,6.386023043903924,42.24078592055878,43.42308143878765,1.1822955182288695,1.1822955182288695,2.7989429942245487,29.868746167076356,30.704755345382452,0.8360091783060959,0.8360091783060959,2.7989429942245447,113.16371344764569,114.53509731462415,1.3713838669784622,1.3713838669784622,1.2118583114656467,0.2639427892307095,0.268081627948833,0.004138838718123483,0.004138838718123483,1.5680817536961653,1.2275303430146434,1.2765434971607714,0.04901315414612806,0.04901315414612806,3.992826281243573,1.3962386661588087,1.4046010801908924,0.00836241403208371,0.00836241403208371,0.5989243984403857,1106.5297127666202,1141.8475411880277,35.31782842140751,35.31782842140751,3.1917650302497074,186.7306733448325,204.1934953283656,17.462821983533104,17.462821983533104,9.351876513230794,5.9258058301070315,5.591987831697632,-0.3338179984093994,0.3338179984093994,-5.633292888426788,pleth_6
s11_sit,qppg,qppg (slope-sum),mid_upslope,lipponen_tarvainen,0.5,100.0,True,False,579,287,0.49263712759712136,0.05555555555555555,0.0030892042679350495,281,8,6,0.9790940766550522,0.972318339100346,0.9756944444444444,294.00000000000125,4.75000000000382,7.75166016374215,0.26470588235321246,7.761419672814963,272,834.8129496402878,834.0882352941177,-0.7247143461701171,0.7247143461701171,-0.08681158413778667,82.75919296022076,83.85046174519015,1.0912687849693867,1.0912687849693867,1.3186073304193755,42.168135179880686,43.381598629264616,1.21346344938393,1.21346344938393,2.877678712154431,17.689530685920577,18.45018450184502,0.7606538159244423,0.7606538159244423,4.300022592062664,42.24078592055878,43.45710019312366,1.2163142725648797,1.2163142725648797,2.879478319490486,29.868746167076356,30.728810237260966,0.8600640701846096,0.8600640701846096,2.879478319490487,113.16371344764569,114.53183003499768,1.3681165873519916,1.3681165873519916,1.208971096538768,0.2639427892307095,0.2682993035898502,0.004356514359140695,0.004356514359140695,1.650552520051121,1.2275303430146434,1.2603063786682263,0.03277603565358289,0.03277603565358289,2.670079468104187,1.3962386661588087,1.4032646291257724,0.0070259629669637835,0.0070259629669637835,0.5032064458072133,1106.5297127666202,1140.4881444160374,33.95843164941721,33.95843164941721,3.0689127691394793,186.7306733448325,205.04224298502788,18.311569640195387,18.311569640195387,9.806406902619425,5.9258058301070315,5.562210634319463,-0.3635951957875685,0.3635951957875685,-6.135793277941428,pleth_6
s11_sit,terma,TERMA,mid_upslope,lipponen_tarvainen,0.5,100.0,True,False,588,287,0.49263712759712136,0.05555555555555555,0.0004079281737846252,281,8,6,0.9790940766550522,0.972318339100346,0.9756944444444444,294.00000000000125,4.746323529415881,7.7736829790580915,0.2610294117648551,7.783620542650666,272,834.8129496402878,834.0845588235294,-0.7283908167584059,0.7283908167584059,-0.08725197867046287,82.75919296022076,83.84828715510596,1.089094194885206,1.089094194885206,1.3159797189040894,42.168135179880686,43.347646420354494,1.1795112404738077,1.1795112404738077,2.797162443732104,17.689530685920577,18.81918819188192,1.1296575059613438,1.1296575059613438,6.386023043903924,42.24078592055878,43.42308143878765,1.1822955182288695,1.1822955182288695,2.7989429942245487,29.868746167076356,30.704755345382452,0.8360091783060959,0.8360091783060959,2.7989429942245447,113.16371344764569,114.53509731462415,1.3713838669784622,1.3713838669784622,1.2118583114656467,0.2639427892307095,0.268081627948833,0.004138838718123483,0.004138838718123483,1.5680817536961653,1.2275303430146434,1.2765434971607714,0.04901315414612806,0.04901315414612806,3.992826281243573,1.3962386661588087,1.4046010801908924,0.00836241403208371,0.00836241403208371,0.5989243984403857,1106.5297127666202,1141.8475411880277,35.31782842140751,35.31782842140751,3.1917650302497074,186.7306733448325,204.1934953283656,17.462821983533104,17.462821983533104,9.351876513230794,5.9258058301070315,5.591987831697632,-0.3338179984093994,0.3338179984093994,-5.633292888426788,pleth_6
s11_sit,heartpy,HeartPy,mid_upslope,lipponen_tarvainen,0.5,100.0,True,False,587,287,0.49263712759712136,0.05574912891986063,0.01941086347059974,278,10,9,0.9686411149825784,0.9652777777777778,0.9669565217391305,294.00000000000125,4.762081784390918,7.800724396831221,0.24163568773249203,7.811514100256077,269,834.8129496402878,836.1365313653137,1.3235817250258606,1.3235817250258606,0.158548298226109,82.75919296022076,96.00632595552973,13.247132995308974,13.247132995308974,16.006841683045863,42.168135179880686,60.23454158536826,18.066406405487577,18.066406405487577,42.84374048892597,17.689530685920577,19.62962962962963,1.940098943709053,1.940098943709053,10.96749811035526,42.24078592055878,60.342943910627945,18.102157990069166,18.102157990069166,42.8546903083514,29.868746167076356,42.668904835964504,12.800158668888148,12.800158668888148,42.85469030835139,113.16371344764569,128.89450650457624,15.730793056930551,15.730793056930551,13.900916272253898,0.2639427892307095,0.331037419616092,0.06709463038538249,0.06709463038538249,25.42014145600917,1.2275303430146434,1.1114669080186654,-0.11606343499597793,0.11606343499597793,-9.45503593100129,1.3962386661588087,1.2593588627189145,-0.13687980343989414,0.13687980343989414,-9.803467469960855,1106.5297127666202,2086.081686606281,979.5519738396608,979.5519738396608,88.5246878179637,186.7306733448325,496.36372323775964,309.63304989292715,309.63304989292715,165.8179903422363,5.9258058301070315,4.202727937083835,-1.7230778930231967,1.7230778930231967,-29.077528734890635,pleth_6
s11_sit,findpeaks,find_peaks baseline,mid_upslope,lipponen_tarvainen,0.5,100.0,True,False,588,287,0.49263712759712136,0.05555555555555555,0.00014197802056551553,281,8,6,0.9790940766550522,0.972318339100346,0.9756944444444444,294.00000000000125,4.746323529415881,7.7736829790580915,0.2610294117648551,7.783620542650666,272,834.8129496402878,834.0845588235294,-0.7283908167584059,0.7283908167584059,-0.08725197867046287,82.75919296022076,83.84828715510596,1.089094194885206,1.089094194885206,1.3159797189040894,42.168135179880686,43.347646420354494,1.1795112404738077,1.1795112404738077,2.797162443732104,17.689530685920577,18.81918819188192,1.1296575059613438,1.1296575059613438,6.386023043903924,42.24078592055878,43.42308143878765,1.1822955182288695,1.1822955182288695,2.7989429942245487,29.868746167076356,30.704755345382452,0.8360091783060959,0.8360091783060959,2.7989429942245447,113.16371344764569,114.53509731462415,1.3713838669784622,1.3713838669784622,1.2118583114656467,0.2639427892307095,0.268081627948833,0.004138838718123483,0.004138838718123483,1.5680817536961653,1.2275303430146434,1.2765434971607714,0.04901315414612806,0.04901315414612806,3.992826281243573,1.3962386661588087,1.4046010801908924,0.00836241403208371,0.00836241403208371,0.5989243984403857,1106.5297127666202,1141.8475411880277,35.31782842140751,35.31782842140751,3.1917650302497074,186.7306733448325,204.1934953283656,17.462821983533104,17.462821983533104,9.351876513230794,5.9258058301070315,5.591987831697632,-0.3338179984093994,0.3338179984093994,-5.633292888426788,pleth_6
s12_sit,msptdfast,MSPTDfast v2,mid_upslope,lipponen_tarvainen,1.0,100.0,True,False,590,589,0.9878169245966414,0.001697792869269949,0.02436656651245102,588,1,1,0.99830220713073,0.99830220713073,0.99830220713073,282.99999999999136,3.245315161839509,4.382285853470428,0.03236797274275457,4.385903771363726,587,824.5136054421769,824.4557823129252,-0.05782312925168753,0.05782312925168753,-0.007012998799538023,41.7104665198361,41.7790866217061,0.06862010186999612,0.06862010186999612,0.16451530657745747,21.879178841546043,20.983972142624843,-0.8952066989212,0.8952066989212,-4.0915918527129795,1.362862010221465,1.362862010221465,0.0,0.0,0.0,21.897806997768605,21.001709460627747,-0.8960975371408573,0.8960975371408573,-4.092179354910608,15.484087821236415,14.85045117611955,-0.633636645116864,0.633636645116864,-4.092179354910606,56.91896923652936,57.18783312693123,0.26886389040187453,0.26886389040187453,0.4723625427660126,0.2720373898004299,0.25967850789447183,-0.012358881905958075,0.012358881905958075,-4.543082079645267,1.4161534721948008,1.414839713595047,-0.0013137585997538004,0.0013137585997538004,-0.09276950736968462,1.3409288086865765,1.3589117926066618,0.01798298392008535,0.01798298392008535,1.3410841652137717,449.15597317788973,456.2514434845583,7.095470306668574,7.095470306668574,1.5797341525854292,41.95531463575461,43.249961788985814,1.2946471532312032,1.2946471532312032,3.0857762943050266,10.705579902745287,10.549175643451063,-0.15640425929422364,0.15640425929422364,-1.460960178851368,pleth_6
s12_sit,msptd,MSPTD,mid_upslope,lipponen_tarvainen,1.0,100.0,True,False,589,589,0.9878169245966414,0.0,0.8998277988144386,588,1,1,0.99830220713073,0.99830220713073,0.99830220713073,282.99999999999136,3.238500851788242,4.358898943539597,0.03236797274275457,4.362496273312191,587,824.5136054421769,824.4557823129252,-0.05782312925168753,0.05782312925168753,-0.007012998799538023,41.7104665198361,41.78128845925407,0.07082193941796788,0.07082193941796788,0.16979416757251406,21.879178841546043,20.991602117390805,-0.8875767241552381,0.8875767241552381,-4.056718629996443,1.362862010221465,1.362862010221465,0.0,0.0,0.0,21.897806997768605,21.009346000797777,-0.8884609969708279,0.8884609969708279,-4.05730581633751,15.484087821236415,14.855851025458582,-0.6282367957778323,0.6282367957778323,-4.057305816337505,56.91896923652936,57.18964784766712,0.27067861113776104,0.27067861113776104,0.4755507957513141,0.2720373898004299,0.2597646879209553,-0.012272701879474601,0.012272701879474601,-4.511402601119652,1.4161534721948008,1.4257485140964719,0.009595041901671042,0.009595041901671042,0.6775425185238104,1.3409288086865765,1.3588178053175561,0.017888996630979648,0.017888996630979648,1.3340750467209146,449.15597317788973,456.1926189510954,7.0366457732056915,7.0366457732056915,1.5666374697011554,41.95531463575461,43.36048638541086,1.4051717496562475,1.4051717496562475,3.3492103726443045,10.705579902745287,10.520929467815812,-0.18465043492947508,0.18465043492947508,-1.7248055369903337,pleth_6
s12_sit,qppg,qppg (slope-sum),mid_upslope,lipponen_tarvainen,1.0,100.0,True,False,589,589,0.9878169245966414,0.0,0.0031359359570454232,588,1,1,0.99830220713073,0.99830220713073,0.99830220713073,282.99999999997715,3.2282793867118467,4.353032583683886,0.02896081771718425,4.3566487704080465,587,824.5136054421769,824.4710884353741,-0.042517006802768265,0.042517006802768265,-0.0051566167643730875,41.7104665198361,41.77738742029087,0.06692090045476817,0.06692090045476817,0.16044150554619865,21.879178841546043,21.031209063789596,-0.8479697777564468,0.8479697777564468,-3.875692885448926,1.362862010221465,1.362862010221465,0.0,0.0,0.0,21.897806997768605,21.049061538894225,-0.8487454588743795,0.8487454588743795,-3.875938165684203,15.484087821236415,14.883934151765054,-0.6001536694713607,0.6001536694713607,-3.8759381656841962,56.91896923652936,57.17664473800538,0.25767550147602236,0.25767550147602236,0.4527058464555817,0.2720373898004299,0.2603149278864852,-0.011722461913944715,0.011722461913944715,-4.309136300177142,1.4161534721948008,1.4192703810115317,0.003116908816730879,0.003116908816730879,0.2200968241034068,1.3409288086865765,1.358715549892846,0.017786741206269552,0.017786741206269552,1.3264493305719525,449.15597317788973,456.48610056974525,7.3301273918555125,7.3301273918555125,1.6319781611703938,41.95531463575461,43.686118566821705,1.7308039310670935,1.7308039310670935,4.125350855054941,10.705579902745287,10.449225418630638,-0.2563544841146488,0.2563544841146488,-2.3945875556812246,pleth_6
s12_sit,terma,TERMA,mid_upslope,lipponen_tarvainen,1.0,100.0,True,False,588,589,0.9878169245966414,0.0,0.0004248353635622144,588,0,1,0.99830220713073,1.0,0.9991503823279524,282.99999999999136,3.2385008517883875,4.369828410900016,0.03236797274275457,4.373435363029543,587,824.5136054421769,824.5332197614991,0.019614319322272422,0.019614319322272422,0.0023788957747705687,41.7104665198361,41.77319923620573,0.06273271636962363,0.06273271636962363,0.1504004188967535,21.879178841546043,20.949924042968377,-0.9292547985776665,0.9292547985776665,-4.247210580010976,1.362862010221465,1.3651877133105803,0.002325703089115283,0.002325703089115283,0.1706484641638339,21.897806997768605,20.967810559644082,-0.9299964381245225,0.9299964381245225,-4.246984358841456,15.484087821236415,14.82648103335923,-0.6576067878771852,0.6576067878771852,-4.2469843588414555,56.91896923652936,57.18545102578904,0.2664817892596858,0.2664817892596858,0.46817746848560915,0.2720373898004299,0.2592701599340871,-0.012767229866342822,0.012767229866342822,-4.693189372133376,1.4161534721948008,1.4200620947433171,0.003908622548516316,0.003908622548516316,0.27600275148558623,1.3409288086865765,1.3487829736525776,0.00785416496600111,0.00785416496600111,0.5857257234777563,449.15597317788973,456.0110513039419,6.855078126052149,6.855078126052149,1.5262132834504623,41.95531463575461,43.415988932837806,1.4606742970831945,1.4606742970831945,3.481500042996693,10.705579902745287,10.503297575678085,-0.20228232706720206,0.20228232706720206,-1.8895036878416065,pleth_6
s12_sit,heartpy,HeartPy,mid_upslope,lipponen_tarvainen,1.0,100.0,True,False,588,589,0.9878169245966414,0.0017035775127768314,0.01978092278640174,588,1,1,0.99830220713073,0.99830220713073,0.99830220713073,282.99999999999136,3.2862010221461486,4.477656055110102,0.03236797274275476,4.481357860505556,587,824.5136054421769,824.4557823129252,-0.05782312925168753,0.05782312925168753,-0.007012998799538023,41.7104665198361,41.763507344621566,0.05304082478546235,0.05304082478546235,0.1271643048160056,21.879178841546043,21.012691873282215,-0.8664869682638283,0.8664869682638283,-3.960326731360088,1.362862010221465,1.362862010221465,0.0,0.0,0.0,21.897806997768605,21.03045390368215,-0.8673530940864538,0.8673530940864538,-3.960913045652642,15.484087821236415,14.87077656672475,-0.6133112545116646,0.6133112545116646,-3.9609130456526387,56.91896923652936,57.15978565172431,0.24081641519495633,0.24081641519495633,0.4230863953179349,0.2720373898004299,0.26016151735299853,-0.01187587244743138,0.01187587244743138,-4.365529479658539,1.4161534721948008,1.4224626869587986,0.006309214763997817,0.006309214763997817,0.4455177272714369,1.3409288086865765,1.3617210772965933,0.020792268610016817,0.020792268610016817,1.5505870613953467,449.15597317788973,456.1687734335195,7.01280025562977,7.01280025562977,1.5613285082267685,41.95531463575461,43.23151818559654,1.2762035498419309,1.2762035498419309,3.041816182101376,10.705579902745287,10.551763911578321,-0.1538159911669652,0.1538159911669652,-1.4367833649770003,pleth_6
s12_sit,findpeaks,find_peaks baseline,mid_upslope,lipponen_tarvainen,1.0,100.0,True,False,589,589,0.9878169245966414,0.0,0.0001476539351977523,588,1,1,0.99830220713073,0.99830220713073,0.99830220713073,282.99999999999136,3.2385008517883875,4.369828410900016,0.03236797274275457,4.373435363029543,587,824.5136054421769,824.4557823129252,-0.05782312925168753,0.05782312925168753,-0.007012998799538023,41.7104665198361,41.77982058044866,0.06935406061255378,0.06935406061255378,0.16627495782041016,21.879178841546043,20.98186123421347,-0.8973176073325746,0.8973176073325746,-4.1012398766478,1.362862010221465,1.362862010221465,0.0,0.0,0.0,21.897806997768605,20.99959673582459,-0.8982102619440155,0.8982102619440155,-4.101827466264286,15.484087821236415,14.848957254084457,-0.6351305671519576,0.6351305671519576,-4.10182746626428,56.91896923652936,57.189293437979586,0.2703242014502294,0.2703242014502294,0.47492813920590327,0.2720373898004299,0.2596457546758782,-0.012391635124551714,0.012391635124551714,-4.555122049083906,1.4161534721948008,1.4213549197456221,0.005201447550821303,0.005201447550821303,0.36729405766734663,1.3409288086865765,1.3590413184113703,0.018112509724793835,0.018112509724793835,1.3507435747118313,449.15597317788973,456.21986605041883,7.063892872529095,7.063892872529095,1.572703758685497,41.95531463575461,43.31469073356438,1.359376097809772,1.359376097809772,3.240056973977028,10.705579902745287,10.532682060613118,-0.1728978421321692,0.1728978421321692,-1.6150254699218312,pleth_6
s12_sit,msptdfast,MSPTDfast v2,mid_upslope,lipponen_tarvainen,0.9,100.0,True,False,590,523,0.8849193282844913,0.02480916030534351,0.02781476374668188,516,8,7,0.9866156787762906,0.9847328244274809,0.9856733524355301,282.9999999999965,3.1780821917797115,4.276179870597522,-0.0430528375733032,4.280153203591136,511,822.1351351351351,821.8003913894324,-0.3347437457026672,0.3347437457026672,-0.04071638972681116,41.81849286308144,41.5152143130006,-0.30327855008084015,0.30327855008084015,-0.7252259211583952,23.220747076219325,22.06287805875129,-1.157869017468034,1.157869017468034,-4.986355579635174,1.9342359767891684,1.7647058823529411,-0.16953009443622724,0.16953009443622724,-8.76470588235295,23.243225297469053,22.08454010543202,-1.1586851920370336,1.1586851920370336,-4.985044791366379,16.435442224487076,15.616128067937254,-0.8193141565498223,0.8193141565498223,-4.985044791366372,56.81064098885643,56.59648914088684,-0.21415184796958897,0.21415184796958897,-0.3769572816676993,0.2893021789300166,0.27592043791026855,-0.013381741019748039,0.013381741019748039,-4.625523758320928,1.431951758332672,1.4223657528815479,-0.009586005451124091,0.009586005451124091,-0.669436340668752,1.380865432607804,1.4489536817585473,0.0680882491507433,0.0680882491507433,4.930838845183971,423.69903008739504,334.0725514697024,-89.62647861769267,89.62647861769267,-21.15333580046329,42.85802585910329,40.76474756125373,-2.093278297849565,2.093278297849565,-4.884215396974335,9.886107014828797,8.195133576326455,-1.6909734385023416,1.6909734385023416,-17.104543132761396,pleth_6
s12_sit,msptd,MSPTD,mid_upslope,lipponen_tarvainen,0.9,100.0,True,False,589,523,0.8849193282844913,0.015296367112810707,0.8746295274945233,520,4,3,0.994263862332696,0.9923664122137404,0.9933142311365807,282.9999999999965,3.1747572815521705,4.252469299785463,-0.017475728155330755,4.25656798930174,515,822.1351351351351,822.242718446602,0.1075833114668967,0.1075833114668967,0.01308584280967546,41.81849286308144,41.725214227410554,-0.09327863567088457,0.09327863567088457,-0.22305594794219286,23.220747076219325,22.728861989003807,-0.49188508721551827,0.49188508721551827,-2.1183000081821843,1.9342359767891684,1.7509727626459144,-0.18326321414325397,0.18326321414325397,-9.474708171206231,23.243225297469053,22.75100400734137,-0.49222129012768434,0.49222129012768434,-2.1176978832678706,16.435442224487076,16.0873892123934,-0.34805301209367556,0.34805301209367556,-2.117697883267864,56.81064098885643,56.77308264464399,-0.0375583442124352,0.0375583442124352,-0.06611146003404958,0.2893021789300166,0.2833629682060446,-0.005939210723971966,0.005939210723971966,-2.0529436542573314,1.431951758332672,1.4238168004429803,-0.008134957889691652,0.008134957889691652,-0.5681027899406185,1.380865432607804,1.3949869017719403,0.014121469164136258,0.014121469164136258,1.0226535352881894,423.69903008739504,415.5248059754625,-8.174224111932517,8.174224111932517,-1.9292524956326773,42.85802585910329,40.41328269241499,-2.444743166688305,2.444743166688305,-5.704283194763688,9.886107014828797,10.281887000816461,0.39577998598766406,0.39577998598766406,4.0033957289154225,pleth_6
s12_sit,qppg,qppg (slope-sum),mid_upslope,lipponen_tarvainen,0.9,100.0,True,False,589,523,0.8849193282844913,0.015296367112810707,0.0031863640105088617,520,4,3,0.994263862332696,0.9923664122137404,0.9933142311365807,282.9999999999965,3.08737864077613,4.06930255706853,-0.0155339805825618,4.07322942082725,515,822.1351351351351,822.2446601941748,0.10952505903969723,0.10952505903969723,0.013322026314043188,41.81849286308144,41.74764777771147,-0.07084508536996736,0.07084508536996736,-0.1694109005839171,23.220747076219325,22.836204104422112,-0.3845429717972131,0.3845429717972131,-1.6560318689790503,1.9342359767891684,1.7509727626459144,-0.18326321414325397,0.18326321414325397,-9.474708171206231,23.243225297469053,22.858450694160577,-0.38477460330847535,0.38477460330847535,-1.655426897016626,16.435442224487076,16.16336549325929,-0.27207673122778786,0.27207673122778786,-1.6554268970166328,56.81064098885643,56.78448560896744,-0.026155379888990637,0.026155379888990637,-0.04603957891290311,0.2893021789300166,0.28464404176458297,-0.004658137165433618,0.004658137165433618,-1.6101286145378257,1.431951758332672,1.4142299430133105,-0.017721815319361456,0.017721815319361456,-1.2375986283222478,1.380865432607804,1.391723389054598,0.010857956446793882,0.010857956446793882,0.7863153201169153,423.69903008739504,417.8217175170664,-5.877312570328627,5.877312570328627,-1.3871432675020126,42.85802585910329,40.7893555050447,-2.0686703540585896,2.0686703540585896,-4.826798044453539,9.886107014828797,10.243400817288999,0.3572938024602017,0.3572938024602017,3.6141000893908406,pleth_6
s12_sit,terma,TERMA,mid_upslope,lipponen_tarvainen,0.9,100.0,True,False,588,523,0.8849193282844913,0.015296367112810707,0.00039899160323803614,520,4,3,0.994263862332696,0.9923664122137404,0.9933142311365807,282.9999999999965,3.1708737864065757,4.257489118273898,-0.017475728155330755,4.261592730889396,515,822.1351351351351,822.242718446602,0.1075833114668967,0.1075833114668967,0.01308584280967546,41.81849286308144,41.72227661737233,-0.09621624570910825,0.09621624570910825,-0.23008061534912633,23.220747076219325,22.711993095063313,-0.508753981156012,0.508753981156012,-2.1909457929414926,1.9342359767891684,1.7509727626459144,-0.18326321414325397,0.18326321414325397,-9.474708171206231,23.243225297469053,22.73411867992646,-0.5091066175425922,0.5091066175425922,-2.1903441154443772,16.435442224487076,16.075449482875765,-0.3599927416113111,0.3599927416113111,-2.190344115444365,56.81064098885643,56.772146834487216,-0.038494154369210776,0.038494154369210776,-0.06775870452995156,0.2893021789300166,0.2831573294161646,-0.006144849513851969,0.006144849513851969,-2.124024622482513,1.431951758332672,1.4184440875300404,-0.0135076708026316,0.0135076708026316,-0.9433048790945014,1.380865432607804,1.3952233892698855,0.014357956662081506,0.014357956662081506,1.0397795703355461,423.69903008739504,415.59393782066104,-8.105092266734005,8.105092266734005,-1.912936233312168,42.85802585910329,40.30849139090789,-2.5495344681954037,2.5495344681954037,-5.948791193922592,9.886107014828797,10.310332227278636,0.4242252124498389,0.4242252124498389,4.291125028421367,pleth_6
s12_sit,heartpy,HeartPy,mid_upslope,lipponen_tarvainen,0.9,100.0,True,False,588,523,0.8849193282844913,0.02490421455938697,0.02712947810373996,516,8,7,0.9866156787762906,0.9847328244274809,0.9856733524355301,282.9999999999965,3.2250489236779445,4.3882069320243815,-0.04305283757330298,4.392295580424785,511,822.1351351351351,821.8003913894324,-0.3347437457026672,0.3347437457026672,-0.04071638972681116,41.81849286308144,41.497168340004635,-0.3213245230768038,0.3213245230768038,-0.7683790138703882,23.220747076219325,22.09431654361469,-1.1264305326046369,1.1264305326046369,-4.850965943977872,1.9342359767891684,1.7647058823529411,-0.16953009443622724,0.16953009443622724,-8.76470588235295,23.243225297469053,22.116009457864223,-1.1272158396048297,1.1272158396048297,-4.849653286833527,16.435442224487076,15.638380260441613,-0.7970619640454633,0.7970619640454633,-4.849653286833529,56.81064098885643,56.563866764103,-0.24677422475343036,0.24677422475343036,-0.4343802859077683,0.2893021789300166,0.2764729703798497,-0.012829208550166893,0.012829208550166893,-4.434535749995279,1.431951758332672,1.431423612837726,-0.000528145494945953,0.000528145494945953,-0.03688291116461298,1.380865432607804,1.45082745399865,0.06996202139084606,0.06996202139084606,5.06653434424242,423.69903008739504,334.0376928295112,-89.66133725788387,89.66133725788387,-21.16156301783125,42.85802585910329,40.82560366035616,-2.0324221987471347,2.0324221987471347,-4.7422207579713715,9.886107014828797,8.182063775676136,-1.7040432391526608,1.7040432391526608,-17.236746846829178,pleth_6
s12_sit,findpeaks,find_peaks baseline,mid_upslope,lipponen_tarvainen,0.9,100.0,True,False,589,523,0.8849193282844913,0.015296367112810707,0.00014086269333890087,520,4,3,0.994263862332696,0.9923664122137404,0.9933142311365807,282.9999999999965,3.1708737864065757,4.257489118273898,-0.017475728155330755,4.261592730889396,515,822.1351351351351,822.242718446602,0.1075833114668967,0.1075833114668967,0.01308584280967546,41.81849286308144,41.72227661737233,-0.09621624570910825,0.09621624570910825,-0.23008061534912633,23.220747076219325,22.711993095063313,-0.508753981156012,0.508753981156012,-2.1909457929414926,1.9342359767891684,1.7509727626459144,-0.18326321414325397,0.18326321414325397,-9.474708171206231,23.243225297469053,22.73411867992646,-0.5091066175425922,0.5091066175425922,-2.1903441154443772,16.435442224487076,16.075449482875765,-0.3599927416113111,0.3599927416113111,-2.190344115444365,56.81064098885643,56.772146834487216,-0.038494154369210776,0.038494154369210776,-0.06775870452995156,0.2893021789300166,0.2831573294161646,-0.006144849513851969,0.006144849513851969,-2.124024622482513,1.431951758332672,1.4184440875300404,-0.0135076708026316,0.0135076708026316,-0.9433048790945014,1.380865432607804,1.3952233892698855,0.014357956662081506,0.014357956662081506,1.0397795703355461,423.69903008739504,415.59393782066104,-8.105092266734005,8.105092266734005,-1.912936233312168,42.85802585910329,40.30849139090789,-2.5495344681954037,2.5495344681954037,-5.948791193922592,9.886107014828797,10.310332227278636,0.4242252124498389,0.4242252124498389,4.291125028421367,pleth_6
s12_sit,msptdfast,MSPTDfast v2,mid_upslope,lipponen_tarvainen,0.75,100.0,True,False,590,437,0.740862693447481,0.04337899543378995,0.02163941389479783,429,9,8,0.9816933638443935,0.9794520547945206,0.9805714285714285,282.9999999999965,3.0405727923610204,3.9976126527245124,-0.09546539379468483,4.001250218566769,419,825.1943793911007,825.040572792363,-0.153806598737674,0.153806598737674,-0.018638832568293268,39.58407189359595,39.64574922044078,0.06167732684482985,0.06167732684482985,0.15581349743558906,24.730661814900014,24.19592080769148,-0.5347410072085346,0.5347410072085346,-2.1622591874446226,2.112676056338028,1.674641148325359,-0.4380349080126691,0.4380349080126691,-20.733652312599673,24.75972355504181,24.224915212333716,-0.534808342708093,0.534808342708093,-2.159993190227644,17.507768426074357,17.129601820310324,-0.37816660576403294,0.37816660576403294,-2.159993190227651,53.17213123520346,53.38677368017085,0.2146424449673887,0.2146424449673887,0.4036747069962869,0.32926587705559296,0.32085853179535134,-0.008407345260241617,0.008407345260241617,-2.553360626197572,1.6179728148839378,1.51876706712261,-0.09920574776132796,0.09920574776132796,-6.131484215848477,1.3071316340567642,1.30329402184141,-0.00383761221535428,0.00383761221535428,-0.29359034051100213,266.25275726988804,249.3706749796485,-16.882082290239538,16.882082290239538,-6.340622521000583,33.336923667946245,30.330633381942704,-3.0062902860035408,3.0062902860035408,-9.017899539705029,7.986722467913033,8.22174307537247,0.2350206074594361,0.2350206074594361,2.9426414703107624,pleth_6
s12_sit,msptd,MSPTD,mid_upslope,lipponen_tarvainen,0.75,100.0,True,False,589,437,0.740862693447481,0.041189931350114416,0.8879379033587665,429,9,8,0.9816933638443935,0.9794520547945206,0.9805714285714285,282.9999999999965,3.035799522671218,3.9724588851557217,-0.09546539379468483,3.9760591511923056,419,825.1943793911007,825.040572792363,-0.153806598737674,0.153806598737674,-0.018638832568293268,39.58407189359595,39.6499730073016,0.06590111370564955,0.06590111370564955,0.16648391778085686,24.730661814900014,24.21054971914864,-0.5201120957513723,0.5201120957513723,-2.1031062558868086,2.112676056338028,1.674641148325359,-0.4380349080126691,0.4380349080126691,-20.733652312599673,24.75972355504181,24.239561654020253,-0.5201619010215559,0.5201619010215559,-2.1008388880643847,17.507768426074357,17.139958418547128,-0.36781000752722903,0.36781000752722903,-2.100838888064391,53.17213123520346,53.38972320934026,0.21759197413680198,0.21759197413680198,0.4092218406185339,0.32926587705559296,0.32103478700089194,-0.008231090054701018,0.008231090054701018,-2.49983087476486,1.6179728148839378,1.5218879766974807,-0.09608483818645719,0.09608483818645719,-5.938594103841582,1.3071316340567642,1.3029232186527453,-0.00420841540401895,0.00420841540401895,-0.3219580411314713,266.25275726988804,249.28522760361963,-16.967529666268405,16.967529666268405,-6.37271509983621,33.336923667946245,30.49241004794895,-2.8445136199972936,2.8445136199972936,-8.532621810969076,7.986722467913033,8.175320586717206,0.18859811880417254,0.18859811880417254,2.3613956734051142,pleth_6
s12_sit,qppg,qppg (slope-sum),mid_upslope,lipponen_tarvainen,0.75,100.0,True,False,589,437,0.740862693447481,0.041189931350114416,0.003214158709739898,429,9,8,0.9816933638443935,0.9794520547945206,0.9805714285714285,282.9999999999965,3.002386634843676,3.944120423978004,-0.09069212410499267,3.9477913694669438,419,825.1943793911007,825.0453460620525,-0.1490333290481658,0.1490333290481658,-0.018060390711596385,39.58407189359595,39.66064596469531,0.07657407109936543,0.07657407109936543,0.19344667548401925,24.730661814900014,24.230699417441492,-0.4999623974585212,0.4999623974585212,-2.021629672511627,2.112676056338028,1.674641148325359,-0.4380349080126691,0.4380349080126691,-20.733652312599673,24.75972355504181,24.25973549825396,-0.4999880567878492,0.4999880567878492,-2.019360416833236,17.507768426074357,17.154223480607385,-0.3535449454669717,0.3535449454669717,-2.0193604168332295,53.17213123520346,53.400995247759035,0.22886401255557587,0.22886401255557587,0.4304209879103977,0.32926587705559296,0.32123415305311676,-0.008031724002476204,0.008031724002476204,-2.439282222105309,1.6179728148839378,1.4912693399128638,-0.12670347497107404,0.12670347497107404,-7.831001473295017,1.3071316340567642,1.3021747991984056,-0.0049568348583586275,0.0049568348583586275,-0.3792146658538729,266.25275726988804,250.13371017132556,-16.119047098562476,16.119047098562476,-6.054039501353726,33.336923667946245,30.671448473443863,-2.665475194502381,2.665475194502381,-7.995564380960741,7.986722467913033,8.155262389642205,0.1685399217291721,0.1685399217291721,2.1102513879290004,pleth_6
s12_sit,terma,TERMA,mid_upslope,lipponen_tarvainen,0.75,100.0,True,False,588,437,0.740862693447481,0.041189931350114416,0.00043528152802161545,429,9,8,0.9816933638443935,0.9794520547945206,0.9805714285714285,282.9999999999965,3.0310262529815257,3.979062145888249,-0.09546539379468483,3.9826722125638825,419,825.1943793911007,825.040572792363,-0.153806598737674,0.153806598737674,-0.018638832568293268,39.58407189359595,39.64617161937641,0.06209972578046319,0.06209972578046319,0.15688059062592272,24.730661814900014,24.1910755025756,-0.5395863123244133,0.5395863123244133,-2.1818514860743323,2.112676056338028,1.674641148325359,-0.4380349080126691,0.4380349080126691,-20.733652312599673,24.75972355504181,24.22006410095463,-0.5396594540871789,0.5396594540871789,-2.1795859428215962,17.507768426074357,17.126171566557883,-0.38159685951647404,0.38159685951647404,-2.1795859428215936,53.17213123520346,53.388501530001,0.21637029479754233,0.21637029479754233,0.406924247291203,0.32926587705559296,0.3207838968271856,-0.008481980228407349,0.008481980228407349,-2.5760277087489567,1.6179728148839378,1.514756748241116,-0.1032160666428219,0.1032160666428219,-6.3793449242981195,1.3071316340567642,1.303190380797834,-0.003941253258930244,0.003941253258930244,-0.3015192315940147,266.25275726988804,249.33479510360579,-16.91796216628225,16.91796216628225,-6.354098391226536,33.336923667946245,30.39403944853608,-2.942884219410164,2.942884219410164,-8.827701826127928,7.986722467913033,8.203410919624075,0.21668845171104145,0.21668845171104145,2.713108569649136,pleth_6
s12_sit,heartpy,HeartPy,mid_upslope,lipponen_tarvainen,0.75,100.0,True,False,588,437,0.740862693447481,0.04128440366972477,0.020216624135320972,426,11,11,0.9748283752860412,0.9748283752860412,0.9748283752860412,282.9999999999965,3.033734939757261,3.9864227403828756,-0.07469879518065632,3.990533586220991,415,825.1943793911007,827.2727272727274,2.078347881626655,2.078347881626655,0.25186161388547496,39.58407189359595,40.95071931832262,1.366647424726672,1.366647424726672,3.4525185493809016,24.730661814900014,28.75844157166232,4.027779756762307,4.027779756762307,16.28658297504842,2.112676056338028,1.9184652278177456,-0.19421082852028237,0.19421082852028237,-9.192645883293366,24.75972355504181,28.792986158571825,4.033262603530016,4.033262603530016,16.28961080507995,17.507768426074357,20.359715763336542,2.8519473372621853,2.8519473372621853,16.289610805079956,53.17213123520346,54.2162779929813,1.0441467577778383,1.0441467577778383,1.963710563263156,0.32926587705559296,0.37552772925452865,0.04626185219893569,0.04626185219893569,14.049998928715254,1.6179728148839378,1.417356421995742,-0.20061639288819588,0.20061639288819588,-12.399243735290245,1.3071316340567642,1.2414904166715286,-0.06564121738523565,0.06564121738523565,-5.0217755943610705,266.25275726988804,253.48659986559412,-12.76615740429392,12.76615740429392,-4.794751248849401,33.336923667946245,30.417649450912194,-2.919274217034051,2.919274217034051,-8.756879447280733,7.986722467913033,8.333536760447883,0.34681429253484986,0.34681429253484986,4.342385677331217,pleth_6
s12_sit,findpeaks,find_peaks baseline,mid_upslope,lipponen_tarvainen,0.75,100.0,True,False,589,437,0.740862693447481,0.041189931350114416,0.000139430358672705,429,9,8,0.9816933638443935,0.9794520547945206,0.9805714285714285,282.9999999999965,3.0310262529815257,3.979062145888249,-0.09546539379468483,3.9826722125638825,419,825.1943793911007,825.040572792363,-0.153806598737674,0.153806598737674,-0.018638832568293268,39.58407189359595,39.64617161937641,0.06209972578046319,0.06209972578046319,0.15688059062592272,24.730661814900014,24.1910755025756,-0.5395863123244133,0.5395863123244133,-2.1818514860743323,2.112676056338028,1.674641148325359,-0.4380349080126691,0.4380349080126691,-20.733652312599673,24.75972355504181,24.22006410095463,-0.5396594540871789,0.5396594540871789,-2.1795859428215962,17.507768426074357,17.126171566557883,-0.38159685951647404,0.38159685951647404,-2.1795859428215936,53.17213123520346,53.388501530001,0.21637029479754233,0.21637029479754233,0.406924247291203,0.32926587705559296,0.3207838968271856,-0.008481980228407349,0.008481980228407349,-2.5760277087489567,1.6179728148839378,1.514756748241116,-0.1032160666428219,0.1032160666428219,-6.3793449242981195,1.3071316340567642,1.303190380797834,-0.003941253258930244,0.003941253258930244,-0.3015192315940147,266.25275726988804,249.33479510360579,-16.91796216628225,16.91796216628225,-6.354098391226536,33.336923667946245,30.39403944853608,-2.942884219410164,2.942884219410164,-8.827701826127928,7.986722467913033,8.203410919624075,0.21668845171104145,0.21668845171104145,2.713108569649136,pleth_6
s12_sit,msptdfast,MSPTDfast v2,mid_upslope,lipponen_tarvainen,0.5,100.0,True,False,590,293,0.4939084622983207,0.09931506849315068,0.021922287619308752,278,14,15,0.9488054607508533,0.952054794520548,0.9504273504273505,282.9999999999874,3.288973384028259,4.243088766611664,-0.03422053231932031,4.251040292619875,263,822.2733812949641,821.9885931558936,-0.28478813907054246,0.28478813907054246,-0.03463424033282477,40.219758377902956,40.85007805403632,0.6303196761333609,0.6303196761333609,1.5671891168785923,26.31055847686882,26.55492651349957,0.24436803663074969,0.24436803663074969,0.9287831607435783,3.2490974729241873,3.435114503816794,0.1860170308926068,0.1860170308926068,5.725190839694677,26.358143706523652,26.605749111035536,0.24760540451188362,0.24760540451188362,0.939388627927547,18.638022154372397,18.813105614961188,0.17508346058879098,0.17508346058879098,0.9393886279275464,53.73901802347075,54.621651486951905,0.8826334634811559,0.8826334634811559,1.642444346667559,0.34682476233994747,0.34442579275464213,-0.0023989695853053328,0.0023989695853053328,-0.6916950131011502,1.4588040764858818,1.4734068656820392,0.014602789196157318,0.014602789196157318,1.0010109946589967,1.2743090608681977,1.3625763206024004,0.08826725973420269,0.08826725973420269,6.926675988167693,120.59135148147683,108.83439792521344,-11.756953556263397,11.756953556263397,-9.749416862675512,23.548189763540883,17.47662199704239,-6.071567766498493,6.071567766498493,-25.78358603130913,5.121045511030561,6.227427585469992,1.1063820744394315,1.1063820744394315,21.604613199713253,pleth_6
s12_sit,msptd,MSPTD,mid_upslope,lipponen_tarvainen,0.5,100.0,True,False,589,293,0.4939084622983207,0.09621993127147767,0.9022451967405722,278,14,15,0.9488054607508533,0.952054794520548,0.9504273504273505,282.9999999999874,3.273764258552942,4.215217768571209,-0.03422053231932031,4.2231152421053935,263,822.2733812949641,821.9885931558937,-0.28478813907042877,0.28478813907042877,-0.03463424033281094,40.219758377902956,40.85073208812008,0.6309737102171269,0.6309737102171269,1.568815268079255,26.31055847686882,26.547882709094488,0.23732423222566723,0.23732423222566723,0.9020113823669426,3.2490974729241873,3.435114503816794,0.1860170308926068,0.1860170308926068,5.725190839694677,26.358143706523652,26.598691825579834,0.24054811905618223,0.24054811905618223,0.9126140358535433,18.638022154372397,18.80811536055869,0.1700932061862943,0.1700932061862943,0.9126140358535372,53.73901802347075,54.62434824192087,0.8853302184501217,0.8853302184501217,1.6474625905211924,0.34682476233994747,0.34431743290118755,-0.00250732943875992,0.00250732943875992,-0.7229384147324259,1.4588040764858818,1.4820500744579832,0.023245997972101362,0.023245997972101362,1.5934969161930728,1.2743090608681977,1.3624110853306608,0.08810202446246307,0.08810202446246307,6.9137093322116385,120.59135148147683,108.80518232354716,-11.786169157929677,11.786169157929677,-9.773643808727085,23.548189763540883,17.535235042058975,-6.012954721481908,6.012954721481908,-25.534679233779688,5.121045511030561,6.204945759926998,1.0839002488964375,1.0839002488964375,21.165604690717018,pleth_6
s12_sit,qppg,qppg (slope-sum),mid_upslope,lipponen_tarvainen,0.5,100.0,True,False,589,293,0.4939084622983207,0.09621993127147767,0.003146826638013598,278,14,15,0.9488054607508533,0.952054794520548,0.9504273504273505,282.9999999999874,3.2357414448649258,4.187161256939621,-0.03422053231942881,4.195004305925504,263,822.2733812949641,821.9885931558936,-0.28478813907054246,0.28478813907054246,-0.03463424033282477,40.219758377902956,40.865398388096175,0.6456400101932189,0.6456400101932189,1.6052806785332119,26.31055847686882,26.58767722371914,0.27711874685032,0.27711874685032,1.0532606029398868,3.2490974729241873,3.435114503816794,0.1860170308926068,0.1860170308926068,5.725190839694677,26.358143706523652,26.638562502436084,0.280418795912432,0.280418795912432,1.0638791526241973,18.638022154372397,18.836308186534243,0.19828603216184604,0.19828603216184604,1.0638791526241909,53.73901802347075,54.636572593250484,0.8975545697797358,0.8975545697797358,1.6702102174396356,0.34682476233994747,0.3447564020306278,-0.0020683603093196723,0.0020683603093196723,-0.5963704250425828,1.4588040764858818,1.4967924107894122,0.037988334303530324,0.037988334303530324,2.6040737694564546,1.2743090608681977,1.3608297467814148,0.08652068591321704,0.08652068591321704,6.789615531280124,120.59135148147683,108.87185143308008,-11.719500048396753,11.719500048396753,-9.718358658744197,23.548189763540883,17.5987563912012,-5.9494333723396835,5.9494333723396835,-25.264928778309123,5.121045511030561,6.186337773702717,1.0652922626721564,1.0652922626721564,20.802241659004054,pleth_6
s12_sit,terma,TERMA,mid_upslope,lipponen_tarvainen,0.5,100.0,True,False,588,293,0.4939084622983207,0.09621993127147767,0.00038121089886479216,278,14,15,0.9488054607508533,0.952054794520548,0.9504273504273505,282.9999999999874,3.273764258552942,4.215217768571209,-0.03422053231932031,4.2231152421053935,263,822.2733812949641,821.9885931558937,-0.28478813907042877,0.28478813907042877,-0.03463424033281094,40.219758377902956,40.85073208812008,0.6309737102171269,0.6309737102171269,1.568815268079255,26.31055847686882,26.547882709094488,0.23732423222566723,0.23732423222566723,0.9020113823669426,3.2490974729241873,3.435114503816794,0.1860170308926068,0.1860170308926068,5.725190839694677,26.358143706523652,26.598691825579834,0.24054811905618223,0.24054811905618223,0.9126140358535433,18.638022154372397,18.80811536055869,0.1700932061862943,0.1700932061862943,0.9126140358535372,53.73901802347075,54.62434824192087,0.8853302184501217,0.8853302184501217,1.6474625905211924,0.34682476233994747,0.34431743290118755,-0.00250732943875992,0.00250732943875992,-0.7229384147324259,1.4588040764858818,1.4820500744579832,0.023245997972101362,0.023245997972101362,1.5934969161930728,1.2743090608681977,1.3624110853306608,0.08810202446246307,0.08810202446246307,6.9137093322116385,120.59135148147683,108.80518232354716,-11.786169157929677,11.786169157929677,-9.773643808727085,23.548189763540883,17.535235042058975,-6.012954721481908,6.012954721481908,-25.534679233779688,5.121045511030561,6.204945759926998,1.0839002488964375,1.0839002488964375,21.165604690717018,pleth_6
s12_sit,heartpy,HeartPy,mid_upslope,lipponen_tarvainen,0.5,100.0,True,False,588,293,0.4939084622983207,0.09655172413793103,0.01944069394070716,275,16,18,0.9385665529010239,0.9450171821305842,0.9417808219178082,282.9999999999874,3.281853281851073,4.22988083660381,7.462070429604141e-14,4.238070352183135,259,822.2733812949641,825.5381679389313,3.264786643967227,3.264786643967227,0.39704394161776835,40.219758377902956,43.06108635783018,2.8413279799272217,2.8413279799272217,7.06450783028142,26.31055847686882,33.03991548605456,6.72935700918574,6.72935700918574,25.57664070529677,3.2490974729241873,3.8314176245210727,0.5823201515968854,0.5823201515968854,17.92252022137081,26.358143706523652,33.10339258517699,6.745248878653339,6.745248878653339,25.590758415145476,18.638022154372397,23.407633377259128,4.769611222886731,4.769611222886731,25.59075841514547,53.73901802347075,56.219187261190825,2.4801692377200766,2.4801692377200766,4.615211310033339,0.34682476233994747,0.4163637810790243,0.06953901873907681,0.06953901873907681,20.05018853611055,1.4588040764858818,1.483617739233068,0.024813662747186216,0.024813662747186216,1.7009592410078764,1.2743090608681977,1.2836350284897773,0.009325967621579556,0.009325967621579556,0.7318450372804925,120.59135148147683,113.51288852665336,-7.078462954823479,7.078462954823479,-5.869793204789441,23.548189763540883,17.55809348752459,-5.990096276016292,5.990096276016292,-25.437608309453235,5.121045511030561,6.464989413987729,1.343943902957168,1.343943902957168,26.243545386627744,pleth_6
s12_sit,findpeaks,find_peaks baseline,mid_upslope,lipponen_tarvainen,0.5,100.0,True,False,589,293,0.4939084622983207,0.09621993127147767,0.00015044451769666991,278,14,15,0.9488054607508533,0.952054794520548,0.9504273504273505,282.9999999999874,3.273764258552942,4.215217768571209,-0.03422053231932031,4.2231152421053935,263,822.2733812949641,821.9885931558937,-0.28478813907042877,0.28478813907042877,-0.03463424033281094,40.219758377902956,40.85073208812008,0.6309737102171269,0.6309737102171269,1.568815268079255,26.31055847686882,26.547882709094488,0.23732423222566723,0.23732423222566723,0.9020113823669426,3.2490974729241873,3.435114503816794,0.1860170308926068,0.1860170308926068,5.725190839694677,26.358143706523652,26.598691825579834,0.24054811905618223,0.24054811905618223,0.9126140358535433,18.638022154372397,18.80811536055869,0.1700932061862943,0.1700932061862943,0.9126140358535372,53.73901802347075,54.62434824192087,0.8853302184501217,0.8853302184501217,1.6474625905211924,0.34682476233994747,0.34431743290118755,-0.00250732943875992,0.00250732943875992,-0.7229384147324259,1.4588040764858818,1.4820500744579832,0.023245997972101362,0.023245997972101362,1.5934969161930728,1.2743090608681977,1.3624110853306608,0.08810202446246307,0.08810202446246307,6.9137093322116385,120.59135148147683,108.80518232354716,-11.786169157929677,11.786169157929677,-9.773643808727085,23.548189763540883,17.535235042058975,-6.012954721481908,6.012954721481908,-25.534679233779688,5.121045511030561,6.204945759926998,1.0839002488964375,1.0839002488964375,21.165604690717018,pleth_6
s13_sit,msptdfast,MSPTDfast v2,mid_upslope,lipponen_tarvainen,1.0,100.0,True,False,604,603,0.9854401221945752,0.001658374792703151,0.021833891749471052,602,1,1,0.9983416252072969,0.9983416252072969,0.9983416252072969,268.00000000005673,6.084858569052803,10.93734995143143,0.0083194675540947,10.946457448467713,601,807.3421926910299,807.1196013289036,-0.22259136212630892,0.22259136212630892,-0.027570881856721526,58.78134995052536,59.01968690279284,0.2383369522674812,0.2383369522674812,0.40546355683917235,34.59256554062295,34.6517257363296,0.059160195706652985,0.059160195706652985,0.1710199714362892,15.640599001663894,15.640599001663894,0.0,0.0,0.0,34.62087828945272,34.67959204302502,0.0587137535722988,0.0587137535722988,0.16959059525126488,24.480657809106138,24.522174702406026,0.041516893299888835,0.041516893299888835,0.16959059525126682,79.44300848561632,79.78289185077257,0.33988336515625406,0.33988336515625406,0.4278329479651972,0.30815371013471277,0.3073613168631787,-0.0007923932715340753,0.0007923932715340753,-0.25714221360102135,1.593039902160245,1.560472907806141,-0.03256699435410404,0.03256699435410404,-2.044330108112264,1.1711667929000436,1.1207367015491851,-0.05043009135085841,0.05043009135085841,-4.305970051113164,797.2031842286465,808.8285848610503,11.625400632403853,11.625400632403853,1.4582732310147877,313.4985263042611,344.26447413500546,30.76594783074438,30.76594783074438,9.813745599838953,2.5429248220928904,2.349439589702954,-0.19348523238993653,0.19348523238993653,-7.608767302475477,pleth_6
s13_sit,msptd,MSPTD,mid_upslope,lipponen_tarvainen,1.0,100.0,True,False,602,603,0.9854401221945752,0.0,0.8996473848886859,602,0,1,0.9983416252072969,1.0,0.9991701244813278,268.00000000005673,6.0382695507499715,10.8795400950076,0.0083194675540947,10.888599420392863,601,807.3421926910299,807.1663893510815,-0.17580333994840203,0.17580333994840203,-0.021775566982621706,58.78134995052536,59.06611212679244,0.2847621762670798,0.2847621762670798,0.48444306996480385,34.59256554062295,34.67328462471701,0.08071908409406348,0.08071908409406348,0.23334228853096473,15.640599001663894,15.333333333333332,-0.3072656683305617,0.3072656683305617,-1.9645390070922082,34.62087828945272,34.70163789777005,0.08075960831732942,0.08075960831732942,0.23326851399357165,24.480657809106138,24.53776347579329,0.057105666687153445,0.057105666687153445,0.2332685139935729,79.44300848561632,79.84678683050218,0.4037783448858647,0.4037783448858647,0.5082616489265653,0.30815371013471277,0.3073105938236659,-0.0008431163110468876,0.0008431163110468876,-0.27360251826217186,1.593039902160245,1.550141887410736,-0.04289801474950905,0.04289801474950905,-2.692839940251158,1.1711667929000436,1.1538555928106986,-0.017311200089344947,0.017311200089344947,-1.4781156872181245,797.2031842286465,804.0876673880103,6.884483159363867,6.884483159363867,0.8635794858277088,313.4985263042611,345.1874179226362,31.688891618375123,31.688891618375123,10.108146916014517,2.5429248220928904,2.3294234541544716,-0.21350136793841878,0.21350136793841878,-8.39589775063432,pleth_6
s13_sit,qppg,qppg (slope-sum),mid_upslope,lipponen_tarvainen,1.0,100.0,True,False,579,603,0.9854401221945752,0.01730103806228374,0.0032135818287940066,577,6,26,0.956882255389718,0.9897084048027445,0.9730185497470489,268.00000000000244,5.9052631578958446,10.852762604071486,0.07719298245623649,10.86202034410008,570,807.3421926910299,814.1909722222222,6.8487795311922355,6.8487795311922355,0.848311855021959,58.78134995052536,94.24728798363643,35.465938033111065,35.465938033111065,60.33535817561483,34.59256554062295,95.65131422538481,61.05874868476186,61.05874868476186,176.50829804184076,15.640599001663894,14.26086956521739,-1.3797294364465031,1.3797294364465031,-8.821461609620727,34.62087828945272,95.73434269928772,61.113464409835004,61.113464409835004,176.52199317096262,24.480657809106138,67.6944029151032,43.21374510599706,43.21374510599706,176.5219931709626,79.44300848561632,114.81537527051273,35.372366784896414,35.372366784896414,44.5254622894862,0.30815371013471277,0.5895935344513802,0.2814398243166674,0.2814398243166674,91.33098679669732,1.593039902160245,1.1368428437466116,-0.45619705841363345,0.45619705841363345,-28.63688836638721,1.1711667929000436,0.7743825581852327,-0.39678423471481084,0.39678423471481084,-33.87939592551916,797.2031842286465,12376.617866000053,11579.414681771406,11579.414681771406,1452.5048207095854,313.4985263042611,1685.5164049825148,1372.0178786782537,1372.0178786782537,437.6473136421264,2.5429248220928904,7.342923408762934,4.799998586670043,4.799998586670043,188.75896546243646,pleth_6
s13_sit,terma,TERMA,mid_upslope,lipponen_tarvainen,1.0,100.0,True,False,600,603,0.9854401221945752,0.001669449081803005,0.0004416249907724202,599,1,4,0.9933665008291874,0.9983333333333333,0.9958437240232751,268.99999999998994,5.904201680673351,10.594988509319275,-0.0016806722688418349,10.603902966047398,595,807.3421926910299,810.4347826086956,3.0925899176656912,3.0925899176656912,0.38305813144206946,58.78134995052536,67.66919927254307,8.887849322017708,8.887849322017708,15.120185789367486,34.59256554062295,52.883725683909,18.29116014328605,18.29116014328605,52.87598608957252,15.640599001663894,15.577889447236181,-0.06270955442771253,0.06270955442771253,-0.40094087458569394,34.62087828945272,52.92764440597136,18.306766116518638,18.306766116518638,52.87782119061899,24.480657809106138,37.42549627169259,12.94483846258645,12.94483846258645,52.877821190618995,79.44300848561632,88.07708719747612,8.6340787118598,8.6340787118598,10.868267549841162,0.30815371013471277,0.4249175064995227,0.11676379636480994,0.11676379636480994,37.89141344875107,1.593039902160245,1.4418904009114535,-0.15114950124879156,0.15114950124879156,-9.488117720329853,1.1711667929000436,0.9572221247152802,-0.21394466818476332,0.21394466818476332,-18.267651497784826,797.2031842286465,2147.625541007742,1350.4223567790955,1350.4223567790955,169.3950028668952,313.4985263042611,687.0906000737806,373.5920737695195,373.5920737695195,119.16868579054676,2.5429248220928904,3.125680282596105,0.5827554605032148,0.5827554605032148,22.916739631476503,pleth_6
s13_sit,heartpy,HeartPy,mid_upslope,lipponen_tarvainen,1.0,100.0,True,False,597,603,0.9854401221945752,0.003355704697986577,0.022810179596053016,596,2,7,0.988391376451078,0.9966555183946488,0.9925062447960034,268.0000000000136,5.910623946038217,10.60934393598921,-0.005059021922378485,10.618299542482237,593,807.3421926910299,811.9865771812081,4.64438449017814,4.64438449017814,0.5752683969974981,58.78134995052536,80.344258161521,21.562908210995637,21.562908210995637,36.68324771231784,34.59256554062295,69.7063588963619,35.113793355738956,35.113793355738956,101.50676252821988,15.640599001663894,15.630252100840336,-0.010346900823558158,0.010346900823558158,-0.06615412122296227,34.62087828945272,69.76468254087274,35.14380425142002,35.14380425142002,101.51043528588532,24.480657809106138,49.331080111977855,24.850422302871717,24.850422302871717,101.51043528588532,79.44300848561632,102.356456435517,22.913447949900686,22.913447949900686,28.84262364516233,0.30815371013471277,0.4819537704791068,0.17380006034439405,0.17380006034439405,56.400443878613515,1.593039902160245,1.2392951674766324,-0.35374473468361267,0.35374473468361267,-22.20564181750353,1.1711667929000436,0.9810720065403465,-0.190094786359697,0.190094786359697,-16.231230898289407,797.2031842286465,4974.966912131797,4177.76372790315,4177.76372790315,524.0525640832013,313.4985263042611,799.0932717635216,485.5947454592605,485.5947454592605,154.89538377860637,2.5429248220928904,6.22576498629819,3.6828401642052992,3.6828401642052992,144.82693834315677,pleth_6
s13_sit,findpeaks,find_peaks baseline,mid_upslope,lipponen_tarvainen,1.0,100.0,True,False,603,603,0.9854401221945752,0.0016611295681063123,0.00021496144492052138,603,1,0,1.0,0.9983443708609272,0.9991714995857498,268.00000000005673,6.0714285714298235,10.903457344338639,-0.011627906976726813,10.912518464697303,602,807.3421926910299,807.2835820895523,-0.05861060147765329,0.05861060147765329,-0.007259697561735582,58.78134995052536,59.10827537981933,0.32692542929397206,0.32692542929397206,0.5561720334240983,34.59256554062295,34.59963224508306,0.007066704460108042,0.007066704460108042,0.020428390752947848,15.640599001663894,15.282392026578073,-0.358206975085821,0.358206975085821,-2.2902382130487067,34.62087828945272,34.62776164112898,0.006883351676258087,0.006883351676258087,0.01988208276725061,24.480657809106138,24.485525073753713,0.004867264647575809,0.004867264647575809,0.019882082767258478,79.44300848561632,79.92518688508454,0.48217839946822494,0.48217839946822494,0.6069488160881099,0.30815371013471277,0.3063555560897055,-0.001798154045007272,0.001798154045007272,-0.5835250350291707,1.593039902160245,1.5485125581169563,-0.04452734404328873,0.04452734404328873,-2.7951179366510113,1.1711667929000436,1.1212497526444298,-0.04991704025561372,0.04991704025561372,-4.262163216906887,797.2031842286465,808.6900767456373,11.486892516990793,11.486892516990793,1.440898975849578,313.4985263042611,346.0637504262023,32.56522412194124,32.56522412194124,10.387680129103884,2.5429248220928904,2.336823997745148,-0.20610082434774224,0.20610082434774224,-8.104872883269751,pleth_6
s13_sit,msptdfast,MSPTDfast v2,mid_upslope,lipponen_tarvainen,0.9,100.0,True,False,604,529,0.8827901094659736,0.01890359168241966,0.024743797885708112,522,7,7,0.9867674858223062,0.9867674858223062,0.9867674858223062,267.9999999999745,6.005791505792289,11.009385255615614,0.005791505791480991,11.020025961688752,518,813.5466666666666,814.4200385356455,0.873371868978893,0.873371868978893,0.10735362884065978,54.81084939312661,54.28223170396541,-0.5286176891612016,0.5286176891612016,-0.9644398782615679,35.86541850132196,35.146356984279144,-0.7190615170428174,0.7190615170428174,-2.0048881264728964,16.793893129770993,16.023166023166024,-0.7707271066049692,0.7707271066049692,-4.58932958932959,35.89938109132352,35.18014018490369,-0.7192409064198273,0.7192409064198273,-2.0034911036214487,25.384695810074984,24.876115687838766,-0.5085801222362178,0.5085801222362178,-2.0034911036214442,73.23985008874592,72.6243776277032,-0.615472461042728,0.615472461042728,-0.8403518853424058,0.346596774560788,0.34253120646846763,-0.004065568092320393,0.004065568092320393,-1.1729965166214642,1.6312380274268803,1.6731298470785858,0.04189181965170552,0.04189181965170552,2.568099746778574,1.1346307956733312,1.093560108584963,-0.04107068708836814,0.04107068708836814,-3.619740204917962,753.0158420613332,762.2965043163982,9.280662255065067,9.280662255065067,1.232465737992954,319.7165100328228,341.8842792929932,22.167769260170417,22.167769260170417,6.933570386432226,2.355261046681721,2.229691595918962,-0.12556945076275916,0.12556945076275916,-5.331445146586676,pleth_6
s13_sit,msptd,MSPTD,mid_upslope,lipponen_tarvainen,0.9,100.0,True,False,602,529,0.8827901094659736,0.011385199240986717,0.8944278041933155,525,3,4,0.9924385633270322,0.9943181818181818,0.9933774834437086,267.99999999995674,5.986564299424981,10.985158370027712,0.05566218809980348,10.995574791403973,521,813.5466666666666,813.9750479846449,0.4283813179782783,0.4283813179782783,0.05265602276185078,54.81084939312661,54.65504895432462,-0.15580043880198957,0.15580043880198957,-0.28425109358281037,35.86541850132196,35.19030679473627,-0.6751117065856889,0.6751117065856889,-1.882347215775009,16.793893129770993,15.96153846153846,-0.8323546682325329,0.8323546682325329,-4.956293706293718,35.89938109132352,35.22368736760998,-0.6756937237135361,0.6756937237135361,-1.8821876677891913,25.384695810074984,24.906908196031953,-0.47778761404303083,0.47778761404303083,-1.882187667789191,73.23985008874592,73.17099614269084,-0.06885394605508566,0.06885394605508566,-0.09401158791512298,0.346596774560788,0.34039318184846035,-0.006203592712327677,0.006203592712327677,-1.7898587545106128,1.6312380274268803,1.6785597246729551,0.04732169724607482,0.04732169724607482,2.9009682492946913,1.1346307956733312,1.1052539454185557,-0.029376850254775544,0.029376850254775544,-2.589110957220428,753.0158420613332,758.6285226291023,5.612680567769189,5.612680567769189,0.745360224083046,319.7165100328228,342.9779704460539,23.261460413231134,23.261460413231134,7.275651923900665,2.355261046681721,2.211887024821103,-0.14337402186061832,0.14337402186061832,-6.08739409428161,pleth_6
s13_sit,qppg,qppg (slope-sum),mid_upslope,lipponen_tarvainen,0.9,100.0,True,False,579,529,0.8827901094659736,0.02321083172147002,0.006042768101210195,514,6,15,0.9716446124763705,0.9884615384615385,0.9799809342230695,267.000000000019,5.788954635109508,10.801691006485614,-0.021696252465472694,10.812337534817818,507,813.5466666666666,812.7583497053045,-0.7883169613621703,0.7883169613621703,-0.09689880048210761,54.81084939312661,58.03093250999662,3.2200831168700077,3.2200831168700077,5.8749009594327,35.86541850132196,47.36437330175034,11.498954800428379,11.498954800428379,32.061398642273026,16.793893129770993,14.37007874015748,-2.423814389613513,2.423814389613513,-14.43271295633501,35.89938109132352,47.410918183405,11.511537092081483,11.511537092081483,32.066115743883095,25.384695810074984,33.52458174976627,8.139885939691286,8.139885939691286,32.066115743883095,73.23985008874592,74.90848199278105,1.6686319040351236,1.6686319040351236,2.2783114684331207,0.346596774560788,0.44754053022990165,0.10094375566911362,0.10094375566911362,29.124262854733967,1.6312380274268803,1.5731675871285644,-0.05807044029831587,0.05807044029831587,-3.559899862677696,1.1346307956733312,0.9706551593254918,-0.1639756363478394,0.1639756363478394,-14.451893688513035,753.0158420613332,2218.2679061833596,1465.2520641220265,1465.2520641220265,194.58449374862974,319.7165100328228,537.2097562737991,217.49324624097636,217.49324624097636,68.02690490354972,2.355261046681721,4.129239799309931,1.77397875262821,1.77397875262821,75.31983578327898,pleth_6
s13_sit,terma,TERMA,mid_upslope,lipponen_tarvainen,0.9,100.0,True,False,600,529,0.8827901094659736,0.011363636363636364,0.000411100982692004,525,4,4,0.9924385633270322,0.9924385633270322,0.9924385633270322,267.99999999995674,5.986564299424981,10.985158370027712,0.05566218809980348,10.995574791403973,521,813.5466666666666,813.9080459770115,0.361379310344887,0.361379310344887,0.044420231211266765,54.81084939312661,54.62402616580167,-0.18682322732493617,0.18682322732493617,-0.34085081583932575,35.86541850132196,35.195914524731634,-0.6695039765903275,0.6695039765903275,-1.866711736726703,16.793893129770993,15.930902111324377,-0.8629910184466159,0.8629910184466159,-5.1387192462048485,35.89938109132352,35.22955190360886,-0.6698291877146616,0.6698291877146616,-1.8658516312877378,25.384695810074984,24.91105504920527,-0.4736407608697135,0.4736407608697135,-1.8658516312877353,73.23985008874592,73.12323711009952,-0.11661297864640119,0.11661297864640119,-0.15922066812684535,0.346596774560788,0.34067221356321276,-0.005924560997575268,0.005924560997575268,-1.7093526058004864,1.6312380274268803,1.6744561649313159,0.043218137504435594,0.043218137504435594,2.649407185081874,1.1346307956733312,1.1040948232282848,-0.030535972445046466,0.030535972445046466,-2.6912694914935136,753.0158420613332,763.0262564498486,10.010414388515414,10.010414388515414,1.3293763330546327,319.7165100328228,343.049120023483,23.332609990660217,23.332609990660217,7.29790588176533,2.355261046681721,2.2242478173318636,-0.1310132293498576,0.1310132293498576,-5.5625778524397305,pleth_6
s13_sit,heartpy,HeartPy,mid_upslope,lipponen_tarvainen,0.9,100.0,True,False,597,529,0.8827901094659736,0.011385199240986717,0.01993396319419551,524,4,5,0.9905482041587902,0.9924242424242424,0.9914853358561969,267.9999999999745,5.998076923077721,10.995715948985394,0.05576923076922618,11.006162461271844,520,813.5466666666666,814.1804222648752,0.6337555982086087,0.6337555982086087,0.07790033739616765,54.81084939312661,54.320541523072094,-0.49030787005451515,0.49030787005451515,-0.8945452870796065,35.86541850132196,35.21581812415843,-0.6496003771635301,0.6496003771635301,-1.811216498532107,16.793893129770993,15.769230769230768,-1.0246623605402245,1.0246623605402245,-6.10139860139861,35.89938109132352,35.24953919328906,-0.6498418980344596,0.6498418980344596,-1.8101757698310825,25.384695810074984,24.92518819727568,-0.4595076127993032,0.4595076127993032,-1.8101757698310816,73.23985008874592,72.664829567336,-0.5750205214099253,0.5750205214099253,-0.7851197411152038,0.346596774560788,0.34301584887333103,-0.003580925687456993,0.003580925687456993,-1.0331676317515617,1.6312380274268803,1.6744561649313159,0.043218137504435594,0.043218137504435594,2.649407185081874,1.1346307956733312,1.0990293771717514,-0.03560141850157983,0.03560141850157983,-3.1377095207831593,753.0158420613332,763.0262564498486,10.010414388515414,10.010414388515414,1.3293763330546327,319.7165100328228,343.049120023483,23.332609990660217,23.332609990660217,7.29790588176533,2.355261046681721,2.2242478173318636,-0.1310132293498576,0.1310132293498576,-5.5625778524397305,pleth_6
s13_sit,findpeaks,find_peaks baseline,mid_upslope,lipponen_tarvainen,0.9,100.0,True,False,603,529,0.8827901094659736,0.011363636363636364,0.00015396270114098002,525,4,4,0.9924385633270322,0.9924385633270322,0.9924385633270322,267.99999999995674,5.986564299424981,10.985158370027712,0.05566218809980348,10.995574791403973,521,813.5466666666666,813.9080459770115,0.361379310344887,0.361379310344887,0.044420231211266765,54.81084939312661,54.62402616580167,-0.18682322732493617,0.18682322732493617,-0.34085081583932575,35.86541850132196,35.195914524731634,-0.6695039765903275,0.6695039765903275,-1.866711736726703,16.793893129770993,15.930902111324377,-0.8629910184466159,0.8629910184466159,-5.1387192462048485,35.89938109132352,35.22955190360886,-0.6698291877146616,0.6698291877146616,-1.8658516312877378,25.384695810074984,24.91105504920527,-0.4736407608697135,0.4736407608697135,-1.8658516312877353,73.23985008874592,73.12323711009952,-0.11661297864640119,0.11661297864640119,-0.15922066812684535,0.346596774560788,0.34067221356321276,-0.005924560997575268,0.005924560997575268,-1.7093526058004864,1.6312380274268803,1.6744561649313159,0.043218137504435594,0.043218137504435594,2.649407185081874,1.1346307956733312,1.1040948232282848,-0.030535972445046466,0.030535972445046466,-2.6912694914935136,753.0158420613332,763.0262564498486,10.010414388515414,10.010414388515414,1.3293763330546327,319.7165100328228,343.049120023483,23.332609990660217,23.332609990660217,7.29790588176533,2.355261046681721,2.2242478173318636,-0.1310132293498576,0.1310132293498576,-5.5625778524397305,pleth_6
s13_sit,msptdfast,MSPTDfast v2,mid_upslope,lipponen_tarvainen,0.75,100.0,True,False,604,441,0.7390800916459314,0.029545454545454545,0.021720861768088007,433,7,8,0.981859410430839,0.9840909090909091,0.9829738933030648,266.9999999999946,6.051643192488912,11.298551986662149,-0.03286384976521205,11.311788739405937,426,820.4654377880184,821.0046838407493,0.5392460527308458,0.5392460527308458,0.06572440810970144,54.26472579413222,54.035199591669674,-0.2295262024625444,0.2295262024625444,-0.4229749604435736,37.60767451529206,36.57739880426689,-1.030275711025169,1.030275711025169,-2.739535810985169,18.244803695150118,17.6056338028169,-0.6391698923332179,0.6391698923332179,-3.5032982706364972,37.65067582112075,36.620169257733714,-1.0305065633870356,1.0305065633870356,-2.737020095689641,26.623048189370866,25.894370010342648,-0.7286781790282184,0.7286781790282184,-2.7370200956896436,71.97592817137652,71.89636424458907,-0.07956392678745772,0.07956392678745772,-0.1105424116213048,0.3698882232679335,0.360162440512998,-0.00972578275493552,0.00972578275493552,-2.6293842688499214,1.6803536933502012,1.7058697973476253,0.0255161039974241,0.0255161039974241,1.5184960224981818,1.1443196926417314,1.1233603981889846,-0.0209592944527468,0.0209592944527468,-1.8315943164764559,777.9673654561656,748.0220483728087,-29.945317083356827,29.945317083356827,-3.8491739387806096,293.97570067010093,301.64389240055755,7.668191730456613,7.668191730456613,2.608444069689231,2.646366225789523,2.4798183129778035,-0.16654791281171955,0.16654791281171955,-6.293456710135848,pleth_6
s13_sit,msptd,MSPTD,mid_upslope,lipponen_tarvainen,0.75,100.0,True,False,602,441,0.7390800916459314,0.0273972602739726,0.8864620605552501,433,6,8,0.981859410430839,0.9863325740318907,0.9840909090909091,266.9999999999946,6.061032863850425,11.305821343190114,0.01877934272306394,11.319098879666528,426,820.4654377880184,821.1549295774646,0.6894917894461514,0.6894917894461514,0.08403666476250687,54.26472579413222,53.99162842837759,-0.27309736575463006,0.27309736575463006,-0.503268673632846,37.60767451529206,36.49135272265725,-1.116321792634814,1.116321792634814,-2.968335072621665,18.244803695150118,17.41176470588235,-0.8330389892677665,0.8330389892677665,-4.56589724497396,37.65067582112075,36.53368855667357,-1.1169872644471823,1.1169872644471823,-2.9667123898492958,26.623048189370866,25.833218920181253,-0.7898292691896138,0.7898292691896138,-2.966712389849295,71.97592817137652,71.85288220327679,-0.12304596809973134,0.12304596809973134,-0.1709543332414634,0.3698882232679335,0.35952933449624586,-0.010358888771687669,0.010358888771687669,-2.8005457108549434,1.6803536933502012,1.7075499993670986,0.027196306016897376,0.027196306016897376,1.618486996191546,1.1443196926417314,1.1478634975258266,0.003543804884095225,0.003543804884095225,0.3096866117818996,777.9673654561656,739.743770369212,-38.22359508695354,38.22359508695354,-4.9132645897737515,293.97570067010093,301.40175590166996,7.426055231569023,7.426055231569023,2.5260779086984915,2.646366225789523,2.4543445944971465,-0.1920216312923766,0.1920216312923766,-7.256049046465155,pleth_6
s13_sit,qppg,qppg (slope-sum),mid_upslope,lipponen_tarvainen,0.75,100.0,True,False,579,441,0.7390800916459314,0.04205607476635514,0.005975561084889362,422,9,19,0.9569160997732427,0.9791183294663574,0.9678899082568807,266.99999999999056,5.803398058253147,11.101364387413076,-0.08009708737850336,11.114572183956863,412,820.4654377880184,819.864734299517,-0.6007034885014946,0.6007034885014946,-0.07321496565668825,54.26472579413222,58.32937338360375,4.064647589471534,4.064647589471534,7.490404733439295,37.60767451529206,50.715462251467116,13.107787736175055,13.107787736175055,34.8540235606569,18.244803695150118,15.738498789346247,-2.506304905803871,2.506304905803871,-13.73708891408957,37.65067582112075,50.77679135911576,13.126115537995013,13.126115537995013,34.862894892929674,26.623048189370866,35.90461349692525,9.281565307554384,9.281565307554384,34.86289489292968,71.97592817137652,74.26634721247665,2.2904190411001224,2.2904190411001224,3.1822014655324433,0.3698882232679335,0.4834573779992417,0.11356915473130819,0.11356915473130819,30.703641691517937,1.6803536933502012,1.605611987155063,-0.07474170619513831,0.07474170619513831,-4.4479746431313645,1.1443196926417314,1.1617959786936556,0.017476286051924195,0.017476286051924195,1.5272205979064406,777.9673654561656,2201.921903369127,1423.9545379129613,1423.9545379129613,183.03525329472112,293.97570067010093,496.97111484313757,202.99541417303664,202.99541417303664,69.05176642502087,2.646366225789523,4.430683871967357,1.784317646177834,1.784317646177834,67.42519719263333,pleth_6
s13_sit,terma,TERMA,mid_upslope,lipponen_tarvainen,0.75,100.0,True,False,600,441,0.7390800916459314,0.02733485193621868,0.00044041782728956673,433,7,8,0.981859410430839,0.9840909090909091,0.9829738933030648,266.9999999999946,6.061032863850425,11.305821343190114,0.01877934272306394,11.319098879666528,426,820.4654377880184,821.0562060889929,0.590768300974446,0.590768300974446,0.07200404474893692,54.26472579413222,53.96679232486754,-0.29793346926467734,0.29793346926467734,-0.5490370860712865,37.60767451529206,36.49496717504968,-1.1127073402423804,1.1127073402423804,-2.9587241290070474,18.244803695150118,17.370892018779344,-0.8739116763707742,0.8739116763707742,-4.789920960361331,37.65067582112075,36.53764017292597,-1.1130356481947814,1.1130356481947814,-2.956216917547085,26.623048189370866,25.836013134829972,-0.787035054540894,0.787035054540894,-2.956216917547083,71.97592817137652,71.81455126203642,-0.16137690934010607,0.16137690934010607,-0.22420955650042265,0.3698882232679335,0.3597601416537397,-0.010128081614193818,0.010128081614193818,-2.7381465472766364,1.6803536933502012,1.7011274226376223,0.02077372928742105,0.02077372928742105,1.2362712308504216,1.1443196926417314,1.1215377335960863,-0.02278195904564506,0.02278195904564506,-1.99087363366539,777.9673654561656,744.625194268295,-33.342171187870576,33.342171187870576,-4.2858058921687805,293.97570067010093,301.82121471760263,7.845514047501695,7.845514047501695,2.6687627683574835,2.646366225789523,2.4671068763837543,-0.17925934940576882,0.17925934940576882,-6.773792215863401,pleth_6
s13_sit,heartpy,HeartPy,mid_upslope,lipponen_tarvainen,0.75,100.0,True,False,597,441,0.7390800916459314,0.02733485193621868,0.02324974748103908,433,7,8,0.981859410430839,0.9840909090909091,0.9829738933030648,266.9999999999946,6.061032863850425,11.305821343190114,0.01877934272306394,11.319098879666528,426,820.4654377880184,821.0562060889929,0.590768300974446,0.590768300974446,0.07200404474893692,54.26472579413222,53.96679232486754,-0.29793346926467734,0.29793346926467734,-0.5490370860712865,37.60767451529206,36.49496717504968,-1.1127073402423804,1.1127073402423804,-2.9587241290070474,18.244803695150118,17.370892018779344,-0.8739116763707742,0.8739116763707742,-4.789920960361331,37.65067582112075,36.53764017292597,-1.1130356481947814,1.1130356481947814,-2.956216917547085,26.623048189370866,25.836013134829972,-0.787035054540894,0.787035054540894,-2.956216917547083,71.97592817137652,71.81455126203642,-0.16137690934010607,0.16137690934010607,-0.22420955650042265,0.3698882232679335,0.3597601416537397,-0.010128081614193818,0.010128081614193818,-2.7381465472766364,1.6803536933502012,1.7011274226376223,0.02077372928742105,0.02077372928742105,1.2362712308504216,1.1443196926417314,1.1215377335960863,-0.02278195904564506,0.02278195904564506,-1.99087363366539,777.9673654561656,744.625194268295,-33.342171187870576,33.342171187870576,-4.2858058921687805,293.97570067010093,301.82121471760263,7.845514047501695,7.845514047501695,2.6687627683574835,2.646366225789523,2.4671068763837543,-0.17925934940576882,0.17925934940576882,-6.773792215863401,pleth_6
s13_sit,findpeaks,find_peaks baseline,mid_upslope,lipponen_tarvainen,0.75,100.0,True,False,603,441,0.7390800916459314,0.02733485193621868,0.00015237367849562568,433,7,8,0.981859410430839,0.9840909090909091,0.9829738933030648,266.9999999999946,6.061032863850425,11.305821343190114,0.01877934272306394,11.319098879666528,426,820.4654377880184,821.0562060889929,0.590768300974446,0.590768300974446,0.07200404474893692,54.26472579413222,53.96679232486754,-0.29793346926467734,0.29793346926467734,-0.5490370860712865,37.60767451529206,36.49496717504968,-1.1127073402423804,1.1127073402423804,-2.9587241290070474,18.244803695150118,17.370892018779344,-0.8739116763707742,0.8739116763707742,-4.789920960361331,37.65067582112075,36.53764017292597,-1.1130356481947814,1.1130356481947814,-2.956216917547085,26.623048189370866,25.836013134829972,-0.787035054540894,0.787035054540894,-2.956216917547083,71.97592817137652,71.81455126203642,-0.16137690934010607,0.16137690934010607,-0.22420955650042265,0.3698882232679335,0.3597601416537397,-0.010128081614193818,0.010128081614193818,-2.7381465472766364,1.6803536933502012,1.7011274226376223,0.02077372928742105,0.02077372928742105,1.2362712308504216,1.1443196926417314,1.1215377335960863,-0.02278195904564506,0.02278195904564506,-1.99087363366539,777.9673654561656,744.625194268295,-33.342171187870576,33.342171187870576,-4.2858058921687805,293.97570067010093,301.82121471760263,7.845514047501695,7.845514047501695,2.6687627683574835,2.646366225789523,2.4671068763837543,-0.17925934940576882,0.17925934940576882,-6.773792215863401,pleth_6
s13_sit,msptdfast,MSPTDfast v2,mid_upslope,lipponen_tarvainen,0.5,100.0,True,False,604,292,0.4927200610972876,0.06164383561643835,0.02179963538718792,283,10,9,0.9691780821917808,0.9658703071672355,0.9675213675213676,267.00000000002353,6.926739926742252,13.066048052935626,0.3113553113552089,13.086327451622747,273,827.0567375886521,827.4890510948903,0.432313506238188,0.432313506238188,0.05227132391166191,56.81690303472783,56.64982944710098,-0.16707358762685232,0.16707358762685232,-0.29405613242371376,40.34795280276001,38.544679369431186,-1.803273433328826,1.803273433328826,-4.469305895503756,23.131672597864767,19.78021978021978,-3.3514528176449865,3.3514528176449865,-14.488588334742172,40.41893227716578,38.61350926026731,-1.805423016898473,1.805423016898473,-4.466775630088642,28.58050110150375,27.303874243344563,-1.2766268581591866,1.2766268581591866,-4.466775630088646,75.09644397507962,75.31868827903791,0.2222443039582913,0.2222443039582913,0.2959451768875261,0.38058394763656245,0.36251128195687865,-0.018072665679683797,0.018072665679683797,-4.74866735497269,1.7121922953501554,1.6913078899233114,-0.020884405426844,0.020884405426844,-1.2197464901319972,1.2561644370079554,1.1261068501957594,-0.13005758681219604,0.13005758681219604,-10.353547909856356,606.8777602938349,564.3669201184167,-42.51084017541814,42.51084017541814,-7.004843966408568,195.03981752693917,191.3748323710496,-3.664985155889582,3.664985155889582,-1.8790958699412077,3.111558285835722,2.9490132695410365,-0.16254501629468532,0.16254501629468532,-5.223910380680141,pleth_6
s13_sit,msptd,MSPTD,mid_upslope,lipponen_tarvainen,0.5,100.0,True,False,602,292,0.4927200610972876,0.061855670103092786,0.8827548224980801,283,9,9,0.9691780821917808,0.9691780821917808,0.9691780821917808,267.00000000002353,6.926739926742252,13.064365873538097,0.3113553113552089,13.08464170407567,273,827.0567375886521,827.6666666666664,0.609929078014261,0.609929078014261,0.07374694507568566,56.81690303472783,56.67647694781009,-0.14042608691774205,0.14042608691774205,-0.24715547560188264,40.34795280276001,38.546953797398096,-1.8009990053619163,1.8009990053619163,-4.463668861134185,23.131672597864767,19.485294117647058,-3.6463784802177095,3.6463784802177095,-15.763574660633482,40.41893227716578,38.6171959478954,-1.8017363292703834,1.8017363292703834,-4.457654440041342,28.58050110150375,27.306481125166503,-1.2740199763372466,1.2740199763372466,-4.457654440041343,75.09644397507962,75.35782750976983,0.2613835346902107,0.2613835346902107,0.34806379750411287,0.38058394763656245,0.3623575947916801,-0.018226352844882332,0.018226352844882332,-4.7890492907198325,1.7121922953501554,1.686139919764869,-0.02605237558528639,0.02605237558528639,-1.5215800033698024,1.2561644370079554,1.1583721572452759,-0.09779227976267957,0.09779227976267957,-7.784990315090432,606.8777602938349,560.5538708011388,-46.323889492696026,46.323889492696026,-7.633149955975841,195.03981752693917,191.45184707018768,-3.587970456751492,3.587970456751492,-1.8396092153110821,3.111558285835722,2.9279104870460486,-0.1836477987896732,0.1836477987896732,-5.902116621940377,pleth_6
s13_sit,qppg,qppg (slope-sum),mid_upslope,lipponen_tarvainen,0.5,100.0,True,False,579,292,0.4927200610972876,0.07368421052631578,0.003255770983519832,275,12,17,0.9417808219178082,0.9581881533101045,0.9499136442141624,267.0000000000002,6.794676806085833,13.154969857021513,0.25475285171125445,13.177579206226591,263,827.0567375886521,826.9736842105261,-0.0830533781260101,0.0830533781260101,-0.010042041174606551,56.81690303472783,63.42652310483118,6.609620070103354,6.609620070103354,11.633193146876376,40.34795280276001,58.55556947874894,18.20761667598893,18.20761667598893,45.126494434541506,23.131672597864767,17.358490566037734,-5.773182031827034,5.773182031827034,-24.957910014513796,40.41893227716578,58.664996532696385,18.246064255530605,18.246064255530605,45.14237073461367,28.58050110150375,41.482416866554914,12.901915765051164,12.901915765051164,45.142370734613664,75.09644397507962,79.53022543187419,4.433781456794563,4.433781456794563,5.904116389673379,0.38058394763656245,0.5215931005010022,0.1410091528644397,0.1410091528644397,37.05073578118854,1.7121922953501554,1.6115977404875304,-0.10059455486262503,0.10059455486262503,-5.875190253794054,1.2561644370079554,1.1054908291266519,-0.15067360788130357,0.15067360788130357,-11.994735994930044,606.8777602938349,541.402206792739,-65.47555350109587,65.47555350109587,-10.788919579025976,195.03981752693917,182.91082537414925,-12.12899215278992,12.12899215278992,-6.218726158885298,3.111558285835722,2.9599243548613674,-0.1516339309743544,0.1516339309743544,-4.873247326415664,pleth_6
s13_sit,terma,TERMA,mid_upslope,lipponen_tarvainen,0.5,100.0,True,False,600,292,0.4927200610972876,0.06164383561643835,0.001102276366553037,283,10,9,0.9691780821917808,0.9658703071672355,0.9675213675213676,267.00000000002353,6.926739926742252,13.064365873538097,0.3113553113552089,13.08464170407567,273,827.0567375886521,827.4890510948902,0.4323135062380743,0.4323135062380743,0.05227132391164816,56.81690303472783,56.648924193518944,-0.1679788412088854,0.1679788412088854,-0.2956494145874385,40.34795280276001,38.54496446637623,-1.802988336383784,1.802988336383784,-4.468599299690987,23.131672597864767,19.413919413919416,-3.7177531839453515,3.7177531839453515,-16.072132995209905,40.41893227716578,38.613794895299435,-1.805137381866345,1.805137381866345,-4.466068943850199,28.58050110150375,27.304076217812725,-1.2764248836910248,1.2764248836910248,-4.466068943850205,75.09644397507962,75.31725331196024,0.22080933688062032,0.22080933688062032,0.29403434462741646,0.38058394763656245,0.362520870280819,-0.018063077355743473,0.018063077355743473,-4.746147983359707,1.7121922953501554,1.6856270507916469,-0.026565244558508505,0.026565244558508505,-1.5515339387201088,1.2561644370079554,1.1258820192696546,-0.13028241773830085,0.13028241773830085,-10.371446118043204,606.8777602938349,564.2288176371475,-42.64894265668738,42.64894265668738,-7.027600193494953,195.03981752693917,191.3195608841529,-3.7202566427862678,3.7202566427862678,-1.9074344356748696,3.111558285835722,2.9491433862259235,-0.16241489960979827,0.16241489960979827,-5.219728659724459,pleth_6
s13_sit,heartpy,HeartPy,mid_upslope,lipponen_tarvainen,0.5,100.0,True,False,597,292,0.4927200610972876,0.06164383561643835,0.01954184425120298,283,10,9,0.9691780821917808,0.9658703071672355,0.9675213675213676,267.00000000002353,6.926739926742252,13.064365873538097,0.3113553113552089,13.08464170407567,273,827.0567375886521,827.4890510948902,0.4323135062380743,0.4323135062380743,0.05227132391164816,56.81690303472783,56.648924193518944,-0.1679788412088854,0.1679788412088854,-0.2956494145874385,40.34795280276001,38.54496446637623,-1.802988336383784,1.802988336383784,-4.468599299690987,23.131672597864767,19.413919413919416,-3.7177531839453515,3.7177531839453515,-16.072132995209905,40.41893227716578,38.613794895299435,-1.805137381866345,1.805137381866345,-4.466068943850199,28.58050110150375,27.304076217812725,-1.2764248836910248,1.2764248836910248,-4.466068943850205,75.09644397507962,75.31725331196024,0.22080933688062032,0.22080933688062032,0.29403434462741646,0.38058394763656245,0.362520870280819,-0.018063077355743473,0.018063077355743473,-4.746147983359707,1.7121922953501554,1.6856270507916469,-0.026565244558508505,0.026565244558508505,-1.5515339387201088,1.2561644370079554,1.1258820192696546,-0.13028241773830085,0.13028241773830085,-10.371446118043204,606.8777602938349,564.2288176371475,-42.64894265668738,42.64894265668738,-7.027600193494953,195.03981752693917,191.3195608841529,-3.7202566427862678,3.7202566427862678,-1.9074344356748696,3.111558285835722,2.9491433862259235,-0.16241489960979827,0.16241489960979827,-5.219728659724459,pleth_6
s13_sit,findpeaks,find_peaks baseline,mid_upslope,lipponen_tarvainen,0.5,100.0,True,False,603,292,0.4927200610972876,0.06164383561643835,0.00015491118731081297,283,10,9,0.9691780821917808,0.9658703071672355,0.9675213675213676,267.00000000002353,6.926739926742252,13.064365873538097,0.3113553113552089,13.08464170407567,273,827.0567375886521,827.4890510948902,0.4323135062380743,0.4323135062380743,0.05227132391164816,56.81690303472783,56.648924193518944,-0.1679788412088854,0.1679788412088854,-0.2956494145874385,40.34795280276001,38.54496446637623,-1.802988336383784,1.802988336383784,-4.468599299690987,23.131672597864767,19.413919413919416,-3.7177531839453515,3.7177531839453515,-16.072132995209905,40.41893227716578,38.613794895299435,-1.805137381866345,1.805137381866345,-4.466068943850199,28.58050110150375,27.304076217812725,-1.2764248836910248,1.2764248836910248,-4.466068943850205,75.09644397507962,75.31725331196024,0.22080933688062032,0.22080933688062032,0.29403434462741646,0.38058394763656245,0.362520870280819,-0.018063077355743473,0.018063077355743473,-4.746147983359707,1.7121922953501554,1.6856270507916469,-0.026565244558508505,0.026565244558508505,-1.5515339387201088,1.2561644370079554,1.1258820192696546,-0.13028241773830085,0.13028241773830085,-10.371446118043204,606.8777602938349,564.2288176371475,-42.64894265668738,42.64894265668738,-7.027600193494953,195.03981752693917,191.3195608841529,-3.7202566427862678,3.7202566427862678,-1.9074344356748696,3.111558285835722,2.9491433862259235,-0.16241489960979827,0.16241489960979827,-5.219728659724459,pleth_6
s14_sit,msptdfast,MSPTDfast v2,mid_upslope,lipponen_tarvainen,1.0,100.0,True,False,443,444,0.987612517283219,0.004524886877828055,0.02470614698106867,443,1,1,0.9977477477477478,0.9977477477477478,0.9977477477477478,292.0000000000139,12.065610859729546,19.502813348510855,-0.03393665158366462,19.524883300916585,442,1116.6365688487585,1116.472850678733,-0.16371817002550415,0.16371817002550415,-0.014661723840398313,71.62004584881278,74.06928444659928,2.449238597786504,2.449238597786504,3.4197668666070875,35.48105096210506,44.42875006344117,8.947699101336113,8.947699101336113,25.218247088826523,12.217194570135746,21.31519274376417,9.097998173628426,9.097998173628426,74.46879986562526,35.52124197797315,44.479141656125165,8.957899678152017,8.957899678152017,25.218430379508813,25.117311078793065,31.45150268640315,6.334191607610084,6.334191607610084,25.218430379508813,98.12228400798276,99.91656907455162,1.794285066568861,1.794285066568861,1.8286213827053666,0.25597968221723866,0.31477764876950454,0.05879796655226588,0.05879796655226588,22.969778711720817,1.3260453518123536,1.538758371718226,0.21271301990587244,0.21271301990587244,16.041157236074163,1.326210862860182,1.2388304060172424,-0.08738045684293971,0.08738045684293971,-6.588730290935036,2019.6338268699633,2074.421702251494,54.78787538153074,54.78787538153074,2.7127628113875084,216.44998851203997,342.3118768981174,125.86188838607745,125.86188838607745,58.14825366880369,9.330718106079372,6.060034261881325,-3.2706838441980466,3.2706838441980466,-35.05286310243424,pleth_6
s14_sit,msptd,MSPTD,mid_upslope,lipponen_tarvainen,1.0,100.0,True,False,438,444,0.987612517283219,0.011441647597254004,0.8928755608223174,443,0,1,0.9977477477477478,1.0,0.9988726042841037,292.0000000000236,12.079185520362403,19.775378905592696,-0.033936651583665656,19.79775812167974,442,1116.6365688487585,1116.472850678733,-0.16371817002550415,0.16371817002550415,-0.014661723840398313,71.62004584881278,74.08844647243465,2.468400623621875,2.468400623621875,3.446521981893974,35.48105096210506,44.05747637450383,8.57642541239877,8.57642541239877,24.171847168672308,12.217194570135746,20.634920634920633,8.417726064784887,8.417726064784887,68.90064667842445,35.52124197797315,44.10744574035507,8.58620376238192,8.58620376238192,24.172025763362264,25.117311078793065,31.18867398382277,6.071362905029705,6.071362905029705,24.172025763362267,98.12228400798276,100.02730835391127,1.9050243459285099,1.9050243459285099,1.941479823047664,0.25597968221723866,0.3118015919559954,0.055821909738756725,0.055821909738756725,21.80716424649013,1.3260453518123536,1.5156650119486619,0.18961966013630827,0.18961966013630827,14.29963612308948,1.326210862860182,1.249217141518083,-0.07699372134209903,0.07699372134209903,-5.805541448819834,2019.6338268699633,2088.7715416211545,69.1377147511912,69.1377147511912,3.4232796971093076,216.44998851203997,336.06999387049086,119.6200053584509,119.6200053584509,55.26450067323384,9.330718106079372,6.215287230987039,-3.1154308750923327,3.1154308750923327,-33.38897220635669,pleth_6
s14_sit,qppg,qppg (slope-sum),mid_upslope,lipponen_tarvainen,1.0,100.0,True,False,420,444,0.987612517283219,0.02386634844868735,0.0026565406153159555,418,3,26,0.9414414414414415,0.9928741092636579,0.9664739884393062,291.99999999995305,8.034229828851814,10.836188577405927,-0.2885085574570907,10.845614003517813,409,1116.6365688487585,1120.5790754257907,3.9425065770321908,3.9425065770321908,0.3530698068662463,71.62004584881278,79.71216787564894,8.092122026836165,8.092122026836165,11.29868311438718,35.48105096210506,67.935747980414,32.45469701830895,32.45469701830895,91.47050647674344,12.217194570135746,17.073170731707318,4.855976161571572,4.855976161571572,39.74706413730806,35.52124197797315,68.018725124914,32.49748314694085,32.49748314694085,91.48746309910182,25.117311078793065,48.09650178349049,22.979190704697423,22.979190704697423,91.48746309910183,98.12228400798276,101.95482299068532,3.832538982702559,3.832538982702559,3.905880322140445,0.25597968221723866,0.4717432718988157,0.21576358968157705,0.21576358968157705,84.28934195584634,1.3260453518123536,1.339093841886093,0.013048490073739316,0.013048490073739316,0.9840153699046174,1.326210862860182,0.8945846725803995,-0.43162619027978255,0.43162619027978255,-32.54581924844989,2019.6338268699633,2497.036610100356,477.40278323039274,477.40278323039274,23.63808611634682,216.44998851203997,809.7299816160978,593.2799931040579,593.2799931040579,274.09564545717535,9.330718106079372,3.0837892467766244,-6.246928859302748,6.246928859302748,-66.9501402601864,pleth_6
s14_sit,terma,TERMA,mid_upslope,lipponen_tarvainen,1.0,100.0,True,False,441,444,0.987612517283219,0.006818181818181818,0.0003823390701665781,444,0,0,1.0,1.0,1.0,291.99999999999517,11.819413092551864,17.812922998028863,0.0135440180587703,17.833056824115545,443,1116.6365688487585,1116.6501128668172,0.013544018058610163,0.013544018058610163,0.0012129298320020018,71.62004584881278,73.74931194547337,2.1292660966605865,2.1292660966605865,2.9730029790198502,35.48105096210506,43.16169744920882,7.680646487103765,7.680646487103765,21.64717864560142,12.217194570135746,20.588235294117645,8.3710407239819,8.3710407239819,68.51851851851852,35.52124197797315,43.21055247683989,7.689310498866739,7.689310498866739,21.647076708733632,25.117311078793065,30.554474675190654,5.437163596397589,5.437163596397589,21.647076708733646,98.12228400798276,99.72134226024343,1.5990582522606758,1.5990582522606758,1.6296586126456087,0.25597968221723866,0.30639855002605604,0.05041886780881738,0.05041886780881738,19.696433471633547,1.3260453518123536,1.5325759814306483,0.20653062961829471,0.20653062961829471,15.574929570547637,1.326210862860182,1.2463731796958955,-0.07983768316428663,0.07983768316428663,-6.019984106607612,2019.6338268699633,2070.6476907936967,51.013863923733425,51.013863923733425,2.5258966870640567,216.44998851203997,343.5392888118469,127.08930029980695,127.08930029980695,58.71531857010824,9.330718106079372,6.027397035009204,-3.303321071070168,3.303321071070168,-35.40264568616546,pleth_6
s14_sit,heartpy,HeartPy,mid_upslope,lipponen_tarvainen,1.0,100.0,True,False,426,444,0.987612517283219,0.02823529411764706,0.0111113785056471,421,14,23,0.9481981981981982,0.967816091954023,0.9579067121729239,291.9999999999622,10.380722891567485,14.93810523298946,-0.202409638554144,14.954762509512111,415,1116.6365688487585,1128.092807424594,11.456238575835414,11.456238575835414,1.0259594657236315,71.62004584881278,102.49583414907164,30.87578830025886,30.87578830025886,43.110539702022095,35.48105096210506,82.72259610878248,47.241545146677424,47.241545146677424,133.14584507976656,12.217194570135746,21.3953488372093,9.178154267073555,9.178154267073555,75.12489233419466,35.52124197797315,82.81892381658277,47.29768183860962,47.29768183860962,133.15323227701072,25.117311078793065,58.56182264127774,33.44451156248468,33.44451156248468,133.15323227701072,98.12228400798276,132.59451332826532,34.472229320282565,34.472229320282565,35.13190675165905,0.25597968221723866,0.4416609795632777,0.18568129734603905,0.18568129734603905,72.53751381270156,1.3260453518123536,1.152604640024825,-0.1734407117875285,0.1734407117875285,-13.07954600123449,1.326210862860182,1.0224930637083243,-0.3037177991518578,0.3037177991518578,-22.9011696146752,2019.6338268699633,3857.3649575098484,1837.7311306398851,1837.7311306398851,90.99328334621966,216.44998851203997,567.7404197239252,351.2904312118853,351.2904312118853,162.29635013001854,9.330718106079372,6.7942405076347505,-2.5364775984446215,2.5364775984446215,-27.18416277941132,pleth_6
s14_sit,findpeaks,find_peaks baseline,mid_upslope,lipponen_tarvainen,1.0,100.0,True,False,444,444,0.987612517283219,0.0,0.0001511651813576028,444,0,0,1.0,1.0,1.0,291.9999999999977,12.085778781039446,19.542741258372814,0.0135440180587703,19.564831243189264,443,1116.6365688487585,1116.6501128668172,0.013544018058610163,0.013544018058610163,0.0012129298320020018,71.62004584881278,74.08193408741495,2.461888238602171,2.461888238602171,3.4374290178466578,35.48105096210506,44.43114557191541,8.95009460981035,8.95009460981035,25.224998603816296,12.217194570135746,21.266968325791854,9.049773755656108,9.049773755656108,74.07407407407408,35.52124197797315,44.481440594610085,8.960198616636937,8.960198616636937,25.224902389936673,25.117311078793065,31.45312828139537,6.335817202602303,6.335817202602303,25.224902389936684,98.12228400798276,99.93481194047584,1.812527932493083,1.812527932493083,1.8472133530295978,0.25597968221723866,0.3147364534005407,0.058756771183302026,0.058756771183302026,22.953685493459492,1.3260453518123536,1.5369640859721794,0.21091873415982576,0.21091873415982576,15.905846196855604,1.326210862860182,1.2381355553304605,-0.08807530752972159,0.08807530752972159,-6.64112397177726,2019.6338268699633,2074.577801925469,54.94397505550569,54.94397505550569,2.720491919104865,216.44998851203997,341.8203501263854,125.37036161434543,125.37036161434543,57.921168061125464,9.330718106079372,6.069205069734467,-3.2615130363449047,3.2615130363449047,-34.95457690678584,pleth_6
s14_sit,msptdfast,MSPTDfast v2,mid_upslope,lipponen_tarvainen,0.9,100.0,True,False,443,394,0.8868357298053395,0.020460358056265986,0.024615109261605612,385,7,9,0.9771573604060914,0.9821428571428571,0.9796437659033078,291.9999999999997,10.71842105263319,16.29974168345798,0.25526315789483617,16.31922959419558,380,1118.0874035989718,1121.3864229765013,3.2990193775294756,3.2990193775294756,0.2950591668335033,73.19668863766717,70.37150499815594,-2.8251836395112235,2.8251836395112235,-3.859715093801905,38.44275433452452,48.504007498923684,10.061253164399162,10.061253164399162,26.172040319606833,12.628865979381443,20.680628272251308,8.051762292869865,8.051762292869865,63.75681162517363,38.492289929635774,48.56753756955025,10.075247639914473,10.075247639914473,26.174716179089653,27.218159232644112,34.342435160961394,7.124275928317282,7.124275928317282,26.17471617908965,99.87333109006435,93.4071441519659,-6.46618693809846,6.46618693809846,-6.4743879747711075,0.2725267990520829,0.3676639027212846,0.0951371036692017,0.0951371036692017,34.90926543742215,1.3405137170528765,1.5096682626735811,0.16915454562070464,0.16915454562070464,12.618635935527124,1.3726071055587854,1.2234324656301405,-0.14917463992864488,0.14917463992864488,-10.867978121672056,1910.1239655337365,2113.0766458694807,202.95268033574416,202.95268033574416,10.625105176303784,194.47552002956954,315.5436886033946,121.06816857382509,121.06816857382509,62.253680337461994,9.82192496640866,6.696621489157391,-3.1253034772512693,3.1253034772512693,-31.81966353784946,pleth_6
s14_sit,msptd,MSPTD,mid_upslope,lipponen_tarvainen,0.9,100.0,True,False,438,394,0.8868357298053395,0.04392764857881137,0.9078589084664503,384,9,10,0.9746192893401016,0.9770992366412213,0.9758576874205844,291.9999999999906,10.986807387863937,16.89920452141195,0.21108179419540665,16.920223135144322,379,1118.0874035989718,1119.6078947368421,1.5204911378702946,1.5204911378702946,0.13599036470458747,73.19668863766717,74.6243110541438,1.4276224164766376,1.4276224164766376,1.9503920779033441,38.44275433452452,47.179777430771566,8.737023096247043,8.737023096247043,22.7273598041869,12.628865979381443,19.261213720316622,6.632347740935179,6.632347740935179,52.51736578536428,38.492289929635774,47.24205792181669,8.749767992180914,8.749767992180914,22.7312222997789,27.218159232644112,33.40517951372424,6.18702028108013,6.18702028108013,22.731222299778906,99.87333109006435,100.1082892784962,0.2349581884318468,0.2349581884318468,0.2352561848767864,0.2725267990520829,0.3336904441628477,0.06116364511076483,0.06116364511076483,22.443167176038266,1.3405137170528765,1.49592656204302,0.15541284499014352,0.15541284499014352,11.593528884718848,1.3726071055587854,1.3473453097596766,-0.02526179579910881,0.02526179579910881,-1.8404243790377866,1910.1239655337365,1998.747187422329,88.62322188859252,88.62322188859252,4.6396581314987575,194.47552002956954,283.6841553464466,89.20863531687704,89.20863531687704,45.87139569201979,9.82192496640866,7.045677912400071,-2.77624705400859,2.77624705400859,-28.265814119976028,pleth_6
s14_sit,qppg,qppg (slope-sum),mid_upslope,lipponen_tarvainen,0.9,100.0,True,False,420,394,0.8868357298053395,0.031331592689295036,0.0026491395671218755,378,7,16,0.9593908629441624,0.9818181818181818,0.9704749679075738,291.99999999999625,7.709677419355873,10.12449388088573,-0.04301075268812345,10.138038086724132,372,1118.0874035989718,1122.9329758713136,4.845572272341769,4.845572272341769,0.4333804545820415,73.19668863766717,74.31405539346828,1.1173667558011147,1.1173667558011147,1.526526372432257,38.44275433452452,63.641067589023635,25.198313254499112,25.198313254499112,65.54762709046867,12.628865979381443,17.473118279569892,4.844252300188449,4.844252300188449,38.35856923414527,38.492289929635774,63.726717593624016,25.234427663988242,25.234427663988242,65.55709652534829,27.218159232644112,45.06159415321161,17.843434920567496,17.843434920567496,65.55709652534829,99.87333109006435,94.94530209767196,-4.928028992392399,4.928028992392399,-4.934279190055624,0.2725267990520829,0.47460583259670847,0.20207903354462559,0.20207903354462559,74.15015119522468,1.3405137170528765,1.4247150221340812,0.08420130508120471,0.08420130508120471,6.281271426772234,1.3726071055587854,1.084550797324313,-0.2880563082344725,0.2880563082344725,-20.986071474342644,1910.1239655337365,2835.9074740035635,925.783508469827,925.783508469827,48.46719507082567,194.47552002956954,379.07925938154676,184.60373935197723,184.60373935197723,94.92389547224694,9.82192496640866,7.481040979741908,-2.3408839866667526,2.3408839866667526,-23.833250556002625,pleth_6
s14_sit,terma,TERMA,mid_upslope,lipponen_tarvainen,0.9,100.0,True,False,441,394,0.8868357298053395,0.035897435897435895,0.00034683339129315495,381,11,13,0.9670050761421319,0.9719387755102041,0.9694656488549618,291.9999999999997,10.992021276597182,16.60564182516285,0.3164893617022522,16.624747638464143,376,1118.0874035989718,1121.7671957671957,3.679792168223912,3.679792168223912,0.3291148935565466,73.19668863766717,69.91084722906191,-3.2858414086052505,3.2858414086052505,-4.489057455687073,38.44275433452452,44.231546527597516,5.788792193072993,5.788792193072993,15.058213942475543,12.628865979381443,19.628647214854112,6.999781235472669,6.999781235472669,55.426839170681546,38.492289929635774,44.290233953275276,5.797944023639502,5.797944023639502,15.062611328757505,27.218159232644112,31.31792476869962,4.099765536055507,4.099765536055507,15.0626113287575,99.87333109006435,93.77761304678499,-6.095718043279362,6.095718043279362,-6.1034492158695794,0.2725267990520829,0.333959500046939,0.06143270099485609,0.06143270099485609,22.541893571030286,1.3405137170528765,1.5497691178222721,0.20925540076939564,0.20925540076939564,15.610090229396851,1.3726071055587854,1.2681685374603615,-0.10443856809842389,0.10443856809842389,-7.6087736742341265,1910.1239655337365,1911.1528511920862,1.0288856583497363,1.0288856583497363,0.053864863062028534,194.47552002956954,281.92022611180016,87.44470608223062,87.44470608223062,44.964377042897155,9.82192496640866,6.779055470940871,-3.04286949546779,3.04286949546779,-30.980378142518028,pleth_6
s14_sit,heartpy,HeartPy,mid_upslope,lipponen_tarvainen,0.9,100.0,True,False,426,394,0.8868357298053395,0.03674540682414698,0.012575310493092049,376,8,18,0.9543147208121827,0.9791666666666666,0.9665809768637531,291.9999999999997,9.983739837399662,14.481648980058829,-0.03794037940373796,14.501262017297979,369,1118.0874035989718,1120.245283018868,2.1578794198960622,2.1578794198960622,0.19299738222165286,73.19668863766717,70.16591686746607,-3.030771770201099,3.030771770201099,-4.140585901643449,38.44275433452452,46.36377896591402,7.9210246313895,7.9210246313895,20.604727128711005,12.628865979381443,19.45945945945946,6.830593480078017,6.830593480078017,54.087148372862664,38.492289929635774,46.42646882168927,7.934178892053495,7.934178892053495,20.612384730961033,27.218159232644112,32.82847093036231,5.6103116977181955,5.6103116977181955,20.612384730961033,99.87333109006435,93.64188846920311,-6.231442620861245,6.231442620861245,-6.239345932340854,0.2725267990520829,0.3505746356360478,0.07804783658396491,0.07804783658396491,28.638591454284505,1.3405137170528765,1.4816045409242156,0.1410908238713391,0.1410908238713391,10.525130931261764,1.3726071055587854,1.1988349882925926,-0.1737721172661928,0.1737721172661928,-12.660004203857778,1910.1239655337365,2032.372753758547,122.2487882248106,122.2487882248106,6.400044731685842,194.47552002956954,258.9663911678179,64.49087113824837,64.49087113824837,33.16143395757095,9.82192496640866,7.848017438067897,-1.9739075283407637,1.9739075283407637,-20.09695182045881,pleth_6
s14_sit,findpeaks,find_peaks baseline,mid_upslope,lipponen_tarvainen,0.9,100.0,True,False,444,394,0.8868357298053395,0.02040816326530612,0.00014803303871033493,388,5,6,0.9847715736040609,0.9872773536895675,0.9860228716645489,292.0000000000003,10.793733681463832,16.422776007778022,0.15143603133172448,16.443558606951456,383,1118.0874035989718,1119.1380208333335,1.0506172343616527,1.0506172343616527,0.09396557290421645,73.19668863766717,74.50665740131639,1.3099687636492234,1.3099687636492234,1.78965577272728,38.44275433452452,45.953205850490974,7.5104515159664516,7.5104515159664516,19.536715425256336,12.628865979381443,20.365535248041773,7.7366692686603304,7.7366692686603304,61.26178931102466,38.492289929635774,46.01322885477877,7.520938925142993,7.520938925142993,19.53881917363537,27.218159232644112,32.53626614750259,5.318106914858475,5.318106914858475,19.53881917363538,99.87333109006435,100.21913679239681,0.34580570233245567,0.34580570233245567,0.34624428619549397,0.2725267990520829,0.32465123118054007,0.05212443212845719,0.05212443212845719,19.126350989979386,1.3405137170528765,1.5096682626735811,0.16915454562070464,0.16915454562070464,12.618635935527124,1.3726071055587854,1.2760913029769725,-0.09651580258181292,0.09651580258181292,-7.031568042373023,1910.1239655337365,1970.4135239384966,60.2895584047601,60.2895584047601,3.156316526708448,194.47552002956954,290.9440679970124,96.46854796744284,96.46854796744284,49.60446844557867,9.82192496640866,6.772482207675498,-3.0494427587331625,3.0494427587331625,-31.047302531452512,pleth_6
s14_sit,msptdfast,MSPTDfast v2,mid_upslope,lipponen_tarvainen,0.75,100.0,True,False,443,328,0.7457482273363082,0.042682926829268296,0.02174352710703399,322,7,6,0.9817073170731707,0.9787234042553191,0.9802130898021308,291.0000000000097,9.713375796179074,15.297891283017503,0.2547770700637482,15.320184209054448,314,1129.19375,1130.7261146496817,1.5323646496817673,1.5323646496817673,0.13570431555096435,62.72225654037963,64.12842660313605,1.4061700627564164,1.4061700627564164,2.2418996705757,36.2791337905041,42.85155295965728,6.572419169153186,6.572419169153186,18.116251636838935,12.539184952978054,20.12779552715655,7.588610574178496,7.588610574178496,60.51916932907351,36.3359748697401,42.9200324810073,6.584057611267198,6.584057611267198,18.11994210935641,25.693414231417204,30.349046016067142,4.6556317846499375,4.6556317846499375,18.119942109356405,84.90000822242128,85.46253918005394,0.56253095763266,0.56253095763266,0.66258056908421,0.3026314692939196,0.3551151920741233,0.05248372278020369,0.05248372278020369,17.342453811117316,1.5191984667400489,1.617932536425523,0.09873406968547416,0.09873406968547416,6.4990896085711105,1.2847785306854957,1.1229972413384557,-0.16178128934704006,0.16178128934704006,-12.592153860223783,1272.010833852867,1336.0455920012946,64.0347581484275,64.0347581484275,5.034136223075154,142.13151687024452,210.03918603877253,67.907669168528,67.907669168528,47.77805138780207,8.949533937741045,6.360934915043258,-2.588599022697786,2.588599022697786,-28.924400317444636,pleth_6
s14_sit,msptd,MSPTD,mid_upslope,lipponen_tarvainen,0.75,100.0,True,False,438,328,0.7457482273363082,0.058823529411764705,0.8902221886304484,321,8,7,0.9786585365853658,0.9756838905775076,0.9771689497716894,291.99999999996675,9.779552715654853,16.453147731893385,0.39297124600646277,16.47479276325161,313,1129.19375,1130.5987261146502,1.4049761146502533,1.4049761146502533,0.12442294465854539,62.72225654037963,64.37200787402077,1.6497513336411345,1.6497513336411345,2.630248694223955,36.2791337905041,43.09444268598102,6.8153088954769245,6.8153088954769245,18.785754188157608,12.539184952978054,19.488817891373802,6.949632938395748,6.949632938395748,55.423322683706104,36.3359748697401,43.16331191953413,6.827337049794032,6.827337049794032,18.78946986910129,25.693414231417204,30.52107055677272,4.827656325355516,4.827656325355516,18.789469869101282,84.90000822242128,85.76698110307069,0.8669728806494135,0.8669728806494135,1.021169371831055,0.3026314692939196,0.3558603808159453,0.05322891152202569,0.05322891152202569,17.58869018024331,1.5191984667400489,1.6384254493073527,0.1192269825673038,0.1192269825673038,7.848018884796887,1.2847785306854957,1.1102873123600119,-0.17449121832548387,0.17449121832548387,-13.58142389197489,1272.010833852867,1337.846530026181,65.83569617331386,65.83569617331386,5.175718195253127,142.13151687024452,202.03571057376703,59.90419370352251,59.90419370352251,42.147016384979956,8.949533937741045,6.621831983201346,-2.327701954539698,2.327701954539698,-26.009197470312454,pleth_6
s14_sit,qppg,qppg (slope-sum),mid_upslope,lipponen_tarvainen,0.75,100.0,True,False,420,328,0.7457482273363082,0.046583850931677016,0.004340303055346882,315,8,13,0.9603658536585366,0.9752321981424149,0.9677419354838709,291.0000000000057,7.04234527687304,9.24935071231223,-0.006514657980351967,9.264449405119304,307,1129.19375,1129.8892508143324,0.6955008143324903,0.6955008143324903,0.061592690743505304,62.72225654037963,63.32312184261239,0.600865302232755,0.600865302232755,0.957977814216437,36.2791337905041,41.53488965705171,5.255755866547609,5.255755866547609,14.486993809988045,12.539184952978054,16.99346405228758,4.454279099309527,4.454279099309527,35.52287581699349,36.3359748697401,41.6027836858856,5.266808816145499,5.266808816145499,14.494750271669734,25.693414231417204,29.417610460526777,3.724196229109573,3.724196229109573,14.494750271669725,84.90000822242128,84.58273886899958,-0.31726935342169327,0.31726935342169327,-0.37369767101848816,0.3026314692939196,0.347796853753912,0.04516538445999241,0.04516538445999241,14.924219403014959,1.5191984667400489,1.5947381233138112,0.07553965657376227,0.07553965657376227,4.972336283083408,1.2847785306854957,1.2208407546625915,-0.06393777602290429,0.06393777602290429,-4.97656012268435,1272.010833852867,1375.8381510893716,103.82731723650454,103.82731723650454,8.162455418875323,142.13151687024452,139.8727544152337,-2.2587624550108387,2.2587624550108387,-1.5892059022158473,8.949533937741045,9.83635559935415,0.886821661613105,0.886821661613105,9.90913792586777,pleth_6
s14_sit,terma,TERMA,mid_upslope,lipponen_tarvainen,0.75,100.0,True,False,441,328,0.7457482273363082,0.045871559633027525,0.00037643758142978233,321,8,7,0.9786585365853658,0.9756838905775076,0.9771689497716894,290.9999999999904,9.722044728435222,15.128311693526841,0.3929712460064642,15.147423464661427,313,1129.19375,1130.5987261146502,1.4049761146502533,1.4049761146502533,0.12442294465854539,62.72225654037963,64.18522118198466,1.4629646416050264,1.4629646416050264,2.3324489938642308,36.2791337905041,42.22569815485094,5.946564364346841,5.946564364346841,16.391142078213917,12.539184952978054,19.169329073482427,6.630144120504372,6.630144120504372,52.87539936102238,36.3359748697401,42.29317346220427,5.957198592464174,5.957198592464174,16.39476748269444,25.693414231417204,29.905789753023576,4.212375521606372,4.212375521606372,16.394767482694437,84.90000822242128,85.70372789796565,0.8037196755443716,0.8037196755443716,0.946666192821542,0.3026314692939196,0.34894386144588524,0.04631239215196564,0.04631239215196564,15.303230777691017,1.5191984667400489,1.6308042617064629,0.11160579496641398,0.11160579496641398,7.346360426883641,1.2847785306854957,1.1152081117287345,-0.16957041895676128,0.16957041895676128,-13.198416295630865,1272.010833852867,1340.2662725545683,68.25543870170122,68.25543870170122,5.365947905880517,142.13151687024452,199.6414618290038,57.50994495875926,57.50994495875926,40.46248588992514,8.949533937741045,6.713366353240433,-2.2361675845006115,2.2361675845006115,-24.986413818383078,pleth_6
s14_sit,heartpy,HeartPy,mid_upslope,lipponen_tarvainen,0.75,100.0,True,False,426,328,0.7457482273363082,0.06289308176100629,0.011288532004870512,312,9,16,0.9512195121951219,0.9719626168224299,0.9614791987673342,290.9999999999955,8.509933774835094,12.228779430410576,0.03973509933776905,12.249011510570552,302,1129.19375,1129.562913907285,0.3691639072851558,0.3691639072851558,0.03269269842178597,62.72225654037963,63.94101062167708,1.2187540812974476,1.2187540812974476,1.9430966749623115,36.2791337905041,39.556511574877916,3.2773777843738188,3.2773777843738188,9.0337817967188,12.539184952978054,18.272425249169437,5.733240296191383,5.733240296191383,45.72259136212629,36.3359748697401,39.62222269839857,3.2862478286584746,3.2862478286584746,9.044061265561911,25.693414231417204,28.01714235572118,2.323728124303976,2.323728124303976,9.044061265561915,84.90000822242128,85.9764235872957,1.0764153648744212,1.0764153648744212,1.2678624977920205,0.3026314692939196,0.3258700604971562,0.023238591203236625,0.023238591203236625,7.678841614672599,1.5191984667400489,1.5873958125654415,0.06819734582539261,0.06819734582539261,4.489034666532605,1.2847785306854957,1.2231418503431968,-0.061636680342298966,0.061636680342298966,-4.797455660269526,1272.010833852867,1263.041402417408,-8.969431435459,8.969431435459,-0.7051379749880724,142.13151687024452,149.8850310187734,7.753514148528865,7.753514148528865,5.455168789626895,8.949533937741045,8.426734770193361,-0.5227991675476833,0.5227991675476833,-5.841635678289223,pleth_6
s14_sit,findpeaks,find_peaks baseline,mid_upslope,lipponen_tarvainen,0.75,100.0,True,False,444,328,0.7457482273363082,0.042682926829268296,0.00029693678933522514,322,7,6,0.9817073170731707,0.9787234042553191,0.9802130898021308,291.0000000000097,9.713375796179074,15.297891283017503,0.2547770700637482,15.320184209054448,314,1129.19375,1130.7261146496817,1.5323646496817673,1.5323646496817673,0.13570431555096435,62.72225654037963,64.12842660313605,1.4061700627564164,1.4061700627564164,2.2418996705757,36.2791337905041,42.85155295965728,6.572419169153186,6.572419169153186,18.116251636838935,12.539184952978054,20.12779552715655,7.588610574178496,7.588610574178496,60.51916932907351,36.3359748697401,42.9200324810073,6.584057611267198,6.584057611267198,18.11994210935641,25.693414231417204,30.349046016067142,4.6556317846499375,4.6556317846499375,18.119942109356405,84.90000822242128,85.46253918005394,0.56253095763266,0.56253095763266,0.66258056908421,0.3026314692939196,0.3551151920741233,0.05248372278020369,0.05248372278020369,17.342453811117316,1.5191984667400489,1.617932536425523,0.09873406968547416,0.09873406968547416,6.4990896085711105,1.2847785306854957,1.1229972413384557,-0.16178128934704006,0.16178128934704006,-12.592153860223783,1272.010833852867,1336.0455920012946,64.0347581484275,64.0347581484275,5.034136223075154,142.13151687024452,210.03918603877253,67.907669168528,67.907669168528,47.77805138780207,8.949533937741045,6.360934915043258,-2.588599022697786,2.588599022697786,-28.924400317444636,pleth_6
s14_sit,msptdfast,MSPTDfast v2,mid_upslope,lipponen_tarvainen,0.5,100.0,True,False,443,214,0.48372857989382156,0.06572769953051644,0.027313165882531222,206,8,8,0.9626168224299065,0.9626168224299065,0.9626168224299065,290.00000000001967,7.87878787878911,11.336897835178448,-0.10101010101029681,11.365184122663862,198,1132.0582524271847,1132.2110552763822,0.15280284919754195,0.15280284919754195,0.013497790318645321,60.4906483790784,62.340184993648315,1.8495366145699137,1.8495366145699137,3.057557926936693,36.126336585958995,40.46871843433158,4.3423818483725825,4.3423818483725825,12.019989455726629,12.682926829268293,18.181818181818183,5.49889135254989,5.49889135254989,43.35664335664336,36.21276464577567,40.5697527125025,4.356988066726828,4.356988066726828,12.031636107725577,25.606291446540443,28.68714725407185,3.0808558075314068,3.0808558075314068,12.03163610772558,81.62447501207852,83.36453030220818,1.7400552901296606,1.7400552901296606,2.1317812946082326,0.3137084978831571,0.3441169421824473,0.030408444299290238,0.030408444299290238,9.693216634066468,1.4477244602251425,1.5002386204691083,0.052514160243965824,0.052514160243965824,3.6273587748734384,1.0973105471844333,1.1338303327546835,0.03651978557025015,0.03651978557025015,3.328117611186325,822.4022086005833,868.2961359339865,45.89392733340321,45.89392733340321,5.580472286364268,108.32180367851421,106.96790458573221,-1.353899092782001,1.353899092782001,-1.2498860310710915,7.592213023348207,8.117352015978476,0.5251389926302688,0.5251389926302688,6.916810566501723,pleth_6
s14_sit,msptd,MSPTD,mid_upslope,lipponen_tarvainen,0.5,100.0,True,False,438,214,0.48372857989382156,0.0761904761904762,0.8763064783351469,206,7,8,0.9626168224299065,0.9671361502347418,0.9648711943793911,290.0000000000481,7.666666666666885,10.654348948439983,-0.10101010101029681,10.680876168449771,198,1132.0582524271847,1132.484848484849,0.42659605766425557,0.42659605766425557,0.03768322493560858,60.4906483790784,61.865477713486975,1.3748293344085738,1.3748293344085738,2.272796492100553,36.126336585958995,39.65293595623448,3.526599370275484,3.526599370275484,9.761851611730114,12.682926829268293,17.766497461928935,5.083570632660642,5.083570632660642,40.08199921905506,36.21276464577567,39.7509606015435,3.5381959557678258,3.5381959557678258,9.770576729994481,25.606291446540443,28.10817380003069,2.501882353490249,2.501882353490249,9.770576729994485,81.62447501207852,82.8529132322043,1.2284382201257813,1.2284382201257813,1.5049875909694992,0.3137084978831571,0.3392538983059591,0.02554540042280201,0.02554540042280201,8.143037436083919,1.4477244602251425,1.54368653487132,0.09596207464617756,0.09596207464617756,6.628476431989968,1.0973105471844333,1.141873625255344,0.044563078070910755,0.044563078070910755,4.061118175274469,822.4022086005833,845.3863217307371,22.984113130153787,22.984113130153787,2.794753332346229,108.32180367851421,98.94658044158562,-9.37522323692859,9.37522323692859,-8.654973346597053,7.592213023348207,8.543865972506465,0.9516529491582579,0.9516529491582579,12.53459230176571,pleth_6
s14_sit,qppg,qppg (slope-sum),mid_upslope,lipponen_tarvainen,0.5,100.0,True,False,420,214,0.48372857989382156,0.06572769953051644,0.0026797354004790743,206,8,8,0.9626168224299065,0.9626168224299065,0.9626168224299065,290.5000000000175,7.050505050504621,9.246894100454583,-0.32323232323286355,9.264668197440578,198,1132.0582524271847,1131.9949748743718,-0.06327755281290592,0.06327755281290592,-0.0055896021849790815,60.4906483790784,61.94470469109445,1.45405631201605,1.45405631201605,2.4037704190305176,36.126336585958995,39.40722386732011,3.2808872813611174,3.2808872813611174,9.08170490399594,12.682926829268293,18.68686868686869,6.003941857600395,6.003941857600395,47.33877233877235,36.21276464577567,39.5056152575323,3.292850611756627,3.292850611756627,9.09306606100495,25.606291446540443,27.934688443547827,2.328396997007385,2.328396997007385,9.09306606100496,81.62447501207852,83.0297901966259,1.4053151845473764,1.4053151845473764,1.7216835812290645,0.3137084978831571,0.33644175635509455,0.022733258471937468,0.022733258471937468,7.246618636516704,1.4477244602251425,1.5003038073926347,0.05257934716749224,0.05257934716749224,3.631861491054408,1.0973105471844333,1.147850821040572,0.050540273856138684,0.050540273856138684,4.605831410790586,822.4022086005833,847.39617828269,24.993969682106695,24.993969682106695,3.039141848200645,108.32180367851421,101.75192086022913,-6.56988281828508,6.56988281828508,-6.06515271642234,7.592213023348207,8.328060749307232,0.735847725959025,0.735847725959025,9.692137505837689,pleth_6
s14_sit,terma,TERMA,mid_upslope,lipponen_tarvainen,0.5,100.0,True,False,441,214,0.48372857989382156,0.06572769953051644,0.00034729293342364607,206,8,8,0.9626168224299065,0.9626168224299065,0.9626168224299065,290.00000000001967,7.87878787878911,11.336897835178448,-0.10101010101029681,11.365184122663862,198,1132.0582524271847,1132.2110552763822,0.15280284919754195,0.15280284919754195,0.013497790318645321,60.4906483790784,62.340184993648315,1.8495366145699137,1.8495366145699137,3.057557926936693,36.126336585958995,40.46871843433158,4.3423818483725825,4.3423818483725825,12.019989455726629,12.682926829268293,18.181818181818183,5.49889135254989,5.49889135254989,43.35664335664336,36.21276464577567,40.5697527125025,4.356988066726828,4.356988066726828,12.031636107725577,25.606291446540443,28.68714725407185,3.0808558075314068,3.0808558075314068,12.03163610772558,81.62447501207852,83.36453030220818,1.7400552901296606,1.7400552901296606,2.1317812946082326,0.3137084978831571,0.3441169421824473,0.030408444299290238,0.030408444299290238,9.693216634066468,1.4477244602251425,1.5002386204691083,0.052514160243965824,0.052514160243965824,3.6273587748734384,1.0973105471844333,1.1338303327546835,0.03651978557025015,0.03651978557025015,3.328117611186325,822.4022086005833,868.2961359339865,45.89392733340321,45.89392733340321,5.580472286364268,108.32180367851421,106.96790458573221,-1.353899092782001,1.353899092782001,-1.2498860310710915,7.592213023348207,8.117352015978476,0.5251389926302688,0.5251389926302688,6.916810566501723,pleth_6
s14_sit,heartpy,HeartPy,mid_upslope,lipponen_tarvainen,0.5,100.0,True,False,426,214,0.48372857989382156,0.07582938388625593,0.011304978775995442,206,8,8,0.9626168224299065,0.9626168224299065,0.9626168224299065,290.00000000001967,7.909090909091998,11.40883938714339,-0.10101010101029681,11.437310881182217,198,1132.0582524271847,1132.2110552763822,0.15280284919754195,0.15280284919754195,0.013497790318645321,60.4906483790784,62.327545334839996,1.8368969557615955,1.8368969557615955,3.0366626990841015,36.126336585958995,40.45486323788524,4.328526651926246,4.328526651926246,11.981637389739065,12.682926829268293,18.181818181818183,5.49889135254989,5.49889135254989,43.35664335664336,36.21276464577567,40.55586186484399,4.343097219068319,4.343097219068319,11.993277126315608,25.606291446540443,28.67732494149609,3.071033494955646,3.071033494955646,11.993277126315613,81.62447501207852,83.3490062876152,1.7245312755366768,1.7245312755366768,2.1127624714051594,0.3137084978831571,0.3440631894582916,0.03035469157513454,0.03035469157513454,9.676082025180062,1.4477244602251425,1.491654876777717,0.04393041655257446,0.04393041655257446,3.0344459708681466,1.0973105471844333,1.1342754901597767,0.03696494297534336,0.03696494297534336,3.368685653317646,822.4022086005833,867.7518032361293,45.34959463554594,45.34959463554594,5.514284149687993,108.32180367851421,106.985234936469,-1.3365687420452161,1.3365687420452161,-1.2338870815076046,7.592213023348207,8.110949176785246,0.5187361534370387,0.5187361534370387,6.832476273278662,pleth_6
s14_sit,findpeaks,find_peaks baseline,mid_upslope,lipponen_tarvainen,0.5,100.0,True,False,444,214,0.48372857989382156,0.06572769953051644,0.00015551873829068764,206,8,8,0.9626168224299065,0.9626168224299065,0.9626168224299065,290.00000000001967,7.87878787878911,11.336897835178448,-0.10101010101029681,11.365184122663862,198,1132.0582524271847,1132.2110552763822,0.15280284919754195,0.15280284919754195,0.013497790318645321,60.4906483790784,62.340184993648315,1.8495366145699137,1.8495366145699137,3.057557926936693,36.126336585958995,40.46871843433158,4.3423818483725825,4.3423818483725825,12.019989455726629,12.682926829268293,18.181818181818183,5.49889135254989,5.49889135254989,43.35664335664336,36.21276464577567,40.5697527125025,4.356988066726828,4.356988066726828,12.031636107725577,25.606291446540443,28.68714725407185,3.0808558075314068,3.0808558075314068,12.03163610772558,81.62447501207852,83.36453030220818,1.7400552901296606,1.7400552901296606,2.1317812946082326,0.3137084978831571,0.3441169421824473,0.030408444299290238,0.030408444299290238,9.693216634066468,1.4477244602251425,1.5002386204691083,0.052514160243965824,0.052514160243965824,3.6273587748734384,1.0973105471844333,1.1338303327546835,0.03651978557025015,0.03651978557025015,3.328117611186325,822.4022086005833,868.2961359339865,45.89392733340321,45.89392733340321,5.580472286364268,108.32180367851421,106.96790458573221,-1.353899092782001,1.353899092782001,-1.2498860310710915,7.592213023348207,8.117352015978476,0.5251389926302688,0.5251389926302688,6.916810566501723,pleth_6
s15_sit,msptdfast,MSPTDfast v2,mid_upslope,lipponen_tarvainen,1.0,100.0,True,False,678,685,0.9909656960708211,0.005908419497784343,0.0247566642442474,680,2,5,0.9927007299270073,0.9970674486803519,0.9948792977322604,297.0000000000145,10.19764011799308,15.895399234184811,0.14454277286142064,15.90647679871497,678,707.5350877192982,708.928046989721,1.392959270422807,1.392959270422807,0.19687493872748238,84.27689284429475,85.28850238267816,1.0116095383834107,1.0116095383834107,1.20034033557977,41.61040809092914,50.5757730887958,8.965364997866658,8.965364997866658,21.545967485526926,21.96193265007321,28.97058823529412,7.008655585220911,7.008655585220911,31.91274509803921,41.640353598933366,50.612546148174495,8.972192549241129,8.972192549241129,21.54686925970522,29.444176400811443,35.78847459449126,6.344298193679819,6.344298193679819,21.54686925970522,115.49125426219675,115.18438420011478,-0.30687006208196976,0.30687006208196976,-0.2657084850644108,0.25494723898283334,0.31070595934527384,0.055758720362440506,0.055758720362440506,21.87069002390529,1.2954118646427175,1.5206484823302122,0.2252366176874947,0.2252366176874947,17.387259128556487,1.3361301985264913,1.2740276022361974,-0.06210259629029391,0.06210259629029391,-4.647944965152481,2725.9210308297584,2742.987645297412,17.066614467653835,17.066614467653835,0.6260861659099065,599.4884514523582,745.0328911362436,145.54443968388546,145.54443968388546,24.27810566346698,4.547078470362143,3.681700067112613,-0.86537840324953,0.86537840324953,-19.03152560242948,pleth_6
s15_sit,msptd,MSPTD,mid_upslope,lipponen_tarvainen,1.0,100.0,True,False,677,685,0.9909656960708211,0.005917159763313609,0.9052017151970474,678,3,7,0.9897810218978103,0.9955947136563876,0.9926793557833089,297.0000000000145,10.453333333332598,16.736741574108404,0.11851851851858151,16.74873300130811,675,707.5350877192982,709.9705882352941,2.4355005159959546,2.4355005159959546,0.34422328422561504,84.27689284429475,85.91705260867154,1.64015976437679,1.64015976437679,1.9461559497774283,41.61040809092914,52.28453928840562,10.674131197476477,10.674131197476477,25.652551097674486,21.96193265007321,29.455081001472756,7.493148351399547,7.493148351399547,34.11880216003927,41.640353598933366,52.32264053024255,10.682286931309186,10.682286931309186,25.65368928947524,29.444176400811443,36.997693928520604,7.553517527709161,7.553517527709161,25.653689289475242,115.49125426219675,115.7352604088053,0.24400614660855524,0.24400614660855524,0.21127673101081276,0.25494723898283334,0.31967521218542805,0.06472797320259471,0.06472797320259471,25.388771990958144,1.2954118646427175,1.5281245565591084,0.23271269191639088,0.23271269191639088,17.96437860946831,1.3361301985264913,1.2726751699120011,-0.06345502861449015,0.06345502861449015,-4.749165065236121,2725.9210308297584,2738.904209857283,12.983179027524784,12.983179027524784,0.4762859554875939,599.4884514523582,762.4187774960513,162.93032604369319,162.93032604369319,27.178225977325834,4.547078470362143,3.592388187043922,-0.9546902833182211,0.9546902833182211,-20.995685241433424,pleth_6
s15_sit,qppg,qppg (slope-sum),mid_upslope,lipponen_tarvainen,1.0,100.0,True,False,488,685,0.9909656960708211,0.08624229979466119,0.0030347333477363085,471,20,214,0.6875912408759124,0.9592668024439919,0.8010204081632654,298.0000000000147,7.464037122968416,10.844289183187936,-0.4895591647330605,10.845822581971676,431,707.5350877192982,751.5099778270511,43.97489010775291,43.97489010775291,6.215223933205014,84.27689284429475,166.3230371235435,82.04614427924874,82.04614427924874,97.35307212954869,41.61040809092914,171.27408833017657,129.6636802392474,129.6636802392474,311.61357503608195,21.96193265007321,33.77777777777778,11.81584512770457,11.81584512770457,53.80148148148147,41.640353598933366,171.46467455468292,129.82432095574956,129.82432095574956,311.7752606190046,29.444176400811443,121.24383411156076,91.79965771074932,91.79965771074932,311.77526061900454,115.49125426219675,201.56050715834087,86.06925289614412,86.06925289614412,74.52447671989376,0.25494723898283334,0.6015257444074332,0.3465785054245999,0.3465785054245999,135.94126643902837,1.2954118646427175,1.0134212053110663,-0.28199065933165124,0.28199065933165124,-21.768417213735027,1.3361301985264913,0.9272557992562895,-0.40887439927020175,0.40887439927020175,-30.601388975499237,2725.9210308297584,14304.112106329467,11578.191075499708,11578.191075499708,424.744185343306,599.4884514523582,5204.4380194217965,4604.949567969438,4604.949567969438,768.1465017071138,4.547078470362143,2.748445087240875,-1.7986333831212677,1.7986333831212677,-39.55580258499518,pleth_6
s15_sit,terma,TERMA,mid_upslope,lipponen_tarvainen,1.0,100.0,True,False,667,685,0.9909656960708211,0.025525525525525526,0.0004574421530293423,673,11,12,0.9824817518248176,0.9839181286549707,0.9831994156318481,297.99999999999085,10.502994011975264,16.255630070286866,-0.04191616766457059,16.267757053790667,668,707.5350877192982,707.5871156661786,0.05202794688045742,0.05202794688045742,0.007353408726084066,84.27689284429475,89.57817050712988,5.301277662835133,5.301277662835133,6.290309815561753,41.61040809092914,55.845946985625815,14.235538894696674,14.235538894696674,34.21148589455903,21.96193265007321,28.592375366568916,6.630442716495708,6.630442716495708,30.19061583577712,41.640353598933366,55.88681462043901,14.246461021505645,14.246461021505645,34.2131124983304,29.444176400811443,39.51794559702792,10.073769196216475,10.073769196216475,34.21311249833041,115.49125426219675,120.36124475344715,4.869990491250405,4.869990491250405,4.216761279771189,0.25494723898283334,0.32832782410964656,0.07338058512681322,0.07338058512681322,28.782655352370476,1.2954118646427175,1.5139923596770846,0.21858049503436705,0.21858049503436705,16.873436240654847,1.3361301985264913,1.1786372232651667,-0.15749297526132455,0.15749297526132455,-11.78724763761875,2725.9210308297584,2721.288250526989,-4.6327803027693335,4.6327803027693335,-0.16995284347467451,599.4884514523582,1040.0030336329596,440.51458218060145,440.51458218060145,73.48174616431447,4.547078470362143,2.616615685264811,-1.930462785097332,1.930462785097332,-42.455013646236544,pleth_6
s15_sit,heartpy,HeartPy,mid_upslope,lipponen_tarvainen,1.0,100.0,True,False,631,685,0.9909656960708211,0.020634920634920634,0.026159202767514232,630,6,55,0.9197080291970803,0.9905660377358491,0.9538228614685844,297.99999999999085,9.22937293729315,14.266615002527383,-0.04785478547831054,14.278320398665713,606,707.5350877192982,735.5103668261563,27.975279106858125,27.975279106858125,3.9539069641104234,84.27689284429475,149.99616972008226,65.71927687578751,65.71927687578751,77.9801849092927,41.61040809092914,142.7557846726637,101.14537658173457,101.14537658173457,243.0771079214283,21.96193265007321,29.712460063897762,7.750527413824553,7.750527413824553,35.29073482428113,41.640353598933366,142.86975298575553,101.22939938682217,101.22939938682217,243.10408206863835,29.444176400811443,101.02417116267473,71.57999476186329,71.57999476186329,243.10408206863832,115.49125426219675,186.52565159324882,71.03439733105208,71.03439733105208,61.50630000933626,0.25494723898283334,0.5416100697129598,0.28666283073012644,0.28666283073012644,112.44006088233364,1.2954118646427175,1.066208116857932,-0.22920374778478547,0.22920374778478547,-17.69350382227673,1.3361301985264913,0.9617341039182264,-0.37439609460826484,0.37439609460826484,-28.020929024817764,2725.9210308297584,10847.399238109469,8121.47820727971,8121.47820727971,297.9351975140515,599.4884514523582,5974.924823450284,5375.436371997926,5375.436371997926,896.6705461923508,4.547078470362143,1.815487149819154,-2.731591320542989,2.731591320542989,-60.07354696751993,pleth_6
s15_sit,findpeaks,find_peaks baseline,mid_upslope,lipponen_tarvainen,1.0,100.0,True,False,682,685,0.9909656960708211,0.002936857562408223,0.0001546278101439497,683,1,2,0.997080291970803,0.9985380116959064,0.997808619430241,297.0000000000145,10.34310850439796,16.0955723315549,-0.02346041055712774,16.107368487098,682,707.5350877192982,707.5871156661786,0.05202794688045742,0.05202794688045742,0.007353408726084066,84.27689284429475,86.32693403854535,2.0500411942505963,2.0500411942505963,2.432506853376924,41.61040809092914,50.455447668348334,8.845039577419193,8.845039577419193,21.256796035478843,21.96193265007321,28.592375366568916,6.630442716495708,6.630442716495708,30.19061583577712,41.640353598933366,50.49234612871872,8.851992529785356,8.851992529785356,21.25820691880989,29.444176400811443,35.703480345635334,6.259303944823891,6.259303944823891,21.258206918809904,115.49125426219675,116.74733646725971,1.2560822050629668,1.2560822050629668,1.0875994144208674,0.25494723898283334,0.30581837175915283,0.050871132776319494,0.050871132776319494,19.953592350825524,1.2954118646427175,1.5128570844283198,0.21744521978560227,0.21744521978560227,16.785798070915074,1.3361301985264913,1.2593647538703319,-0.07676544465615942,0.07676544465615942,-5.745356608271989,2725.9210308297584,2777.9505700337804,52.02953920402206,52.02953920402206,1.9086957624808556,599.4884514523582,709.2743645893371,109.78591313697893,109.78591313697893,18.313265730308018,4.547078470362143,3.916609296378823,-0.6304691739833199,0.6304691739833199,-13.86536823792943,pleth_6
s15_sit,msptdfast,MSPTDfast v2,mid_upslope,lipponen_tarvainen,0.9,100.0,True,False,678,601,0.8877401027301105,0.028286189683860232,0.02182889325603956,592,11,9,0.9850249584026622,0.9817578772802653,0.9833887043189369,298.99999999997175,9.732081911261446,14.421080985548608,-0.005119453924761024,14.433400523418232,586,714.147899159664,713.8993174061434,-0.24858175352062517,0.24858175352062517,-0.03480816142050277,81.22391821600519,83.13464580345878,1.910727587453593,1.910727587453593,2.3524198652572315,44.02700426303545,50.62481402308247,6.597809760047021,6.597809760047021,14.985824882903659,23.400673400673398,29.230769230769234,5.830095830095836,5.830095830095836,24.914222468179332,44.06326545854362,50.66736176107865,6.604096302535034,6.604096302535034,14.987759608394017,31.157433806959162,35.82723508609069,4.669801279131526,4.669801279131526,14.987759608394013,110.56158509756251,111.97833670768237,1.41675161011986,1.41675161011986,1.281413981962795,0.2818106648838745,0.3199479126004265,0.03813724771655197,0.03813724771655197,13.532932734205483,1.3488301548833854,1.6132453687606818,0.2644152138772964,0.2644152138772964,19.60329941616383,1.3188621286425386,1.2891210235882773,-0.029741105054261308,0.029741105054261308,-2.2550579327706415,2757.713894806069,2668.333903945909,-89.37999086016043,89.37999086016043,-3.2410900575473187,521.4150980955784,585.6468822838007,64.23178418822226,64.23178418822226,12.318742672167158,5.288903034987614,4.556216356075216,-0.7326866789123985,0.7326866789123985,-13.853282506135306,pleth_6
s15_sit,msptd,MSPTD,mid_upslope,lipponen_tarvainen,0.9,100.0,True,False,677,601,0.8877401027301105,0.03171953255425709,0.8942784985220819,592,11,9,0.9850249584026622,0.9817578772802653,0.9833887043189369,297.9999999999954,10.025597269623555,15.493640663957578,-0.005119453924761024,15.506876591034926,586,714.147899159664,713.8993174061434,-0.24858175352062517,0.24858175352062517,-0.03480816142050277,81.22391821600519,83.10591594158919,1.8819977255840001,1.8819977255840001,2.3170486808812334,44.02700426303545,51.047556175128406,7.020551912092955,7.020551912092955,15.946013201691597,23.400673400673398,29.401709401709404,6.001036001036006,6.001036001036006,25.644714997233006,44.06326545854362,51.09047212884776,7.027206670304139,7.027206670304139,15.94799340715136,31.157433806959162,36.12641929633056,4.9689854893713985,4.9689854893713985,15.947993407151367,110.56158509756251,111.83947584733528,1.2778907497727658,1.2778907497727658,1.155818043532137,0.2818106648838745,0.3230202844087392,0.04120961952486468,0.04120961952486468,14.62315826189399,1.3488301548833854,1.625516743635768,0.2766865887523826,0.2766865887523826,20.51307851849619,1.3188621286425386,1.2899481276966478,-0.028914000945890805,0.028914000945890805,-2.1923444701267627,2757.713894806069,2653.0172475972813,-104.69664720878791,104.69664720878791,-3.7965014211944017,521.4150980955784,579.7224385539216,58.30734045834322,58.30734045834322,11.182518625046633,5.288903034987614,4.576357703550432,-0.7125453314371821,0.7125453314371821,-13.472459727915032,pleth_6
s15_sit,qppg,qppg (slope-sum),mid_upslope,lipponen_tarvainen,0.9,100.0,True,False,488,601,0.8877401027301105,0.08849557522123894,0.0030240928536678,438,19,163,0.7287853577371048,0.9584245076586433,0.8279773156899811,298.99999999996265,7.493827160492678,10.903731380801316,-0.48641975308600655,10.906349239513775,405,714.147899159664,744.2595238095239,30.11162464985989,30.11162464985989,4.216440976062824,81.22391821600519,147.5025400202376,66.27862180423242,66.27862180423242,81.59988247300805,44.02700426303545,151.38320087893763,107.35619661590218,107.35619661590218,243.8417021846684,23.400673400673398,32.4582338902148,9.057560489541402,9.057560489541402,38.70640957401146,44.06326545854362,151.5641052817025,107.50083982315888,107.50083982315888,243.96929892610822,31.157433806959162,107.17200662916366,76.0145728222045,76.0145728222045,243.96929892610822,110.56158509756251,178.96412942241273,68.40254432485021,68.40254432485021,61.86827392578532,0.2818106648838745,0.5988462993955809,0.31703563451170635,0.31703563451170635,112.49951617066975,1.3488301548833854,1.0736629696201612,-0.27516718526322426,0.27516718526322426,-20.4004324982647,1.3188621286425386,0.9548501254047165,-0.3640120032378221,0.3640120032378221,-27.60045916342201,2757.713894806069,10196.798416153712,7439.084521347642,7439.084521347642,269.755486069768,521.4150980955784,3844.4738979452095,3323.058799849631,3323.058799849631,637.3154156806743,5.288903034987614,2.6523260885198585,-2.6365769464677555,2.6365769464677555,-49.85111145025804,pleth_6
s15_sit,terma,TERMA,mid_upslope,lipponen_tarvainen,0.9,100.0,True,False,667,601,0.8877401027301105,0.02356902356902357,0.0004234396423378223,589,10,12,0.9800332778702163,0.9833055091819699,0.9816666666666666,298.99999999997175,9.725862068964345,14.533730090543411,0.08793103448288682,14.54600916354202,580,714.147899159664,717.3384353741498,3.1905362144857463,3.1905362144857463,0.4467612686727836,81.22391821600519,86.26552302214222,5.04160480613703,5.04160480613703,6.207044571193293,44.02700426303545,67.82489479788572,23.797890534850268,23.797890534850268,54.052940764881185,23.400673400673398,30.494037478705284,7.093364078031886,7.093364078031886,30.31264936943123,44.06326545854362,67.88266152320985,23.81939606466623,23.81939606466623,54.05726474601937,31.157433806959162,48.00029028805282,16.842856481093655,16.842856481093655,54.057264746019364,110.56158509756251,112.1581609016043,1.596575804041791,1.596575804041791,1.4440601612512425,0.2818106648838745,0.42796966268164105,0.14615899779776653,0.14615899779776653,51.86425356116105,1.3488301548833854,1.549918222408472,0.20108806752508657,0.20108806752508657,14.90833125260844,1.3188621286425386,1.10371452047285,-0.2151476081696886,0.2151476081696886,-16.31312352498384,2757.713894806069,2880.678155389504,122.96426058343468,122.96426058343468,4.458920151761498,521.4150980955784,1035.6863164192387,514.2712183236603,514.2712183236603,98.6299054634186,5.288903034987614,2.781419537673437,-2.507483497314177,2.507483497314177,-47.41027545270641,pleth_6
s15_sit,heartpy,HeartPy,mid_upslope,lipponen_tarvainen,0.9,100.0,True,False,631,601,0.8877401027301105,0.05087719298245614,0.029592415809230888,564,19,37,0.9384359400998337,0.967409948542024,0.9527027027027027,298.9999999999672,9.573770491802478,15.320736094020592,-0.2295081967211042,15.332987789034336,549,714.147899159664,727.9982300884956,13.850330928831568,13.850330928831568,1.9394205241140128,81.22391821600519,112.79982110913005,31.575902893124862,31.575902893124862,38.8751288864846,44.02700426303545,115.3204139445406,71.29340968150515,71.29340968150515,161.9310940521162,23.400673400673398,30.141843971631204,6.741170570957806,6.741170570957806,28.807592224093074,44.06326545854362,115.4224175785374,71.35915211999378,71.35915211999378,161.94703542144683,31.157433806959162,81.61597417072917,50.45854036377001,50.45854036377001,161.94703542144688,110.56158509756251,137.06360583563512,26.502020738072602,26.502020738072602,23.97036973980294,0.2818106648838745,0.5954605795837735,0.313649914699899,0.313649914699899,111.29809967594535,1.3488301548833854,1.317767798804364,-0.031062356079021525,0.031062356079021525,-2.302910856979399,1.3188621286425386,0.891985420728015,-0.4268767079145236,0.4268767079145236,-32.36704570127385,2757.713894806069,7079.220862140406,4321.506967334337,4321.506967334337,156.70613893172694,521.4150980955784,2628.3979824922776,2106.9828843966993,2106.9828843966993,404.0893507096868,5.288903034987614,2.693359570846956,-2.595543464140658,2.595543464140658,-49.07527037214319,pleth_6
s15_sit,findpeaks,find_peaks baseline,mid_upslope,lipponen_tarvainen,0.9,100.0,True,False,682,601,0.8877401027301105,0.026533996683250415,0.0001573777392591953,592,12,9,0.9850249584026622,0.9801324503311258,0.9825726141078838,297.99999999999085,10.209897610920443,16.230475274772456,-0.005119453924761024,16.244340744547667,586,714.147899159664,713.5383304940375,-0.6095686656265116,0.6095686656265116,-0.08535608189057049,81.22391821600519,83.80779944851484,2.583881232509654,2.583881232509654,3.181182697488361,44.02700426303545,53.03767416229687,9.010669899261416,9.010669899261416,20.46623441701362,23.400673400673398,29.692832764505116,6.292159363831718,6.292159363831718,26.888796130331233,44.06326545854362,53.08288391180502,9.019618453261401,9.019618453261401,20.46970046227599,31.157433806959162,37.535267178975616,6.377833372016454,6.377833372016454,20.469700462275988,110.56158509756251,112.42152024682768,1.8599351492651692,1.8599351492651692,1.682261653198905,0.2818106648838745,0.3338797331379691,0.052069068254094575,0.052069068254094575,18.476613819974,1.3488301548833854,1.6226648895103333,0.27383473462694785,0.27383473462694785,20.30164684823661,1.3188621286425386,1.2087965527310283,-0.11006557591151034,0.11006557591151034,-8.345495220550248,2757.713894806069,2736.6266606241293,-21.087234181939948,21.087234181939948,-0.7646635940608649,521.4150980955784,589.077362220011,67.66226412443257,67.66226412443257,12.976659934007067,5.288903034987614,4.645615051834301,-0.6432879831533134,0.6432879831533134,-12.162975552733307,pleth_6
s15_sit,msptdfast,MSPTDfast v2,mid_upslope,lipponen_tarvainen,0.75,100.0,True,False,678,499,0.7432242720531158,0.041916167664670656,0.024577064098580452,492,11,7,0.9859719438877755,0.9781312127236581,0.9820359281437125,298.99999999997175,9.386694386692712,13.964240043767548,-0.10602910602897414,13.978375599741389,481,717.704918032787,717.0892116182573,-0.6157064145296545,0.6157064145296545,-0.08578823957585409,80.95494612592908,83.06117230636275,2.1062261804336657,2.1062261804336657,2.6017263690810633,47.22831086353607,52.976596252682484,5.74828538914641,5.74828538914641,12.171270333499336,24.435318275154007,31.185031185031185,6.749712909877179,6.749712909877179,27.6227746815982,47.27570197999993,53.0306531474972,5.754951167497268,5.754951167497268,12.173169147085135,33.42896945541224,37.498334451347,4.069364995934755,4.069364995934755,12.173169147085131,109.49845024315766,111.32022099865544,1.8217707554977807,1.8217707554977807,1.6637411319085034,0.3052917130898038,0.3368510600764969,0.031559346986693104,0.031559346986693104,10.33743977761024,1.3691647884625529,1.617307077083444,0.24814228862089105,0.24814228862089105,18.1236247610145,1.2619061691964721,1.303037341115886,0.041131171919413845,0.041131171919413845,3.2594477246754736,2234.4857571405923,2340.1864796153905,105.70072247479811,105.70072247479811,4.7304272196418164,437.56429497063647,495.7358246824712,58.17152971183475,58.17152971183475,13.294395904889466,5.106645544034944,4.720632165557789,-0.38601337847715467,0.38601337847715467,-7.559039983263685,pleth_6
s15_sit,msptd,MSPTD,mid_upslope,lipponen_tarvainen,0.75,100.0,True,False,677,499,0.7432242720531158,0.04609218436873747,0.9007137306552423,492,11,7,0.9859719438877755,0.9781312127236581,0.9820359281437125,298.99999999997175,9.465696465694933,14.106441223485417,-0.10602910602897414,14.120728890799127,481,717.704918032787,717.0892116182574,-0.6157064145295408,0.6157064145295408,-0.08578823957583824,80.95494612592908,83.00563771024743,2.0506915843183435,2.0506915843183435,2.5331269829126932,47.22831086353607,52.875643540610525,5.647332677074452,5.647332677074452,11.957515680355682,24.435318275154007,30.97713097713098,6.541812701976973,6.541812701976973,26.771956183720885,47.27570197999993,52.929593234001594,5.653891254001664,5.653891254001664,11.959402012462032,33.42896945541224,37.42687430120814,3.997904845795894,3.997904845795894,11.959402012462043,109.49845024315766,111.26140778999368,1.7629575468360201,1.7629575468360201,1.6100296788868789,0.3052917130898038,0.33638684827583254,0.031095135186028744,0.031095135186028744,10.185384618311563,1.3691647884625529,1.6324274306587991,0.2632626421962463,0.2632626421962463,19.227973463432857,1.2619061691964721,1.3049575451058073,0.043051375909335166,0.043051375909335166,3.4116146636123066,2234.4857571405923,2334.7943468876765,100.30858974708417,100.30858974708417,4.489112961518547,437.56429497063647,495.13739732920124,57.57310235856477,57.57310235856477,13.15763260858117,5.106645544034944,4.715447387900182,-0.3911981561347613,0.3911981561347613,-7.6605699918162244,pleth_6
s15_sit,qppg,qppg (slope-sum),mid_upslope,lipponen_tarvainen,0.75,100.0,True,False,488,499,0.7432242720531158,0.09183673469387756,0.0030215906651591636,376,22,123,0.7535070140280561,0.9447236180904522,0.8383500557413601,299.0000000000053,7.619318181816532,10.953154381687517,-0.5624999999998004,10.954272345576967,352,717.704918032787,749.5109289617488,31.806010928961882,31.806010928961882,4.431627836150468,80.95494612592908,159.47052337481065,78.51557724888157,78.51557724888157,96.98675745734799,47.22831086353607,146.83252970926355,99.60421884572747,99.60421884572747,210.89938857548614,24.435318275154007,32.87671232876712,8.441394053613113,8.441394053613113,34.54587314377803,47.27570197999993,147.03399226651754,99.75829028651762,99.75829028651762,211.01387416461958,33.42896945541224,103.96873299658495,70.5397635411727,70.5397635411727,211.01387416461958,109.49845024315766,200.1304529799423,90.63200273678464,90.63200273678464,82.77012371912363,0.3052917130898038,0.5195048102299804,0.2142130971401766,0.2142130971401766,70.16669236520163,1.3691647884625529,1.0510034595445088,-0.31816132891804405,0.31816132891804405,-23.237621329373376,1.2619061691964721,0.942069478459281,-0.3198366907371911,0.3198366907371911,-25.34552081165032,2234.4857571405923,16253.077435357969,14018.591678217377,14018.591678217377,627.3744029658336,437.56429497063647,2742.8550508718045,2305.290755901168,2305.290755901168,526.8461760701632,5.106645544034944,5.925605667784741,0.8189601237497977,0.8189601237497977,16.0371444755241,pleth_6
s15_sit,terma,TERMA,mid_upslope,lipponen_tarvainen,0.75,100.0,True,False,667,499,0.7432242720531158,0.04417670682730924,0.00044935339432900325,489,12,10,0.9799599198396793,0.9760479041916168,0.978,298.99999999997885,9.545073375260449,14.421260219938977,-0.11111111111093855,14.435972161589634,477,717.704918032787,718.5166666666668,0.8117486338798017,0.8117486338798017,0.11310339576671516,80.95494612592908,84.34425761498846,3.3893114890593807,3.3893114890593807,4.186663880656721,47.22831086353607,63.72266698828844,16.494356124752365,16.494356124752365,34.924721683170105,24.435318275154007,31.315240083507305,6.8799218083532985,6.8799218083532985,28.155646392168535,47.27570197999993,63.789160287249025,16.513458307249095,16.513458307249095,34.930117619903655,33.42896945541224,45.105747805309406,11.676778349897162,11.676778349897162,34.930117619903655,109.49845024315766,110.42363469914811,0.925184455990447,0.925184455990447,0.8449292697165455,0.3052917130898038,0.40847910801162374,0.10318739492181994,0.10318739492181994,33.79960558951255,1.3691647884625529,1.6406837669526229,0.27151897849007,0.27151897849007,19.83099337479757,1.2619061691964721,1.1822259207888257,-0.07968024840764643,0.07968024840764643,-6.314276794318503,2234.4857571405923,2212.6685214812096,-21.81723565938273,21.81723565938273,-0.9763873226608356,437.56429497063647,781.9997154163856,344.4354204457491,344.4354204457491,78.71652792622466,5.106645544034944,2.8295004177885748,-2.277145126246369,2.277145126246369,-44.59179918814406,pleth_6
s15_sit,heartpy,HeartPy,mid_upslope,lipponen_tarvainen,0.75,100.0,True,False,631,499,0.7432242720531158,0.0498960498960499,0.026021210794487614,474,12,25,0.9498997995991983,0.9753086419753086,0.9624365482233502,298.9999999999672,9.006578947367057,13.759127751831592,-0.04605263157874343,13.77416221857401,456,717.704918032787,730.1655913978494,12.460673365062462,12.460673365062462,1.7361833605957289,80.95494612592908,107.72684815539942,26.77190202947034,26.77190202947034,33.07012518768826,47.22831086353607,94.75681214707502,47.52850128353895,47.52850128353895,100.63561540634021,24.435318275154007,31.03448275862069,6.599164483466684,6.599164483466684,27.006664734859452,47.27570197999993,94.85842621929258,47.58272423929265,47.58272423929265,100.64942929757576,33.42896945541224,67.07503643234558,33.64606697693334,33.64606697693334,100.64942929757575,109.49845024315766,136.78847581061967,27.29002556746201,27.29002556746201,24.92275051095283,0.3052917130898038,0.4903559019490015,0.18506418885919773,0.18506418885919773,60.61880520312706,1.3691647884625529,1.3316650870450912,-0.03749970141746162,0.03749970141746162,-2.7388742197767413,1.2619061691964721,0.994733389188529,-0.2671727800079431,0.2671727800079431,-21.17215895521513,2234.4857571405923,4268.265145907231,2033.779388766639,2033.779388766639,91.01778260467448,437.56429497063647,2270.0328699839347,1832.4685750132983,1832.4685750132983,418.78841488569566,5.106645544034944,1.880265789251518,-3.2263797547834256,3.2263797547834256,-63.180021541776085,pleth_6
s15_sit,findpeaks,find_peaks baseline,mid_upslope,lipponen_tarvainen,0.75,100.0,True,False,682,499,0.7432242720531158,0.039761431411530816,0.00015539580809737709,492,12,7,0.9859719438877755,0.9761904761904762,0.9810568295114656,298.9999999999672,9.690228690227105,15.082103781297187,-0.10602910602897414,15.097433040336654,481,717.704918032787,716.6438923395445,-1.0610256932424136,1.0610256932424136,-0.14783592345314578,80.95494612592908,83.87602921535114,2.921083089422055,2.921083089422055,3.6082824202960717,47.22831086353607,55.08671022264401,7.858399359107935,7.858399359107935,16.63917090283919,24.435318275154007,31.327800829875518,6.892482554721511,6.892482554721511,28.207050455036768,47.27570197999993,55.14379765785973,7.868095677859799,7.868095677859799,16.643001263499823,33.42896945541224,38.99255326425148,5.563583808839233,5.563583808839233,16.643001263499833,109.49845024315766,112.02659212795588,2.5281418847982167,2.5281418847982167,2.308838051300361,0.3052917130898038,0.3480651559918425,0.042773442902038716,0.042773442902038716,14.01067931688555,1.3691647884625529,1.6352267015664426,0.2660619131038897,0.2660619131038897,19.432424449262456,1.2619061691964721,1.264869933863961,0.002963764667488933,0.002963764667488933,0.23486410795313978,2234.4857571405923,2420.459548615172,185.97379147457968,185.97379147457968,8.322889992933545,437.56429497063647,505.51891730170786,67.95462233107139,67.95462233107139,15.530202786685692,5.106645544034944,4.78806918153485,-0.31857636250009325,0.31857636250009325,-6.238466323009657,pleth_6
s15_sit,msptdfast,MSPTDfast v2,mid_upslope,lipponen_tarvainen,0.5,100.0,True,False,678,332,0.49548284803541054,0.06547619047619048,0.02204996531642737,326,11,6,0.9819277108433735,0.9673590504451038,0.9745889387144991,299.00000000000017,9.875796178342089,14.680786004399636,-0.015923566879290814,14.704210388112621,314,717.7125000000001,717.2006369426749,-0.5118630573251721,0.5118630573251721,-0.07131867667417971,78.69160371537667,81.12732783887762,2.435724123500947,2.435724123500947,3.0952782870086506,50.15824488337584,55.657556344802344,5.499311461426501,5.499311461426501,10.963923227802495,26.332288401253916,33.86581469648562,7.533526295231706,7.533526295231706,28.609462954510885,50.23447319201367,55.74420949253233,5.509736300518661,5.509736300518661,10.968038381647853,35.5211366434067,39.41710854405312,3.8959719006464226,3.8959719006464226,10.968038381647842,105.46556709256437,107.74775263818633,2.2821855456219566,2.2821855456219566,2.1639153029148765,0.3368031635598254,0.36582766302713127,0.029024499467305842,0.029024499467305842,8.617644549573924,1.5536383148608872,1.6552474484653945,0.1016091336045073,0.1016091336045073,6.540076453611752,1.3007399332669025,1.194859168822805,-0.10588076444409755,0.10588076444409755,-8.1400410440364,1584.021083779855,1619.4859069658307,35.464823185975774,35.464823185975774,2.2389110567485746,301.509745683648,344.0130711617668,42.50332547811877,42.50332547811877,14.096833049872417,5.253631454559521,4.707628990656267,-0.5460024639032541,0.5460024639032541,-10.392858133004163,pleth_6
s15_sit,msptd,MSPTD,mid_upslope,lipponen_tarvainen,0.5,100.0,True,False,677,332,0.49548284803541054,0.0718562874251497,0.9106751284126943,326,11,6,0.9819277108433735,0.9673590504451038,0.9745889387144991,298.99999999998596,9.977707006367874,14.908104921708176,-0.015923566879290814,14.931892276993786,314,717.7125000000001,717.2006369426749,-0.5118630573251721,0.5118630573251721,-0.07131867667417971,78.69160371537667,81.11023461522868,2.4186308998520047,2.4186308998520047,3.0735564986069717,50.15824488337584,55.776024026727825,5.6177791433519815,5.6177791433519815,11.20011108126693,26.332288401253916,33.86581469648562,7.533526295231706,7.533526295231706,28.609462954510885,50.23447319201367,55.862872121749355,5.628398929735688,5.628398929735688,11.204255906540485,35.5211366434067,39.50101569384591,3.9798790504392088,3.9798790504392088,11.204255906540476,105.46556709256437,107.69127205966795,2.2257049671035816,2.2257049671035816,2.11036173081034,0.3368031635598254,0.3667986730805797,0.02999550952075425,0.02999550952075425,8.905946489254466,1.5536383148608872,1.6772953878297354,0.1236570729688482,0.1236570729688482,7.959193062248884,1.3007399332669025,1.195552918720072,-0.10518701454683055,0.10518701454683055,-8.086706024519884,1584.021083779855,1619.1138940348544,35.09281025499945,35.09281025499945,2.2154257045152184,301.509745683648,344.3287013822497,42.818955698601656,42.818955698601656,14.201516306384482,5.253631454559521,4.702233323958166,-0.5513981306013553,0.5513981306013553,-10.495561696144636,pleth_6
s15_sit,qppg,qppg (slope-sum),mid_upslope,lipponen_tarvainen,0.5,100.0,True,False,488,332,0.49548284803541054,0.11328125,0.0029840082915713597,239,19,93,0.7198795180722891,0.9263565891472868,0.8101694915254237,298.99999999996265,7.579185520361816,11.177911314618312,-0.7556561085974878,11.177657387896934,221,717.7125000000001,751.5109170305677,33.798417030567634,33.798417030567634,4.709186064136772,78.69160371537667,172.3956234270096,93.70401971163294,93.70401971163294,119.07753214759147,50.15824488337584,176.0222025469345,125.86395766355865,125.86395766355865,250.93373573219716,26.332288401253916,34.64912280701755,8.316834405763633,8.316834405763633,31.58416875522142,50.23447319201367,176.409293442527,126.17482025051333,126.17482025051333,251.17177952325525,35.5211366434067,124.7402076575384,89.21907101413171,89.21907101413171,251.17177952325528,105.46556709256437,209.4764486693643,104.01088157679992,104.01088157679992,98.62070099666964,0.3368031635598254,0.595485594919681,0.2586824313598556,0.2586824313598556,76.80522612249945,1.5536383148608872,0.9916002449718104,-0.5620380698890768,0.5620380698890768,-36.175605642127955,1.3007399332669025,0.9636292745839377,-0.33711065868296486,0.33711065868296486,-25.91683779833583,1584.021083779855,10014.82771666401,8430.806632884154,8430.806632884154,532.2408091163928,301.509745683648,2933.535274742857,2632.025529059209,2632.025529059209,872.9487410402978,5.253631454559521,3.413910786377666,-1.839720668181855,1.839720668181855,-35.018076241057955,pleth_6
s15_sit,terma,TERMA,mid_upslope,lipponen_tarvainen,0.5,100.0,True,False,667,332,0.49548284803541054,0.07228915662650602,0.00042294415932204825,323,12,9,0.9728915662650602,0.9641791044776119,0.9685157421289355,299.00000000000017,10.067741935482298,15.293789589240605,-0.02258064516154337,15.318500135232426,310,717.7125000000001,719.3974358974356,1.68493589743548,1.68493589743548,0.234764741792219,78.69160371537667,83.17758320065602,4.485979485279344,4.485979485279344,5.700709190658882,50.15824488337584,71.08780404714005,20.92955916376421,20.92955916376421,41.72705646385363,26.332288401253916,34.40514469453376,8.072856293279845,8.072856293279845,30.65763282805084,50.23447319201367,71.2020984506333,20.967625258619634,20.967625258619634,41.73951457293891,35.5211366434067,50.34748664915498,14.826350005748282,14.826350005748282,41.73951457293891,105.46556709256437,106.31157642663977,0.8460093340754042,0.8460093340754042,0.8021663917408076,0.3368031635598254,0.4735842355220574,0.136781071962232,0.136781071962232,40.61157576922104,1.5536383148608872,1.6628257858521618,0.10918747099127457,0.10918747099127457,7.027856480293564,1.3007399332669025,1.072197290235249,-0.2285426430316535,0.2285426430316535,-17.570202712055753,1584.021083779855,1494.0998051700933,-89.92127860976166,89.92127860976166,-5.676772836582949,301.509745683648,630.2507098772129,328.7409641935649,328.7409641935649,109.03162133223002,5.253631454559521,2.3706435895346756,-2.8829878650248455,2.8829878650248455,-54.87609646700205,pleth_6
s15_sit,heartpy,HeartPy,mid_upslope,lipponen_tarvainen,0.5,100.0,True,False,631,332,0.49548284803541054,0.07430340557275542,0.0259581977638576,314,12,18,0.9457831325301205,0.9631901840490797,0.9544072948328267,298.9999999999956,9.963210702339802,15.702182282348051,-0.12374581939816441,15.728017727178525,299,717.7125000000001,728.2673267326729,10.554826732672836,10.554826732672836,1.470620441008459,78.69160371537667,95.95265365529076,17.261049939914088,17.261049939914088,21.935059301048664,50.15824488337584,85.12172818541386,34.963483302038014,34.963483302038014,69.70635312964491,26.332288401253916,34.437086092715234,8.104797691461318,8.104797691461318,30.77893409019239,50.23447319201367,85.26127404524517,35.02680085323151,35.02680085323151,69.72662123746548,35.5211366434067,60.28882504999745,24.76768840659075,24.76768840659075,69.7266212374655,105.46556709256437,121.56924389447836,16.10367680191399,16.10367680191399,15.269132140331845,0.3368031635598254,0.495921691364042,0.1591185278042166,0.1591185278042166,47.24377470877075,1.5536383148608872,1.4728790259204128,-0.08075928894047446,0.08075928894047446,-5.19807526423585,1.3007399332669025,1.0170178207574463,-0.2837221125094562,0.2837221125094562,-21.81236273702058,1584.021083779855,2676.13455320194,1092.113469422085,1092.113469422085,68.94563971434268,301.509745683648,1610.909094625357,1309.399348941709,1309.399348941709,434.28093707974705,5.253631454559521,1.6612573373200294,-3.5923741172394914,3.5923741172394914,-68.37887560844685,pleth_6
s15_sit,findpeaks,find_peaks baseline,mid_upslope,lipponen_tarvainen,0.5,100.0,True,False,682,332,0.49548284803541054,0.06528189910979229,0.0001553586466008106,326,12,6,0.9819277108433735,0.9644970414201184,0.973134328358209,298.9999999999672,10.28343949044432,16.230721047829604,-0.015923566879290814,16.256620217667088,314,717.7125000000001,716.5174603174601,-1.1950396825400276,1.1950396825400276,-0.1665067394729822,78.69160371537667,82.47197273330575,3.7803690179290754,3.7803690179290754,4.804030975912587,50.15824488337584,58.898190254766924,8.73994537139108,8.73994537139108,17.42474321362827,26.332288401253916,34.394904458598724,8.062616057344808,8.062616057344808,30.618744313011835,50.23447319201367,58.99188089696895,8.757407704955284,8.757407704955284,17.433063688119947,35.5211366434067,41.7135590171959,6.192422373789199,6.192422373789199,17.43306368811994,105.46556709256437,108.91846293060313,3.4528958380387564,3.4528958380387564,3.27395559823638,0.3368031635598254,0.382979688611411,0.04617652505158559,0.04617652505158559,13.710240890710452,1.5536383148608872,1.666596326274049,0.11295801141316186,0.11295801141316186,7.270547484101931,1.3007399332669025,1.2197186517216674,-0.08102128154523514,0.08102128154523514,-6.228860933157047,1584.021083779855,1699.5102369402493,115.48915316039438,115.48915316039438,7.290884846356307,301.509745683648,353.0127861874771,51.503040503829084,51.503040503829084,17.081716674547376,5.253631454559521,4.814302210678788,-0.43932924388073324,0.43932924388073324,-8.362391760454537,pleth_6
s16_sit,msptdfast,MSPTDfast v2,mid_upslope,lipponen_tarvainen,1.0,100.0,True,False,521,524,0.98363477640752,0.0019230769230769232,0.021754902804787594,519,3,5,0.9904580152671756,0.9942528735632183,0.9923518164435946,303.99999999997175,10.056201550387808,15.359452812443,0.10658914728676464,15.373987461924273,516,931.4990439770554,933.2380038387716,1.7389598617162392,1.7389598617162392,0.18668402001699458,50.392344746459024,60.13488824052135,9.742543494062325,9.742543494062325,19.33337998674276,28.598287867730562,44.94040926176951,16.342121394038948,16.342121394038948,57.143705489023,7.854406130268199,18.076923076923077,10.222516946654878,10.222516946654878,130.1500938086304,28.623775736755814,44.98170827781981,16.357932541064,16.357932541064,57.14806003059465,20.240065926623004,31.80687095260145,11.566805025978447,11.566805025978447,57.14806003059465,68.3309340590183,78.87162054633177,10.540686487313465,10.540686487313465,15.425936484651796,0.2962064869352056,0.40327396257716114,0.10706747564195551,0.10706747564195551,36.146229189564046,1.4010435457324868,1.5330611317223295,0.1320175859898427,0.1320175859898427,9.422803908698063,1.3364215239053874,1.1581976580507305,-0.17822386585465688,0.17822386585465688,-13.335902083785529,994.9537435825597,1203.1108987693076,208.1571551867479,208.1571551867479,20.921289711140762,179.20625812931434,288.6920967258845,109.48583859657015,109.48583859657015,61.09487455374784,5.552003339440334,4.167453534107902,-1.3845498053324317,1.3845498053324317,-24.93784172456929,pleth_6
s16_sit,msptd,MSPTD,mid_upslope,lipponen_tarvainen,1.0,100.0,True,False,519,524,0.98363477640752,0.003861003861003861,0.8875975089450872,513,8,11,0.9790076335877863,0.9846449136276392,0.9818181818181817,302.9999999999954,9.32608695652197,14.558930269524973,-0.7450592885375747,14.554242187075472,506,931.4990439770554,935.0326923076923,3.533648330636879,3.533648330636879,0.37935072005548076,50.392344746459024,69.48004584884507,19.087701102386042,19.087701102386042,37.878176136519826,28.598287867730562,65.53260377854919,36.934315910818626,36.934315910818626,129.14869617944572,7.854406130268199,19.07514450867052,11.22073837840232,11.22073837840232,142.85915691526858,28.623775736755814,65.58503418347627,36.96125844672045,36.96125844672045,129.12782292120346,20.240065926623004,46.3756224154876,26.135556488864594,26.135556488864594,129.1278229212035,68.3309340590183,86.62710423355584,18.296170174537536,18.296170174537536,26.775823317057103,0.2962064869352056,0.5353477162350252,0.23914122929981957,0.23914122929981957,80.73463608922619,1.4010435457324868,1.4226370648360998,0.021593519103612957,0.021593519103612957,1.5412453930775962,1.3364215239053874,1.181990161563006,-0.15443136234238142,0.15443136234238142,-11.555587782744695,994.9537435825597,1204.9892523942488,210.03550881168906,210.03550881168906,21.110077746469692,179.20625812931434,488.2656580391783,309.05939990986394,309.05939990986394,172.46016022880642,5.552003339440334,2.467896794612495,-3.0841065448278386,3.0841065448278386,-55.54943605525155,pleth_6
s16_sit,qppg,qppg (slope-sum),mid_upslope,lipponen_tarvainen,1.0,100.0,True,False,494,524,0.98363477640752,0.028397565922920892,0.0029210387178500545,489,9,35,0.933206106870229,0.9819277108433735,0.9569471624266144,299.00000000000983,6.156903765689305,9.010802443145792,-0.35774058577394086,9.013131156766281,478,931.4990439770554,943.17659137577,11.677547398714637,11.677547398714637,1.2536295634676224,50.392344746459024,93.87292010969381,43.480575363234784,43.480575363234784,86.28408854956106,28.598287867730562,87.20075225257598,58.60246438484542,58.60246438484542,204.91598887278371,7.854406130268199,13.786008230452676,5.931602100184477,5.931602100184477,75.5194218608853,28.623775736755814,87.28671539423951,58.66293965748369,58.66293965748369,204.94479902647703,20.240065926623004,61.72102836276697,41.48096243614397,41.48096243614397,204.94479902647703,68.3309340590183,117.53622810727094,49.20529404825264,49.20529404825264,72.01027576434619,0.2962064869352056,0.525123439442318,0.22891695250711236,0.22891695250711236,77.2828964266361,1.4010435457324868,1.0822441711928805,-0.3187993745396063,0.3187993745396063,-22.754422980688524,1.3364215239053874,0.7869722667141559,-0.5494492571912315,0.5494492571912315,-41.1134696173997,994.9537435825597,5159.12351647749,4164.16977289493,4164.16977289493,418.5289818500385,179.20625812931434,968.0463609993939,788.8401028700796,788.8401028700796,440.1855778389483,5.552003339440334,5.329417809237258,-0.2225855302030757,0.2225855302030757,-4.009102959680735,pleth_6
s16_sit,terma,TERMA,mid_upslope,lipponen_tarvainen,1.0,100.0,True,False,521,524,0.98363477640752,0.0057692307692307696,0.0004102740652884495,522,2,2,0.9961832061068703,0.9961832061068703,0.9961832061068703,303.99999999997175,10.789980732176819,18.141278153011267,0.08863198458576656,18.158563873478275,519,931.4990439770554,931.4665391969407,-0.032504780114663845,0.032504780114663845,-0.0034895129871399524,50.392344746459024,55.77146451106176,5.379119764602734,5.379119764602734,10.674478021744989,28.598287867730562,46.09491706587622,17.496629198145655,17.496629198145655,61.18068773581484,7.854406130268199,18.199233716475096,10.344827586206897,10.344827586206897,131.70731707317074,28.623775736755814,46.138271768472,17.514496031716188,17.514496031716188,61.18862931568391,20.240065926623004,32.6246848397144,12.384618913091394,12.384618913091394,61.18862931568391,68.3309340590183,71.80906938908589,3.4781353300675875,3.4781353300675875,5.090132862904343,0.2962064869352056,0.45432540927306536,0.15811892233785974,0.15811892233785974,53.381316518043654,1.4010435457324868,1.6022371612485182,0.20119361551603143,0.20119361551603143,14.360268539037046,1.3364215239053874,1.1600355677381975,-0.17638595616718988,0.17638595616718988,-13.19837738408628,994.9537435825597,1080.8059073271456,85.85216374458594,85.85216374458594,8.628759306483484,179.20625812931434,356.8290876233356,177.6228294940213,177.6228294940213,99.11642112735234,5.552003339440334,3.028917610181015,-2.5230857292593187,2.5230857292593187,-45.44460035417877,pleth_6
s16_sit,heartpy,HeartPy,mid_upslope,lipponen_tarvainen,1.0,100.0,True,False,505,524,0.98363477640752,0.01984126984126984,0.017673593094960714,497,13,27,0.9484732824427481,0.9745098039215686,0.9613152804642167,303.9999999999854,9.492871690427357,15.610260869028629,0.09979633401204376,15.625862260590548,491,931.4990439770554,943.4424603174604,11.943416340404951,11.943416340404951,1.2821716154868261,50.392344746459024,89.68631363578847,39.29396888932944,39.29396888932944,77.97606776789357,28.598287867730562,94.69281716300668,66.09452929527612,66.09452929527612,231.1135883412628,7.854406130268199,18.48906560636183,10.634659476093631,10.634659476093631,135.39737186636282,28.623775736755814,94.78663437057921,66.16285863382339,66.16285863382339,231.14650995837565,20.240065926623004,67.02427192928644,46.78420600266344,46.78420600266344,231.14650995837567,68.3309340590183,107.68015917290936,39.34922511389105,39.34922511389105,57.58625380403058,0.2962064869352056,0.6224384551815252,0.32623196824631956,0.32623196824631956,110.1366724347539,1.4010435457324868,1.2460101842981817,-0.15503336143430513,0.15503336143430513,-11.06556337285372,1.3364215239053874,0.9176673787600236,-0.4187541451453638,0.4187541451453638,-31.333986893719747,994.9537435825597,9730.026532354419,8735.072788771859,8735.072788771859,877.937577009281,179.20625812931434,1361.5018869159667,1182.2956287866523,1182.2956287866523,659.7401458678489,5.552003339440334,7.1465391461150185,1.5945358066746849,1.5945358066746849,28.72000806172824,pleth_6
s16_sit,findpeaks,find_peaks baseline,mid_upslope,lipponen_tarvainen,1.0,100.0,True,False,521,524,0.98363477640752,0.0038461538461538464,0.00012599131976058253,521,2,3,0.9942748091603053,0.9961759082217974,0.9952244508118434,303.99999999997175,10.899613899613549,18.782128201250767,0.1698841698841429,18.799514901401654,518,931.4990439770554,931.4501915708812,-0.0488524061742055,0.0488524061742055,-0.005244493431322172,50.392344746459024,56.08707935177823,5.694734605319205,5.694734605319205,11.300793074764325,28.598287867730562,46.56935059228322,17.97106272455266,17.97106272455266,62.839645532873526,7.854406130268199,18.234165067178505,10.379758936910306,10.379758936910306,132.1520528065166,28.623775736755814,46.61220837806405,17.988432641308233,17.988432641308233,62.84437387555853,20.240065926623004,32.959808630209494,12.71974270358649,12.71974270358649,62.844373875558524,68.3309340590183,72.14687765583001,3.8159435968117066,3.8159435968117066,5.584503782014493,0.2962064869352056,0.4568431746615731,0.16063668772636747,0.16063668772636747,54.23131997831847,1.4010435457324868,1.602193691197339,0.2011501454648521,0.2011501454648521,14.357165848095589,1.3364215239053874,1.1434008830818883,-0.19302064082349912,0.19302064082349912,-14.443095787580575,994.9537435825597,1078.7710256059636,83.81728202340389,83.81728202340389,8.424239072823678,179.20625812931434,395.5803695170634,216.37411138774905,216.37411138774905,120.74026523762055,5.552003339440334,2.727059047249893,-2.8249442921904406,2.8249442921904406,-50.88153085432415,pleth_6
s16_sit,msptdfast,MSPTDfast v2,mid_upslope,lipponen_tarvainen,0.9,100.0,True,False,521,462,0.8811728205317366,0.021929824561403508,0.021764198153529774,451,6,11,0.9761904761904762,0.986870897155361,0.9815016322089228,302.9999999999948,8.442696629213563,12.285462314037504,0.04269662921366939,12.299215235716805,445,934.1798245614037,935.5000000000001,1.3201754385963795,1.3201754385963795,0.14131919828349968,47.69788749177434,57.56702981176229,9.86914231998795,9.86914231998795,20.69094217577229,29.215079652825835,54.60832961116244,25.393249958336604,25.393249958336604,86.91829787936395,8.35164835164835,16.629213483146067,8.277565131497717,8.277565131497717,99.11295091661741,29.246409545742672,54.669220558605794,25.42281101286312,25.42281101286312,86.92626345500881,20.68033451515362,38.656976579173175,17.976642064019554,17.976642064019554,86.92626345500881,64.20670297326652,71.64889395136476,7.442190978098239,7.442190978098239,11.590987597037826,0.3220899619119862,0.5395334728462594,0.21744351093427322,0.21744351093427322,67.510179343525,1.5188247821296448,1.5550122039759022,0.03618742184625745,0.03618742184625745,2.3825935863066885,1.3252203185187663,1.1950654008988437,-0.1301549176199226,0.1301549176199226,-9.821379569957104,790.1751474512297,843.1580720905619,52.98292463933217,52.98292463933217,6.7052127379901325,163.73509559853184,226.81433734601134,63.0792417474795,63.0792417474795,38.5251808825066,4.825936336756351,3.717393185794519,-1.1085431509618324,1.1085431509618324,-22.970529936723445,pleth_6
s16_sit,msptd,MSPTD,mid_upslope,lipponen_tarvainen,0.9,100.0,True,False,519,462,0.8811728205317366,0.01098901098901099,0.8964044214386433,455,1,7,0.9848484848484849,0.9978070175438597,0.991285403050109,302.0000000000327,8.418708240535178,12.289383761172719,0.12026726057931703,12.3025027912368,449,934.1798245614037,938.3711111111114,4.191286549707684,4.191286549707684,0.4486595021119716,47.69788749177434,68.92685229707209,21.22896480529775,21.22896480529775,44.507138411441716,29.215079652825835,63.63147307155696,34.416393418731126,34.416393418731126,117.80352416530958,8.35164835164835,17.59465478841871,9.243006436770358,9.243006436770358,110.67284022975036,29.246409545742672,63.68193745833663,34.435527912593955,34.435527912593955,117.74275354632941,20.68033451515362,45.02992981588744,24.34959530073382,24.34959530073382,117.7427535463294,64.20670297326652,86.45303555076036,22.246332577493845,22.246332577493845,34.6479908597027,0.3220899619119862,0.5208600198826842,0.19877005797069797,0.19877005797069797,61.71259010705014,1.5188247821296448,1.398239452513987,-0.12058532961565782,0.12058532961565782,-7.939383860103806,1.3252203185187663,1.1525391178096382,-0.17268120070912807,0.17268120070912807,-13.030376783095086,790.1751474512297,850.8538890452312,60.67874159400151,60.67874159400151,7.6791508553167525,163.73509559853184,223.66253090139705,59.927435302865206,59.927435302865206,36.60023838127136,4.825936336756351,3.804186090607797,-1.0217502461485544,1.0217502461485544,-21.172062266268966,pleth_6
s16_sit,qppg,qppg (slope-sum),mid_upslope,lipponen_tarvainen,0.9,100.0,True,False,494,462,0.8811728205317366,0.037527593818984545,0.0029410802769418674,443,13,19,0.9588744588744589,0.9714912280701754,0.9651416122004357,299.0000000000007,5.866972477063587,8.65071455923016,0.1605504587158224,8.659160516220917,436,934.1798245614037,936.8772727272727,2.697448165868991,2.697448165868991,0.2887504198814655,47.69788749177434,64.35329898688141,16.655411495107074,16.655411495107074,34.918551682145996,29.215079652825835,58.263715915269266,29.04863626244343,29.04863626244343,99.43028260624199,8.35164835164835,13.66742596810934,5.31577761646099,5.31577761646099,63.64944251288817,29.246409545742672,58.32441126026429,29.07800171452162,29.07800171452162,99.42417604814821,20.68033451515362,41.241586710845915,20.561252195692294,20.561252195692294,99.42417604814821,64.20670297326652,81.12845189304232,16.92174891977581,16.92174891977581,26.355112684763537,0.3220899619119862,0.5083492381343325,0.18625927622234634,0.18625927622234634,57.82833936105195,1.5188247821296448,1.440681285708213,-0.07814349642143181,0.07814349642143181,-5.1449974573012724,1.3252203185187663,1.0754195502081167,-0.24980076831064957,0.24980076831064957,-18.849753872613306,790.1751474512297,2089.0632269705907,1298.8880795193609,1298.8880795193609,164.37976867647933,163.73509559853184,498.06947243290864,334.3343768343768,334.3343768343768,204.19225066698203,4.825936336756351,4.194320958412068,-0.631615378344283,0.631615378344283,-13.087934325482827,pleth_6
s16_sit,terma,TERMA,mid_upslope,lipponen_tarvainen,0.9,100.0,True,False,521,462,0.8811728205317366,0.02188183807439825,0.0003786133213871711,452,6,10,0.9783549783549783,0.9868995633187773,0.9826086956521739,302.9999999999948,8.442696629213563,12.285462314037504,0.04269662921366939,12.299215235716805,445,934.1798245614037,934.2975391498884,0.11771458848465954,0.11771458848465954,0.012600848936116384,47.69788749177434,51.999987652918676,4.302100161144338,4.302100161144338,9.019477355021749,29.215079652825835,43.21271300233652,13.997633349510686,13.997633349510686,47.91235730263279,8.35164835164835,16.81614349775785,8.464495146109499,8.464495146109499,101.35119188104797,29.246409545742672,43.260521859418596,14.014112313675923,14.014112313675923,47.91737697496588,20.68033451515362,30.589808364463764,9.909473849310142,9.909473849310142,47.917376974965876,64.20670297326652,66.87496583948864,2.668262866222122,2.668262866222122,4.155738797759318,0.3220899619119862,0.4574179288238373,0.13532796691185112,0.13532796691185112,42.015580401363344,1.5188247821296448,1.6148966704778513,0.09607188834820657,0.09607188834820657,6.325409585001492,1.3252203185187663,1.21025444542859,-0.11496587309017636,0.11496587309017636,-8.675227166655334,790.1751474512297,843.1580720905616,52.98292463933194,52.98292463933194,6.705212737990104,163.73509559853184,226.81433734601134,63.0792417474795,63.0792417474795,38.5251808825066,4.825936336756351,3.717393185794518,-1.1085431509618333,1.1085431509618333,-22.970529936723462,pleth_6
s16_sit,heartpy,HeartPy,mid_upslope,lipponen_tarvainen,0.9,100.0,True,False,505,462,0.8811728205317366,0.022123893805309734,0.017585029078946216,446,7,16,0.9653679653679653,0.9845474613686535,0.9748633879781421,302.9999999999948,8.327231121281558,12.121524248805784,0.03890160183083141,12.135354622681914,437,934.1798245614037,941.9954751131223,7.815650551718591,7.815650551718591,0.8366323427492163,47.69788749177434,88.42096783668018,40.72308034490584,40.72308034490584,85.37711518550726,29.215079652825835,87.92404215121667,58.70896249839083,58.70896249839083,200.95431262229056,8.35164835164835,17.233560090702948,8.881911739054598,8.881911739054598,106.34920634920638,29.246409545742672,88.02353844833243,58.77712890258976,58.77712890258976,200.9721186823283,20.68033451515362,62.24204094085066,41.56170642569704,41.56170642569704,200.9721186823283,64.20670297326652,108.45489129526585,44.248188321999336,44.248188321999336,68.91521643841885,0.3220899619119862,0.5738979606866986,0.25180799877471244,0.25180799877471244,78.1793997179959,1.5188247821296448,1.2005913326596147,-0.31823344947003007,0.31823344947003007,-20.952611072345942,1.3252203185187663,0.9499878746601235,-0.37523244385864285,0.37523244385864285,-28.314721606294874,790.1751474512297,2308.69156322771,1518.5164157764802,1518.5164157764802,192.17466161452572,163.73509559853184,445.9767759462474,282.2416803477156,282.2416803477156,172.37702113647916,4.825936336756351,5.176708043438503,0.35077170668215185,0.35077170668215185,7.268469416194485,pleth_6
s16_sit,findpeaks,find_peaks baseline,mid_upslope,lipponen_tarvainen,0.9,100.0,True,False,521,462,0.8811728205317366,0.02188183807439825,0.00012493391237581848,452,6,10,0.9783549783549783,0.9868995633187773,0.9826086956521739,302.9999999999948,8.442696629213563,12.285462314037504,0.04269662921366939,12.299215235716805,445,934.1798245614037,934.2975391498884,0.11771458848465954,0.11771458848465954,0.012600848936116384,47.69788749177434,51.999987652918676,4.302100161144338,4.302100161144338,9.019477355021749,29.215079652825835,43.21271300233652,13.997633349510686,13.997633349510686,47.91235730263279,8.35164835164835,16.81614349775785,8.464495146109499,8.464495146109499,101.35119188104797,29.246409545742672,43.260521859418596,14.014112313675923,14.014112313675923,47.91737697496588,20.68033451515362,30.589808364463764,9.909473849310142,9.909473849310142,47.917376974965876,64.20670297326652,66.87496583948864,2.668262866222122,2.668262866222122,4.155738797759318,0.3220899619119862,0.4574179288238373,0.13532796691185112,0.13532796691185112,42.015580401363344,1.5188247821296448,1.6148966704778513,0.09607188834820657,0.09607188834820657,6.325409585001492,1.3252203185187663,1.21025444542859,-0.11496587309017636,0.11496587309017636,-8.675227166655334,790.1751474512297,843.1580720905616,52.98292463933194,52.98292463933194,6.705212737990104,163.73509559853184,226.81433734601134,63.0792417474795,63.0792417474795,38.5251808825066,4.825936336756351,3.717393185794518,-1.1085431509618333,1.1085431509618333,-22.970529936723462,pleth_6
s16_sit,msptdfast,MSPTDfast v2,mid_upslope,lipponen_tarvainen,0.75,100.0,True,False,521,386,0.73772608230564,0.03655352480417755,0.021710663830234882,375,9,11,0.9715025906735751,0.9765625,0.9740259740259741,301.99999999999716,7.918256130790765,12.04397030502924,-0.11444141689371871,12.05986812908569,367,934.7513227513231,935.7886178861788,1.0372951348557535,1.0372951348557535,0.11097017031252822,48.48589787428312,59.81519347202244,11.329295597739325,11.329295597739325,23.366166441043415,30.239538822919968,58.47886091497587,28.2393220920559,28.2393220920559,93.38542580765812,8.222811671087534,18.206521739130434,9.9837100680429,9.9837100680429,121.41479663394107,30.279556062178447,58.558441773581514,28.278885711403067,28.278885711403067,93.39266947419227,21.410879422884616,41.40707127381709,19.996191850932473,19.996191850932473,93.39266947419226,65.14091515852016,73.76428125262242,8.623366094102266,8.623366094102266,13.238018030783477,0.3286855791138538,0.5613431130984552,0.23265753398460137,0.23265753398460137,70.78422321169461,1.5808905745378907,1.5008671211460258,-0.0800234533918649,0.0800234533918649,-5.061922354446102,1.201638983561033,0.865189513167024,-0.3364494703940091,0.3364494703940091,-27.99921398995793,715.071673716052,678.1749570080256,-36.896716708026474,36.896716708026474,-5.159862719254881,137.66397788155592,205.77065834749442,68.1066804659385,68.1066804659385,49.473131253359895,5.1943266838569,3.295780664037922,-1.898546019818978,1.898546019818978,-36.550377659521146,pleth_6
s16_sit,msptd,MSPTD,mid_upslope,lipponen_tarvainen,0.75,100.0,True,False,519,386,0.73772608230564,0.03655352480417755,0.8936589984135731,375,9,11,0.9715025906735751,0.9765625,0.9740259740259741,301.99999999999005,7.858310626703597,11.92780279699542,-0.11444141689371903,11.943536727626393,367,934.7513227513231,935.7886178861788,1.0372951348557535,1.0372951348557535,0.11097017031252822,48.48589787428312,59.83404386198619,11.34814598770307,11.34814598770307,23.40504452887964,30.239538822919968,58.50464492893637,28.265106106016404,28.265106106016404,93.47069170444145,8.222811671087534,18.478260869565215,10.255449198477681,10.255449198477681,124.71949509116405,30.279556062178447,58.58426090777882,28.304704845600373,28.304704845600373,93.47793867082213,21.410879422884616,41.42532815869237,20.014448735807758,20.014448735807758,93.47793867082214,65.14091515852016,73.78460406277738,8.643688904257218,8.643688904257218,13.269216257129385,0.3286855791138538,0.561435934838749,0.23275035572489516,0.23275035572489516,70.81246349547708,1.5808905745378907,1.4770595704341578,-0.10383100410373292,0.10383100410373292,-6.567880521021115,1.201638983561033,0.8672687986302423,-0.33437018493079074,0.33437018493079074,-27.826176539303958,715.071673716052,683.6178242288613,-31.453849487190723,31.453849487190723,-4.398698849827569,137.66397788155592,204.76157241602806,67.09759453447214,67.09759453447214,48.740124734883025,5.1943266838569,3.338604095303138,-1.8557225885537623,1.8557225885537623,-35.7259506669274,pleth_6
s16_sit,qppg,qppg (slope-sum),mid_upslope,lipponen_tarvainen,0.75,100.0,True,False,494,386,0.73772608230564,0.05759162303664921,0.0034678166999996944,369,15,17,0.9559585492227979,0.9609375,0.9584415584415585,298.9999999999989,5.518005540164928,8.501588575683293,0.09418282548483824,8.5128657180228,361,934.7513227513231,935.1187845303867,0.3674617790636603,0.3674617790636603,0.03931118043054303,48.48589787428312,49.84162986115626,1.3557319868731383,1.3557319868731383,2.796136704301845,30.239538822919968,34.92909319244159,4.689554369521623,4.689554369521623,15.508022119593933,8.222811671087534,13.850415512465375,5.627603841377841,5.627603841377841,68.438924135466,30.279556062178447,34.97745239513452,4.6978963329560735,4.6978963329560735,15.515076652078518,21.410879422884616,24.73279377722927,3.3219143543446528,3.3219143543446528,15.515076652078509,65.14091515852016,66.00503803806232,0.8641228795421654,0.8641228795421654,1.3265439661683072,0.3286855791138538,0.37471069652239136,0.04602511740853754,0.04602511740853754,14.00277965727083,1.5808905745378907,1.7392860596423265,0.1583954851044358,0.1583954851044358,10.019383229654354,1.201638983561033,1.1650254196576026,-0.0366135639034304,0.0366135639034304,-3.0469687155893395,715.071673716052,673.2549301089741,-41.81674360707791,41.81674360707791,-5.847909397636542,137.66397788155592,167.67905057474567,30.01507269318975,30.01507269318975,21.803142081957184,5.1943266838569,4.015140399479181,-1.1791862843777192,1.1791862843777192,-22.70142707894044,pleth_6
s16_sit,terma,TERMA,mid_upslope,lipponen_tarvainen,0.75,100.0,True,False,521,386,0.73772608230564,0.036458333333333336,0.0004154258522952657,376,9,10,0.9740932642487047,0.9766233766233766,0.9753566796368354,301.99999999999363,7.918256130790765,12.04397030502924,-0.11444141689371871,12.05986812908569,367,934.7513227513231,934.3351351351351,-0.4161876161879263,0.4161876161879263,-0.04452388630624564,48.48589787428312,53.295119522211515,4.809221647928396,4.809221647928396,9.918804969638819,30.239538822919968,45.51095046761839,15.271411644698425,15.271411644698425,50.50147005920442,8.222811671087534,18.428184281842817,10.205372610755283,10.205372610755283,124.11049916950779,30.279556062178447,45.57269750868761,15.293141446509164,15.293141446509164,50.50649162459652,21.410879422884616,32.224763445356295,10.81388402247168,10.81388402247168,50.50649162459653,65.14091515852016,68.13445641277583,2.9935412542556747,2.9935412542556747,4.595485413385587,0.3286855791138538,0.4729583993468811,0.1442728202330273,0.1442728202330273,43.89386982598724,1.5808905745378907,1.5600225528707499,-0.020868021667140857,0.020868021667140857,-1.3200168312244367,1.201638983561033,1.0186102045374645,-0.1830287790235685,0.1830287790235685,-15.231594640943355,715.071673716052,678.1749570080256,-36.896716708026474,36.896716708026474,-5.159862719254881,137.66397788155592,205.77065834749442,68.1066804659385,68.1066804659385,49.473131253359895,5.1943266838569,3.295780664037922,-1.898546019818978,1.898546019818978,-36.550377659521146,pleth_6
s16_sit,heartpy,HeartPy,mid_upslope,lipponen_tarvainen,0.75,100.0,True,False,505,386,0.73772608230564,0.036939313984168866,0.017676605476141347,370,10,16,0.9585492227979274,0.9736842105263158,0.9660574412532638,301.99999999999005,7.766016713092525,11.834513522168239,-0.12256267409471955,11.850395090687678,359,934.7513227513231,943.6575342465753,8.90621149525225,8.90621149525225,0.9527893974022884,48.48589787428312,94.9867571999069,46.500859325623786,46.500859325623786,95.90594660367795,30.239538822919968,95.80010094284738,65.56056211992741,65.56056211992741,216.80410704622247,8.222811671087534,18.956043956043956,10.733232284956422,10.733232284956422,130.52995391705068,30.279556062178447,95.9319435302113,65.65238746803286,65.65238746803286,216.82083889610874,21.410879422884616,67.83412780261736,46.42324837973274,46.42324837973274,216.8208388961087,65.14091515852016,115.94610468647193,50.80518952795177,50.80518952795177,77.99274757549468,0.3286855791138538,0.5850487861239201,0.25636320701006626,0.25636320701006626,77.99648761628944,1.5808905745378907,1.1346227261911428,-0.44626784834674793,0.44626784834674793,-28.228889180213898,1.201638983561033,0.8740450199836781,-0.32759396357735493,0.32759396357735493,-27.262261632569274,715.071673716052,3326.523680865756,2611.452007149704,2611.452007149704,365.20143408542936,137.66397788155592,779.6248574636697,641.9608795821139,641.9608795821139,466.3245167406448,5.1943266838569,4.266826088239203,-0.9275005956176976,0.9275005956176976,-17.85603124463108,pleth_6
s16_sit,findpeaks,find_peaks baseline,mid_upslope,lipponen_tarvainen,0.75,100.0,True,False,521,386,0.73772608230564,0.036458333333333336,0.00012802006583181042,376,9,10,0.9740932642487047,0.9766233766233766,0.9753566796368354,301.99999999999363,7.918256130790765,12.04397030502924,-0.11444141689371871,12.05986812908569,367,934.7513227513231,934.3351351351351,-0.4161876161879263,0.4161876161879263,-0.04452388630624564,48.48589787428312,53.295119522211515,4.809221647928396,4.809221647928396,9.918804969638819,30.239538822919968,45.51095046761839,15.271411644698425,15.271411644698425,50.50147005920442,8.222811671087534,18.428184281842817,10.205372610755283,10.205372610755283,124.11049916950779,30.279556062178447,45.57269750868761,15.293141446509164,15.293141446509164,50.50649162459652,21.410879422884616,32.224763445356295,10.81388402247168,10.81388402247168,50.50649162459653,65.14091515852016,68.13445641277583,2.9935412542556747,2.9935412542556747,4.595485413385587,0.3286855791138538,0.4729583993468811,0.1442728202330273,0.1442728202330273,43.89386982598724,1.5808905745378907,1.5600225528707499,-0.020868021667140857,0.020868021667140857,-1.3200168312244367,1.201638983561033,1.0186102045374645,-0.1830287790235685,0.1830287790235685,-15.231594640943355,715.071673716052,678.1749570080256,-36.896716708026474,36.896716708026474,-5.159862719254881,137.66397788155592,205.77065834749442,68.1066804659385,68.1066804659385,49.473131253359895,5.1943266838569,3.295780664037922,-1.898546019818978,1.898546019818978,-36.550377659521146,pleth_6
s16_sit,msptdfast,MSPTDfast v2,mid_upslope,lipponen_tarvainen,0.5,100.0,True,False,521,259,0.49181738820376,0.1015625,0.027420565343734098,242,15,17,0.9343629343629344,0.9416342412451362,0.937984496124031,302.50000000001376,7.68421052631653,11.772328541891909,-0.40350877192949247,11.791297693242639,228,932.6857142857149,933.047826086957,0.36211180124212206,0.36211180124212206,0.03882463253116733,49.88991159231056,64.31128154622772,14.421369953917157,14.421369953917157,28.9063850659136,31.858292792807294,68.29415570205748,36.43586290925019,36.43586290925019,114.36853552138984,9.426229508196721,20.087336244541483,10.661106736344761,10.661106736344761,113.10043668122269,31.92376062767257,68.44356818275982,36.51980755508725,36.51980755508725,114.3969470922253,22.57350762080339,48.3969111906333,25.823403569829907,25.823403569829907,114.39694709222533,66.84641584311503,77.00403142331116,10.157615580196136,10.157615580196136,15.19545281834634,0.3376921161155777,0.6284984084090729,0.2908062922934952,0.2908062922934952,86.11580739242504,1.5357757717634655,1.5131861129745143,-0.02258965878895114,0.02258965878895114,-1.4708956349150113,1.2656696551093327,1.1102139586900066,-0.1554556964193261,0.1554556964193261,-12.282485859700676,506.5803654647173,504.35384720441084,-2.2265182603064773,2.2265182603064773,-0.43951925737665637,84.09365562274381,111.96889818544898,27.875242562705168,27.875242562705168,33.14785444428471,6.024002187957073,4.504410201206701,-1.5195919867503722,1.5195919867503722,-25.22562142803127,pleth_6
s16_sit,msptd,MSPTD,mid_upslope,lipponen_tarvainen,0.5,100.0,True,False,519,259,0.49181738820376,0.1015625,0.8991933211199828,242,15,17,0.9343629343629344,0.9416342412451362,0.937984496124031,302.0000000000327,7.684210526316529,11.768974973625427,-0.40350877192949297,11.787934769775577,228,932.6857142857149,933.047826086957,0.36211180124212206,0.36211180124212206,0.03882463253116733,49.88991159231056,64.29722446463892,14.407312872328355,14.407312872328355,28.878208865274733,31.858292792807294,68.26537608519052,36.407083292383234,36.407083292383234,114.27819917771278,9.426229508196721,19.65065502183406,10.224425513637337,10.224425513637337,108.46781849250046,31.92376062767257,68.41472544099726,36.49096481332469,36.49096481332469,114.30659826992034,22.57350762080339,48.37651629234498,25.80300867154159,25.80300867154159,114.30659826992037,66.84641584311503,76.99336866983288,10.14695282671785,10.14695282671785,15.179501696145097,0.3376921161155777,0.6283205570572677,0.29062844094169005,0.29062844094169005,86.06314067522389,1.5357757717634655,1.4950972209686897,-0.04067855079477578,0.04067855079477578,-2.648729817378636,1.2656696551093327,1.1107788288204379,-0.15489082628889483,0.15489082628889483,-12.2378557203787,506.5803654647173,504.69382794865163,-1.8865375160656868,1.8865375160656868,-0.3724063632697351,84.09365562274381,111.23607497370719,27.14241935096338,27.14241935096338,32.276417465698195,6.024002187957073,4.537141642834357,-1.486860545122716,1.486860545122716,-24.682271000750692,pleth_6
s16_sit,qppg,qppg (slope-sum),mid_upslope,lipponen_tarvainen,0.5,100.0,True,False,494,259,0.49181738820376,0.1015625,0.002897591324249538,243,14,16,0.9382239382239382,0.9455252918287937,0.9418604651162791,299.0000000000007,5.248908296942665,7.802697999398761,-0.2183406113528018,7.816728285795407,229,932.6857142857149,931.9391304347835,-0.7465838509314153,0.7465838509314153,-0.08004666947248965,49.88991159231056,49.402948298159,-0.4869632941515647,0.4869632941515647,-0.9760756806524777,31.858292792807294,37.05207005278479,5.193777259977498,5.193777259977498,16.302748216157106,9.426229508196721,15.283842794759824,5.857613286563103,5.857613286563103,62.14163660527814,31.92376062767257,37.13308714658319,5.209326518910622,5.209326518910622,16.318022740701185,22.57350762080339,26.257057727740005,3.6835501069366146,3.6835501069366146,16.318022740701196,66.84641584311503,64.74464858645284,-2.1017672566621854,2.1017672566621854,-3.144173446179854,0.3376921161155777,0.40554792250790017,0.06785580639232247,0.06785580639232247,20.093985957640275,1.5357757717634655,1.643204774904918,0.10742900314145243,0.10742900314145243,6.995096883062317,1.2656696551093327,1.1158434169369733,-0.1498262381723594,0.1498262381723594,-11.837704851936023,506.5803654647173,520.35198127953,13.77161581481272,13.77161581481272,2.7185451220911747,84.09365562274381,93.77418861706414,9.68053299432033,9.68053299432033,11.511609196475641,6.024002187957073,5.548989428257674,-0.47501275969939893,0.47501275969939893,-7.885335112411216,pleth_6
s16_sit,terma,TERMA,mid_upslope,lipponen_tarvainen,0.5,100.0,True,False,521,259,0.49181738820376,0.10116731517509728,0.0003874660337933562,243,15,16,0.9382239382239382,0.9418604651162791,0.9400386847195358,302.0000000000327,7.68421052631653,11.772328541891909,-0.40350877192949247,11.791297693242639,228,932.6857142857149,930.7316017316023,-1.954112554112612,1.954112554112612,-0.2095145796898094,49.88991159231056,54.180750604978996,4.290839012668435,4.290839012668435,8.600614584632325,31.858292792807294,49.95167229650315,18.093379503695854,18.093379503695854,56.79331162334232,9.426229508196721,20.434782608695652,11.008553100498931,11.008553100498931,116.78638941398867,31.92376062767257,50.060358669884025,18.136598042211453,18.136598042211453,56.81222288858428,22.57350762080339,35.39801908410577,12.824511463302379,12.824511463302379,56.81222288858427,66.84641584311503,67.95651342703765,1.1100975839226237,1.1100975839226237,1.6606688180978373,0.3376921161155777,0.5208922191411614,0.18320010302558365,0.18320010302558365,54.250630761803755,1.5357757717634655,1.6899200839688076,0.15414431220534208,0.15414431220534208,10.03690219883758,1.2656696551093327,1.0506881673716908,-0.21498148773764192,0.21498148773764192,-16.985592320222857,506.5803654647173,504.3549176588134,-2.2254478059039116,2.2254478059039116,-0.43930794748872104,84.09365562274381,111.96894978174595,27.875294159002138,27.875294159002138,33.14791580003931,6.024002187957073,4.504417685813083,-1.5195845021439904,1.5195845021439904,-25.225497181622522,pleth_6
s16_sit,heartpy,HeartPy,mid_upslope,lipponen_tarvainen,0.5,100.0,True,False,505,259,0.49181738820376,0.10236220472440945,0.01756155709428904,239,16,20,0.9227799227799228,0.9372549019607843,0.9299610894941635,302.50000000001376,7.64285714285806,11.777702904823478,-0.3035714285710865,11.80015906688743,224,932.6857142857149,937.4122807017549,4.7265664160399865,4.7265664160399865,0.506769466246169,49.88991159231056,71.81373500762072,21.92382341531016,21.92382341531016,43.9444022159567,31.858292792807294,80.1298780532505,48.2715852604432,48.2715852604432,151.51968617521644,9.426229508196721,21.145374449339208,11.719144941142487,11.719144941142487,124.3248419842942,31.92376062767257,80.30679472798604,48.38303410031347,48.38303410031347,151.55806568219114,22.57350762080339,56.78547912751502,34.21197150671163,34.21197150671163,151.55806568219117,66.84641584311503,84.20115457491124,17.354738731796218,17.354738731796218,25.962108084488573,0.3376921161155777,0.6744026185174774,0.3367105024018997,0.3367105024018997,99.70931695860438,1.5357757717634655,1.4230595549445313,-0.11271621681893418,0.11271621681893418,-7.339366780705687,1.2656696551093327,0.9565879440557612,-0.3090817110535715,0.3090817110535715,-24.42040937031646,506.5803654647173,915.0614069959435,408.48104153122614,408.48104153122614,80.63499286169557,84.09365562274381,114.38071269171185,30.28705706896804,30.28705706896804,36.01586450806719,6.024002187957073,8.000137308658768,1.976135120701695,1.976135120701695,32.80435595877272,pleth_6
s16_sit,findpeaks,find_peaks baseline,mid_upslope,lipponen_tarvainen,0.5,100.0,True,False,521,259,0.49181738820376,0.10116731517509728,0.0001268519995866996,243,15,16,0.9382239382239382,0.9418604651162791,0.9400386847195358,302.0000000000327,7.68421052631653,11.772328541891909,-0.40350877192949247,11.791297693242639,228,932.6857142857149,930.7316017316023,-1.954112554112612,1.954112554112612,-0.2095145796898094,49.88991159231056,54.180750604978996,4.290839012668435,4.290839012668435,8.600614584632325,31.858292792807294,49.95167229650315,18.093379503695854,18.093379503695854,56.79331162334232,9.426229508196721,20.434782608695652,11.008553100498931,11.008553100498931,116.78638941398867,31.92376062767257,50.060358669884025,18.136598042211453,18.136598042211453,56.81222288858428,22.57350762080339,35.39801908410577,12.824511463302379,12.824511463302379,56.81222288858427,66.84641584311503,67.95651342703765,1.1100975839226237,1.1100975839226237,1.6606688180978373,0.3376921161155777,0.5208922191411614,0.18320010302558365,0.18320010302558365,54.250630761803755,1.5357757717634655,1.6899200839688076,0.15414431220534208,0.15414431220534208,10.03690219883758,1.2656696551093327,1.0506881673716908,-0.21498148773764192,0.21498148773764192,-16.985592320222857,506.5803654647173,504.3549176588134,-2.2254478059039116,2.2254478059039116,-0.43930794748872104,84.09365562274381,111.96894978174595,27.875294159002138,27.875294159002138,33.14791580003931,6.024002187957073,4.504417685813083,-1.5195845021439904,1.5195845021439904,-25.225497181622522,pleth_6
s17_sit,msptdfast,MSPTDfast v2,mid_upslope,lipponen_tarvainen,1.0,100.0,True,False,622,623,0.9879104459180775,0.0,0.02161654255975314,622,0,1,0.9983948635634029,1.0,0.9991967871485944,278.00000000003854,3.6054750402580935,5.06686371343151,-0.04347826086959378,5.070761552359502,621,780.951768488746,780.9838969404187,0.03212845167274736,0.03212845167274736,0.004114012282079921,56.4543985819586,57.23536351808518,0.7809649361265798,0.7809649361265798,1.3833553376585903,56.17673973235291,56.03640809561157,-0.14033163674133675,0.14033163674133675,-0.24980381098997448,44.28341384863124,43.064516129032256,-1.218897719598985,1.218897719598985,-2.752492668621708,56.22195286541393,56.081618152715485,-0.1403347126984471,0.1403347126984471,-0.24960839235589205,39.75492412268464,39.655692495699704,-0.09923162698493826,0.09923162698493826,-0.24960839235589308,69.2368705712562,70.56344469186024,1.326574120604036,1.326574120604036,1.9159937612124909,0.5741871894942195,0.5619863467390239,-0.012200842755195618,0.012200842755195618,-2.124889405133349,1.7818465526409508,1.8022527449438939,0.02040619230294305,0.02040619230294305,1.1452272516226585,0.711586145559933,0.7206079099599993,0.009021764400066301,0.009021764400066301,1.2678386807218194,586.8315011408603,633.0265175034598,46.19501636259952,46.19501636259952,7.871938754615541,1334.757928533242,1384.137982529857,49.38005399661506,49.38005399661506,3.6995512775023203,0.4396538792511434,0.45734350584502137,0.01768962659387796,0.01768962659387796,4.023534746016222,pleth_6
s17_sit,msptd,MSPTD,mid_upslope,lipponen_tarvainen,1.0,100.0,True,False,622,623,0.9879104459180775,0.0,0.8914401017545884,622,0,1,0.9983948635634029,1.0,0.9991967871485944,278.00000000003854,3.6054750402580935,5.06686371343151,-0.04347826086959378,5.070761552359502,621,780.951768488746,780.9838969404187,0.03212845167274736,0.03212845167274736,0.004114012282079921,56.4543985819586,57.23536351808518,0.7809649361265798,0.7809649361265798,1.3833553376585903,56.17673973235291,56.03640809561157,-0.14033163674133675,0.14033163674133675,-0.24980381098997448,44.28341384863124,43.064516129032256,-1.218897719598985,1.218897719598985,-2.752492668621708,56.22195286541393,56.081618152715485,-0.1403347126984471,0.1403347126984471,-0.24960839235589205,39.75492412268464,39.655692495699704,-0.09923162698493826,0.09923162698493826,-0.24960839235589308,69.2368705712562,70.56344469186024,1.326574120604036,1.326574120604036,1.9159937612124909,0.5741871894942195,0.5619863467390239,-0.012200842755195618,0.012200842755195618,-2.124889405133349,1.7818465526409508,1.8022527449438939,0.02040619230294305,0.02040619230294305,1.1452272516226585,0.711586145559933,0.7206079099599993,0.009021764400066301,0.009021764400066301,1.2678386807218194,586.8315011408603,633.0265175034598,46.19501636259952,46.19501636259952,7.871938754615541,1334.757928533242,1384.137982529857,49.38005399661506,49.38005399661506,3.6995512775023203,0.4396538792511434,0.45734350584502137,0.01768962659387796,0.01768962659387796,4.023534746016222,pleth_6
s17_sit,qppg,qppg (slope-sum),mid_upslope,lipponen_tarvainen,1.0,100.0,True,False,621,623,0.9879104459180775,0.0016129032258064516,0.003242420874077259,622,0,1,0.9983948635634029,1.0,0.9991967871485944,278.00000000003854,3.639291465378692,5.148675235704242,0.028985507246347703,5.152744063941434,621,780.951768488746,781.0563607085346,0.10459221978862843,0.10459221978862843,0.013392916695870914,56.4543985819586,57.21229604155955,0.7578974596009473,0.7578974596009473,1.3424949669788038,56.17673973235291,56.0765605682197,-0.10017916413320904,0.10017916413320904,-0.17832854774146775,44.28341384863124,43.54838709677419,-0.735026751857049,0.735026751857049,-1.659824046920827,56.22195286541393,56.12167457944061,-0.10027828597332444,0.10027828597332444,-0.17836144221701813,39.75492412268464,39.68401666666714,-0.07090745601750115,0.07090745601750115,-0.17836144221701708,69.2368705712562,70.51008763215222,1.273217060896016,1.273217060896016,1.8389292444777163,0.5741871894942195,0.5628133221688331,-0.011373867325386477,0.011373867325386477,-1.9808639993179402,1.7818465526409508,1.7924522299069556,0.01060567726600481,0.01060567726600481,0.5952071041294595,0.711586145559933,0.7204387707151849,0.00885262515525187,0.00885262515525187,1.2440693527395639,586.8315011408603,633.6143488024479,46.78284766158765,46.78284766158765,7.972109126834028,1334.757928533242,1373.7648041065268,39.00687557328479,39.00687557328479,2.922393247451935,0.4396538792511434,0.46122476490037895,0.02157088564923554,0.02157088564923554,4.9063335198990945,pleth_6
s17_sit,terma,TERMA,mid_upslope,lipponen_tarvainen,1.0,100.0,True,False,622,623,0.9879104459180775,0.0,0.00043770607142209724,622,0,1,0.9983948635634029,1.0,0.9991967871485944,278.00000000003854,3.6054750402580935,5.06686371343151,-0.04347826086959378,5.070761552359502,621,780.951768488746,780.9838969404187,0.03212845167274736,0.03212845167274736,0.004114012282079921,56.4543985819586,57.23536351808518,0.7809649361265798,0.7809649361265798,1.3833553376585903,56.17673973235291,56.03640809561157,-0.14033163674133675,0.14033163674133675,-0.24980381098997448,44.28341384863124,43.064516129032256,-1.218897719598985,1.218897719598985,-2.752492668621708,56.22195286541393,56.081618152715485,-0.1403347126984471,0.1403347126984471,-0.24960839235589205,39.75492412268464,39.655692495699704,-0.09923162698493826,0.09923162698493826,-0.24960839235589308,69.2368705712562,70.56344469186024,1.326574120604036,1.326574120604036,1.9159937612124909,0.5741871894942195,0.5619863467390239,-0.012200842755195618,0.012200842755195618,-2.124889405133349,1.7818465526409508,1.8022527449438939,0.02040619230294305,0.02040619230294305,1.1452272516226585,0.711586145559933,0.7206079099599993,0.009021764400066301,0.009021764400066301,1.2678386807218194,586.8315011408603,633.0265175034598,46.19501636259952,46.19501636259952,7.871938754615541,1334.757928533242,1384.137982529857,49.38005399661506,49.38005399661506,3.6995512775023203,0.4396538792511434,0.45734350584502137,0.01768962659387796,0.01768962659387796,4.023534746016222,pleth_6
s17_sit,heartpy,HeartPy,mid_upslope,lipponen_tarvainen,1.0,100.0,True,False,622,623,0.9879104459180775,0.0,0.04056402277140373,622,0,1,0.9983948635634029,1.0,0.9991967871485944,278.00000000003854,3.6054750402580935,5.06686371343151,-0.04347826086959378,5.070761552359502,621,780.951768488746,780.9838969404187,0.03212845167274736,0.03212845167274736,0.004114012282079921,56.4543985819586,57.23536351808518,0.7809649361265798,0.7809649361265798,1.3833553376585903,56.17673973235291,56.03640809561157,-0.14033163674133675,0.14033163674133675,-0.24980381098997448,44.28341384863124,43.064516129032256,-1.218897719598985,1.218897719598985,-2.752492668621708,56.22195286541393,56.081618152715485,-0.1403347126984471,0.1403347126984471,-0.24960839235589205,39.75492412268464,39.655692495699704,-0.09923162698493826,0.09923162698493826,-0.24960839235589308,69.2368705712562,70.56344469186024,1.326574120604036,1.326574120604036,1.9159937612124909,0.5741871894942195,0.5619863467390239,-0.012200842755195618,0.012200842755195618,-2.124889405133349,1.7818465526409508,1.8022527449438939,0.02040619230294305,0.02040619230294305,1.1452272516226585,0.711586145559933,0.7206079099599993,0.009021764400066301,0.009021764400066301,1.2678386807218194,586.8315011408603,633.0265175034598,46.19501636259952,46.19501636259952,7.871938754615541,1334.757928533242,1384.137982529857,49.38005399661506,49.38005399661506,3.6995512775023203,0.4396538792511434,0.45734350584502137,0.01768962659387796,0.01768962659387796,4.023534746016222,pleth_6
s17_sit,findpeaks,find_peaks baseline,mid_upslope,lipponen_tarvainen,1.0,100.0,True,False,622,623,0.9879104459180775,0.0,0.00013217006887214288,622,0,1,0.9983948635634029,1.0,0.9991967871485944,278.00000000003854,3.6054750402580935,5.06686371343151,-0.04347826086959378,5.070761552359502,621,780.951768488746,780.9838969404187,0.03212845167274736,0.03212845167274736,0.004114012282079921,56.4543985819586,57.23536351808518,0.7809649361265798,0.7809649361265798,1.3833553376585903,56.17673973235291,56.03640809561157,-0.14033163674133675,0.14033163674133675,-0.24980381098997448,44.28341384863124,43.064516129032256,-1.218897719598985,1.218897719598985,-2.752492668621708,56.22195286541393,56.081618152715485,-0.1403347126984471,0.1403347126984471,-0.24960839235589205,39.75492412268464,39.655692495699704,-0.09923162698493826,0.09923162698493826,-0.24960839235589308,69.2368705712562,70.56344469186024,1.326574120604036,1.326574120604036,1.9159937612124909,0.5741871894942195,0.5619863467390239,-0.012200842755195618,0.012200842755195618,-2.124889405133349,1.7818465526409508,1.8022527449438939,0.02040619230294305,0.02040619230294305,1.1452272516226585,0.711586145559933,0.7206079099599993,0.009021764400066301,0.009021764400066301,1.2678386807218194,586.8315011408603,633.0265175034598,46.19501636259952,46.19501636259952,7.871938754615541,1334.757928533242,1384.137982529857,49.38005399661506,49.38005399661506,3.6995512775023203,0.4396538792511434,0.45734350584502137,0.01768962659387796,0.01768962659387796,4.023534746016222,pleth_6
s17_sit,msptdfast,MSPTDfast v2,mid_upslope,lipponen_tarvainen,0.9,100.0,True,False,622,549,0.8850031078016111,0.0072992700729927005,0.02166874127916793,546,3,3,0.994535519125683,0.994535519125683,0.994535519125683,278.00000000003854,3.383057090239927,4.744095875104342,-0.001841620626133426,4.7484699727250295,543,784.3626373626373,784.2389705882352,-0.12366677440206786,0.12366677440206786,-0.015766530493839997,56.005442032464394,56.82377096134969,0.8183289288852933,0.8183289288852933,1.4611596644678506,57.49798560492244,57.27586631276985,-0.22211929215259119,0.22211929215259119,-0.38630795464524137,46.055045871559635,44.01473296500921,-2.040312906550426,2.040312906550426,-4.430161490318654,57.55011378207944,57.328273809365164,-0.22183997271427813,0.22183997271427813,-0.38547269177312554,40.69407571336576,40.537211164321256,-0.15686454904450642,0.15686454904450642,-0.38547269177312965,67.95006457935352,69.38743692884962,1.4373723494961013,1.4373723494961013,2.1153362522820083,0.5988820756136642,0.5842154280160025,-0.014666647597661786,0.014666647597661786,-2.4490042689344347,1.8224746960785356,1.8233435227633739,0.0008688266848382309,0.0008688266848382309,0.0476729079809836,0.6723101579914595,0.723584464423315,0.05127430643185549,0.05127430643185549,7.626585114382109,651.0433735953497,627.85734066229,-23.186032933059778,23.186032933059778,-3.5613653211791774,1251.3675443325467,1286.5284948036567,35.16095047111003,35.16095047111003,2.8098020146322513,0.5202655099566312,0.4880244341250368,-0.03224107583159441,0.03224107583159441,-6.197042705037663,pleth_6
s17_sit,msptd,MSPTD,mid_upslope,lipponen_tarvainen,0.9,100.0,True,False,622,549,0.8850031078016111,0.0072992700729927005,0.9054879166208204,546,3,3,0.994535519125683,0.994535519125683,0.994535519125683,278.00000000003854,3.383057090239927,4.744095875104342,-0.001841620626133426,4.7484699727250295,543,784.3626373626373,784.2389705882352,-0.12366677440206786,0.12366677440206786,-0.015766530493839997,56.005442032464394,56.82377096134969,0.8183289288852933,0.8183289288852933,1.4611596644678506,57.49798560492244,57.27586631276985,-0.22211929215259119,0.22211929215259119,-0.38630795464524137,46.055045871559635,44.01473296500921,-2.040312906550426,2.040312906550426,-4.430161490318654,57.55011378207944,57.328273809365164,-0.22183997271427813,0.22183997271427813,-0.38547269177312554,40.69407571336576,40.537211164321256,-0.15686454904450642,0.15686454904450642,-0.38547269177312965,67.95006457935352,69.38743692884962,1.4373723494961013,1.4373723494961013,2.1153362522820083,0.5988820756136642,0.5842154280160025,-0.014666647597661786,0.014666647597661786,-2.4490042689344347,1.8224746960785356,1.8233435227633739,0.0008688266848382309,0.0008688266848382309,0.0476729079809836,0.6723101579914595,0.723584464423315,0.05127430643185549,0.05127430643185549,7.626585114382109,651.0433735953497,627.85734066229,-23.186032933059778,23.186032933059778,-3.5613653211791774,1251.3675443325467,1286.5284948036567,35.16095047111003,35.16095047111003,2.8098020146322513,0.5202655099566312,0.4880244341250368,-0.03224107583159441,0.03224107583159441,-6.197042705037663,pleth_6
s17_sit,qppg,qppg (slope-sum),mid_upslope,lipponen_tarvainen,0.9,100.0,True,False,621,549,0.8850031078016111,0.012797074954296161,0.00324852122170839,544,5,5,0.9908925318761385,0.9908925318761385,0.9908925318761385,278.00000000003854,3.449168207024384,4.980182538279838,-6.304260871808652e-16,4.984791685530393,541,784.3626373626373,784.59963099631,0.23699363367268234,0.23699363367268234,0.030214804018401018,56.005442032464394,56.59389528233286,0.5884532498684649,0.5884532498684649,1.050707267924712,57.49798560492244,57.159406766386965,-0.33857883853547577,0.33857883853547577,-0.5888533919464647,46.055045871559635,44.73197781885398,-1.3230680527056577,1.3230680527056577,-2.8727971662334,57.55011378207944,57.21189112473218,-0.3382226573472593,0.3382226573472593,-0.5877011097284375,40.69407571336576,40.45491617880458,-0.23915953456118189,0.23915953456118189,-0.5877011097284393,67.95006457935352,69.05894383366437,1.1088792543108497,1.1088792543108497,1.6319031647363293,0.5988820756136642,0.5858027061092107,-0.013079369504453542,0.013079369504453542,-2.183964095277244,1.8224746960785356,1.8442910636609344,0.0218163675823988,0.0218163675823988,1.1970738265580105,0.6723101579914595,0.7264770981364552,0.05416694014499568,0.05416694014499568,8.056837978890654,651.0433735953497,621.5886761649804,-29.45469743036938,29.45469743036938,-4.5242296634873185,1251.3675443325467,1276.4080680517468,25.04052371920011,25.04052371920011,2.0010526749402153,0.5202655099566312,0.486982722628623,-0.03328278732800821,0.03328278732800821,-6.397269603895639,pleth_6
s17_sit,terma,TERMA,mid_upslope,lipponen_tarvainen,0.9,100.0,True,False,622,549,0.8850031078016111,0.0072992700729927005,0.000400202522169679,546,3,3,0.994535519125683,0.994535519125683,0.994535519125683,278.00000000003854,3.383057090239927,4.744095875104342,-0.001841620626133426,4.7484699727250295,543,784.3626373626373,784.2389705882352,-0.12366677440206786,0.12366677440206786,-0.015766530493839997,56.005442032464394,56.82377096134969,0.8183289288852933,0.8183289288852933,1.4611596644678506,57.49798560492244,57.27586631276985,-0.22211929215259119,0.22211929215259119,-0.38630795464524137,46.055045871559635,44.01473296500921,-2.040312906550426,2.040312906550426,-4.430161490318654,57.55011378207944,57.328273809365164,-0.22183997271427813,0.22183997271427813,-0.38547269177312554,40.69407571336576,40.537211164321256,-0.15686454904450642,0.15686454904450642,-0.38547269177312965,67.95006457935352,69.38743692884962,1.4373723494961013,1.4373723494961013,2.1153362522820083,0.5988820756136642,0.5842154280160025,-0.014666647597661786,0.014666647597661786,-2.4490042689344347,1.8224746960785356,1.8233435227633739,0.0008688266848382309,0.0008688266848382309,0.0476729079809836,0.6723101579914595,0.723584464423315,0.05127430643185549,0.05127430643185549,7.626585114382109,651.0433735953497,627.85734066229,-23.186032933059778,23.186032933059778,-3.5613653211791774,1251.3675443325467,1286.5284948036567,35.16095047111003,35.16095047111003,2.8098020146322513,0.5202655099566312,0.4880244341250368,-0.03224107583159441,0.03224107583159441,-6.197042705037663,pleth_6
s17_sit,heartpy,HeartPy,mid_upslope,lipponen_tarvainen,0.9,100.0,True,False,622,549,0.8850031078016111,0.0072992700729927005,0.03518163968445805,546,3,3,0.994535519125683,0.994535519125683,0.994535519125683,278.00000000003854,3.383057090239927,4.744095875104342,-0.001841620626133426,4.7484699727250295,543,784.3626373626373,784.2389705882352,-0.12366677440206786,0.12366677440206786,-0.015766530493839997,56.005442032464394,56.82377096134969,0.8183289288852933,0.8183289288852933,1.4611596644678506,57.49798560492244,57.27586631276985,-0.22211929215259119,0.22211929215259119,-0.38630795464524137,46.055045871559635,44.01473296500921,-2.040312906550426,2.040312906550426,-4.430161490318654,57.55011378207944,57.328273809365164,-0.22183997271427813,0.22183997271427813,-0.38547269177312554,40.69407571336576,40.537211164321256,-0.15686454904450642,0.15686454904450642,-0.38547269177312965,67.95006457935352,69.38743692884962,1.4373723494961013,1.4373723494961013,2.1153362522820083,0.5988820756136642,0.5842154280160025,-0.014666647597661786,0.014666647597661786,-2.4490042689344347,1.8224746960785356,1.8233435227633739,0.0008688266848382309,0.0008688266848382309,0.0476729079809836,0.6723101579914595,0.723584464423315,0.05127430643185549,0.05127430643185549,7.626585114382109,651.0433735953497,627.85734066229,-23.186032933059778,23.186032933059778,-3.5613653211791774,1251.3675443325467,1286.5284948036567,35.16095047111003,35.16095047111003,2.8098020146322513,0.5202655099566312,0.4880244341250368,-0.03224107583159441,0.03224107583159441,-6.197042705037663,pleth_6
s17_sit,findpeaks,find_peaks baseline,mid_upslope,lipponen_tarvainen,0.9,100.0,True,False,622,549,0.8850031078016111,0.0072992700729927005,0.00013714666790076303,546,3,3,0.994535519125683,0.994535519125683,0.994535519125683,278.00000000003854,3.383057090239927,4.744095875104342,-0.001841620626133426,4.7484699727250295,543,784.3626373626373,784.2389705882352,-0.12366677440206786,0.12366677440206786,-0.015766530493839997,56.005442032464394,56.82377096134969,0.8183289288852933,0.8183289288852933,1.4611596644678506,57.49798560492244,57.27586631276985,-0.22211929215259119,0.22211929215259119,-0.38630795464524137,46.055045871559635,44.01473296500921,-2.040312906550426,2.040312906550426,-4.430161490318654,57.55011378207944,57.328273809365164,-0.22183997271427813,0.22183997271427813,-0.38547269177312554,40.69407571336576,40.537211164321256,-0.15686454904450642,0.15686454904450642,-0.38547269177312965,67.95006457935352,69.38743692884962,1.4373723494961013,1.4373723494961013,2.1153362522820083,0.5988820756136642,0.5842154280160025,-0.014666647597661786,0.014666647597661786,-2.4490042689344347,1.8224746960785356,1.8233435227633739,0.0008688266848382309,0.0008688266848382309,0.0476729079809836,0.6723101579914595,0.723584464423315,0.05127430643185549,0.05127430643185549,7.626585114382109,651.0433735953497,627.85734066229,-23.186032933059778,23.186032933059778,-3.5613653211791774,1251.3675443325467,1286.5284948036567,35.16095047111003,35.16095047111003,2.8098020146322513,0.5202655099566312,0.4880244341250368,-0.03224107583159441,0.03224107583159441,-6.197042705037663,pleth_6
s17_sit,msptdfast,MSPTDfast v2,mid_upslope,lipponen_tarvainen,0.75,100.0,True,False,622,460,0.7409328344385581,0.034782608695652174,0.025475308413349433,452,9,8,0.9826086956521739,0.9804772234273319,0.9815418023887079,278.00000000003854,3.449209932280773,4.873107666526965,-0.07223476297974069,4.878081109541973,443,784.2439024390245,784.2094594594595,-0.03444297956502851,0.03444297956502851,-0.004391870878168093,57.92687287974387,58.809742598805855,0.8828697190619863,0.8828697190619863,1.5241107886055285,58.27147196050985,57.87795597470819,-0.39351598580165614,0.39351598580165614,-0.6753149913019857,46.666666666666664,43.566591422121896,-3.100075244544769,3.100075244544769,-6.643018381167362,58.33532010616029,57.94278851202447,-0.39253159413581784,0.39253159413581784,-0.6728883863523464,41.249300429753895,40.97173867771049,-0.27756175204340394,0.27756175204340394,-0.6728883863523499,70.77810690678238,72.3774017135252,1.5992948067428188,1.5992948067428188,2.2595896904238404,0.5827974529479982,0.5660846853812117,-0.016712767566786524,0.016712767566786524,-2.867680269062152,1.8091149898988081,1.8307449159410085,0.021629926042200376,0.021629926042200376,1.1956081378448051,0.7241054745998392,0.7875323219857269,0.06342684738588766,0.06342684738588766,8.759338191848238,701.3703701499484,638.3446044104841,-63.025765739464305,63.025765739464305,-8.98608900829241,1082.0006232899393,1107.6407565103596,25.64013322042024,25.64013322042024,2.3696967144490784,0.6482162348644092,0.5763101444746392,-0.07190609038976992,0.07190609038976992,-11.09291722766106,pleth_6
s17_sit,msptd,MSPTD,mid_upslope,lipponen_tarvainen,0.75,100.0,True,False,622,460,0.7409328344385581,0.034782608695652174,0.8953920893067607,452,9,8,0.9826086956521739,0.9804772234273319,0.9815418023887079,278.00000000003854,3.449209932280773,4.873107666526965,-0.07223476297974069,4.878081109541973,443,784.2439024390245,784.2094594594595,-0.03444297956502851,0.03444297956502851,-0.004391870878168093,57.92687287974387,58.809742598805855,0.8828697190619863,0.8828697190619863,1.5241107886055285,58.27147196050985,57.87795597470819,-0.39351598580165614,0.39351598580165614,-0.6753149913019857,46.666666666666664,43.566591422121896,-3.100075244544769,3.100075244544769,-6.643018381167362,58.33532010616029,57.94278851202447,-0.39253159413581784,0.39253159413581784,-0.6728883863523464,41.249300429753895,40.97173867771049,-0.27756175204340394,0.27756175204340394,-0.6728883863523499,70.77810690678238,72.3774017135252,1.5992948067428188,1.5992948067428188,2.2595896904238404,0.5827974529479982,0.5660846853812117,-0.016712767566786524,0.016712767566786524,-2.867680269062152,1.8091149898988081,1.8307449159410085,0.021629926042200376,0.021629926042200376,1.1956081378448051,0.7241054745998392,0.7875323219857269,0.06342684738588766,0.06342684738588766,8.759338191848238,701.3703701499484,638.3446044104841,-63.025765739464305,63.025765739464305,-8.98608900829241,1082.0006232899393,1107.6407565103596,25.64013322042024,25.64013322042024,2.3696967144490784,0.6482162348644092,0.5763101444746392,-0.07190609038976992,0.07190609038976992,-11.09291722766106,pleth_6
s17_sit,qppg,qppg (slope-sum),mid_upslope,lipponen_tarvainen,0.75,100.0,True,False,621,460,0.7409328344385581,0.037037037037037035,0.0032431247602387166,452,9,8,0.9826086956521739,0.9804772234273319,0.9815418023887079,278.00000000003854,3.532731376975886,5.145512410672332,-0.07449209932293152,5.150789984816237,443,784.2439024390245,784.207207207207,-0.03669523181747536,0.03669523181747536,-0.004679058607067518,57.92687287974387,58.787733417006706,0.8608605372628375,0.8608605372628375,1.4861160191574352,58.27147196050985,57.99132028149447,-0.2801516790153826,0.2801516790153826,-0.480769868324657,46.666666666666664,44.69525959367946,-1.9714070729872049,1.9714070729872049,-4.224443727829725,58.33532010616029,58.05627182960294,-0.2790482765573472,0.2790482765573472,-0.4783521819191652,41.249300429753895,41.051983501121775,-0.19731692863211947,0.19731692863211947,-0.4783521819191655,70.77810690678238,72.29612611503966,1.5180192082572717,1.5180192082572717,2.144758138638215,0.5827974529479982,0.5678310264618976,-0.014966426486100581,0.014966426486100581,-2.568032240085305,1.8091149898988081,1.816016446873615,0.00690145697480693,0.00690145697480693,0.38148249355851943,0.7241054745998392,0.7881423720363082,0.06403689743646901,0.06403689743646901,8.843586974930354,701.3703701499484,640.1325178061662,-61.23785234378215,61.23785234378215,-8.73117185299543,1082.0006232899393,1097.6526900519714,15.652066762032064,15.652066762032064,1.4465857435867524,0.6482162348644092,0.5831831175814431,-0.06503311728296601,0.06503311728296601,-10.032627044055653,pleth_6
s17_sit,terma,TERMA,mid_upslope,lipponen_tarvainen,0.75,100.0,True,False,622,460,0.7409328344385581,0.034782608695652174,0.0010152385184671372,452,9,8,0.9826086956521739,0.9804772234273319,0.9815418023887079,278.00000000003854,3.449209932280773,4.873107666526965,-0.07223476297974069,4.878081109541973,443,784.2439024390245,784.2094594594595,-0.03444297956502851,0.03444297956502851,-0.004391870878168093,57.92687287974387,58.809742598805855,0.8828697190619863,0.8828697190619863,1.5241107886055285,58.27147196050985,57.87795597470819,-0.39351598580165614,0.39351598580165614,-0.6753149913019857,46.666666666666664,43.566591422121896,-3.100075244544769,3.100075244544769,-6.643018381167362,58.33532010616029,57.94278851202447,-0.39253159413581784,0.39253159413581784,-0.6728883863523464,41.249300429753895,40.97173867771049,-0.27756175204340394,0.27756175204340394,-0.6728883863523499,70.77810690678238,72.3774017135252,1.5992948067428188,1.5992948067428188,2.2595896904238404,0.5827974529479982,0.5660846853812117,-0.016712767566786524,0.016712767566786524,-2.867680269062152,1.8091149898988081,1.8307449159410085,0.021629926042200376,0.021629926042200376,1.1956081378448051,0.7241054745998392,0.7875323219857269,0.06342684738588766,0.06342684738588766,8.759338191848238,701.3703701499484,638.3446044104841,-63.025765739464305,63.025765739464305,-8.98608900829241,1082.0006232899393,1107.6407565103596,25.64013322042024,25.64013322042024,2.3696967144490784,0.6482162348644092,0.5763101444746392,-0.07190609038976992,0.07190609038976992,-11.09291722766106,pleth_6
s17_sit,heartpy,HeartPy,mid_upslope,lipponen_tarvainen,0.75,100.0,True,False,622,460,0.7409328344385581,0.034782608695652174,0.03575381271695723,452,9,8,0.9826086956521739,0.9804772234273319,0.9815418023887079,278.00000000003854,3.449209932280773,4.873107666526965,-0.07223476297974069,4.878081109541973,443,784.2439024390245,784.2094594594595,-0.03444297956502851,0.03444297956502851,-0.004391870878168093,57.92687287974387,58.809742598805855,0.8828697190619863,0.8828697190619863,1.5241107886055285,58.27147196050985,57.87795597470819,-0.39351598580165614,0.39351598580165614,-0.6753149913019857,46.666666666666664,43.566591422121896,-3.100075244544769,3.100075244544769,-6.643018381167362,58.33532010616029,57.94278851202447,-0.39253159413581784,0.39253159413581784,-0.6728883863523464,41.249300429753895,40.97173867771049,-0.27756175204340394,0.27756175204340394,-0.6728883863523499,70.77810690678238,72.3774017135252,1.5992948067428188,1.5992948067428188,2.2595896904238404,0.5827974529479982,0.5660846853812117,-0.016712767566786524,0.016712767566786524,-2.867680269062152,1.8091149898988081,1.8307449159410085,0.021629926042200376,0.021629926042200376,1.1956081378448051,0.7241054745998392,0.7875323219857269,0.06342684738588766,0.06342684738588766,8.759338191848238,701.3703701499484,638.3446044104841,-63.025765739464305,63.025765739464305,-8.98608900829241,1082.0006232899393,1107.6407565103596,25.64013322042024,25.64013322042024,2.3696967144490784,0.6482162348644092,0.5763101444746392,-0.07190609038976992,0.07190609038976992,-11.09291722766106,pleth_6
s17_sit,findpeaks,find_peaks baseline,mid_upslope,lipponen_tarvainen,0.75,100.0,True,False,622,460,0.7409328344385581,0.034782608695652174,0.00013722076084989038,452,9,8,0.9826086956521739,0.9804772234273319,0.9815418023887079,278.00000000003854,3.449209932280773,4.873107666526965,-0.07223476297974069,4.878081109541973,443,784.2439024390245,784.2094594594595,-0.03444297956502851,0.03444297956502851,-0.004391870878168093,57.92687287974387,58.809742598805855,0.8828697190619863,0.8828697190619863,1.5241107886055285,58.27147196050985,57.87795597470819,-0.39351598580165614,0.39351598580165614,-0.6753149913019857,46.666666666666664,43.566591422121896,-3.100075244544769,3.100075244544769,-6.643018381167362,58.33532010616029,57.94278851202447,-0.39253159413581784,0.39253159413581784,-0.6728883863523464,41.249300429753895,40.97173867771049,-0.27756175204340394,0.27756175204340394,-0.6728883863523499,70.77810690678238,72.3774017135252,1.5992948067428188,1.5992948067428188,2.2595896904238404,0.5827974529479982,0.5660846853812117,-0.016712767566786524,0.016712767566786524,-2.867680269062152,1.8091149898988081,1.8307449159410085,0.021629926042200376,0.021629926042200376,1.1956081378448051,0.7241054745998392,0.7875323219857269,0.06342684738588766,0.06342684738588766,8.759338191848238,701.3703701499484,638.3446044104841,-63.025765739464305,63.025765739464305,-8.98608900829241,1082.0006232899393,1107.6407565103596,25.64013322042024,25.64013322042024,2.3696967144490784,0.6482162348644092,0.5763101444746392,-0.07190609038976992,0.07190609038976992,-11.09291722766106,pleth_6
s17_sit,msptdfast,MSPTDfast v2,mid_upslope,lipponen_tarvainen,0.5,100.0,True,False,622,308,0.49395522295903876,0.09120521172638436,0.021631867520432346,293,15,15,0.9512987012987013,0.9512987012987013,0.9512987012987013,277.00000000000136,3.125899280576433,3.8660112733240886,-0.1043165467624243,3.871573165146692,278,783.3583617747444,782.3440860215054,-1.0142757532389624,1.0142757532389624,-0.12947787407809896,55.378627374734414,55.87444068063565,0.49581330590123684,0.49581330590123684,0.8953152676504285,58.00566812171433,57.532099266784016,-0.4735688549303134,0.4735688549303134,-0.8164182402599267,46.917808219178085,45.32374100719424,-1.594067211983841,1.594067211983841,-3.397573911673588,58.103030491001704,57.634682183521036,-0.46834830748066736,0.46834830748066736,-0.8060651974998094,41.08504686767604,40.75387460349922,-0.33117226417682133,0.33117226417682133,-0.8060651974998074,66.67536024424788,67.69806457757862,1.0227043333307364,1.0227043333307364,1.533856479491561,0.61619534888408,0.6019946782495872,-0.014200670634492818,0.014200670634492818,-2.3045728372033327,1.8329854225500062,1.9113046198778378,0.07831919732783166,0.07831919732783166,4.272767058827769,0.7566347050287014,0.7865281859705516,0.02989348094185018,0.02989348094185018,3.9508471846683575,619.9552348513338,554.9106664779688,-65.044568373365,65.044568373365,-10.491816943680263,678.2229963315759,647.7333849313059,-30.489611400270064,30.489611400270064,-4.495514243130149,0.9140876057057852,0.8566961027287775,-0.05739150297700768,0.05739150297700768,-6.278556083548968,pleth_6
s17_sit,msptd,MSPTD,mid_upslope,lipponen_tarvainen,0.5,100.0,True,False,622,308,0.49395522295903876,0.09120521172638436,0.8815072549674291,293,15,15,0.9512987012987013,0.9512987012987013,0.9512987012987013,277.00000000000136,3.125899280576433,3.8660112733240886,-0.1043165467624243,3.871573165146692,278,783.3583617747444,782.3440860215054,-1.0142757532389624,1.0142757532389624,-0.12947787407809896,55.378627374734414,55.87444068063565,0.49581330590123684,0.49581330590123684,0.8953152676504285,58.00566812171433,57.532099266784016,-0.4735688549303134,0.4735688549303134,-0.8164182402599267,46.917808219178085,45.32374100719424,-1.594067211983841,1.594067211983841,-3.397573911673588,58.103030491001704,57.634682183521036,-0.46834830748066736,0.46834830748066736,-0.8060651974998094,41.08504686767604,40.75387460349922,-0.33117226417682133,0.33117226417682133,-0.8060651974998074,66.67536024424788,67.69806457757862,1.0227043333307364,1.0227043333307364,1.533856479491561,0.61619534888408,0.6019946782495872,-0.014200670634492818,0.014200670634492818,-2.3045728372033327,1.8329854225500062,1.9113046198778378,0.07831919732783166,0.07831919732783166,4.272767058827769,0.7566347050287014,0.7865281859705516,0.02989348094185018,0.02989348094185018,3.9508471846683575,619.9552348513338,554.9106664779688,-65.044568373365,65.044568373365,-10.491816943680263,678.2229963315759,647.7333849313059,-30.489611400270064,30.489611400270064,-4.495514243130149,0.9140876057057852,0.8566961027287775,-0.05739150297700768,0.05739150297700768,-6.278556083548968,pleth_6
s17_sit,qppg,qppg (slope-sum),mid_upslope,lipponen_tarvainen,0.5,100.0,True,False,621,308,0.49395522295903876,0.09120521172638436,0.00323969177225366,293,15,15,0.9512987012987013,0.9512987012987013,0.9512987012987013,277.0000000000156,3.0971223021582635,3.830491074327552,-0.11151079136677643,3.835772702064639,278,783.3583617747444,782.336917562724,-1.0214442120203557,1.0214442120203557,-0.13039296723739743,55.378627374734414,55.86405421247449,0.48542683774007855,0.48542683774007855,0.8765598945876845,58.00566812171433,57.51721669054627,-0.488451431168059,0.488451431168059,-0.8420753470904475,46.917808219178085,45.68345323741007,-1.2343549817680142,1.2343549817680142,-2.630887990337665,58.103030491001704,57.61977246434702,-0.4832580266546813,0.4832580266546813,-0.8317260262862236,41.08504686767604,40.74333183996569,-0.3417150277103502,0.3417150277103502,-0.8317260262862132,66.67536024424788,67.68726628167971,1.011906037431828,1.011906037431828,1.5176611475738155,0.61619534888408,0.6019349587914044,-0.014260390092675657,0.014260390092675657,-2.3142644809800976,1.8329854225500062,1.8709374989402376,0.03795207639023146,0.03795207639023146,2.070506176608509,0.7566347050287014,0.787401614306167,0.030766909277465504,0.030766909277465504,4.0662831182582915,619.9552348513338,556.697803353697,-63.25743149763673,63.25743149763673,-10.20354824696431,678.2229963315759,647.5445589955452,-30.678437336030697,30.678437336030697,-4.523355519050011,0.9140876057057852,0.8597057849072698,-0.05438182079851539,0.05438182079851539,-5.949300751816463,pleth_6
s17_sit,terma,TERMA,mid_upslope,lipponen_tarvainen,0.5,100.0,True,False,622,308,0.49395522295903876,0.09120521172638436,0.00040132626987369037,293,15,15,0.9512987012987013,0.9512987012987013,0.9512987012987013,277.00000000000136,3.125899280576433,3.8660112733240886,-0.1043165467624243,3.871573165146692,278,783.3583617747444,782.3440860215054,-1.0142757532389624,1.0142757532389624,-0.12947787407809896,55.378627374734414,55.87444068063565,0.49581330590123684,0.49581330590123684,0.8953152676504285,58.00566812171433,57.532099266784016,-0.4735688549303134,0.4735688549303134,-0.8164182402599267,46.917808219178085,45.32374100719424,-1.594067211983841,1.594067211983841,-3.397573911673588,58.103030491001704,57.634682183521036,-0.46834830748066736,0.46834830748066736,-0.8060651974998094,41.08504686767604,40.75387460349922,-0.33117226417682133,0.33117226417682133,-0.8060651974998074,66.67536024424788,67.69806457757862,1.0227043333307364,1.0227043333307364,1.533856479491561,0.61619534888408,0.6019946782495872,-0.014200670634492818,0.014200670634492818,-2.3045728372033327,1.8329854225500062,1.9113046198778378,0.07831919732783166,0.07831919732783166,4.272767058827769,0.7566347050287014,0.7865281859705516,0.02989348094185018,0.02989348094185018,3.9508471846683575,619.9552348513338,554.9106664779688,-65.044568373365,65.044568373365,-10.491816943680263,678.2229963315759,647.7333849313059,-30.489611400270064,30.489611400270064,-4.495514243130149,0.9140876057057852,0.8566961027287775,-0.05739150297700768,0.05739150297700768,-6.278556083548968,pleth_6
s17_sit,heartpy,HeartPy,mid_upslope,lipponen_tarvainen,0.5,100.0,True,False,622,308,0.49395522295903876,0.09120521172638436,0.03833323454216409,293,15,15,0.9512987012987013,0.9512987012987013,0.9512987012987013,277.00000000000136,3.125899280576433,3.8660112733240886,-0.1043165467624243,3.871573165146692,278,783.3583617747444,782.3440860215054,-1.0142757532389624,1.0142757532389624,-0.12947787407809896,55.378627374734414,55.87444068063565,0.49581330590123684,0.49581330590123684,0.8953152676504285,58.00566812171433,57.532099266784016,-0.4735688549303134,0.4735688549303134,-0.8164182402599267,46.917808219178085,45.32374100719424,-1.594067211983841,1.594067211983841,-3.397573911673588,58.103030491001704,57.634682183521036,-0.46834830748066736,0.46834830748066736,-0.8060651974998094,41.08504686767604,40.75387460349922,-0.33117226417682133,0.33117226417682133,-0.8060651974998074,66.67536024424788,67.69806457757862,1.0227043333307364,1.0227043333307364,1.533856479491561,0.61619534888408,0.6019946782495872,-0.014200670634492818,0.014200670634492818,-2.3045728372033327,1.8329854225500062,1.9113046198778378,0.07831919732783166,0.07831919732783166,4.272767058827769,0.7566347050287014,0.7865281859705516,0.02989348094185018,0.02989348094185018,3.9508471846683575,619.9552348513338,554.9106664779688,-65.044568373365,65.044568373365,-10.491816943680263,678.2229963315759,647.7333849313059,-30.489611400270064,30.489611400270064,-4.495514243130149,0.9140876057057852,0.8566961027287775,-0.05739150297700768,0.05739150297700768,-6.278556083548968,pleth_6
s17_sit,findpeaks,find_peaks baseline,mid_upslope,lipponen_tarvainen,0.5,100.0,True,False,622,308,0.49395522295903876,0.09120521172638436,0.00013408414466134353,293,15,15,0.9512987012987013,0.9512987012987013,0.9512987012987013,277.00000000000136,3.125899280576433,3.8660112733240886,-0.1043165467624243,3.871573165146692,278,783.3583617747444,782.3440860215054,-1.0142757532389624,1.0142757532389624,-0.12947787407809896,55.378627374734414,55.87444068063565,0.49581330590123684,0.49581330590123684,0.8953152676504285,58.00566812171433,57.532099266784016,-0.4735688549303134,0.4735688549303134,-0.8164182402599267,46.917808219178085,45.32374100719424,-1.594067211983841,1.594067211983841,-3.397573911673588,58.103030491001704,57.634682183521036,-0.46834830748066736,0.46834830748066736,-0.8060651974998094,41.08504686767604,40.75387460349922,-0.33117226417682133,0.33117226417682133,-0.8060651974998074,66.67536024424788,67.69806457757862,1.0227043333307364,1.0227043333307364,1.533856479491561,0.61619534888408,0.6019946782495872,-0.014200670634492818,0.014200670634492818,-2.3045728372033327,1.8329854225500062,1.9113046198778378,0.07831919732783166,0.07831919732783166,4.272767058827769,0.7566347050287014,0.7865281859705516,0.02989348094185018,0.02989348094185018,3.9508471846683575,619.9552348513338,554.9106664779688,-65.044568373365,65.044568373365,-10.491816943680263,678.2229963315759,647.7333849313059,-30.489611400270064,30.489611400270064,-4.495514243130149,0.9140876057057852,0.8566961027287775,-0.05739150297700768,0.05739150297700768,-6.278556083548968,pleth_6
s18_sit,msptdfast,MSPTDfast v2,mid_upslope,lipponen_tarvainen,1.0,100.0,True,False,615,616,0.9906343774894848,0.0,0.024890295498210153,615,0,1,0.9983766233766234,1.0,0.9991876523151909,271.00000000000966,3.2703583061904036,5.416526766755157,0.013029315960953157,5.42092733070111,614,786.0422764227643,785.9674267100977,-0.07484971266660523,0.07484971266660523,-0.009522352030127718,44.933155217569485,45.615553365764555,0.6823981481950696,0.6823981481950696,1.5186962609032237,22.09720898555063,23.03632141650644,0.9391124309558094,0.9391124309558094,4.249914238354243,3.0944625407166124,3.4257748776508974,0.33131233693428497,0.33131233693428497,10.706619730402682,22.115109171773625,23.055111135346586,0.9400019635729606,0.9400019635729606,4.250496600635016,15.637743662041943,16.302425424813055,0.6646817627711119,0.6646817627711119,4.250496600635024,61.590890956152364,62.41625063233322,0.8253596761808524,0.8253596761808524,1.340067765488959,0.25389701982351137,0.2611887971426464,0.007291777319135051,0.007291777319135051,2.8719428547068824,1.34471024908347,1.3187405458605597,-0.025969703222910256,0.025969703222910256,-1.931248998853897,1.450018359229974,1.4377591561985106,-0.01225920303146344,0.01225920303146344,-0.8454515733148121,990.5337457672401,1016.8231988005962,26.28945303335604,26.28945303335604,2.6540693990180975,146.1120254253738,166.95646745972877,20.844442034354984,20.844442034354984,14.266068774059402,6.779275989662821,6.090349264522274,-0.6889267251405471,0.6889267251405471,-10.162246325286604,pleth_6
s18_sit,msptd,MSPTD,mid_upslope,lipponen_tarvainen,1.0,100.0,True,False,615,616,0.9906343774894848,0.0,0.9021665297664266,615,0,1,0.9983766233766234,1.0,0.9991876523151909,271.00000000000966,3.26710097720016,5.415323896039263,0.013029315960953157,5.419723475766959,614,786.0422764227643,785.9674267100977,-0.07484971266660523,0.07484971266660523,-0.009522352030127718,44.933155217569485,45.61691231647596,0.6837570989064758,0.6837570989064758,1.5217206439113302,22.09720898555063,23.035896521475895,0.9386875359252649,0.9386875359252649,4.247991393569536,3.0944625407166124,3.4257748776508974,0.33131233693428497,0.33131233693428497,10.706619730402682,22.115109171773625,23.054685892894764,0.9395767211211385,0.9395767211211385,4.248573741251781,15.637743662041943,16.30212473299172,0.6643810709497782,0.6643810709497782,4.248573741251779,61.590890956152364,62.41831548326254,0.8274245271101748,0.8274245271101748,1.3434202919701759,0.25389701982351137,0.2611753394300289,0.007278319606517536,0.007278319606517536,2.866642393666863,1.34471024908347,1.3169332333223882,-0.027777015761081714,0.027777015761081714,-2.065650632172546,1.450018359229974,1.437580497693371,-0.012437861536602979,0.012437861536602979,-0.8577726935270014,990.5337457672401,1016.9455049059509,26.41175913871075,26.41175913871075,2.6664168940809714,146.1120254253738,167.0601907743334,20.948165348959606,20.948165348959606,14.337057670628766,6.779275989662821,6.087300033552884,-0.6919759561099372,0.6919759561099372,-10.207225036494698,pleth_6
s18_sit,qppg,qppg (slope-sum),mid_upslope,lipponen_tarvainen,1.0,100.0,True,False,611,616,0.9906343774894848,0.004918032786885246,0.00631143068267222,612,0,4,0.9935064935064936,1.0,0.9967426710097721,271.0000000000199,3.054187192119647,4.115731364336239,-0.013136288998293933,4.119093640262195,609,786.0422764227643,785.1986863711002,-0.8435900516641368,0.8435900516641368,-0.10732120611925218,44.933155217569485,44.87586971282063,-0.05728550474885452,0.05728550474885452,-0.12749050110430504,22.09720898555063,22.361010769453177,0.26380178390254727,0.26380178390254727,1.1938239986554289,3.0944625407166124,3.453947368421053,0.3594848277044407,0.3594848277044407,11.617036011080346,22.115109171773625,22.37929988348546,0.2641907117118336,0.2641907117118336,1.1946163578022508,15.637743662041943,15.824554705819882,0.18681104377793822,0.18681104377793822,1.1946163578022537,61.590890956152364,61.45950563848214,-0.13138531767022243,0.13138531767022243,-0.2133193977722419,0.25389701982351137,0.2574793685927653,0.0035823487692539513,0.0035823487692539513,1.4109455761804963,1.34471024908347,1.405907105711225,0.06119685662775498,0.06119685662775498,4.550932564800904,1.450018359229974,1.4421870715776306,-0.007831287652343422,0.007831287652343422,-0.5400819653416108,990.5337457672401,1017.0486668833679,26.514921116127766,26.514921116127766,2.676831680841932,146.1120254253738,166.6710493822045,20.559023956830714,20.559023956830714,14.070726825514553,6.779275989662821,6.102131537859978,-0.6771444518028433,0.6771444518028433,-9.988447923279226,pleth_6
s18_sit,terma,TERMA,mid_upslope,lipponen_tarvainen,1.0,100.0,True,False,616,616,0.9906343774894848,0.0016260162601626016,0.00042017757128317055,616,1,0,1.0,0.9983792544570502,0.9991889699918897,271.00000000000966,3.2861788617902414,5.7354977952522175,0.004878048780443809,5.7401644198167645,615,786.0422764227643,785.8733766233767,-0.16889979938764554,0.16889979938764554,-0.02148736835839153,44.933155217569485,45.787670498924335,0.8545152813548498,0.8545152813548498,1.9017477789334556,22.09720898555063,23.537342757096585,1.4401337715459555,1.4401337715459555,6.517265472248823,3.0944625407166124,3.414634146341464,0.32017160562485136,0.32017160562485136,10.346598202824145,22.115109171773625,23.555134203449203,1.440025031675578,1.440025031675578,6.511498634216728,15.637743662041943,16.65599512701812,1.018251464976176,1.018251464976176,6.51149863421674,61.590890956152364,62.574750225349526,0.9838592691971613,0.9838592691971613,1.5974103539070217,0.25389701982351137,0.2661775726956181,0.01228055287210672,0.01228055287210672,4.836824347384292,1.34471024908347,1.3145131802830166,-0.030197068800453364,0.030197068800453364,-2.245618996436975,1.450018359229974,1.4834653968878415,0.033447037657867495,0.033447037657867495,2.3066630463651094,990.5337457672401,1024.8971834066945,34.36343763945433,34.36343763945433,3.469183941112209,146.1120254253738,167.45900959318283,21.34698416780904,21.34698416780904,14.610011808173818,6.779275989662821,6.120286904219321,-0.6589890854435003,0.6589890854435003,-9.720641060318837,pleth_6
s18_sit,heartpy,HeartPy,mid_upslope,lipponen_tarvainen,1.0,100.0,True,False,614,616,0.9906343774894848,0.0,0.036107508595047653,614,0,2,0.9967532467532467,1.0,0.9983739837398374,271.00000000002444,3.044189852702123,4.147051483469426,0.006546644844527233,4.150444142423481,611,786.0422764227643,788.6117455138663,2.5694690911019507,2.5694690911019507,0.32688688231827234,44.933155217569485,71.22251327891472,26.289358061345233,26.289358061345233,58.5077053548773,22.09720898555063,56.44515528861323,34.3479463030626,34.3479463030626,155.44020208852046,3.0944625407166124,3.431372549019608,0.33691000830299567,0.33691000830299567,10.887512899896807,22.115109171773625,56.49128137764275,34.376172205869125,34.376172205869125,155.44201902355866,15.637743662041943,39.94536814004852,24.30762447800658,24.30762447800658,155.44201902355871,61.590890956152364,92.46437346181698,30.87348250566461,30.87348250566461,50.12670222232048,0.25389701982351137,0.432008206453093,0.17811118662958164,0.17811118662958164,70.15095598734878,1.34471024908347,0.9581291449853008,-0.38658110409816915,0.38658110409816915,-28.7482827145592,1.450018359229974,0.8609915189269073,-0.5890268403030667,0.5890268403030667,-40.622026373229296,990.5337457672401,1017.1754152483218,26.641669481081635,26.641669481081635,2.6896276472080953,146.1120254253738,167.0997470924533,20.987721667079512,20.987721667079512,14.364130266470722,6.779275989662821,6.087234917749677,-0.6920410719131445,0.6920410719131445,-10.208185549140984,pleth_6
s18_sit,findpeaks,find_peaks baseline,mid_upslope,lipponen_tarvainen,1.0,100.0,True,False,615,616,0.9906343774894848,0.0016286644951140066,0.00014140067448422582,616,0,0,1.0,1.0,1.0,271.00000000000966,3.2861788617902414,5.7354977952522175,0.004878048780443809,5.7401644198167645,615,786.0422764227643,786.0471544715447,0.0048780487803696815,0.0048780487803696815,0.0006205835139770619,44.933155217569485,45.62118544172215,0.6880302241526621,0.6880302241526621,1.5312306042635369,22.09720898555063,23.118798138345554,1.021589152794924,1.021589152794924,4.623159211930074,3.0944625407166124,3.257328990228013,0.16286644951140072,0.16286644951140072,5.263157894736844,22.115109171773625,23.137536394012297,1.0224272222386723,1.0224272222386723,4.62320676012595,15.637743662041943,16.360708884156633,0.7229652221146896,0.7229652221146896,4.623206760125944,61.590890956152364,62.4092327065786,0.8183417504262351,0.8183417504262351,1.32867334393462,0.25389701982351137,0.26215205947295744,0.008255039649446072,0.008255039649446072,3.2513338105284997,1.34471024908347,1.3145131802830166,-0.030197068800453364,0.030197068800453364,-2.245618996436975,1.450018359229974,1.4379624875266337,-0.012055871703340326,0.012055871703340326,-0.8314289006480267,990.5337457672401,1016.8674454696956,26.33369970245542,26.33369970245542,2.6585363512333506,146.1120254253738,167.0450611947942,20.9330357694204,20.9330357694204,14.3267028901135,6.779275989662821,6.087384075868657,-0.6918919137941639,0.6918919137941639,-10.205985341932898,pleth_6
s18_sit,msptdfast,MSPTDfast v2,mid_upslope,lipponen_tarvainen,0.9,100.0,True,False,615,546,0.8874432965009968,0.014625228519195612,0.024425192658195826,544,4,2,0.9963369963369964,0.9927007299270073,0.9945155393053016,270.0000000000151,2.916512059370848,3.9958234224937352,-0.03710575139158801,3.9993628407435597,539,786.4362292051757,786.2115027829312,-0.22472642224443007,0.22472642224443007,-0.02857528861196456,45.24994474945614,45.86917489698277,0.6192301475266291,0.6192301475266291,1.3684660853294668,22.29382907476353,22.842193398544563,0.5483643237810334,0.5483643237810334,2.4597135016244396,3.3333333333333335,3.717472118959108,0.3841387856257743,0.3841387856257743,11.52416356877323,22.31444818222964,22.86340824198223,0.5489600597525914,0.5489600597525914,2.4601103969479374,15.778697628090407,16.16687100894204,0.3881733808516312,0.3881733808516312,2.460110396947947,62.01731774931064,62.82192844254479,0.8046106932341459,0.8046106932341459,1.2973967956604986,0.2544240576780797,0.2573443924716163,0.002920334793536594,0.002920334793536594,1.1478217980595473,1.369326574422701,1.3128347712750796,-0.05649180314762137,0.05649180314762137,-4.125517185076024,1.466549023988494,1.43769923092231,-0.02884979306618396,0.02884979306618396,-1.9671891354659758,841.2112345266914,861.003166318698,19.791931792006608,19.791931792006608,2.352789760724316,138.42377828827915,158.93597290909,20.512194620810845,20.512194620810845,14.818403943643611,6.0770717641791165,5.417295723298491,-0.6597760408806259,0.6597760408806259,-10.856808451228611,pleth_6
s18_sit,msptd,MSPTD,mid_upslope,lipponen_tarvainen,0.9,100.0,True,False,615,546,0.8874432965009968,0.014625228519195612,0.8913979873610791,544,4,2,0.9963369963369964,0.9927007299270073,0.9945155393053016,270.0000000000151,2.9128014842316836,3.99396576389841,-0.03710575139158801,3.9975033762892815,539,786.4362292051757,786.2115027829312,-0.22472642224443007,0.22472642224443007,-0.02857528861196456,45.24994474945614,45.87071472814123,0.6207699786850895,0.6207699786850895,1.3718690312711388,22.29382907476353,22.841705155784545,0.5478760810210161,0.5478760810210161,2.4575234661739125,3.3333333333333335,3.717472118959108,0.3841387856257743,0.3841387856257743,11.52416356877323,22.31444818222964,22.862919543899494,0.5484713616698542,0.5484713616698542,2.4579203446609785,15.778697628090407,16.166525447213782,0.38782781912337505,0.38782781912337505,2.457920344660989,62.01731774931064,62.82426596710553,0.8069482177948899,0.8069482177948899,1.3011659437719871,0.2544240576780797,0.25732931691837824,0.002905259240298552,0.002905259240298552,1.1418964333846717,1.369326574422701,1.3122187907482696,-0.05710778367443137,0.05710778367443137,-4.170501379373845,1.466549023988494,1.4376932903939756,-0.028855733594518318,0.028855733594518318,-1.9675942039796899,841.2112345266914,861.1460102970342,19.934775770342753,19.934775770342753,2.3697705109179954,138.42377828827915,159.05642679550613,20.632648507226975,20.632648507226975,14.905422148106485,6.0770717641791165,5.414091260859158,-0.6629805033199583,0.6629805033199583,-10.909538821441133,pleth_6
s18_sit,qppg,qppg (slope-sum),mid_upslope,lipponen_tarvainen,0.9,100.0,True,False,611,546,0.8874432965009968,0.016483516483516484,0.0031971981555212704,544,4,2,0.9963369963369964,0.9927007299270073,0.9945155393053016,270.99999999997726,2.949907235622949,4.0143527285619705,-0.040816326530743435,4.017874107475763,539,786.4362292051757,786.2077922077921,-0.22843699738359646,0.22843699738359646,-0.029047110102553383,45.24994474945614,45.864572085934334,0.6146273364781933,0.6146273364781933,1.3582941147913348,22.29382907476353,22.793847405690528,0.5000183309269985,0.5000183309269985,2.242855317721154,3.3333333333333335,3.903345724907063,0.5700123915737296,0.5700123915737296,17.100371747211888,22.31444818222964,22.81502072795041,0.5005725457207717,0.5005725457207717,2.2432665223575112,15.778697628090407,16.13265586964538,0.353958241554972,0.353958241554972,2.2432665223575188,62.01731774931064,62.82400305490991,0.8066853055992667,0.8066853055992667,1.300742010256052,0.2544240576780797,0.2567912753911112,0.0023672177130314997,0.0023672177130314997,0.9304221207047635,1.369326574422701,1.3110545269324854,-0.05827204749021564,0.05827204749021564,-4.255525933598619,1.466549023988494,1.4383393568204743,-0.028209667168019648,0.028209667168019648,-1.9235406867817717,841.2112345266914,863.6920099390361,22.480775412344656,22.480775412344656,2.672429288821076,138.42377828827915,158.63997757124392,20.216199282964766,20.216199282964766,14.604571218149264,6.0770717641791165,5.444352824313525,-0.6327189398655912,0.6327189398655912,-10.411575910541483,pleth_6
s18_sit,terma,TERMA,mid_upslope,lipponen_tarvainen,0.9,100.0,True,False,616,546,0.8874432965009968,0.014598540145985401,0.000400823051617317,544,5,2,0.9963369963369964,0.9908925318761385,0.9936073059360732,270.0000000000151,2.916512059370848,3.9953590888192094,-0.03710575139158801,3.998898055690004,539,786.4362292051757,786.012962962963,-0.4232662422126623,0.4232662422126623,-0.053820796460565284,45.24994474945614,46.05886588530528,0.8089211358491397,0.8089211358491397,1.7876732012117256,22.29382907476353,23.324205299981863,1.0303762252183333,1.0303762252183333,4.621800148206539,3.3333333333333335,3.896103896103896,0.5627705627705626,0.5627705627705626,16.883116883116877,22.31444818222964,23.34530005528145,1.0308518730518088,1.0308518730518088,4.6196610583126105,15.778697628090407,16.507619977924197,0.7289223498337893,0.7289223498337893,4.619661058312618,62.01731774931064,63.010608122327426,0.9932903730167837,0.9932903730167837,1.6016338807684483,0.2544240576780797,0.26198160071517895,0.007557543037099268,0.007557543037099268,2.970451421170931,1.369326574422701,1.3107620717501098,-0.05856450267259117,0.05856450267259117,-4.276883525559385,1.466549023988494,1.4239799789603167,-0.042569045028177266,0.042569045028177266,-2.902667713923708,841.2112345266914,864.0235505867083,22.812316060016883,22.812316060016883,2.71184158314912,138.42377828827915,158.9873696267933,20.563591338514158,20.563591338514158,14.855533921122099,6.0770717641791165,5.434542081015088,-0.6425296831640281,0.6425296831640281,-10.573014571777405,pleth_6
s18_sit,heartpy,HeartPy,mid_upslope,lipponen_tarvainen,0.9,100.0,True,False,614,546,0.8874432965009968,0.014625228519195612,0.034990333059961035,544,4,2,0.9963369963369964,0.9927007299270073,0.9945155393053016,270.0000000000151,2.916512059370848,3.9953590888192094,-0.03710575139158801,3.998898055690004,539,786.4362292051757,786.2115027829312,-0.22472642224443007,0.22472642224443007,-0.02857528861196456,45.24994474945614,45.86978273124671,0.6198379817905675,0.6198379817905675,1.369809367110923,22.29382907476353,22.8410541492035,0.5472250744399716,0.5472250744399716,2.454603346086594,3.3333333333333335,3.717472118959108,0.3841387856257743,0.3841387856257743,11.52416356877323,22.31444818222964,22.86226793020628,0.5478197479766393,0.5478197479766393,2.455000202124208,15.778697628090407,16.166064686752595,0.38736705866218735,0.38736705866218735,2.4550002021242094,62.01731774931064,62.8230235516191,0.8057058023084593,0.8057058023084593,1.299162607395118,0.2544240576780797,0.25732707171391717,0.002903014035837481,0.002903014035837481,1.1410139679128288,1.369326574422701,1.3107620717501098,-0.05856450267259117,0.05856450267259117,-4.276883525559385,1.466549023988494,1.4377541046797735,-0.028794919308720468,0.028794919308720468,-1.963447442787046,841.2112345266914,861.0562936145046,19.845059087813183,19.845059087813183,2.3591053320845186,138.42377828827915,159.0388787179421,20.61510042966296,20.61510042966296,14.892745079339102,6.0770717641791165,5.414124524491909,-0.6629472396872078,0.6629472396872078,-10.90899145859861,pleth_6
s18_sit,findpeaks,find_peaks baseline,mid_upslope,lipponen_tarvainen,0.9,100.0,True,False,615,546,0.8874432965009968,0.014625228519195612,0.0001381191983493599,544,4,2,0.9963369963369964,0.9927007299270073,0.9945155393053016,270.0000000000151,2.916512059370848,3.9953590888192094,-0.03710575139158801,3.998898055690004,539,786.4362292051757,786.2115027829312,-0.22472642224443007,0.22472642224443007,-0.02857528861196456,45.24994474945614,45.86978273124671,0.6198379817905675,0.6198379817905675,1.369809367110923,22.29382907476353,22.8410541492035,0.5472250744399716,0.5472250744399716,2.454603346086594,3.3333333333333335,3.717472118959108,0.3841387856257743,0.3841387856257743,11.52416356877323,22.31444818222964,22.86226793020628,0.5478197479766393,0.5478197479766393,2.455000202124208,15.778697628090407,16.166064686752595,0.38736705866218735,0.38736705866218735,2.4550002021242094,62.01731774931064,62.8230235516191,0.8057058023084593,0.8057058023084593,1.299162607395118,0.2544240576780797,0.25732707171391717,0.002903014035837481,0.002903014035837481,1.1410139679128288,1.369326574422701,1.3107620717501098,-0.05856450267259117,0.05856450267259117,-4.276883525559385,1.466549023988494,1.4377541046797735,-0.028794919308720468,0.028794919308720468,-1.963447442787046,841.2112345266914,861.0562936145046,19.845059087813183,19.845059087813183,2.3591053320845186,138.42377828827915,159.0388787179421,20.61510042966296,20.61510042966296,14.892745079339102,6.0770717641791165,5.414124524491909,-0.6629472396872078,0.6629472396872078,-10.90899145859861,pleth_6
s18_sit,msptdfast,MSPTDfast v2,mid_upslope,lipponen_tarvainen,0.75,100.0,True,False,615,456,0.7429757831171137,0.03056768558951965,0.027076340762028226,451,8,5,0.9890350877192983,0.9825708061002179,0.985792349726776,269.99999999999915,2.742663656886078,3.817211822103408,-0.02934537246082664,3.8214145678005025,443,788.0625000000002,788.0360360360357,-0.026463963964488357,0.026463963964488357,-0.003358104714345417,44.87033892713773,45.40829130997659,0.5379523828388599,0.5379523828388599,1.1989042108917625,23.241558088288503,23.719628316952402,0.47807022866389914,0.47807022866389914,2.056962906048886,3.5794183445190155,3.837471783295711,0.2580534387766953,0.2580534387766953,7.209367945823925,23.267514550857996,23.746378107482204,0.47886355662420854,0.47886355662420854,2.05807782166639,16.452617320268356,16.791224988420442,0.3386076681520862,0.3386076681520862,2.0580778216663904,61.28626285053796,61.98290573030306,0.6966428797651005,0.6966428797651005,1.136703149063013,0.2684552223455397,0.2709009006689939,0.0024456783234542145,0.0024456783234542145,0.9110190899196894,1.3811013426988121,1.2934839988073492,-0.08761734389146292,0.08761734389146292,-6.3440198906946055,1.4611225999059245,1.4902102483432778,0.02908764843735323,0.02908764843735323,1.9907739733288679,619.3634758157989,626.4385748554328,7.075099039633869,7.075099039633869,1.1423177691120474,88.58623562056523,96.72659984181173,8.1403642212465,8.1403642212465,9.189197581567312,6.991644598926992,6.476383702930948,-0.5152608959960441,0.5152608959960441,-7.369666588532277,pleth_6
s18_sit,msptd,MSPTD,mid_upslope,lipponen_tarvainen,0.75,100.0,True,False,615,456,0.7429757831171137,0.03056768558951965,0.8859863622660461,451,8,5,0.9890350877192983,0.9825708061002179,0.985792349726776,269.99999999999915,2.738148984199826,3.8154373375469124,-0.02934537246082664,3.8196380245206685,443,788.0625000000002,788.0360360360357,-0.026463963964488357,0.026463963964488357,-0.003358104714345417,44.87033892713773,45.40943467126052,0.5390957441227897,0.5390957441227897,1.2014523558607284,23.241558088288503,23.72038964426713,0.47883155597862626,0.47883155597862626,2.0602386215230166,3.5794183445190155,3.837471783295711,0.2580534387766953,0.2580534387766953,7.209367945823925,23.267514550857996,23.74714029769749,0.47962574683949555,0.47962574683949555,2.061353591468192,16.452617320268356,16.791763938290227,0.3391466180218714,0.3391466180218714,2.0613535914682033,61.28626285053796,61.9844349669148,0.6981721163768384,0.6981721163768384,1.1391983846029372,0.2684552223455397,0.27090291211419615,0.002447689768656447,0.002447689768656447,0.9117683564769418,1.3811013426988121,1.2948727150552581,-0.08622862764355399,0.08622862764355399,-6.243468525999295,1.4611225999059245,1.4901002071057199,0.028977607199795363,0.028977607199795363,1.9832426930950975,619.3634758157989,626.5223952827677,7.158919466968769,7.158919466968769,1.1558510868822782,88.58623562056523,96.74386548096312,8.15762986039789,8.15762986039789,9.208687786823738,6.991644598926992,6.4760942946408555,-0.5155503042861369,0.5155503042861369,-7.373805933517536,pleth_6
s18_sit,qppg,qppg (slope-sum),mid_upslope,lipponen_tarvainen,0.75,100.0,True,False,611,456,0.7429757831171137,0.030634573304157548,0.0032169241632044447,450,8,6,0.9868421052631579,0.982532751091703,0.9846827133479211,270.0000000000151,2.7647058823540185,3.8224154311774727,-0.018099547511642732,3.826703881049497,442,788.0625000000002,788.1060948081263,0.04359480812604488,0.04359480812604488,0.005531897295715108,44.87033892713773,45.42464331932419,0.5543043921864594,0.5543043921864594,1.2353470141746896,23.241558088288503,23.736677616158147,0.49511952786964386,0.49511952786964386,2.1303198606083824,3.5794183445190155,4.072398190045249,0.4929798455262331,0.4929798455262331,13.772624434389137,23.267514550857996,23.763512534241688,0.49599798338369183,0.49599798338369183,2.131718806061311,16.452617320268356,16.80334085777382,0.3507235375054627,0.3507235375054627,2.131718806061321,61.28626285053796,62.00358197227896,0.7173191217409993,0.7173191217409993,1.170440304853248,0.2684552223455397,0.27100596970811114,0.002550747362571437,0.002550747362571437,0.9501574751592151,1.3811013426988121,1.2957179179657645,-0.08538342473304761,0.08538342473304761,-6.182270778638136,1.4611225999059245,1.4697277180729247,0.008605118167000159,0.008605118167000159,0.5889388178346023,619.3634758157989,629.1589078065866,9.795431990787733,9.795431990787733,1.58153206852981,88.58623562056523,95.82910337478272,7.242867754217485,7.242867754217485,8.17606449069618,6.991644598926992,6.565426218650699,-0.42621838027629355,0.42621838027629355,-6.096110496544765,pleth_6
s18_sit,terma,TERMA,mid_upslope,lipponen_tarvainen,0.75,100.0,True,False,616,456,0.7429757831171137,0.030501089324618737,0.0004366097189064936,451,9,5,0.9890350877192983,0.9804347826086957,0.9847161572052402,269.99999999999915,2.742663656886078,3.817211822103408,-0.02934537246082664,3.8214145678005025,443,788.0625000000002,787.7910112359548,-0.27148876404544353,0.27148876404544353,-0.03445015643371477,44.87033892713773,45.6506900780889,0.7803511509511694,0.7803511509511694,1.7391247082361805,23.241558088288503,24.281800918710076,1.0402428304215725,1.0402428304215725,4.475787838620657,3.5794183445190155,4.054054054054054,0.47463570953503886,0.47463570953503886,13.26013513513515,23.267514550857996,24.30840005221786,1.0408855013598632,1.0408855013598632,4.473556894462027,16.452617320268356,17.188634516718675,0.7360171964503195,0.7360171964503195,4.473556894462032,61.28626285053796,62.229589848094896,0.9433269975569374,0.9433269975569374,1.5392144237240875,0.2684552223455397,0.27621320594715265,0.00775798360161295,0.00775798360161295,2.8898613086495786,1.3811013426988121,1.2934839988073492,-0.08761734389146292,0.08761734389146292,-6.3440198906946055,1.4611225999059245,1.469329805845749,0.00820720593982438,0.00820720593982438,0.5617054955109727,619.3634758157989,625.6538413491552,6.290365533356294,6.290365533356294,1.0156177719506134,88.58623562056523,96.38434015140092,7.798104530835687,7.798104530835687,8.802839940322922,6.991644598926992,6.491239555786506,-0.5004050431404865,0.5004050431404865,-7.157186496826278,pleth_6
s18_sit,heartpy,HeartPy,mid_upslope,lipponen_tarvainen,0.75,100.0,True,False,614,456,0.7429757831171137,0.03056768558951965,0.03466947896742843,451,8,5,0.9890350877192983,0.9825708061002179,0.985792349726776,269.99999999999915,2.742663656886078,3.817211822103408,-0.02934537246082664,3.8214145678005025,443,788.0625000000002,788.0360360360357,-0.026463963964488357,0.026463963964488357,-0.003358104714345417,44.87033892713773,45.40829130997659,0.5379523828388599,0.5379523828388599,1.1989042108917625,23.241558088288503,23.719628316952402,0.47807022866389914,0.47807022866389914,2.056962906048886,3.5794183445190155,3.837471783295711,0.2580534387766953,0.2580534387766953,7.209367945823925,23.267514550857996,23.746378107482204,0.47886355662420854,0.47886355662420854,2.05807782166639,16.452617320268356,16.791224988420442,0.3386076681520862,0.3386076681520862,2.0580778216663904,61.28626285053796,61.98290573030306,0.6966428797651005,0.6966428797651005,1.136703149063013,0.2684552223455397,0.2709009006689939,0.0024456783234542145,0.0024456783234542145,0.9110190899196894,1.3811013426988121,1.2934839988073492,-0.08761734389146292,0.08761734389146292,-6.3440198906946055,1.4611225999059245,1.4902102483432778,0.02908764843735323,0.02908764843735323,1.9907739733288679,619.3634758157989,626.4385748554328,7.075099039633869,7.075099039633869,1.1423177691120474,88.58623562056523,96.72659984181173,8.1403642212465,8.1403642212465,9.189197581567312,6.991644598926992,6.476383702930948,-0.5152608959960441,0.5152608959960441,-7.369666588532277,pleth_6
s18_sit,findpeaks,find_peaks baseline,mid_upslope,lipponen_tarvainen,0.75,100.0,True,False,615,456,0.7429757831171137,0.03056768558951965,0.0001410415694909137,451,8,5,0.9890350877192983,0.9825708061002179,0.985792349726776,269.99999999999915,2.742663656886078,3.817211822103408,-0.02934537246082664,3.8214145678005025,443,788.0625000000002,788.0360360360357,-0.026463963964488357,0.026463963964488357,-0.003358104714345417,44.87033892713773,45.40829130997659,0.5379523828388599,0.5379523828388599,1.1989042108917625,23.241558088288503,23.719628316952402,0.47807022866389914,0.47807022866389914,2.056962906048886,3.5794183445190155,3.837471783295711,0.2580534387766953,0.2580534387766953,7.209367945823925,23.267514550857996,23.746378107482204,0.47886355662420854,0.47886355662420854,2.05807782166639,16.452617320268356,16.791224988420442,0.3386076681520862,0.3386076681520862,2.0580778216663904,61.28626285053796,61.98290573030306,0.6966428797651005,0.6966428797651005,1.136703149063013,0.2684552223455397,0.2709009006689939,0.0024456783234542145,0.0024456783234542145,0.9110190899196894,1.3811013426988121,1.2934839988073492,-0.08761734389146292,0.08761734389146292,-6.3440198906946055,1.4611225999059245,1.4902102483432778,0.02908764843735323,0.02908764843735323,1.9907739733288679,619.3634758157989,626.4385748554328,7.075099039633869,7.075099039633869,1.1423177691120474,88.58623562056523,96.72659984181173,8.1403642212465,8.1403642212465,9.189197581567312,6.991644598926992,6.476383702930948,-0.5152608959960441,0.5152608959960441,-7.369666588532277,pleth_6
s18_sit,msptdfast,MSPTDfast v2,mid_upslope,lipponen_tarvainen,0.5,100.0,True,False,615,304,0.4953171887447424,0.06535947712418301,0.021626935348157253,297,10,7,0.9769736842105263,0.9674267100977199,0.972176759410802,269.0000000000058,2.8216783216786516,4.241404306300967,-0.03846153846239231,4.24866415459181,286,787.303754266212,787.3881118881112,0.0843576218992439,0.0843576218992439,0.010714749096791421,46.522713773124764,46.703165660780265,0.1804518876555008,0.1804518876555008,0.3878791089778263,23.948003033968604,25.090502851343533,1.1424998173749294,1.1424998173749294,4.770751931818163,4.4520547945205475,4.56140350877193,0.10934871425138226,0.10934871425138226,2.456140350877202,23.988864337470563,25.134401266145257,1.1455369286746944,1.1455369286746944,4.775286201795588,16.962688645989573,17.772705576355058,0.8100169303654852,0.8100169303654852,4.775286201795578,63.56880514475163,63.6121238599433,0.04331871519167407,0.04331871519167407,0.06814461132788895,0.2668398219435472,0.2793917966877784,0.012551974744231198,0.012551974744231198,4.7039361114874,1.3691580788769033,1.3630194547654009,-0.006138624111502455,0.006138624111502455,-0.44835028227988566,1.434600549455997,1.4289233757742608,-0.005677173681736258,0.005677173681736258,-0.3957320164061733,507.62582624675116,516.5359379877481,8.91011174099691,8.91011174099691,1.7552518568402795,62.43920754629353,70.82637864812145,8.387171101827917,8.387171101827917,13.432539315316454,8.129921025509306,7.292988118932272,-0.8369329065770339,0.8369329065770339,-10.294477694813812,pleth_6
s18_sit,msptd,MSPTD,mid_upslope,lipponen_tarvainen,0.5,100.0,True,False,615,304,0.4953171887447424,0.06535947712418301,0.8967594739730155,297,10,7,0.9769736842105263,0.9674267100977199,0.972176759410802,269.0000000000058,2.8146853146856112,4.2381055274186235,-0.03846153846239231,4.245359457463488,286,787.303754266212,787.3881118881112,0.0843576218992439,0.0843576218992439,0.010714749096791421,46.522713773124764,46.7034661766525,0.18075240352773392,0.18075240352773392,0.38852506414221893,23.948003033968604,25.08560781201423,1.1376047780456275,1.1376047780456275,4.750311649919256,4.4520547945205475,4.56140350877193,0.10934871425138226,0.10934871425138226,2.456140350877202,23.988864337470563,25.129497570273152,1.140633232802589,1.140633232802589,4.754844651069713,16.962688645989573,17.769238139751018,0.8065494937614446,0.8065494937614446,4.754844651069712,63.56880514475163,63.6135337939991,0.04472864924747455,0.04472864924747455,0.0703625766531612,0.2668398219435472,0.27933109638734227,0.012491274443795053,0.012491274443795053,4.681188269731987,1.3691580788769033,1.3630194547654009,-0.006138624111502455,0.006138624111502455,-0.44835028227988566,1.434600549455997,1.4290837571630024,-0.005516792292994621,0.005516792292994621,-0.3845525010489225,507.62582624675116,516.636277594337,9.010451347585843,9.010451347585843,1.7750183071272587,62.43920754629353,70.81149942668152,8.37229188038799,8.37229188038799,13.408709382130812,8.129921025509306,7.29593754937027,-0.8339834761390366,0.8339834761390366,-10.258198985232958,pleth_6
s18_sit,qppg,qppg (slope-sum),mid_upslope,lipponen_tarvainen,0.5,100.0,True,False,611,304,0.4953171887447424,0.06557377049180328,0.003226149445814485,296,10,8,0.9736842105263158,0.9673202614379085,0.9704918032786886,269.0000000000058,2.866666666666692,4.244707747259372,-0.010526315790296219,4.252161182506006,285,787.303754266212,787.5192982456134,0.21554397940144554,0.21554397940144554,0.027377486546134696,46.522713773124764,46.73152055722451,0.20880678409974962,0.20880678409974962,0.44882760949421036,23.948003033968604,25.084715620202765,1.136712586234161,1.136712586234161,4.746586112511394,4.4520547945205475,4.929577464788732,0.4775226702681845,0.4775226702681845,10.725893824485377,23.988864337470563,25.128757911901634,1.1398935744310705,1.1398935744310705,4.751761310561746,16.962688645989573,17.768715122300755,0.8060264763111817,0.8060264763111817,4.751761310561741,63.56880514475163,63.654872477156964,0.08606733240533515,0.08606733240533515,0.13539240231014638,0.2668398219435472,0.2791414770122616,0.01230165506871439,0.01230165506871439,4.610127146358588,1.3691580788769033,1.3777173104881308,0.008559231611227514,0.008559231611227514,0.6251456090627974,1.434600549455997,1.3979383051692993,-0.03666224428669773,0.03666224428669773,-2.55557160497395,507.62582624675116,514.8419629156557,7.216136668904539,7.216136668904539,1.4215464020534008,62.43920754629353,70.54188987840185,8.102682332108316,8.102682332108316,12.976914106574533,8.129921025509306,7.298386303558439,-0.8315347219508675,0.8315347219508675,-10.228078714931616,pleth_6
s18_sit,terma,TERMA,mid_upslope,lipponen_tarvainen,0.5,100.0,True,False,616,304,0.4953171887447424,0.06535947712418301,0.00041367653323250375,297,10,7,0.9769736842105263,0.9674267100977199,0.972176759410802,269.0000000000058,2.8216783216786516,4.241404306300967,-0.03846153846239231,4.24866415459181,286,787.303754266212,787.3881118881112,0.0843576218992439,0.0843576218992439,0.010714749096791421,46.522713773124764,46.703165660780265,0.1804518876555008,0.1804518876555008,0.3878791089778263,23.948003033968604,25.090502851343533,1.1424998173749294,1.1424998173749294,4.770751931818163,4.4520547945205475,4.56140350877193,0.10934871425138226,0.10934871425138226,2.456140350877202,23.988864337470563,25.134401266145257,1.1455369286746944,1.1455369286746944,4.775286201795588,16.962688645989573,17.772705576355058,0.8100169303654852,0.8100169303654852,4.775286201795578,63.56880514475163,63.6121238599433,0.04331871519167407,0.04331871519167407,0.06814461132788895,0.2668398219435472,0.2793917966877784,0.012551974744231198,0.012551974744231198,4.7039361114874,1.3691580788769033,1.3630194547654009,-0.006138624111502455,0.006138624111502455,-0.44835028227988566,1.434600549455997,1.4289233757742608,-0.005677173681736258,0.005677173681736258,-0.3957320164061733,507.62582624675116,516.5359379877481,8.91011174099691,8.91011174099691,1.7552518568402795,62.43920754629353,70.82637864812145,8.387171101827917,8.387171101827917,13.432539315316454,8.129921025509306,7.292988118932272,-0.8369329065770339,0.8369329065770339,-10.294477694813812,pleth_6
s18_sit,heartpy,HeartPy,mid_upslope,lipponen_tarvainen,0.5,100.0,True,False,614,304,0.4953171887447424,0.06535947712418301,0.03755898608583055,297,10,7,0.9769736842105263,0.9674267100977199,0.972176759410802,269.0000000000058,2.8216783216786516,4.241404306300967,-0.03846153846239231,4.24866415459181,286,787.303754266212,787.3881118881112,0.0843576218992439,0.0843576218992439,0.010714749096791421,46.522713773124764,46.703165660780265,0.1804518876555008,0.1804518876555008,0.3878791089778263,23.948003033968604,25.090502851343533,1.1424998173749294,1.1424998173749294,4.770751931818163,4.4520547945205475,4.56140350877193,0.10934871425138226,0.10934871425138226,2.456140350877202,23.988864337470563,25.134401266145257,1.1455369286746944,1.1455369286746944,4.775286201795588,16.962688645989573,17.772705576355058,0.8100169303654852,0.8100169303654852,4.775286201795578,63.56880514475163,63.6121238599433,0.04331871519167407,0.04331871519167407,0.06814461132788895,0.2668398219435472,0.2793917966877784,0.012551974744231198,0.012551974744231198,4.7039361114874,1.3691580788769033,1.3630194547654009,-0.006138624111502455,0.006138624111502455,-0.44835028227988566,1.434600549455997,1.4289233757742608,-0.005677173681736258,0.005677173681736258,-0.3957320164061733,507.62582624675116,516.5359379877481,8.91011174099691,8.91011174099691,1.7552518568402795,62.43920754629353,70.82637864812145,8.387171101827917,8.387171101827917,13.432539315316454,8.129921025509306,7.292988118932272,-0.8369329065770339,0.8369329065770339,-10.294477694813812,pleth_6
s18_sit,findpeaks,find_peaks baseline,mid_upslope,lipponen_tarvainen,0.5,100.0,True,False,615,304,0.4953171887447424,0.06535947712418301,0.00014039765764833954,297,10,7,0.9769736842105263,0.9674267100977199,0.972176759410802,269.0000000000058,2.8216783216786516,4.241404306300967,-0.03846153846239231,4.24866415459181,286,787.303754266212,787.3881118881112,0.0843576218992439,0.0843576218992439,0.010714749096791421,46.522713773124764,46.703165660780265,0.1804518876555008,0.1804518876555008,0.3878791089778263,23.948003033968604,25.090502851343533,1.1424998173749294,1.1424998173749294,4.770751931818163,4.4520547945205475,4.56140350877193,0.10934871425138226,0.10934871425138226,2.456140350877202,23.988864337470563,25.134401266145257,1.1455369286746944,1.1455369286746944,4.775286201795588,16.962688645989573,17.772705576355058,0.8100169303654852,0.8100169303654852,4.775286201795578,63.56880514475163,63.6121238599433,0.04331871519167407,0.04331871519167407,0.06814461132788895,0.2668398219435472,0.2793917966877784,0.012551974744231198,0.012551974744231198,4.7039361114874,1.3691580788769033,1.3630194547654009,-0.006138624111502455,0.006138624111502455,-0.44835028227988566,1.434600549455997,1.4289233757742608,-0.005677173681736258,0.005677173681736258,-0.3957320164061733,507.62582624675116,516.5359379877481,8.91011174099691,8.91011174099691,1.7552518568402795,62.43920754629353,70.82637864812145,8.387171101827917,8.387171101827917,13.432539315316454,8.129921025509306,7.292988118932272,-0.8369329065770339,0.8369329065770339,-10.294477694813812,pleth_6
s19_sit,msptdfast,MSPTDfast v2,mid_upslope,lipponen_tarvainen,1.0,100.0,True,False,677,679,0.9815941088327444,0.0014792899408284023,0.02741583932312326,678,0,1,0.9985272459499264,1.0,0.9992630803242447,269.00000000001035,4.209748892174094,7.77451808553799,0.023633677991188422,7.780230395157192,677,735.4867256637168,735.645494830133,0.1587691664161639,0.1587691664161639,0.021586951997384817,72.98405747012157,73.87746650593951,0.893409035817939,0.893409035817939,1.2241153298221128,38.12612203835905,39.40183292525728,1.2757108868982314,1.2757108868982314,3.3460284411163737,15.805022156573118,16.272189349112427,0.46716719253930883,0.46716719253930883,2.9558148537300193,38.15427430110364,39.43098840774061,1.276714106636966,1.276714106636966,3.3461889395706215,26.979146089562008,27.88191929200153,0.9027732024395227,0.9027732024395227,3.346188939570618,99.62665790782147,100.68941697748946,1.0627590696679903,1.0627590696679903,1.066741665319434,0.2708024805421475,0.27691012748872035,0.006107646946572842,0.006107646946572842,2.255388109571711,1.20006502287786,1.298016359515068,0.09795133663720801,0.09795133663720801,8.16216911332956,1.3000334752008003,1.2791473121766777,-0.020886163024122606,0.020886163024122606,-1.6065865550805587,1589.640840085845,1620.9279285232724,31.28708843742743,31.28708843742743,1.9681859982747951,637.0751584107528,692.1653196991258,55.090161288373,55.090161288373,8.647356683283787,2.49521711700604,2.3418219352969984,-0.15339518170904176,0.15339518170904176,-6.147568508711478,pleth_6
s19_sit,msptd,MSPTD,mid_upslope,lipponen_tarvainen,1.0,100.0,True,False,675,679,0.9815941088327444,0.002967359050445104,0.8791730690643421,676,1,3,0.9955817378497791,0.9985228951255539,0.9970501474926253,269.00000000001035,3.799703264097989,5.589440022277419,-0.07270029673585023,5.593117943427366,674,735.4867256637168,736.7337278106509,1.2470021469340509,1.2470021469340509,0.1695478794411596,72.98405747012157,76.15207077270976,3.168013302588193,3.168013302588193,4.340692217454646,38.12612203835905,44.43537129610012,6.309249257741072,6.309249257741072,16.548363485258946,15.805022156573118,16.296296296296298,0.49127413972317946,0.49127413972317946,3.1083419868466584,38.15427430110364,44.468304986450846,6.3140306853472055,6.3140306853472055,16.548685045136786,26.979146089562008,31.44384000379096,4.464693914228953,4.464693914228953,16.54868504513678,99.62665790782147,103.00272176869692,3.3760638608754476,3.3760638608754476,3.388715361704812,0.2708024805421475,0.3052719332446506,0.03446945270250307,0.03446945270250307,12.728632556649815,1.20006502287786,1.2541474776004597,0.05408245472259976,0.05408245472259976,4.506627032000761,1.3000334752008003,1.2242806742092822,-0.07575280099151804,0.07575280099151804,-5.826988491955365,1589.640840085845,1888.934301989132,299.29346190328715,299.29346190328715,18.827741107049345,637.0751584107528,987.2055169273178,350.130358516565,350.130358516565,54.959034879024316,2.49521711700604,1.9134154637511038,-0.5818016532549364,0.5818016532549364,-23.316674500575253,pleth_6
s19_sit,qppg,qppg (slope-sum),mid_upslope,lipponen_tarvainen,1.0,100.0,True,False,635,679,0.9815941088327444,0.017350157728706624,0.0032806437648185225,627,8,52,0.9234167893961709,0.9874015748031496,0.9543378995433791,269.9999999999867,3.6720516962875442,6.165593205848198,-0.0016155088851368792,6.170579321739333,619,735.4867256637168,741.2905296950242,5.803804031307436,5.803804031307436,0.7891106431689812,72.98405747012157,81.97957174492382,8.995514274802247,8.995514274802247,12.325314029690466,38.12612203835905,72.96719960810896,34.841077569749906,34.841077569749906,91.3837434992627,15.805022156573118,17.20257234726688,1.397550190693762,1.397550190693762,8.842443729903522,38.15427430110364,73.02591183680806,34.87163753570442,34.87163753570442,91.39641147543915,26.979146089562008,51.63711746213795,24.657971372575943,24.657971372575943,91.39641147543915,99.62665790782147,103.80225656103816,4.175598653216696,4.175598653216696,4.191246339990774,0.2708024805421475,0.4974565984678196,0.22665411792567208,0.22665411792567208,83.69720892951563,1.20006502287786,1.2197462451327614,0.01968122225490143,0.01968122225490143,1.640012989271544,1.3000334752008003,0.8673943698179482,-0.4326391053828521,0.4326391053828521,-33.27907424199424,1589.640840085845,1464.0811434085495,-125.5596966772955,125.5596966772955,-7.89862046262695,637.0751584107528,1619.0095131020216,981.9343546912688,981.9343546912688,154.1316345061706,2.49521711700604,0.9043066958904834,-1.5909104211155567,1.5909104211155567,-63.758396424614844,pleth_6
s19_sit,terma,TERMA,mid_upslope,lipponen_tarvainen,1.0,100.0,True,False,674,679,0.9815941088327444,0.0029717682020802376,0.0004332315681588239,675,1,4,0.9941089837997055,0.9985207100591716,0.9963099630996312,269.00000000001035,3.7752976190506393,5.551839034652564,-0.08482142857136699,5.555326008613691,672,735.4867256637168,737.8251851851852,2.338459521468394,2.338459521468394,0.3179472096329305,72.98405747012157,77.6325646347484,4.648507164626835,4.648507164626835,6.369209010515557,38.12612203835905,54.435040098309265,16.308918059950216,16.308918059950216,42.7762310668304,15.805022156573118,16.61721068249258,0.8121885259194617,0.8121885259194617,5.138800299509116,38.15427430110364,54.47545241570298,16.32117811459934,16.32117811459934,42.776801324530076,26.979146089562008,38.51996181134867,11.540815721786664,11.540815721786664,42.77680132453007,99.62665790782147,102.80974042175681,3.1830825139353465,3.1830825139353465,3.1950108342291883,0.2708024805421475,0.37467229907718935,0.10386981853504185,0.10386981853504185,38.35630247075068,1.20006502287786,1.2553878445489148,0.055322821671054845,0.055322821671054845,4.60998534382628,1.3000334752008003,1.125890824065346,-0.17414265113545424,0.17414265113545424,-13.395243619288847,1589.640840085845,1705.4914143758547,115.85057429000972,115.85057429000972,7.2878458686147916,637.0751584107528,1311.6245622226288,674.549403811876,674.549403811876,105.88223303112404,2.49521711700604,1.3002893232540524,-1.1949277937519878,1.1949277937519878,-47.88873022744237,pleth_6
s19_sit,heartpy,HeartPy,mid_upslope,lipponen_tarvainen,1.0,100.0,True,False,666,679,0.9815941088327444,0.007518796992481203,0.020941500998172463,667,3,12,0.9823269513991163,0.9955223880597015,0.988880652335063,269.00000000001035,3.753012048196034,5.709324438337648,0.03915662650606262,5.71349411253339,664,735.4867256637168,741.8652694610779,6.37854379736109,6.37854379736109,0.8672547817372195,72.98405747012157,97.20074495068367,24.2166874805621,24.2166874805621,33.18079087405629,38.12612203835905,72.89088392604675,34.764761887687705,34.764761887687705,91.18357710944363,15.805022156573118,16.94152923538231,1.1365070788091902,1.1365070788091902,7.190797124802072,38.15427430110364,72.94557503706022,34.79130073595658,34.79130073595658,91.18585367760545,26.979146089562008,51.58031076625743,24.601164676695426,24.601164676695426,91.18585367760545,99.62665790782147,127.41837065035804,27.791712742536575,27.791712742536575,27.89585972887956,0.2708024805421475,0.4048106289774825,0.13400814843533498,0.13400814843533498,49.48556902693439,1.20006502287786,1.0673864195087006,-0.13267860336915938,0.13267860336915938,-11.055951205959206,1.3000334752008003,1.1252794672697868,-0.17475400793101348,0.17475400793101348,-13.442269854168282,1589.640840085845,7570.570633114218,5980.929793028374,5980.929793028374,376.24409503126424,637.0751584107528,1317.1434581430667,680.0682997323139,680.0682997323139,106.74851950416836,2.49521711700604,5.747719116175355,3.2525019991693145,3.2525019991693145,130.34945845000954,pleth_6
s19_sit,findpeaks,find_peaks baseline,mid_upslope,lipponen_tarvainen,1.0,100.0,True,False,678,679,0.9815941088327444,0.0014771048744460858,0.00014608524239010035,678,1,1,0.9985272459499264,0.9985272459499264,0.9985272459499264,269.00000000001035,3.9615952732673936,6.756582216598643,0.02363367799118859,6.7615364773308055,677,735.4867256637168,735.1548672566372,-0.3318584070796078,0.3318584070796078,-0.04512092407651989,72.98405747012157,75.0465610167469,2.0625035466253365,2.0625035466253365,2.82596448884702,38.12612203835905,40.806818731044956,2.680696692685906,2.680696692685906,7.031128657640113,15.805022156573118,16.248153618906944,0.4431314623338256,0.4431314623338256,2.8037383177570083,38.15427430110364,40.834582247639815,2.6803079465361748,2.6803079465361748,7.024921835451198,26.979146089562008,28.874410014225926,1.8952639246639187,1.8952639246639187,7.024921835451195,99.62665790782147,102.12855177280741,2.501893864985945,2.501893864985945,2.51126949104405,0.2708024805421475,0.28272612812976344,0.011923647587615938,0.011923647587615938,4.403079160776058,1.20006502287786,1.2476831592474928,0.04761813636963286,0.04761813636963286,3.967963023823529,1.3000334752008003,1.2425802195089741,-0.05745325569182613,0.05745325569182613,-4.419367407670178,1589.640840085845,1620.2301268303147,30.589286744469746,30.589286744469746,1.924289183638352,637.0751584107528,702.1722744629145,65.09711605216171,65.09711605216171,10.218121864075336,2.49521711700604,2.3074538624721614,-0.18776325453387877,0.18776325453387877,-7.524926518585767,pleth_6
s19_sit,msptdfast,MSPTDfast v2,mid_upslope,lipponen_tarvainen,0.9,100.0,True,False,677,594,0.8814314446661379,0.02037351443123939,0.02199311281601153,587,5,7,0.9882154882154882,0.9915540540540541,0.9898819561551433,269.9999999999938,4.084337349400201,7.8031945442034845,-0.025817555937939638,7.809875792278479,581,742.1802721088435,742.5697074010327,0.38943529218920503,0.38943529218920503,0.05247179247740674,71.69888875937723,72.69464272404393,0.9957539646667044,0.9957539646667044,1.3887997176755038,39.13154332676587,40.325464702199476,1.1939213754336038,1.1939213754336038,3.051045969395653,16.695059625212945,17.413793103448274,0.718733478235329,0.718733478235329,4.30506685432794,39.164809559030765,40.360169426798834,1.1953598677680688,1.1953598677680688,3.0521273592978275,27.693702423070373,28.53894949152743,0.8452470684570557,0.8452470684570557,3.0521273592978253,97.54240177872147,98.76512807399601,1.2227262952745406,1.2227262952745406,1.253533102504837,0.28391450198134915,0.2889577530861471,0.005043251104797919,0.005043251104797919,1.7763274047654032,1.212566921945571,1.313824498299486,0.10125757635391497,0.10125757635391497,8.350679415817032,1.257373905965805,1.2458805005354157,-0.011493405430389236,0.011493405430389236,-0.9140801615062153,1313.0021061968118,1362.916046775912,49.9139405791002,49.9139405791002,3.8015126056178903,562.5291895470756,596.3189561495121,33.78976660243654,33.78976660243654,6.006757912356978,2.3341048439708256,2.2855487532651817,-0.04855609070564393,0.04855609070564393,-2.080287474278119,pleth_6
s19_sit,msptd,MSPTD,mid_upslope,lipponen_tarvainen,0.9,100.0,True,False,675,594,0.8814314446661379,0.02040816326530612,0.8683479771149878,585,6,9,0.9848484848484849,0.9898477157360406,0.9873417721518988,270.0000000000009,3.60899653979505,5.183484552957573,-0.13840830449816702,5.186124557902117,578,742.1802721088435,743.85,1.6697278911565263,1.6697278911565263,0.22497605418857786,71.69888875937723,75.25994044362953,3.5610516842523054,3.5610516842523054,4.966676256592009,39.13154332676587,46.02145253318607,6.889909206420199,6.889909206420199,17.60704695157658,16.695059625212945,17.443868739205527,0.7488091139925821,0.7488091139925821,4.485213774629038,39.164809559030765,46.0611551609511,6.896345601920338,6.896345601920338,17.608525815824255,27.693702423070373,32.570155163594265,4.8764527405238915,4.8764527405238915,17.608525815824247,97.54240177872147,101.32769741673164,3.7852956380101688,3.7852956380101688,3.8806668371743105,0.28391450198134915,0.3214338822843531,0.037519380303003946,0.037519380303003946,13.215027778140287,1.212566921945571,1.26762970050389,0.05506277855831887,0.05506277855831887,4.541009453727329,1.257373905965805,1.2057237173188207,-0.05165018864698423,0.05165018864698423,-4.107782768667453,1313.0021061968118,1656.7531778621267,343.75107166531484,343.75107166531484,26.18054228877135,562.5291895470756,889.4505099656483,326.9213204185727,326.9213204185727,58.11633004889857,2.3341048439708256,1.8626704457408345,-0.4714343982299911,0.4714343982299911,-20.19765305092198,pleth_6
s19_sit,qppg,qppg (slope-sum),mid_upslope,lipponen_tarvainen,0.9,100.0,True,False,635,594,0.8814314446661379,0.02640845070422535,0.003295067189843218,560,9,34,0.9427609427609428,0.984182776801406,0.9630266552020637,270.99999999996305,3.6159420289884663,6.133183678075947,0.007246376811767616,6.138742372919003,552,742.1802721088435,745.3471971066908,3.1669249978473317,3.1669249978473317,0.42670562892338515,71.69888875937723,71.00721205148997,-0.6916767078872539,0.6916767078872539,-0.964696552283444,39.13154332676587,41.973507862923846,2.841964536157974,2.841964536157974,7.262592513733231,16.695059625212945,17.57246376811594,0.8774041429029964,0.8774041429029964,5.255471753918969,39.164809559030765,42.01147327192779,2.8466637128970262,2.8466637128970262,7.268422200818878,27.693702423070373,29.706597638217538,2.0128952151471644,2.0128952151471644,7.268422200818885,97.54240177872147,95.92479545670959,-1.6176063220118806,1.6176063220118806,-1.658362201990351,0.28391450198134915,0.309686327677644,0.025771825696294826,0.025771825696294826,9.077319233938894,1.212566921945571,1.3039530184257637,0.09138609648019269,0.09138609648019269,7.536581678606501,1.257373905965805,1.171973173662247,-0.08540073230355794,0.08540073230355794,-6.791991777335363,1313.0021061968118,1249.8468374233462,-63.15526877346565,63.15526877346565,-4.809989905987174,562.5291895470756,566.348337675653,3.819148128577467,3.819148128577467,0.6789244361972543,2.3341048439708256,2.2068517805717156,-0.12725306339911002,0.12725306339911002,-5.45190006043707,pleth_6
s19_sit,terma,TERMA,mid_upslope,lipponen_tarvainen,0.9,100.0,True,False,674,594,0.8814314446661379,0.018739352640545145,0.00041867592915975085,583,6,11,0.9814814814814815,0.9898132427843803,0.9856297548605241,270.0000000000009,3.57142857143125,5.125940042964341,-0.13937282229954798,5.128514233647854,574,742.1802721088435,746.423875432526,4.243603323682464,4.243603323682464,0.5717752792895745,71.69888875937723,78.45738834548938,6.758499586112151,6.758499586112151,9.426226407488404,39.13154332676587,56.97542721875092,17.84388389198505,17.84388389198505,45.59974479662263,16.695059625212945,17.85095320623917,1.1558935810262234,1.1558935810262234,6.92356665369789,39.164809559030765,57.02478950037596,17.859979941345195,17.859979941345195,45.602111033952355,27.693702423070373,40.322615351451276,12.628912928380903,12.628912928380903,45.60211103395235,97.54240177872147,103.36929071638622,5.826888937664748,5.826888937664748,5.973698444378334,0.28391450198134915,0.3900831191933417,0.10616861721199256,0.10616861721199256,37.394573532199125,1.212566921945571,1.2674895618107025,0.05492263986513146,0.05492263986513146,4.529452261241611,1.257373905965805,1.0544968560954517,-0.20287704987035315,0.20287704987035315,-16.134981719261997,1313.0021061968118,1701.0744068589906,388.0723006621788,388.0723006621788,29.556106485331785,562.5291895470756,1734.6223172828184,1172.0931277357427,1172.0931277357427,208.36129920288434,2.3341048439708256,0.9806598185152037,-1.3534450254556218,1.3534450254556218,-57.985614011798816,pleth_6
s19_sit,heartpy,HeartPy,mid_upslope,lipponen_tarvainen,0.9,100.0,True,False,666,594,0.8814314446661379,0.027633851468048358,0.020950744008365253,577,7,17,0.9713804713804713,0.988013698630137,0.9796264855687605,270.0000000000151,3.634920634923415,5.599981103522991,-0.01587301587289597,5.604903384407007,567,742.1802721088435,745.8669001751314,3.6866280662878808,3.6866280662878808,0.4967294611338339,71.69888875937723,84.56090802278256,12.86201926340533,12.86201926340533,17.938938086712195,39.13154332676587,69.0281280069255,29.896584680159627,29.896584680159627,76.40021869444244,16.695059625212945,17.719298245614034,1.0242386204010892,1.0242386204010892,6.134980307912647,39.164809559030765,69.08869610564409,29.923886546613325,29.923886546613325,76.4050352434648,27.693702423070373,48.85308551963756,21.159383096567186,21.159383096567186,76.40503524346481,97.54240177872147,109.15342581195499,11.61102403323352,11.61102403323352,11.903565855978773,0.28391450198134915,0.4475634654270919,0.16364896344574276,0.16364896344574276,57.6402270062602,1.212566921945571,1.2173162194996203,0.004749297554049292,0.004749297554049292,0.39167302588371905,1.257373905965805,1.0555732725561355,-0.20180063340966936,0.20180063340966936,-16.049373416467056,1313.0021061968118,3442.8066071531007,2129.804500956289,2129.804500956289,162.2087650053657,562.5291895470756,1969.9025801621674,1407.373390615092,1407.373390615092,250.18673106514677,2.3341048439708256,1.7477039940064854,-0.5864008499643403,0.5864008499643403,-25.12315809116541,pleth_6
s19_sit,findpeaks,find_peaks baseline,mid_upslope,lipponen_tarvainen,0.9,100.0,True,False,678,594,0.8814314446661379,0.01692047377326565,0.00014326065561618104,586,6,8,0.9865319865319865,0.9898648648648649,0.9881956155143339,270.0000000000009,3.798275862071586,6.612814101791455,-0.018965517241280715,6.618494965772758,580,742.1802721088435,743.263339070568,1.0830669617245121,1.0830669617245121,0.14593044337423136,71.69888875937723,74.11892481497563,2.420036055598402,2.420036055598402,3.3752769359091284,39.13154332676587,43.817253726562846,4.6857103997969745,4.6857103997969745,11.97425401975383,16.695059625212945,17.413793103448274,0.718733478235329,0.718733478235329,4.30506685432794,39.164809559030765,43.84801607923648,4.683206520205715,4.683206520205715,11.95769001033185,27.693702423070373,31.005229511204888,3.3115270881345147,3.3115270881345147,11.957690010331847,97.54240177872147,100.12944509190855,2.587043313187081,2.587043313187081,2.652224331174338,0.28391450198134915,0.30965146648665903,0.02573696450530988,0.02573696450530988,9.065040470176681,1.212566921945571,1.3022704619353338,0.08970353998976277,0.08970353998976277,7.3978217916280355,1.257373905965805,1.2484131587641911,-0.008960747201613772,0.008960747201613772,-0.7126557310516881,1313.0021061968118,1366.2449787523674,53.24287255555555,53.24287255555555,4.055048526142633,562.5291895470756,604.8165679090124,42.28737836193682,42.28737836193682,7.517366058103545,2.3341048439708256,2.258941059560893,-0.07516378440993243,0.07516378440993243,-3.220240282011596,pleth_6
s19_sit,msptdfast,MSPTDfast v2,mid_upslope,lipponen_tarvainen,0.75,100.0,True,False,677,498,0.7412037148328886,0.036511156186612576,0.024471910382956055,488,8,10,0.9799196787148594,0.9838709677419355,0.9818913480885312,269.99999999997306,4.187891440503103,8.20153252138798,0.008350730689125155,8.210102792292265,479,746.6912065439673,747.311064718163,0.6198581741957696,0.6198581741957696,0.0830139914282318,73.56064705715585,74.59840390225308,1.0377568450972348,1.0377568450972348,1.4107500227545695,40.01260047436592,41.76312962190461,1.7505291475386926,1.7505291475386926,4.37494470938016,17.008196721311474,18.410041841004183,1.4018451196927089,1.4018451196927089,8.242173715783638,40.05330691578424,41.80653086749648,1.7532239517122363,1.7532239517122363,4.377226468212852,28.321964929097078,29.56168147429148,1.2397165451944012,1.2397165451944012,4.377226468212862,100.10096849426533,101.27166789354222,1.1706993992768844,1.1706993992768844,1.1695185540027542,0.28293397511653057,0.29190475568514396,0.00897078056861339,0.00897078056861339,3.1706268449798722,1.2172049515721928,1.3382196533339803,0.12101470176178752,0.12101470176178752,9.94201523790056,1.2467655793935988,1.2804327672674958,0.033667187873897,0.033667187873897,2.7003623159272676,1123.564853630326,1154.8743258299833,31.309472199657193,31.309472199657193,2.786619045486679,384.2464772265501,391.4294147928734,7.1829375663232895,7.1829375663232895,1.8693567780162783,2.924073271250518,2.9504025047302336,0.026329233479715608,0.026329233479715608,0.9004300178995025,pleth_6
s19_sit,msptd,MSPTD,mid_upslope,lipponen_tarvainen,0.75,100.0,True,False,675,498,0.7412037148328886,0.036585365853658534,0.8588892521454566,486,9,12,0.9759036144578314,0.9818181818181818,0.9788519637462236,269.99999999997306,3.611344537817245,5.100049431298898,-0.1281512605040056,5.103803075955844,476,746.6912065439673,748.8744769874478,2.1832704434805237,2.1832704434805237,0.29239268178685407,73.56064705715585,77.53087528103485,3.9702282238790048,3.9702282238790048,5.397217646541607,40.01260047436592,48.390315575634865,8.377715101268947,8.377715101268947,20.937692131847648,17.008196721311474,18.448637316561843,1.4404405952503687,1.4404405952503687,8.469096511833493,40.05330691578424,48.4408133957859,8.387506480001662,8.387506480001662,20.940858884978375,28.321964929097078,34.252827638352365,5.930862709255287,5.930862709255287,20.940858884978383,100.10096849426533,104.15765474733044,4.056686253065109,4.056686253065109,4.052594409511145,0.28293397511653057,0.32885559608119214,0.04592162096466157,0.04592162096466157,16.230507822804974,1.2172049515721928,1.2912081204050696,0.07400316883287683,0.07400316883287683,6.079762388190358,1.2467655793935988,1.2288582370345287,-0.0179073423590701,0.0179073423590701,-1.4363038774121326,1123.564853630326,1461.824755569373,338.25990193904704,338.25990193904704,30.105952571060122,384.2464772265501,735.9898170446733,351.74333981812316,351.74333981812316,91.54107081396526,2.924073271250518,1.9862024198096249,-0.9378708514408931,0.9378708514408931,-32.074122788304834,pleth_6
s19_sit,qppg,qppg (slope-sum),mid_upslope,lipponen_tarvainen,0.75,100.0,True,False,635,498,0.7412037148328886,0.0423728813559322,0.0032524339532893918,461,12,37,0.9257028112449799,0.9746300211416491,0.9495365602471678,269.99999999997306,3.614190687363939,6.238781505912362,0.03991130820428858,6.245581833310859,451,746.6912065439673,750.794247787611,4.103041243643702,4.103041243643702,0.5494963925763204,73.56064705715585,72.5003228839706,-1.0603241731852506,1.0603241731852506,-1.441428556713741,40.01260047436592,43.99246559156434,3.979865117198422,3.979865117198422,9.946529518240443,17.008196721311474,18.625277161862527,1.617080440551053,1.617080440551053,9.507653674565228,40.05330691578424,44.04093361245485,3.9876266966706098,3.9876266966706098,9.95579891831394,28.321964929097078,31.14164280715338,2.8196778780563037,2.8196778780563037,9.95579891831395,100.10096849426533,97.68721369673543,-2.4137547975299043,2.4137547975299043,-2.4113201239088764,0.28293397511653057,0.31878934436425727,0.0358553692477267,0.0358553692477267,12.672698368217931,1.2172049515721928,1.3346250561996151,0.11742010462742236,0.11742010462742236,9.646699553411908,1.2467655793935988,1.2357043759287407,-0.01106120346485806,0.01106120346485806,-0.8871919186474496,1123.564853630326,1102.5971696182985,-20.967684012027576,20.967684012027576,-1.866174786820658,384.2464772265501,377.2913268217065,-6.955150404843607,6.955150404843607,-1.8100752556133077,2.924073271250518,2.9224026401734484,-0.001670631077069551,0.001670631077069551,-0.05713369406625997,pleth_6
s19_sit,terma,TERMA,mid_upslope,lipponen_tarvainen,0.75,100.0,True,False,674,498,0.7412037148328886,0.034623217922606926,0.000443616432672404,484,9,14,0.9718875502008032,0.9817444219066938,0.9767911200807265,269.99999999997306,3.565677966103829,5.0264132846878375,-0.12923728813539548,5.030082862104523,472,746.6912065439673,752.0210084033615,5.3298018593942516,5.3298018593942516,0.7137892896935325,73.56064705715585,81.09266680994956,7.532019752793715,7.532019752793715,10.239197253038592,40.01260047436592,60.93312987028986,20.920529395923943,20.920529395923943,52.284853141016626,17.008196721311474,18.947368421052634,1.9391716997411592,1.9391716997411592,11.401395053899828,40.05330691578424,60.99712665658849,20.94381974080425,20.94381974080425,52.289864067505235,28.321964929097078,43.131481891768445,14.809516962671367,14.809516962671367,52.289864067505235,100.10096849426533,106.26248863319098,6.161520138925653,6.161520138925653,6.155305219927657,0.28293397511653057,0.4058956499753608,0.12296167485883025,0.12296167485883025,43.45949432484616,1.2172049515721928,1.2487906326096523,0.03158568103745951,0.03158568103745951,2.594935306224488,1.2467655793935988,0.9995634934763219,-0.24720208591727688,0.24720208591727688,-19.82747117846411,1123.564853630326,1511.7875676869155,388.22271405658944,388.22271405658944,34.55276415973777,384.2464772265501,1725.2672906815874,1341.0208134550373,1341.0208134550373,349.0001582146912,2.924073271250518,0.876262812059496,-2.0478104591910222,2.0478104591910222,-70.03280250618512,pleth_6
s19_sit,heartpy,HeartPy,mid_upslope,lipponen_tarvainen,0.75,100.0,True,False,666,498,0.7412037148328886,0.045548654244306416,0.021067597779268588,478,10,20,0.9598393574297188,0.9795081967213115,0.9695740365111561,269.99999999998215,3.643010752690421,5.607982022582311,0.021505376344305084,5.613980575437264,465,746.6912065439673,751.4264392324096,4.735232688442352,4.735232688442352,0.6341621070320624,73.56064705715585,88.325044508948,14.76439745179215,14.76439745179215,20.071054351004236,40.01260047436592,74.6291114345098,34.61651096014388,34.61651096014388,86.51402445667323,17.008196721311474,18.803418803418804,1.7952220821073297,1.7952220821073297,10.555040675522614,40.05330691578424,74.70876549162138,34.65545857583714,34.65545857583714,86.52333913078245,28.321964929097078,52.82707469320101,24.505109764103935,24.505109764103935,86.52333913078246,100.10096849426533,113.18978378976722,13.088815295501888,13.088815295501888,13.075613045893489,0.28293397511653057,0.46671239156458905,0.18377841644805848,0.18377841644805848,64.9545238857817,1.2172049515721928,1.19162338709188,-0.02558156448031279,0.02558156448031279,-2.10166450993077,1.2467655793935988,1.0047015468930798,-0.242064032500519,0.242064032500519,-19.415360553846376,1123.564853630326,3583.1951593334147,2459.6303057030887,2459.6303057030887,218.91306921499282,384.2464772265501,2004.5024536445585,1620.2559764180085,1620.2559764180085,421.671003495684,2.924073271250518,1.7875733466020454,-1.1364999246484726,1.1364999246484726,-38.867012527440316,pleth_6
s19_sit,findpeaks,find_peaks baseline,mid_upslope,lipponen_tarvainen,0.75,100.0,True,False,678,498,0.7412037148328886,0.03232323232323232,0.00015115747984646773,487,9,11,0.9779116465863453,0.9818548387096774,0.9798792756539236,269.99999999997306,3.8410041841024887,6.8158687594186915,0.016736401673830677,6.822988965632452,478,746.6912065439673,748.1524008350732,1.461194291105926,1.461194291105926,0.19568923248326572,73.56064705715585,76.22681243893508,2.666165381779237,2.666165381779237,3.6244452549576605,40.01260047436592,45.83299226448583,5.820391790119913,5.820391790119913,14.546397187677789,17.008196721311474,18.410041841004183,1.4018451196927089,1.4018451196927089,8.242173715783638,40.05330691578424,45.876084876939366,5.822777961155126,5.822777961155126,14.53757107596147,28.321964929097078,32.43929071077345,4.117325781676371,4.117325781676371,14.537571075961479,100.10096849426533,102.8044079180611,2.7034394237957713,2.7034394237957713,2.7007125549945585,0.28293397511653057,0.3155437725649736,0.032609797448443056,0.032609797448443056,11.52558558406152,1.2172049515721928,1.285921993769404,0.0687170421972112,0.0687170421972112,5.6454783648763005,1.2467655793935988,1.2826819691987104,0.03591638980511158,0.03591638980511158,2.8807652696492134,1123.564853630326,1159.5505791002388,35.98572546991272,35.98572546991272,3.202816940529959,384.2464772265501,401.65827559340806,17.411798366857965,17.411798366857965,4.531413922785828,2.924073271250518,2.88690822412939,-0.03716504712112778,0.03716504712112778,-1.2710025937631058,pleth_6
s19_sit,msptdfast,MSPTDfast v2,mid_upslope,lipponen_tarvainen,0.5,100.0,True,False,677,319,0.4807807879997115,0.050793650793650794,0.024605952066727353,311,7,8,0.9749216300940439,0.9779874213836478,0.9764521193092622,269.4999999999985,4.867986798682541,10.063330813538812,-0.19471947194704314,10.07809104163946,303,757.1511254019292,757.2178217821784,0.06669638024914093,0.06669638024914093,0.008808859686200102,78.17300699680749,79.37361614296422,1.2006091461567365,1.2006091461567365,1.5358359519236202,44.8356137246328,46.30678007370994,1.4711663490771372,1.4711663490771372,3.2812450346115694,20.967741935483872,21.192052980132452,0.2243110446485801,0.2243110446485801,1.069791136016305,44.90732310947656,46.38284047679392,1.4755173673173658,1.4755173673173658,3.2856943258904585,31.754272695646232,32.797621031834865,1.0433483361886324,1.0433483361886324,3.2856943258904616,105.89477896202607,107.35295959531533,1.4581806332892597,1.4581806332892597,1.3770089966495556,0.2998662729824795,0.30551203390638604,0.005645760923906562,0.005645760923906562,1.882759560704725,1.2583652240440377,1.3662267980690814,0.1078615740250437,0.1078615740250437,8.57156348285011,1.3031270486055533,1.2604059145606217,-0.04272113404493161,0.04272113404493161,-3.27835525251713,678.4929079668241,670.1450677409766,-8.347840225847449,8.347840225847449,-1.2303504027569923,284.1862409713087,277.7998552858178,-6.386385685490893,6.386385685490893,-2.247253654386336,2.3874938689777188,2.412330514180757,0.024836645203038188,0.024836645203038188,1.0402810045193032,pleth_6
s19_sit,msptd,MSPTD,mid_upslope,lipponen_tarvainen,0.5,100.0,True,False,675,319,0.4807807879997115,0.04777070063694268,0.8609300103364838,308,8,11,0.9655172413793104,0.9746835443037974,0.9700787401574803,269.9999999999867,3.9565217391332332,6.0158653119496925,-0.4314381270901242,6.010434015308853,299,757.1511254019292,759.8604651162792,2.709339714349994,2.709339714349994,0.35783341309989564,78.17300699680749,83.51814452630268,5.34513752949519,5.34513752949519,6.837574419663146,44.8356137246328,55.66033896171995,10.82472523708715,10.82472523708715,24.143140547979204,20.967741935483872,21.333333333333336,0.3655913978494638,0.3655913978494638,1.7435897435897505,44.90732310947656,55.752666497916266,10.845343388439709,10.845343388439709,24.150500714550656,31.754272695646232,39.42308854990864,7.668815854262409,7.668815854262409,24.150500714550663,105.89477896202607,111.3390363682874,5.444257406261329,5.444257406261329,5.141195306912764,0.2998662729824795,0.3540814599787347,0.054215186996255216,0.054215186996255216,18.079788185923427,1.2583652240440377,1.3150476212472009,0.05668239720316315,0.05668239720316315,4.504447208180277,1.3031270486055533,1.1849753557022653,-0.11815169290328797,0.11815169290328797,-9.066782324081094,678.4929079668241,958.5049631111963,280.0120551443722,280.0120551443722,41.26970994928422,284.1862409713087,635.4209882313102,351.2347472600015,351.2347472600015,123.5931570999111,2.3874938689777188,1.5084565679506245,-0.8790373010270942,0.8790373010270942,-36.81841082186661,pleth_6
s19_sit,qppg,qppg (slope-sum),mid_upslope,lipponen_tarvainen,0.5,100.0,True,False,635,319,0.4807807879997115,0.05351170568561873,0.00331872160370041,291,9,28,0.9122257053291536,0.97,0.9402261712439418,270.99999999996305,3.9611307420528314,7.549834435272606,-0.1307420494697156,7.562074686282418,283,757.1511254019292,763.7561837455834,6.60505834365415,6.60505834365415,0.87235666989835,78.17300699680749,75.29399062131385,-2.8790163754936344,2.8790163754936344,-3.6828778706327756,44.8356137246328,46.8045960645548,1.9689823399220003,1.9689823399220003,4.391558799696404,20.967741935483872,20.921985815602838,-0.045756119881033896,0.045756119881033896,-0.21822149481723857,44.90732310947656,46.88687722540614,1.9795541159295809,1.9795541159295809,4.408087543102399,31.754272695646232,33.15402883474578,1.3997561390995479,1.3997561390995479,4.4080875431024,105.89477896202607,101.18883544833315,-4.705943513692915,4.705943513692915,-4.443980675742729,0.2998662729824795,0.32764512693373343,0.027778853951253957,0.027778853951253957,9.263747361437016,1.2583652240440377,1.353741758082142,0.09537653403810431,0.09537653403810431,7.579400019621531,1.3031270486055533,1.186423158152495,-0.11670389045305818,0.11670389045305818,-8.955680152441035,678.4929079668241,510.375516613696,-168.11739135312808,168.11739135312808,-24.778061698081657,284.1862409713087,260.8445546346628,-23.341686336645864,23.341686336645864,-8.213517395095293,2.3874938689777188,1.9566270698214292,-0.43086679915628956,0.43086679915628956,-18.046823271666824,pleth_6
s19_sit,terma,TERMA,mid_upslope,lipponen_tarvainen,0.5,100.0,True,False,674,319,0.4807807879997115,0.04792332268370607,0.0004226063131698631,307,8,12,0.9623824451410659,0.9746031746031746,0.968454258675079,269.9999999999867,3.8918918918946988,5.925779684132697,-0.4189189189187557,5.920963633796507,296,757.1511254019292,764.7900000000002,7.63887459807097,7.63887459807097,1.008896948283068,78.17300699680749,87.99224217096848,9.819235174160994,9.819235174160994,12.560902479499097,44.8356137246328,72.63727633277405,27.80166260814125,27.80166260814125,62.00798940523244,20.967741935483872,22.073578595317723,1.1058366598338516,1.1058366598338516,5.2739902238229845,44.90732310947656,72.75853029409191,27.851207184615355,27.851207184615355,62.01929942855592,31.754272695646232,51.448050160119244,19.693777464473012,19.693777464473012,62.01929942855592,105.89477896202607,113.30652010926195,7.411741147235887,7.411741147235887,6.999156351130155,0.2998662729824795,0.4540608087734728,0.15419453579099335,0.15419453579099335,51.42109989808777,1.2583652240440377,1.2661105498670218,0.007745325822984039,0.007745325822984039,0.615506982789361,1.3031270486055533,0.8760105019189379,-0.42711654668661536,0.42711654668661536,-32.77627819510485,678.4929079668241,904.479949040979,225.98704107415494,225.98704107415494,33.30720755082748,284.1862409713087,1607.9903982957305,1323.8041573244218,1323.8041573244218,465.82274806825444,2.3874938689777188,0.5624908892488507,-1.825002979728868,1.825002979728868,-76.44011167703233,pleth_6
s19_sit,heartpy,HeartPy,mid_upslope,lipponen_tarvainen,0.5,100.0,True,False,666,319,0.4807807879997115,0.06557377049180328,0.021126529484456192,301,9,18,0.9435736677115988,0.9709677419354839,0.957074721780604,270.0000000000151,4.024221453290205,6.730861629087047,-0.18339100346001092,6.740033866142263,289,757.1511254019292,764.1433447098979,6.992219307968639,6.992219307968639,0.9234905784835044,78.17300699680749,98.76768056601924,20.59467356921175,20.59467356921175,26.344993445183473,44.8356137246328,91.05150582131624,46.21589209668344,46.21589209668344,103.0785312330682,20.967741935483872,21.91780821917808,0.9500662836942091,0.9500662836942091,4.531085353003151,44.90732310947656,91.20738373307567,46.300060623599116,46.300060623599116,103.1013594614119,31.754272695646232,64.49335953194142,32.739086836295186,32.739086836295186,103.10135946141189,105.89477896202607,123.89800654193823,18.003227579912163,18.003227579912163,17.001053079650067,0.2998662729824795,0.5205358934496744,0.22066962046719496,0.22066962046719496,73.58934310031198,1.2583652240440377,1.1939815369623659,-0.06438368708167186,0.06438368708167186,-5.116454734402187,1.3031270486055533,0.9640144180267572,-0.33911263057879604,0.33911263057879604,-26.022990693169383,678.4929079668241,2886.55575352065,2208.062845553826,2208.062845553826,325.43639286820553,284.1862409713087,1878.4080758581918,1594.221834886883,1594.221834886883,560.9778395456644,2.3874938689777188,1.5367032279191324,-0.8507906410585864,0.8507906410585864,-35.63530160698923,pleth_6
s19_sit,findpeaks,find_peaks baseline,mid_upslope,lipponen_tarvainen,0.5,100.0,True,False,678,319,0.4807807879997115,0.04416403785488959,0.0001472751751557808,310,8,9,0.9717868338557993,0.9748427672955975,0.9733124018838304,269.9999999999867,4.321192052982825,8.274071845269356,-0.1821192052978608,8.285796886574065,302,757.1511254019292,758.5478547854788,1.3967293835495411,1.3967293835495411,0.18447167767307954,78.17300699680749,81.62353121515837,3.4505242183508784,3.4505242183508784,4.413958667973198,44.8356137246328,52.047195851714505,7.211582127081705,7.211582127081705,16.08449517692147,20.967741935483872,21.192052980132452,0.2243110446485801,0.2243110446485801,1.069791136016305,44.90732310947656,52.12270867469846,7.215385565221901,7.215385565221901,16.067280491495776,31.754272695646232,36.85632075769017,5.102048062043938,5.102048062043938,16.06728049149578,105.89477896202607,109.39110254618572,3.4963235841596543,3.4963235841596543,3.301695908363375,0.2998662729824795,0.3369224726675477,0.037056199685068236,0.037056199685068236,12.357575033866295,1.2583652240440377,1.2872034584756598,0.028838234431622034,0.028838234431622034,2.291722139216779,1.3031270486055533,1.2632282202289045,-0.03989882837664882,0.03989882837664882,-3.0617757815205855,678.4929079668241,674.8953786620959,-3.597529304728141,3.597529304728141,-0.5302235679232844,284.1862409713087,288.02372510493984,3.8374841336311647,3.8374841336311647,1.3503412834186421,2.3874938689777188,2.343193701894528,-0.04430016708319062,0.04430016708319062,-1.855509145334859,pleth_6
s20_sit,msptdfast,MSPTDfast v2,mid_upslope,lipponen_tarvainen,1.0,100.0,True,False,639,646,0.9890038914275565,0.007836990595611285,0.021840487800314036,643,1,3,0.9953560371517027,0.9984472049689441,0.9968992248062016,304.00000000004223,9.1092043681736,13.862090978729993,0.02652106084245445,13.87289112024803,641,766.8682170542636,766.7993779160187,-0.06883913824492538,0.06883913824492538,-0.008976658142040893,74.10586893935735,76.89373579150451,2.787866852147161,2.787866852147161,3.7620054822223876,32.66239884235016,40.769907508545465,8.107508666195308,8.107508666195308,24.822147036191016,12.422360248447205,18.38006230529595,5.9577020568487455,5.9577020568487455,47.9595015576324,32.687446985372894,40.801104889872114,8.11365790449922,8.11365790449922,24.821938244763967,23.113515423032943,28.850737947532178,5.737222524499234,5.737222524499234,24.821938244763974,102.22096178036888,104.84716556888999,2.62620378852111,2.62620378852111,2.569144080412538,0.22611326503358922,0.275169460146977,0.049056195113387796,0.049056195113387796,21.695407877154167,1.2279136856694095,1.445638431682804,0.21772474601339442,0.21772474601339442,17.731274482432337,1.415432987332688,1.319602772883243,-0.09583021444944517,0.09583021444944517,-6.77038159397658,2517.6858937808493,2679.8648980825824,162.17900430173313,162.17900430173313,6.441590061029667,347.2051190071067,498.4730350078404,151.2679160007337,151.2679160007337,43.56730581430094,7.251292552888071,5.376148176280852,-1.8751443766072189,1.8751443766072189,-25.859450062601315,pleth_6
s20_sit,msptd,MSPTD,mid_upslope,lipponen_tarvainen,1.0,100.0,True,False,632,646,0.9890038914275565,0.01901743264659271,0.8778918877460894,643,1,3,0.9953560371517027,0.9984472049689441,0.9968992248062016,304.0000000000377,9.187207488298622,14.13799827838959,0.02652106084245445,14.149014383845099,641,766.8682170542636,766.7993779160188,-0.06883913824481169,0.06883913824481169,-0.008976658142026068,74.10586893935735,76.70515544529246,2.599286505935112,2.599286505935112,3.5075312429872074,32.66239884235016,40.58034989385491,7.917951051504751,7.917951051504751,24.241792801936867,12.422360248447205,18.06853582554517,5.646175577097964,5.646175577097964,45.4517133956386,32.687446985372894,40.61139670646206,7.923949721089166,7.923949721089166,24.24156809993453,23.113515423032943,28.716594004596345,5.603078581563402,5.603078581563402,24.241568099934533,102.22096178036888,104.60745180219304,2.3864900218241587,2.3864900218241587,2.3346385910081255,0.22611326503358922,0.2745176706808407,0.048404405647251486,0.048404405647251486,21.407149925530017,1.2279136856694095,1.4241682914222726,0.19625460575286313,0.19625460575286313,15.982768825145307,1.415432987332688,1.3130489302185342,-0.10238405711415388,0.10238405711415388,-7.233409001375012,2517.6858937808493,2653.40080169635,135.7149079155006,135.7149079155006,5.390462259439971,347.2051190071067,492.0617609265363,144.8566419194296,144.8566419194296,41.720767923489234,7.251292552888071,5.392414148785068,-1.8588784041030024,1.8588784041030024,-25.635131813329497,pleth_6
s20_sit,qppg,qppg (slope-sum),mid_upslope,lipponen_tarvainen,1.0,100.0,True,False,635,646,0.9890038914275565,0.006309148264984227,0.0032854265235700655,635,2,11,0.9829721362229102,0.9968602825745683,0.9898674980514419,304.00000000000017,7.998410174880616,11.08494445816837,-0.06836248012716034,11.093555569810743,629,766.8682170542636,773.0331230283913,6.1649059741276915,6.1649059741276915,0.8039068300168531,74.10586893935735,105.25679351954543,31.150924580188075,31.150924580188075,42.03570516888432,32.66239884235016,87.32319080546847,54.660791963118314,54.660791963118314,167.3508189859129,12.422360248447205,17.377567140600316,4.955206892153111,4.955206892153111,39.88941548183254,32.687446985372894,87.39223708983022,54.704790104457324,54.704790104457324,167.35718188372692,23.113515423032943,61.795643469281465,38.68212804624852,38.68212804624852,167.35718188372695,102.22096178036888,135.4226111557811,33.20164937541223,33.20164937541223,32.4802748840781,0.22611326503358922,0.45631702816744457,0.23020376313385535,0.23020376313385535,101.80904826599115,1.2279136856694095,1.1129751926684712,-0.11493849300093828,0.11493849300093828,-9.360470067428103,1.415432987332688,1.01710298582481,-0.3983300015078781,0.3983300015078781,-28.141918767804817,2517.6858937808493,12305.990957006887,9788.305063226038,9788.305063226038,388.7818209334598,347.2051190071067,1630.1244800362633,1282.9193610291566,1282.9193610291566,369.4989764833788,7.251292552888071,7.549111192252711,0.2978186393646407,0.2978186393646407,4.107111072853135,pleth_6
s20_sit,terma,TERMA,mid_upslope,lipponen_tarvainen,1.0,100.0,True,False,642,646,0.9890038914275565,0.0062402496099844,0.00046399218543893486,645,1,1,0.9984520123839009,0.9984520123839009,0.9984520123839009,304.99999999999017,9.017080745340621,13.51264648049337,-0.035714285714244585,13.52310266580121,644,766.8682170542636,766.7875968992248,-0.08062015503878683,0.08062015503878683,-0.010512908638784041,74.10586893935735,77.00582680195117,2.8999578625938227,2.8999578625938227,3.91326342177693,32.66239884235016,40.81040468354502,8.148005841194866,8.148005841194866,24.946134178700124,12.422360248447205,18.633540372670808,6.211180124223603,6.211180124223603,50.0,32.687446985372894,40.842121732173574,8.15467474680068,8.15467474680068,24.94742018380868,23.113515423032943,28.879741234866398,5.766225811833454,5.766225811833454,24.94742018380869,102.22096178036888,105.00359645798501,2.78263467761613,2.78263467761613,2.722176184953998,0.22611326503358922,0.2750357340990889,0.04892246906549966,0.04892246906549966,21.63626669944915,1.2279136856694095,1.4258137324468927,0.19790004677748319,0.19790004677748319,16.116771812800177,1.415432987332688,1.351612719284815,-0.063820268047873,0.063820268047873,-4.5088865823410735,2517.6858937808493,2724.9313085238505,207.24541474300122,207.24541474300122,8.23158342567418,347.2051190071067,472.8394870830115,125.63436807590477,125.63436807590477,36.18448035420044,7.251292552888071,5.762909788550428,-1.4883827643376426,1.4883827643376426,-20.525758042196824,pleth_6
s20_sit,heartpy,HeartPy,mid_upslope,lipponen_tarvainen,1.0,100.0,True,False,593,646,0.9890038914275565,0.06587837837837837,0.016639933958601385,607,24,39,0.9396284829721362,0.9619651347068146,0.9506656225528581,304.9999999999791,10.255536626916626,19.10002363600728,0.0681431005110748,19.116191976770708,587,766.8682170542636,782.5389507154214,15.670733661157783,15.670733661157783,2.0434715264837897,74.10586893935735,120.38124348491105,46.2753745455537,46.2753745455537,62.444952347056315,32.66239884235016,105.63848941488884,72.97609057253868,72.97609057253868,223.425385639213,12.422360248447205,22.29299363057325,9.870633382126044,9.870633382126044,79.45859872611466,32.687446985372894,105.7186286229422,73.03118163756932,73.03118163756932,223.42271536302482,23.113515423032943,74.75435919702468,51.64084377399174,51.64084377399174,223.42271536302482,102.22096178036888,152.95448129096803,50.73351951059915,50.73351951059915,49.63122888591557,0.22611326503358922,0.4887359858049411,0.26262272077135185,0.26262272077135185,116.14653423024038,1.2279136856694095,1.0834652937101585,-0.14444839195925097,0.14444839195925097,-11.76372522312132,1.415432987332688,0.9789552690816153,-0.43647771825107273,0.43647771825107273,-30.83704577732026,2517.6858937808493,7018.08574370942,4500.399849928571,4500.399849928571,178.75144238784483,347.2051190071067,3180.34488184633,2833.1397628392233,2833.1397628392233,815.9844448552711,7.251292552888071,2.206705877645293,-5.044586675242778,5.044586675242778,-69.5681030443821,pleth_6
s20_sit,findpeaks,find_peaks baseline,mid_upslope,lipponen_tarvainen,1.0,100.0,True,False,647,646,0.9890038914275565,0.0015479876160990713,0.0001404668097202915,645,1,1,0.9984520123839009,0.9984520123839009,0.9984520123839009,304.99999999999727,9.007763975154397,13.553723331580512,-0.035714285714244585,13.56421158919301,644,766.8682170542636,766.7875968992248,-0.08062015503878683,0.08062015503878683,-0.010512908638784041,74.10586893935735,77.0729055192472,2.96703657988985,2.96703657988985,4.0037808372746415,32.66239884235016,41.07917291286297,8.416774070512815,8.416774070512815,25.769001570085546,12.422360248447205,19.099378881987576,6.677018633540371,6.677018633540371,53.749999999999986,32.687446985372894,41.111098908498825,8.42365192312593,8.42365192312593,25.770296245208076,23.113515423032943,29.069936820230392,5.956421397197449,5.956421397197449,25.77029624520808,102.22096178036888,105.04953261973813,2.828570839369249,2.828570839369249,2.7671142886003097,0.22611326503358922,0.2767259986339848,0.05061273360039556,0.05061273360039556,22.383796719257944,1.2279136856694095,1.4335472459704361,0.20563356030102664,0.20563356030102664,16.746581026086,1.415432987332688,1.3506959315541247,-0.06473705577856337,0.06473705577856337,-4.5736574149340035,2517.6858937808493,2728.704192933984,211.01829915313465,211.01829915313465,8.381438672488454,347.2051190071067,474.3939742169811,127.18885520987442,127.18885520987442,36.63219470196552,7.251292552888071,5.751979032697226,-1.499313520190845,1.499313520190845,-20.676500213657675,pleth_6
s20_sit,msptdfast,MSPTDfast v2,mid_upslope,lipponen_tarvainen,0.9,100.0,True,False,639,573,0.8880851269961731,0.02992957746478873,0.024655455265003227,563,10,10,0.9825479930191972,0.9825479930191972,0.9825479930191972,304.5000000000031,8.723518850986958,12.74955555954202,-0.008976660682072521,12.761012673547908,557,767.3838028169014,766.2397137745976,-1.14408904230379,1.14408904230379,-0.14908954790341997,75.43506184481305,77.12237027640217,1.6873084315891163,1.6873084315891163,2.236769468102632,33.86684164434414,41.594367381285984,7.727525736941843,7.727525736941843,22.81737936502373,12.345679012345679,18.45878136200717,6.1131023496614905,6.1131023496614905,49.51612903225808,33.896480660247825,41.63147112976816,7.7349904695203335,7.7349904695203335,22.819450039813606,23.9684313332199,29.437895546631047,5.469464213411147,5.469464213411147,22.819450039813614,103.95389079051472,105.01966625297663,1.0657754624619145,1.0657754624619145,1.0252386460547576,0.23056790997386029,0.28030840886238934,0.04974049888852905,0.04974049888852905,21.57303628860069,1.1942356290480776,1.4209881061321659,0.2267524770840883,0.2267524770840883,18.987247706286585,1.397909471587709,1.2861726943857363,-0.11173677720197261,0.11173677720197261,-7.993133995656021,2313.0422937474505,2406.1246111205187,93.08231737306824,93.08231737306824,4.0242375863461595,271.5211287195056,389.52181451392374,118.00068579441813,118.00068579441813,43.45911728892322,8.518829840814835,6.177124159588012,-2.3417056812268227,2.3417056812268227,-27.488583819427905,pleth_6
s20_sit,msptd,MSPTD,mid_upslope,lipponen_tarvainen,0.9,100.0,True,False,632,573,0.8880851269961731,0.04092526690391459,0.879103554762455,562,11,11,0.9808027923211169,0.9808027923211169,0.9808027923211169,304.9999999999913,8.892086330934932,13.2011281401482,-0.007194244604166668,13.213013733941356,556,767.3838028169014,768.490161001789,1.1063581848876538,1.1063581848876538,0.14417273088465643,75.43506184481305,92.03589076962822,16.600828924815175,16.600828924815175,22.006781089365084,33.86684164434414,83.79407041407593,49.92722876973179,49.92722876973179,147.42215791495212,12.345679012345679,18.100358422939067,5.754679410593388,5.754679410593388,46.61290322580645,33.896480660247825,83.86914788243482,49.97266722218699,49.97266722218699,147.42730291995343,23.9684313332199,59.304443200007036,35.33601186678713,35.33601186678713,147.4273029199534,103.95389079051472,115.86282145820124,11.90893066768652,11.90893066768652,11.455973968001926,0.23056790997386029,0.5118505009081085,0.2812825909342482,0.2812825909342482,121.99555045025019,1.1942356290480776,1.2335972039960847,0.03936157494800718,0.03936157494800718,3.2959638776965816,1.397909471587709,0.9030581718371151,-0.49485129975059383,0.49485129975059383,-35.399380990569774,2313.0422937474505,10237.27287863868,7924.230584891229,7924.230584891229,342.58909170453916,271.5211287195056,527.2288869981892,255.70775827868357,255.70775827868357,94.1760074011927,8.518829840814835,19.417131972652783,10.898302131837948,10.898302131837948,127.9319147756978,pleth_6
s20_sit,qppg,qppg (slope-sum),mid_upslope,lipponen_tarvainen,0.9,100.0,True,False,635,573,0.8880851269961731,0.02127659574468085,0.00328704929644167,562,5,11,0.9808027923211169,0.9911816578483245,0.9859649122807017,304.0000000000195,7.89909909909901,10.865102413250831,-0.10450450450438734,10.874400995057705,555,767.3838028169014,767.2140287769785,-0.1697740399229133,0.1697740399229133,-0.022123745549451162,75.43506184481305,77.97439555006062,2.5393337052475715,2.5393337052475715,3.3662512406651883,33.86684164434414,40.79756661176409,6.930724967419948,6.930724967419948,20.464633343149078,12.345679012345679,17.2972972972973,4.9516182849516195,4.9516182849516195,40.10810810810812,33.896480660247825,40.834259054434746,6.937778394186921,6.937778394186921,20.46754783697417,23.9684313332199,28.87418148211899,4.905750148899088,4.905750148899088,20.467547836974166,103.95389079051472,106.42506455968108,2.471173769166356,2.471173769166356,2.3771825665921473,0.23056790997386029,0.2713099738448072,0.04074206387094692,0.04074206387094692,17.670309747599262,1.1942356290480776,1.3673954349518544,0.1731598059037769,0.1731598059037769,14.49963488711203,1.397909471587709,1.3403337901793932,-0.057575681408315704,0.057575681408315704,-4.118698855579164,2313.0422937474505,2439.6415084264204,126.59921467896993,126.59921467896993,5.47327712170198,271.5211287195056,347.8181482751324,76.29701955562678,76.29701955562678,28.099846194454084,8.518829840814835,7.014129425174808,-1.504700415640027,1.504700415640027,-17.663228914736735,pleth_6
s20_sit,terma,TERMA,mid_upslope,lipponen_tarvainen,0.9,100.0,True,False,642,573,0.8880851269961731,0.028021015761821366,0.00043583584988258887,565,10,8,0.9860383944153578,0.9826086956521739,0.9843205574912892,304.99999999999983,8.512499999999571,12.175722331167858,-0.08035714285696643,12.186342683260307,560,767.3838028169014,766.22816399287,-1.1556388240313709,1.1556388240313709,-0.15059463332289116,75.43506184481305,77.2299302987154,1.7948684539023532,1.7948684539023532,2.37935571338803,33.86684164434414,41.33432938507942,7.4674877407352795,7.4674877407352795,22.04955460315967,12.345679012345679,18.571428571428573,6.225749559082894,6.225749559082894,50.428571428571445,33.896480660247825,41.37117608871434,7.474695428466518,7.474695428466518,22.05153833929575,23.9684313332199,29.25383915799266,5.285407824772761,5.285407824772761,22.05153833929575,103.95389079051472,105.22897491854216,1.2750841280274443,1.2750841280274443,1.2265862473555338,0.23056790997386029,0.2780017498092905,0.0474338398354302,0.0474338398354302,20.572611271363748,1.1942356290480776,1.4061803831372328,0.21194475408915525,0.21194475408915525,17.74731459469987,1.397909471587709,1.3037950210416014,-0.09411445054610756,0.09411445054610756,-6.732513975974054,2313.0422937474505,2452.7164430529697,139.67414930551922,139.67414930551922,6.0385471412728755,271.5211287195056,365.1349069464036,93.61377822689798,93.61377822689798,34.47752985868202,8.518829840814835,6.717288312872788,-1.8015415279420468,1.8015415279420468,-21.14775810300406,pleth_6
s20_sit,heartpy,HeartPy,mid_upslope,lipponen_tarvainen,0.9,100.0,True,False,593,573,0.8880851269961731,0.09315589353612168,0.019081760346436136,525,35,48,0.9162303664921466,0.9375,0.9267431597528685,304.9999999999862,10.32142857142909,18.216837667475268,0.38095238095244094,18.23094921363952,504,767.3838028169014,782.0257826887662,14.641979871864805,14.641979871864805,1.9080386917364214,75.43506184481305,126.36381931621632,50.92875747140327,50.92875747140327,67.51337670561631,33.86684164434414,118.97472521444335,85.1078835700992,85.1078835700992,251.30150742684464,12.345679012345679,23.062730627306273,10.717051614960594,10.717051614960594,86.80811808118081,33.896480660247825,119.08081998032145,85.18433932007363,85.18433932007363,251.3073264858843,23.9684313332199,84.20285531733983,60.23442398411993,60.23442398411993,251.30732648588432,103.95389079051472,157.624581905139,53.670691114624276,53.670691114624276,51.629324026726536,0.23056790997386029,0.534198754405036,0.30363084443117566,0.30363084443117566,131.6882494470278,1.1942356290480776,1.0237643978716773,-0.17047123117640028,0.17047123117640028,-14.274505552332457,1.397909471587709,0.859224301732296,-0.5386851698554129,0.5386851698554129,-38.53505400772401,2313.0422937474505,7258.024982442147,4944.982688694697,4944.982688694697,213.78695504452435,271.5211287195056,3325.6008086739007,3054.079679954395,3054.079679954395,1124.8036918369642,8.518829840814835,2.1824702963481415,-6.336359544466694,6.336359544466694,-74.38063282011294,pleth_6
s20_sit,findpeaks,find_peaks baseline,mid_upslope,lipponen_tarvainen,0.9,100.0,True,False,647,573,0.8880851269961731,0.022569444444444444,0.00014640083331546235,566,10,7,0.987783595113438,0.9826388888888888,0.9852045256744996,304.99999999999983,8.529411764705683,12.278337662630301,-0.08377896613174823,12.289009490814648,561,767.3838028169014,766.0479573712256,-1.3358454456757727,1.3358454456757727,-0.17407787873189015,75.43506184481305,77.31342718700462,1.8783653421915716,1.8783653421915716,2.4900428212755936,33.86684164434414,42.01687933992892,8.150037695584778,8.150037695584778,24.0649476002905,12.345679012345679,19.395017793594306,7.049338781248627,7.049338781248627,57.09964412811389,33.896480660247825,42.05420493725137,8.157724277003545,8.157724277003545,24.066581893177293,23.9684313332199,29.736813488539234,5.768382155319333,5.768382155319333,24.066581893177293,103.95389079051472,105.21622484364454,1.2623340531298197,1.2623340531298197,1.2143211221152306,0.23056790997386029,0.2826257407802771,0.052057830806416794,0.052057830806416794,22.578090252159825,1.1942356290480776,1.4131208956587347,0.2188852666106571,0.2188852666106571,18.328482360313604,1.397909471587709,1.3006551189616715,-0.09725435262603743,0.09725435262603743,-6.957128097542574,2313.0422937474505,2540.653959176368,227.6116654289176,227.6116654289176,9.840358995777594,271.5211287195056,358.82652808181234,87.30539936230673,87.30539936230673,32.15418253969377,8.518829840814835,7.080451862792875,-1.4383779780219594,1.4383779780219594,-16.884689621695475,pleth_6
s20_sit,msptdfast,MSPTDfast v2,mid_upslope,lipponen_tarvainen,0.75,100.0,True,False,639,489,0.7467988567922366,0.03925619834710744,0.022169983530659684,478,10,11,0.9775051124744376,0.9795081967213115,0.9785056294779939,302.99999999998175,8.901709401709144,13.098900586733942,0.1282051282052759,13.112289517320761,468,756.1958333333333,755.2611464968155,-0.9346868365178125,0.9346868365178125,-0.12360380675435431,69.11008421664303,71.94230665744142,2.8322224407983896,2.8322224407983896,4.098131948327645,32.84594267022495,42.93723771947492,10.091295049249972,10.091295049249972,30.72310985428892,11.691022964509393,19.148936170212767,7.457913205703374,7.457913205703374,63.79179331306993,32.880165242531376,42.98293118307475,10.102765940543371,10.102765940543371,30.726019367673896,23.24978780952816,30.39352211482687,7.1437343052987075,7.1437343052987075,30.7260193676739,94.93078977694698,97.0959565988317,2.165166821884725,2.165166821884725,2.280784587352622,0.24491303468723638,0.3130256210400483,0.0681125863528119,0.0681125863528119,27.810927433811088,1.333297600422491,1.5022951827953606,0.16899758237286955,0.16899758237286955,12.675158368193127,1.416891941887172,1.2694128387723989,-0.14747910311477308,0.14747910311477308,-10.408634473447867,2048.425366106619,2195.5966029149217,147.17123680830264,147.17123680830264,7.184603317426527,211.89595373656596,317.38857209080334,105.49261835423738,105.49261835423738,49.78510277991825,9.667128276801687,6.91769268329791,-2.749435593503777,2.749435593503777,-28.441079033797738,pleth_6
s20_sit,msptd,MSPTD,mid_upslope,lipponen_tarvainen,0.75,100.0,True,False,632,489,0.7467988567922366,0.06889352818371608,0.8866510148395733,469,19,20,0.9591002044989775,0.9610655737704918,0.9600818833162743,302.99999999998175,9.204793028322312,13.79108044288317,-0.028322440087058042,13.80609888395565,459,756.1958333333333,754.7445887445889,-1.45124458874443,1.45124458874443,-0.19191385680443404,69.11008421664303,71.78818961397275,2.678105397329716,2.678105397329716,3.8751296973311704,32.84594267022495,40.87813219771569,8.032189527490743,8.032189527490743,24.45413002188539,11.691022964509393,18.004338394793926,6.313315430284533,6.313315430284533,54.00139448404092,32.880165242531376,40.92247808340769,8.042312840876313,8.042312840876313,24.459466008015575,23.24978780952816,28.93656175573545,5.686773946207289,5.686773946207289,24.459466008015575,94.93078977694698,97.31271103951383,2.3819212625668484,2.3819212625668484,2.509113500649791,0.24491303468723638,0.2973564444626947,0.05244340977545833,0.05244340977545833,21.413074172401902,1.333297600422491,1.4924545569482812,0.1591569565257902,0.1591569565257902,11.937091649707993,1.416891941887172,1.318571201888897,-0.09832073999827484,0.09832073999827484,-6.9391840754857075,2048.425366106619,2139.703820650317,91.27845454369799,91.27845454369799,4.456030278378568,211.89595373656596,296.5228881757804,84.62693443921444,84.62693443921444,39.93796622677592,9.667128276801687,7.215981989835095,-2.4511462869665923,2.4511462869665923,-25.355474933012264,pleth_6
s20_sit,qppg,qppg (slope-sum),mid_upslope,lipponen_tarvainen,0.75,100.0,True,False,635,489,0.7467988567922366,0.04175365344467641,0.003315326734556331,473,9,16,0.967280163599182,0.9813278008298755,0.9742533470648815,302.9999999999863,8.212121212121529,11.342369710485098,-0.19047619047617523,11.35306375414591,462,756.1958333333333,755.306695464363,-0.8891378689703515,0.8891378689703515,-0.11758037135050134,69.11008421664303,72.07070916520712,2.9606249485640888,2.9606249485640888,4.283926118919579,32.84594267022495,40.09569181551154,7.249749145286593,7.249749145286593,22.071977711446642,11.691022964509393,17.74891774891775,6.057894784408358,6.057894784408358,51.81663574520721,32.880165242531376,40.1376399243546,7.257474681823226,7.257474681823226,22.072500634624205,23.24978780952816,28.381597371335044,5.131809561806882,5.131809561806882,22.072500634624195,94.93078977694698,97.89207919848862,2.961289421541636,2.961289421541636,3.1194193459251682,0.24491303468723638,0.2899274139819602,0.04501437929472382,0.04501437929472382,18.379740119675116,1.333297600422491,1.4426630793784456,0.10936547895595461,0.10936547895595461,8.20263074960153,1.416891941887172,1.3153792691391821,-0.10151267274798981,0.10151267274798981,-7.164461152399816,2048.425366106619,2256.952138474314,208.52677236769478,208.52677236769478,10.17985696808839,211.89595373656596,267.43343945067926,55.5374857141133,55.5374857141133,26.209790576349942,9.667128276801687,8.439304161477333,-1.2278241153243545,1.2278241153243545,-12.701022270189352,pleth_6
s20_sit,terma,TERMA,mid_upslope,lipponen_tarvainen,0.75,100.0,True,False,642,489,0.7467988567922366,0.05761316872427984,0.0004667169916793215,472,18,17,0.9652351738241309,0.963265306122449,0.9642492339121553,303.0000000000045,9.019438444924237,13.055786598856557,-0.11663066954631572,13.069387080743676,463,756.1958333333333,754.605603448276,-1.5902298850572834,1.5902298850572834,-0.210293394245179,69.11008421664303,72.09794791672981,2.987863700086777,2.987863700086777,4.323339689068476,32.84594267022495,40.92444178245021,8.07849911222526,8.07849911222526,24.595120296390423,11.691022964509393,18.790496760259177,7.099473795749784,7.099473795749784,60.72585621721691,32.880165242531376,40.96722941008436,8.087064167552981,8.087064167552981,24.595570332147073,23.24978780952816,28.968205722295615,5.718417912767453,5.718417912767453,24.595570332147062,94.93078977694698,97.76027436969338,2.8294845927463967,2.8294845927463967,2.9805762697167717,0.24491303468723638,0.2963187849979688,0.05140575031073244,0.05140575031073244,20.989389305628265,1.333297600422491,1.4952429392455584,0.1619453388230674,0.1619453388230674,12.146225926736138,1.416891941887172,1.3429901522689642,-0.0739017896182077,0.0739017896182077,-5.215767514336852,2048.425366106619,2213.2776943814943,164.85232827487516,164.85232827487516,8.04775858581585,211.89595373656596,271.52518387648195,59.62923013991599,59.62923013991599,28.140806413910315,9.667128276801687,8.151279607965662,-1.5158486688360249,1.5158486688360249,-15.680444341197205,pleth_6
s20_sit,heartpy,HeartPy,mid_upslope,lipponen_tarvainen,0.75,100.0,True,False,593,489,0.7467988567922366,0.1085972850678733,0.01646598230252115,442,26,47,0.9038854805725971,0.9444444444444444,0.9237199582027168,302.99999999999085,10.311004784689874,17.723015069617773,-1.1578947368419654,17.70634286947588,418,756.1958333333333,780.9301801801804,24.734346846847075,24.734346846847075,3.2708917130391146,69.11008421664303,177.82090081472126,108.71081659807822,108.71081659807822,157.30094649761486,32.84594267022495,161.2524484913943,128.40650582116933,128.40650582116933,390.9356693165352,11.691022964509393,20.993227990970656,9.302205026461262,9.302205026461262,79.56707513705258,32.880165242531376,161.43175077100653,128.55158552847516,128.55158552847516,390.9700105831288,23.24978780952816,114.1494856689954,90.89969785946724,90.89969785946724,390.9700105831288,94.93078977694698,224.07686282751658,129.1460730505696,129.1460730505696,136.04234553827706,0.24491303468723638,0.5094211166141775,0.2645080819269412,0.2645080819269412,108.00081843938133,1.333297600422491,0.7386218139706532,-0.5946757864518378,0.5946757864518378,-44.60187930012016,1.416891941887172,0.8528227278040668,-0.5640692140831052,0.5640692140831052,-39.81031985627754,2048.425366106619,24498.210130695767,22449.78476458915,22449.78476458915,1095.9532690838907,211.89595373656596,5174.843950234212,4962.947996497645,4962.947996497645,2342.162702487325,9.667128276801687,4.734096402962448,-4.933031873839239,4.933031873839239,-51.02892743936262,pleth_6
s20_sit,findpeaks,find_peaks baseline,mid_upslope,lipponen_tarvainen,0.75,100.0,True,False,647,489,0.7467988567922366,0.034623217922606926,0.00014434209070524087,481,10,8,0.983640081799591,0.9796334012219959,0.9816326530612245,303.0000000000045,9.040254237288227,13.990387135579,-0.09533898305078868,14.004905854565195,472,756.1958333333333,754.6645569620256,-1.5312763713077402,1.5312763713077402,-0.2024973298990328,69.11008421664303,72.30563601174737,3.195551795104336,3.195551795104336,4.623857475107498,32.84594267022495,43.84889004937669,11.002947379151742,11.002947379151742,33.498650014773304,11.691022964509393,19.661733615221987,7.9707106507125935,7.9707106507125935,68.17804288734523,32.880165242531376,43.89399303357015,11.013827791038771,11.013827791038771,33.496874817381055,23.24978780952816,31.03774012739253,7.78795231786437,7.78795231786437,33.49687481738106,94.93078977694698,97.43135371075905,2.5005639338120744,2.5005639338120744,2.6340915731213186,0.24491303468723638,0.3185600830255643,0.07364704833832794,0.07364704833832794,30.070693637183556,1.333297600422491,1.528148580871714,0.1948509804492229,0.1948509804492229,14.614215190028029,1.416891941887172,1.3422467424984061,-0.07464519938876579,0.07464519938876579,-5.268235154852045,2048.425366106619,2254.5309882383676,206.10562213174853,206.10562213174853,10.061661290764395,211.89595373656596,280.4283897847411,68.53243604817516,68.53243604817516,32.342493964455926,9.667128276801687,8.039596097845022,-1.627532178956665,1.627532178956665,-16.835735829245916,pleth_6
s20_sit,msptdfast,MSPTDfast v2,mid_upslope,lipponen_tarvainen,0.5,100.0,True,False,639,323,0.48441006927063995,0.06583072100313479,0.024633390386632203,312,11,11,0.9659442724458205,0.9659442724458205,0.9659442724458205,301.0000000000006,9.21854304635854,12.992611247159894,-0.20529801324443003,13.012550997620284,302,740.3003194888179,739.0164473684212,-1.2838721203967225,1.2838721203967225,-0.17342584983392206,62.60375413622546,65.88796666337097,3.284212527145513,3.284212527145513,5.2460312843205585,34.024312574304304,45.165007337415275,11.140694763110972,11.140694763110972,32.74333533934378,13.782051282051283,19.141914191419144,5.359862909367861,5.359862909367861,38.890168086576104,34.07859212308682,45.239329619951874,11.160737496865053,11.160737496865053,32.74999582304963,24.097203583525157,31.98903675060141,7.891833167076253,7.891833167076253,32.74999582304962,85.19263373879267,87.51656888747206,2.3239351486793964,2.3239351486793964,2.727859260467008,0.28285548322650855,0.3655197770805274,0.08266429385401886,0.08266429385401886,29.224921826182843,1.3379362844382774,1.5568600963541932,0.2189238119159158,0.2189238119159158,16.36279802425938,1.340161223089144,1.2499620095744286,-0.09019921351471538,0.09019921351471538,-6.730474808605589,968.8529800768276,1088.2336162138417,119.38063613701411,119.38063613701411,12.321852602192289,137.52688808012786,165.7399321226765,28.21304404254863,28.21304404254863,20.514565868829045,7.04482587806641,6.565910835587641,-0.4789150424787687,0.4789150424787687,-6.798110425551302,pleth_6
s20_sit,msptd,MSPTD,mid_upslope,lipponen_tarvainen,0.5,100.0,True,False,632,323,0.48441006927063995,0.06918238993710692,0.8698422276400414,312,11,11,0.9659442724458205,0.9659442724458205,0.9659442724458205,301.0000000000006,9.566225165563333,13.812006486341675,-0.20860927152259154,13.833352927214968,302,740.3003194888179,739.013157894737,-1.2871615940808852,1.2871615940808852,-0.17387019297380266,62.60375413622546,65.70174501674654,3.097990880521081,3.097990880521081,4.948570454385001,34.024312574304304,45.46782854220337,11.443515967899067,11.443515967899067,33.63334951413946,13.782051282051283,18.81188118811881,5.029829906067528,5.029829906067528,36.495510016117876,34.07859212308682,45.54265438359612,11.464062260509301,11.464062260509301,33.640070044862206,24.097203583525157,32.203519747876065,8.106316164350908,8.106316164350908,33.640070044862206,85.19263373879267,87.15716787699859,1.96453413820592,1.96453413820592,2.3059906144342674,0.28285548322650855,0.3694879093974646,0.08663242617095607,0.08663242617095607,30.627805118977125,1.3379362844382774,1.5570786335089808,0.2191423490707034,0.2191423490707034,16.379131922766316,1.340161223089144,1.233445937810303,-0.10671528527884089,0.10671528527884089,-7.962869201129129,968.8529800768276,1067.7696543741035,98.9166742972759,98.9166742972759,10.209668167551289,137.52688808012786,157.64182424035,20.11493616022213,20.11493616022213,14.62618433458807,7.04482587806641,6.773390624724814,-0.271435253341596,0.271435253341596,-3.8529732038756466,pleth_6
s20_sit,qppg,qppg (slope-sum),mid_upslope,lipponen_tarvainen,0.5,100.0,True,False,635,323,0.48441006927063995,0.06289308176100629,0.0033199286300100352,311,10,12,0.9628482972136223,0.9688473520249221,0.9658385093167702,301.0000000000016,8.916943521595483,12.523201059794573,-0.3521594684381352,12.53909500938852,301,740.3003194888179,737.9304635761591,-2.3698559126587497,2.3698559126587497,-0.32012088206245143,62.60375413622546,64.7026816220682,2.0989274858427365,2.0989274858427365,3.3527182431831175,34.024312574304304,41.79390980765064,7.769597233346339,7.769597233346339,22.83542750901619,13.782051282051283,18.272425249169437,4.490373967118154,4.490373967118154,32.58131808699684,34.07859212308682,41.86286026739587,7.784268144309046,7.784268144309046,22.842106024196724,24.097203583525157,29.601512374940505,5.5043087914153475,5.5043087914153475,22.84210602419672,85.19263373879267,86.58304963033866,1.3904158915459988,1.3904158915459988,1.6320846422111137,0.28285548322650855,0.3418857674951674,0.05903028426865886,0.05903028426865886,20.869414867021632,1.3379362844382774,1.6232041081982482,0.28526782375997084,0.28526782375997084,21.321480482887,1.340161223089144,1.305577284934455,-0.034583938154689076,0.034583938154689076,-2.5805804226279005,968.8529800768276,1088.1096770419772,119.25669696514956,119.25669696514956,12.309060241079385,137.52688808012786,162.56549140392679,25.038603323798924,25.038603323798924,18.206333083906166,7.04482587806641,6.693361965353083,-0.351463912713327,0.351463912713327,-4.988965217828679,pleth_6
s20_sit,terma,TERMA,mid_upslope,lipponen_tarvainen,0.5,100.0,True,False,642,323,0.48441006927063995,0.06521739130434782,0.0004321543335196259,314,12,9,0.9721362229102167,0.9631901840490797,0.967642526964561,300.99999999999494,9.730263157895752,15.480038079647908,-0.26315789473632156,15.503320986547743,304,740.3003194888179,738.0586319218243,-2.241687566993619,2.241687566993619,-0.30280786161777135,62.60375413622546,66.27564110101862,3.67188696479316,3.67188696479316,5.8652823867449735,34.024312574304304,50.03100345975137,16.006690885447064,16.006690885447064,47.04486196595657,13.782051282051283,19.607843137254903,5.8257918552036205,5.8257918552036205,42.27086183310534,34.07859212308682,50.112415468405764,16.033823345318943,16.033823345318943,47.04954737392657,24.097203583525157,35.43482879934736,11.3376252158222,11.3376252158222,47.049547373926565,85.19263373879267,86.77150519993877,1.5788714611461074,1.5788714611461074,1.8532957508827017,0.28285548322650855,0.4083694147946204,0.12551393156811186,0.12551393156811186,44.373872528962515,1.3379362844382774,1.568099255541205,0.2301629711029276,0.2301629711029276,17.202834976522055,1.340161223089144,1.1841054778469335,-0.15605574524221044,0.15605574524221044,-11.6445501148357,968.8529800768276,1104.770769077641,135.9177890008134,135.9177890008134,14.028732098242134,137.52688808012786,173.98615461294253,36.45926653281467,36.45926653281467,26.51064605749841,7.04482587806641,6.349762551712026,-0.6950633263543837,0.6950633263543837,-9.866295326310569,pleth_6
s20_sit,heartpy,HeartPy,mid_upslope,lipponen_tarvainen,0.5,100.0,True,False,593,323,0.48441006927063995,0.10238907849829351,0.019179938156714725,288,17,35,0.891640866873065,0.9442622950819672,0.9171974522292995,301.00000000000205,9.585551330801152,13.570405061608728,-0.17870722433344963,13.595099133870681,263,740.3003194888179,779.7403508771932,39.44003138837536,39.44003138837536,5.327571844843854,62.60375413622546,184.8303065087047,122.22655237247923,122.22655237247923,195.2383751723816,34.024312574304304,192.35740099697227,158.33308842266797,158.33308842266797,465.35279170414043,13.782051282051283,24.295774647887324,10.513723365836041,10.513723365836041,76.28562070094986,34.07859212308682,192.66980600426868,158.59121388118186,158.59121388118186,465.3690308225584,24.097203583525157,136.238126355515,112.14092277198984,112.14092277198984,465.36903082255833,85.19263373879267,223.07769349565677,137.8850597568641,137.8850597568641,161.8509179791654,0.28285548322650855,0.610720526201637,0.3278650429751284,0.3278650429751284,115.912563983275,1.3379362844382774,0.742848032361432,-0.5950882520768453,0.5950882520768453,-44.47807111582214,1.340161223089144,0.8338284910277715,-0.5063327320613725,0.5063327320613725,-37.78147907415559,968.8529800768276,10930.292564387124,9961.439584310296,9961.439584310296,1028.168338143562,137.52688808012786,4476.872946460903,4339.3460583807755,4339.3460583807755,3155.2710302384826,7.04482587806641,2.441501622919148,-4.603324255147262,4.603324255147262,-65.34333615653158,pleth_6
s20_sit,findpeaks,find_peaks baseline,mid_upslope,lipponen_tarvainen,0.5,100.0,True,False,647,323,0.48441006927063995,0.05521472392638037,0.0001436518063871853,315,12,8,0.9752321981424149,0.963302752293578,0.9692307692307692,301.00000000000205,9.80327868852601,15.64336134270221,-0.2688524590159059,15.666755165917651,305,740.3003194888179,737.1461038961041,-3.15421559271374,3.15421559271374,-0.4260724343455297,62.60375413622546,66.3938604684045,3.790106332179036,3.790106332179036,6.054119891806781,34.024312574304304,51.049793664860395,17.02548109055609,17.02548109055609,50.03916259402696,13.782051282051283,20.521172638436482,6.7391213563851995,6.7391213563851995,48.89781077191122,34.07859212308682,51.13261560341247,17.054023480325647,17.054023480325647,50.04321604228556,24.097203583525157,36.15621923297803,12.059015649452874,12.059015649452874,50.043216042285565,85.19263373879267,86.65458572154598,1.4619519827533196,1.4619519827533196,1.7160544504772322,0.28285548322650855,0.41724530712271435,0.1343898238962058,0.1343898238962058,47.511832672724765,1.3379362844382774,1.5765629796063771,0.23862669516809976,0.23862669516809976,17.835430426964272,1.340161223089144,1.1668739381220523,-0.17328728496709167,0.17328728496709167,-12.930331215497723,968.8529800768276,1108.7045825194202,139.8516024425926,139.8516024425926,14.434760001615798,137.52688808012786,173.89232704457837,36.365438964450504,36.365438964450504,26.442421167315846,7.04482587806641,6.375810832844839,-0.6690150452215713,0.6690150452215713,-9.496544794733742,pleth_6
s21_sit,msptdfast,MSPTDfast v2,mid_upslope,lipponen_tarvainen,1.0,100.0,True,False,634,633,0.9798397961933224,0.004739336492890996,0.02177673125435016,631,0,2,0.9968404423380727,1.0,0.9984177215189874,273.0000000000249,5.015873015875889,6.270110502560629,-0.025396825396906964,6.275041237244514,630,774.8196202531645,774.7333333333332,-0.0862869198313092,0.0862869198313092,-0.011136388079991549,52.2009319902233,53.74196727051359,1.5410352802902878,1.5410352802902878,2.9521221586214357,27.641925941050285,31.25145465612858,3.6095287150782944,3.6095287150782944,13.05816650683475,6.497622820919176,10.81081081081081,4.3131879898916345,4.3131879898916345,66.38101516150296,27.66385364206527,31.276282417318992,3.612428775253722,3.612428775253722,13.058299187068837,19.561298504056523,22.115671387591846,2.554372883535322,2.554372883535322,13.05829918706884,71.18448006504671,72.71378941635459,1.529309351307873,1.529309351307873,2.1483746877274736,0.27479723791171706,0.30414686904788996,0.029349631136172893,0.029349631136172893,10.680468027703366,1.3542535031170952,1.5644657516099205,0.21021224849282527,0.21021224849282527,15.522370664648692,1.2158031721325702,1.1604302408148586,-0.05537293131771159,0.05537293131771159,-4.554432212953116,726.3259908518609,760.0322651937864,33.706274341925564,33.706274341925564,4.640653751409013,237.06089676557548,289.5545612617813,52.49366449620584,52.49366449620584,22.14353578022432,3.0638793692327475,2.624832645984997,-0.4390467232477504,0.4390467232477504,-14.329765318328961,pleth_6
s21_sit,msptd,MSPTD,mid_upslope,lipponen_tarvainen,1.0,100.0,True,False,630,633,0.9798397961933224,0.001589825119236884,0.8677667123920745,631,0,2,0.9968404423380727,1.0,0.9984177215189874,273.0000000000249,4.961904761907964,6.194467577723704,-0.025396825396906964,6.199337578185162,630,774.8196202531645,774.7333333333332,-0.0862869198313092,0.0862869198313092,-0.011136388079991549,52.2009319902233,53.76790491886505,1.5669729286417464,1.5669729286417464,3.0018102529955293,27.641925941050285,31.34760750082103,3.7056815597707455,3.7056815597707455,13.406017973109234,6.497622820919176,10.81081081081081,4.3131879898916345,4.3131879898916345,66.38101516150296,27.66385364206527,31.372511921558317,3.708658279493047,3.708658279493047,13.40615204041462,19.561298504056523,22.18371592258969,2.6224174185331677,2.6224174185331677,13.406152040414616,71.18448006504671,72.73140962881213,1.546929563765417,1.546929563765417,2.1731275726841988,0.27479723791171706,0.30500874430738023,0.030211506395663168,0.030211506395663168,10.994108465300183,1.3542535031170952,1.5857029563275906,0.23144945321049537,0.23144945321049537,17.090555991013975,1.2158031721325702,1.1592460804115403,-0.05655709172102985,0.05655709172102985,-4.651829590296785,726.3259908518609,760.383782731571,34.05779187971018,34.05779187971018,4.689050413818456,237.06089676557548,292.18059563798795,55.11969887241247,55.11969887241247,23.25128252885974,3.0638793692327475,2.6024444952315977,-0.4614348740011498,0.4614348740011498,-15.060477858065987,pleth_6
s21_sit,qppg,qppg (slope-sum),mid_upslope,lipponen_tarvainen,1.0,100.0,True,False,632,633,0.9798397961933224,0.0,0.003218798226458908,632,0,1,0.9984202211690363,1.0,0.9992094861660079,273.0000000000249,4.992076069733492,6.218677454803617,-0.006339144215521355,6.223607722602319,631,774.8196202531645,774.7987321711569,-0.020888082007672892,0.020888082007672892,-0.0026958638451679787,52.2009319902233,53.76195974711488,1.5610277568915762,1.5610277568915762,2.9904212384252844,27.641925941050285,31.351590425722712,3.7096644846724267,3.7096644846724267,13.420426972359778,6.497622820919176,10.952380952380953,4.454758131461777,4.454758131461777,68.55981416957026,27.66385364206527,31.376397705199516,3.7125440631342457,3.7125440631342457,13.420198469706342,19.561298504056523,22.18646358655261,2.6251650824960855,2.6251650824960855,13.420198469706353,71.18448006504671,72.72178122972082,1.5373011646741048,1.5373011646741048,2.159601591905082,0.27479723791171706,0.30508691084542877,0.03028967293371171,0.03028967293371171,11.022553634051715,1.3542535031170952,1.5784471576025862,0.224193654485491,0.224193654485491,16.55477751908803,1.2158031721325702,1.1588711441106185,-0.05693202802195163,0.05693202802195163,-4.682668159360897,726.3259908518609,761.0812198853433,34.755229033482465,34.755229033482465,4.785073021099011,237.06089676557548,292.6750016424428,55.614104876867316,55.614104876867316,23.459839069056983,3.0638793692327475,2.6004312483617795,-0.463448120870968,0.463448120870968,-15.126186935585,pleth_6
s21_sit,terma,TERMA,mid_upslope,lipponen_tarvainen,1.0,100.0,True,False,632,633,0.9798397961933224,0.0,0.0004757612131605155,632,0,1,0.9984202211690363,1.0,0.9992094861660079,273.0000000000249,4.97305863708737,6.202090542702955,-0.006339144215521534,6.20700764285766,631,774.8196202531645,774.7987321711569,-0.020888082007672892,0.020888082007672892,-0.0026958638451679787,52.2009319902233,53.750178131646734,1.5492461414234313,1.5492461414234313,2.9678514968154,27.641925941050285,31.320944866042623,3.679018924992338,3.679018924992338,13.30956074782302,6.497622820919176,10.793650793650794,4.296027972731618,4.296027972731618,66.11691831204027,27.66385364206527,31.345727692312735,3.6818740502474654,3.6818740502474654,13.30933172899982,19.561298504056523,22.164776612461285,2.6034781084047616,2.6034781084047616,13.309331728999817,71.18448006504671,72.71097562326611,1.5264955582193949,1.5264955582193949,2.1444218695206017,0.27479723791171706,0.3048339872002623,0.030036749288545217,0.030036749288545217,10.930513536746316,1.3542535031170952,1.5806332299178627,0.22637972680076746,0.22637972680076746,16.716200200310176,1.2158031721325702,1.1593294293886893,-0.05647374274388084,0.05647374274388084,-4.6449741239631335,726.3259908518609,760.8395687120503,34.51357786018946,34.51357786018946,4.751802674679273,237.06089676557548,292.08139593573924,55.02049917016376,55.02049917016376,23.20943686658385,3.0638793692327475,2.6048888402308323,-0.45899052900191517,0.45899052900191517,-14.980698444301186,pleth_6
s21_sit,heartpy,HeartPy,mid_upslope,lipponen_tarvainen,1.0,100.0,True,False,630,633,0.9798397961933224,0.003179650238473768,0.022157533742929548,632,0,1,0.9984202211690363,1.0,0.9992094861660079,273.00000000004763,5.163232963553305,7.1219844454066825,-0.006339144215521534,7.127631749373995,631,774.8196202531645,774.7987321711569,-0.020888082007672892,0.020888082007672892,-0.0026958638451679787,52.2009319902233,53.63372900777071,1.4327970175474078,1.4327970175474078,2.744772866920759,27.641925941050285,31.33953839268755,3.6976124516372657,3.6976124516372657,13.376826417677504,6.497622820919176,10.793650793650794,4.296027972731618,4.296027972731618,66.11691831204027,27.66385364206527,31.364336055432727,3.7004824133674568,3.7004824133674568,13.376597712115403,19.561298504056523,22.177934712210213,2.6166362081536896,2.6166362081536896,13.376597712115405,71.18448006504671,72.53477087893027,1.3502908138835608,1.3502908138835608,1.8968893397123876,0.27479723791171706,0.30575590773186556,0.0309586698201485,0.0309586698201485,11.266004729674343,1.3542535031170952,1.5842264930876042,0.22997298997050897,0.22997298997050897,16.981531850660048,1.2158031721325702,1.17587537756947,-0.03992779456310025,0.03992779456310025,-3.2840673127267146,726.3259908518609,757.3439761675278,31.01798531566692,31.01798531566692,4.270532199913145,237.06089676557548,283.6679007850181,46.60700401944263,46.60700401944263,19.660350844589654,3.0638793692327475,2.6698261384938724,-0.3940532307388751,0.3940532307388751,-12.861251480587937,pleth_6
s21_sit,findpeaks,find_peaks baseline,mid_upslope,lipponen_tarvainen,1.0,100.0,True,False,632,633,0.9798397961933224,0.0,0.00013846361128859924,632,0,1,0.9984202211690363,1.0,0.9992094861660079,273.0000000000249,4.97305863708737,6.202090542702955,-0.006339144215521534,6.20700764285766,631,774.8196202531645,774.7987321711569,-0.020888082007672892,0.020888082007672892,-0.0026958638451679787,52.2009319902233,53.750178131646734,1.5492461414234313,1.5492461414234313,2.9678514968154,27.641925941050285,31.320944866042623,3.679018924992338,3.679018924992338,13.30956074782302,6.497622820919176,10.793650793650794,4.296027972731618,4.296027972731618,66.11691831204027,27.66385364206527,31.345727692312735,3.6818740502474654,3.6818740502474654,13.30933172899982,19.561298504056523,22.164776612461285,2.6034781084047616,2.6034781084047616,13.309331728999817,71.18448006504671,72.71097562326611,1.5264955582193949,1.5264955582193949,2.1444218695206017,0.27479723791171706,0.3048339872002623,0.030036749288545217,0.030036749288545217,10.930513536746316,1.3542535031170952,1.5806332299178627,0.22637972680076746,0.22637972680076746,16.716200200310176,1.2158031721325702,1.1593294293886893,-0.05647374274388084,0.05647374274388084,-4.6449741239631335,726.3259908518609,760.8395687120503,34.51357786018946,34.51357786018946,4.751802674679273,237.06089676557548,292.08139593573924,55.02049917016376,55.02049917016376,23.20943686658385,3.0638793692327475,2.6048888402308323,-0.45899052900191517,0.45899052900191517,-14.980698444301186,pleth_6
s21_sit,msptdfast,MSPTDfast v2,mid_upslope,lipponen_tarvainen,0.9,100.0,True,False,634,558,0.8777731507565181,0.01967799642218247,0.0246283590138207,552,6,6,0.989247311827957,0.989247311827957,0.989247311827957,272.99999999998226,5.003649635039474,6.206895153399449,-0.02554744525549271,6.212513516850627,548,771.8086642599278,771.288321167883,-0.5203430920447545,0.5203430920447545,-0.06741866425452755,51.14415534958317,52.70348300753195,1.5593276579487778,1.5593276579487778,3.0488873015702005,27.17128044484873,30.97802488207083,3.8067444372221004,3.8067444372221004,14.010176829718759,6.329113924050633,10.786106032906764,4.456992108856131,4.456992108856131,70.42047531992687,27.195874952555908,31.006378115769284,3.810503163213376,3.810503163213376,14.01132771003295,19.23038759925366,21.924820225694628,2.6944326264409675,2.6944326264409675,14.011327710032946,69.7254720000307,71.23634255295109,1.5108705529203803,1.5108705529203803,2.166884654319321,0.2758014689272407,0.307775770624349,0.0319743016971083,0.0319743016971083,11.593231109854404,1.3438763596730796,1.570806499293664,0.22693013962058428,0.22693013962058428,16.886236444831045,1.2362981959644181,1.207713272748348,-0.0285849232160702,0.0285849232160702,-2.3121382292215933,709.8350895733249,739.4935106111628,29.65842103783791,29.65842103783791,4.178212865704526,241.2873742413479,297.47098910415264,56.183614862804745,56.183614862804745,23.28493773843593,2.941865863496495,2.4859348901154394,-0.4559309733810557,0.4559309733810557,-15.498020458321243,pleth_6
s21_sit,msptd,MSPTD,mid_upslope,lipponen_tarvainen,0.9,100.0,True,False,630,558,0.8777731507565181,0.012589928057553957,0.8758131935433131,555,3,3,0.9946236559139785,0.9946236559139785,0.9946236559139785,272.99999999996805,4.950998185121001,6.1532161481258445,-0.06896551724141212,6.15842059303085,551,771.8086642599278,771.5825771324863,-0.22608712744147397,0.22608712744147397,-0.029293157476829375,51.14415534958317,52.74284083672572,1.5986854871425464,1.5986854871425464,3.125841997419116,27.17128044484873,31.108665849071382,3.9373854042226526,3.9373854042226526,14.490982168523907,6.329113924050633,10.909090909090908,4.579976985040275,4.579976985040275,72.36363636363635,27.195874952555908,31.136983162850136,3.941108210294228,3.941108210294228,14.491566155417393,19.23038759925366,22.01717194014269,2.786784340889028,2.786784340889028,14.4915661554174,69.7254720000307,71.26611157355617,1.5406395735254677,1.5406395735254677,2.2095792675663626,0.2758014689272407,0.30894307903158175,0.033141610104341024,0.033141610104341024,12.016473383281408,1.3438763596730796,1.5804114188223013,0.23653505914922168,0.23653505914922168,17.60095394540334,1.2362981959644181,1.1573618392968714,-0.07893635666754673,0.07893635666754673,-6.38489621073738,709.8350895733249,747.8583055282159,38.02321595489093,38.02321595489093,5.356626702935512,241.2873742413479,299.2592931118907,57.97191887054282,57.97191887054282,24.02608882989309,2.941865863496495,2.4990311837988517,-0.44283467969764345,0.44283467969764345,-15.052850817994852,pleth_6
s21_sit,qppg,qppg (slope-sum),mid_upslope,lipponen_tarvainen,0.9,100.0,True,False,632,558,0.8777731507565181,0.010771992818671455,0.003249785659809967,555,3,3,0.9946236559139785,0.9946236559139785,0.9946236559139785,272.9999999999965,5.012704174231333,6.270664567636951,-0.11978221415614877,6.275217399187369,551,771.8086642599278,771.5317604355716,-0.2769038243561681,0.2769038243561681,-0.035877263002960166,51.14415534958317,52.69143787945383,1.5472825298706567,1.5472825298706567,3.025335972985752,27.17128044484873,31.05836148578768,3.887081040938952,3.887081040938952,14.30584417553971,6.329113924050633,10.727272727272727,4.398158803222094,4.398158803222094,69.49090909090908,27.195874952555908,31.086633002770775,3.890758050214867,3.890758050214867,14.306427195309661,19.23038759925366,21.981569000516743,2.751181401263082,2.751181401263082,14.306427195309661,69.7254720000307,71.20102440192981,1.4755524018991082,1.4755524018991082,2.116231499872039,0.2758014689272407,0.3087254598533692,0.032923990926128466,0.032923990926128466,11.93756909786951,1.3438763596730796,1.5666634278695535,0.22278706819647387,0.22278706819647387,16.5779438408062,1.2362981959644181,1.157845279468498,-0.07845291649592023,0.07845291649592023,-6.3457923623936265,709.8350895733249,748.329813855041,38.49472428171612,38.49472428171612,5.423051754859699,241.2873742413479,299.7917374832808,58.504363241932936,58.504363241932936,24.246756974284903,2.941865863496495,2.4961655719306637,-0.44570029156583146,0.44570029156583146,-15.150258789709175,pleth_6
s21_sit,terma,TERMA,mid_upslope,lipponen_tarvainen,0.9,100.0,True,False,632,558,0.8777731507565181,0.010771992818671455,0.00042567915164415463,555,3,3,0.9946236559139785,0.9946236559139785,0.9946236559139785,272.9999999999965,5.00181488203584,6.2611062844890135,-0.11978221415614898,6.265648682065592,551,771.8086642599278,771.5317604355716,-0.2769038243561681,0.2769038243561681,-0.035877263002960166,51.14415534958317,52.68815968753238,1.5440043379492039,1.5440043379492039,3.0189262632172644,27.17128044484873,31.04307857273179,3.8717981278830607,3.8717981278830607,14.249597606347242,6.329113924050633,10.727272727272727,4.398158803222094,4.398158803222094,69.49090909090908,27.195874952555908,31.071336176238972,3.8754612236830646,3.8754612236830646,14.250180332289117,19.23038759925366,21.97075251074547,2.7403649114918096,2.7403649114918096,14.250180332289112,69.7254720000307,71.1995110701569,1.4740390701261958,1.4740390701261958,2.114061085345606,0.2758014689272407,0.30858010371864,0.03277863479139925,0.03277863479139925,11.884865921452576,1.3438763596730796,1.5725451960537347,0.22866883638065505,0.22866883638065505,17.015615665438343,1.2362981959644181,1.157960581944538,-0.07833761401988015,0.07833761401988015,-6.336465933186138,709.8350895733249,747.9921904064461,38.15710083312115,38.15710083312115,5.375488108943307,241.2873742413479,299.2080071222463,57.92063288089838,57.92063288089838,24.004833681418916,2.941865863496495,2.499906996475672,-0.4419588670208232,0.4419588670208232,-15.02308016503315,pleth_6
s21_sit,heartpy,HeartPy,mid_upslope,lipponen_tarvainen,0.9,100.0,True,False,630,558,0.8777731507565181,0.01981981981981982,0.019075606887551395,552,6,6,0.989247311827957,0.989247311827957,0.989247311827957,272.9999999999908,5.182481751827974,7.210849489831509,-0.02554744525549271,7.217392452481797,548,771.8086642599278,771.288321167883,-0.5203430920447545,0.5203430920447545,-0.06741866425452755,51.14415534958317,52.58037193050346,1.4362165809202878,1.4362165809202878,2.8081734288177915,27.17128044484873,30.98504681524049,3.813766370391761,3.813766370391761,14.03602004746447,6.329113924050633,10.603290676416819,4.274176752366186,4.274176752366186,67.53199268738574,27.195874952555908,31.013406476779572,3.8175315242236643,3.8175315242236643,14.037171191893892,19.23038759925366,21.92979002742563,2.699402428171968,2.699402428171968,14.037171191893881,69.7254720000307,71.05262369577338,1.3271516957426712,1.3271516957426712,1.9033957858931192,0.2758014689272407,0.3086415235181546,0.03284005459091388,0.03284005459091388,11.907135490847377,1.3438763596730796,1.5811597911110356,0.23728343143795594,0.23728343143795594,17.65664153030262,1.2362981959644181,1.206968060108914,-0.029330135855504036,0.029330135855504036,-2.3724159714254074,709.8350895733249,733.0036653091802,23.168575735855256,23.168575735855256,3.2639377900832804,241.2873742413479,280.9956666536473,39.708292412299386,39.708292412299386,16.45684633816817,2.941865863496495,2.6085941966239425,-0.3332716668725526,0.3332716668725526,-11.328581326833485,pleth_6
s21_sit,findpeaks,find_peaks baseline,mid_upslope,lipponen_tarvainen,0.9,100.0,True,False,632,558,0.8777731507565181,0.010771992818671455,0.00013862283557673137,555,3,3,0.9946236559139785,0.9946236559139785,0.9946236559139785,272.9999999999965,5.00181488203584,6.2611062844890135,-0.11978221415614898,6.265648682065592,551,771.8086642599278,771.5317604355716,-0.2769038243561681,0.2769038243561681,-0.035877263002960166,51.14415534958317,52.68815968753238,1.5440043379492039,1.5440043379492039,3.0189262632172644,27.17128044484873,31.04307857273179,3.8717981278830607,3.8717981278830607,14.249597606347242,6.329113924050633,10.727272727272727,4.398158803222094,4.398158803222094,69.49090909090908,27.195874952555908,31.071336176238972,3.8754612236830646,3.8754612236830646,14.250180332289117,19.23038759925366,21.97075251074547,2.7403649114918096,2.7403649114918096,14.250180332289112,69.7254720000307,71.1995110701569,1.4740390701261958,1.4740390701261958,2.114061085345606,0.2758014689272407,0.30858010371864,0.03277863479139925,0.03277863479139925,11.884865921452576,1.3438763596730796,1.5725451960537347,0.22866883638065505,0.22866883638065505,17.015615665438343,1.2362981959644181,1.157960581944538,-0.07833761401988015,0.07833761401988015,-6.336465933186138,709.8350895733249,747.9921904064461,38.15710083312115,38.15710083312115,5.375488108943307,241.2873742413479,299.2080071222463,57.92063288089838,57.92063288089838,24.004833681418916,2.941865863496495,2.499906996475672,-0.4419588670208232,0.4419588670208232,-15.02308016503315,pleth_6
s21_sit,msptdfast,MSPTDfast v2,mid_upslope,lipponen_tarvainen,0.75,100.0,True,False,634,470,0.7348798471449919,0.042643923240938165,0.025231793351445632,459,9,11,0.9765957446808511,0.9807692307692307,0.978678038379531,272.00000000004854,5.151447661472866,6.4502550837868275,-0.055679287305309105,6.457209429098428,449,772.6956521739131,772.2026726057906,-0.49297956812256416,0.49297956812256416,-0.06379996661500661,51.443168111279476,53.27553371709457,1.8323656058150917,1.8323656058150917,3.561922162047647,28.159675428907597,31.613387195935076,3.453711767027478,3.453711767027478,12.264742808370707,7.18954248366013,11.383928571428571,4.194386087768441,4.194386087768441,58.34009740259741,28.19039223332499,31.648726331335446,3.4583340980104573,3.4583340980104573,12.267775735032954,19.933617512492685,22.37902900480454,2.4454114923118553,2.4454114923118553,12.267775735032945,69.96749233405731,71.94264414437849,1.9751518103211794,1.9751518103211794,2.8229564108013006,0.28489826986109973,0.31106764660877717,0.026169376747677442,0.026169376747677442,9.185516205639349,1.3436832918141555,1.5296178262889852,0.18593453447482977,0.18593453447482977,13.837675559974615,1.2774276276998233,1.1446109599060827,-0.13281666779374057,0.13281666779374057,-10.397197063358844,603.8664521108383,615.8783839606615,12.011931849823213,12.011931849823213,1.989170255746953,201.2633042966913,248.83211226722054,47.568807970529235,47.568807970529235,23.6351122907164,3.000380293968798,2.4750759793385124,-0.5253043146302856,0.5253043146302856,-17.507924434986588,pleth_6
s21_sit,msptd,MSPTD,mid_upslope,lipponen_tarvainen,0.75,100.0,True,False,630,470,0.7348798471449919,0.0407725321888412,0.8585326776576018,459,9,11,0.9765957446808511,0.9807692307692307,0.978678038379531,272.0000000000201,5.040089086862658,6.259247056908154,0.006681514476472654,6.266225359636584,449,772.6956521739131,772.2650334075722,-0.43061876634089913,0.43061876634089913,-0.05572941495521427,51.443168111279476,53.35760968423783,1.9144415729583528,1.9144415729583528,3.721469037087921,28.159675428907597,31.669611391907843,3.5099359630002454,3.5099359630002454,12.464404896503478,7.18954248366013,11.383928571428571,4.194386087768441,4.194386087768441,58.34009740259741,28.19039223332499,31.705013387815406,3.514621154490417,3.514621154490417,12.467443253008884,19.933617512492685,22.41882996413455,2.485212451641864,2.485212451641864,12.467443253008872,69.96749233405731,72.05182222171875,2.08432988766144,2.08432988766144,2.9789975574798087,0.28489826986109973,0.31114868816429164,0.026250418303191914,0.026250418303191914,9.213961992815939,1.3436832918141555,1.53835430215504,0.19467101034088463,0.19467101034088463,14.48786418100446,1.2774276276998233,1.144558895358079,-0.13286873234174434,0.13286873234174434,-10.401272797034459,603.8664521108383,616.3172101708374,12.450758059999089,12.450758059999089,2.0618396694297205,201.2633042966913,251.10810670048878,49.84480240379747,49.84480240379747,24.765966442804203,3.000380293968798,2.4543899369443882,-0.5459903570244098,0.5459903570244098,-18.197371783901197,pleth_6
s21_sit,qppg,qppg (slope-sum),mid_upslope,lipponen_tarvainen,0.75,100.0,True,False,632,470,0.7348798471449919,0.03854389721627409,0.003241065086058025,459,9,11,0.9765957446808511,0.9807692307692307,0.978678038379531,272.0000000000201,5.095768374167573,6.391461453381163,-0.05345211581318827,6.3983670400771055,449,772.6956521739131,772.2048997772825,-0.4907523966305689,0.4907523966305689,-0.06351173262718368,51.443168111279476,53.29288910830466,1.8497209970251802,1.8497209970251802,3.5956591806786657,28.159675428907597,31.592975032888305,3.433299603980707,3.433299603980707,12.192255598430012,7.18954248366013,11.160714285714286,3.9711718020541564,3.9711718020541564,55.23538961038964,28.19039223332499,31.628291346812087,3.4378991134870986,3.4378991134870986,12.195286553774945,19.933617512492685,22.36457928867463,2.4309617761819453,2.4309617761819453,12.195286553774931,69.96749233405731,71.97283968456921,2.0053473505118973,2.0053473505118973,2.8661129384735378,0.28489826986109973,0.3107363748143112,0.025838104953211483,0.025838104953211483,9.069238983377709,1.3436832918141555,1.5364303612280397,0.1927470694138842,0.1927470694138842,14.344680073654068,1.2774276276998233,1.1443498345634833,-0.13307779313634005,0.13307779313634005,-10.417638561330017,603.8664521108383,617.2806747559464,13.414222645108111,13.414222645108111,2.221388950854644,201.2633042966913,251.58794518316427,50.32464088647296,50.32464088647296,25.0043797414193,3.000380293968798,2.453538361333433,-0.5468419326353651,0.5468419326353651,-18.2257540397328,pleth_6
s21_sit,terma,TERMA,mid_upslope,lipponen_tarvainen,0.75,100.0,True,False,632,470,0.7348798471449919,0.03854389721627409,0.00045825882520305765,459,9,11,0.9765957446808511,0.9807692307692307,0.978678038379531,272.0000000000201,5.102449888644567,6.389196059025219,-0.055679287305309105,6.396079996804687,449,772.6956521739131,772.2026726057906,-0.49297956812256416,0.49297956812256416,-0.06379996661500661,51.443168111279476,53.292039005959644,1.848870894680168,1.848870894680168,3.594006672918698,28.159675428907597,31.590502076236845,3.4308266473292477,3.4308266473292477,12.183473690919385,7.18954248366013,11.160714285714286,3.9711718020541564,3.9711718020541564,55.23538961038964,28.19039223332499,31.625815625312757,3.4354233919877686,3.4354233919877686,12.186504407436436,19.933617512492685,22.362828689214126,2.4292111767214415,2.4292111767214415,12.18650440743643,69.96749233405731,71.97212471396345,2.004632379906141,2.004632379906141,2.8650910773464555,0.28489826986109973,0.31071513836905623,0.025816868507956503,0.025816868507956503,9.061784938372334,1.3436832918141555,1.5307456438584355,0.18706235204428,0.18706235204428,13.921610336593556,1.2774276276998233,1.1440819835970695,-0.13334564410275385,0.13334564410275385,-10.438606556745624,603.8664521108383,616.5030616690838,12.636609558245482,12.636609558245482,2.092616589988354,201.2633042966913,251.0514168258647,49.78811252917339,49.78811252917339,24.737799423077387,3.000380293968798,2.4556844548569314,-0.5446958391118666,0.5446958391118666,-18.15422665609372,pleth_6
s21_sit,heartpy,HeartPy,mid_upslope,lipponen_tarvainen,0.75,100.0,True,False,630,470,0.7348798471449919,0.0407725321888412,0.019027570242034685,459,9,11,0.9765957446808511,0.9807692307692307,0.978678038379531,272.0000000000713,5.347438752787136,7.586619330972841,-0.055679287305309105,7.594877270509134,449,772.6956521739131,772.2026726057906,-0.49297956812256416,0.49297956812256416,-0.06379996661500661,51.443168111279476,53.13141887257213,1.6882507612926503,1.6882507612926503,3.2817783648952266,28.159675428907597,31.64535623798054,3.4856808090729423,3.4856808090729423,12.37827054460536,7.18954248366013,11.383928571428571,4.194386087768441,4.194386087768441,58.34009740259741,28.19039223332499,31.68073111582749,3.4903388825025026,3.4903388825025026,12.381306558680775,19.933617512492685,22.40165980494928,2.4680422924565946,2.4680422924565946,12.381306558680766,69.96749233405731,71.72210942804699,1.7546170939896797,1.7546170939896797,2.5077604405376177,0.28489826986109973,0.3123396674134781,0.027441397552378344,0.027441397552378344,9.631998665964948,1.3436832918141555,1.5372623080314323,0.1935790162172768,0.1935790162172768,14.406595467591085,1.2774276276998233,1.1652844234166315,-0.1121432042831918,0.1121432042831918,-8.778830350265745,603.8664521108383,609.3534728005687,5.487020689730457,5.487020689730457,0.9086480413923255,201.2633042966913,231.61533838463163,30.352034087940325,30.352034087940325,15.080759105095991,3.000380293968798,2.6308856617632417,-0.36949463220555634,0.36949463220555634,-12.314926642742403,pleth_6
s21_sit,findpeaks,find_peaks baseline,mid_upslope,lipponen_tarvainen,0.75,100.0,True,False,632,470,0.7348798471449919,0.03854389721627409,0.0001341155720577633,459,9,11,0.9765957446808511,0.9807692307692307,0.978678038379531,272.0000000000201,5.102449888644567,6.389196059025219,-0.055679287305309105,6.396079996804687,449,772.6956521739131,772.2026726057906,-0.49297956812256416,0.49297956812256416,-0.06379996661500661,51.443168111279476,53.292039005959644,1.848870894680168,1.848870894680168,3.594006672918698,28.159675428907597,31.590502076236845,3.4308266473292477,3.4308266473292477,12.183473690919385,7.18954248366013,11.160714285714286,3.9711718020541564,3.9711718020541564,55.23538961038964,28.19039223332499,31.625815625312757,3.4354233919877686,3.4354233919877686,12.186504407436436,19.933617512492685,22.362828689214126,2.4292111767214415,2.4292111767214415,12.18650440743643,69.96749233405731,71.97212471396345,2.004632379906141,2.004632379906141,2.8650910773464555,0.28489826986109973,0.31071513836905623,0.025816868507956503,0.025816868507956503,9.061784938372334,1.3436832918141555,1.5307456438584355,0.18706235204428,0.18706235204428,13.921610336593556,1.2774276276998233,1.1440819835970695,-0.13334564410275385,0.13334564410275385,-10.438606556745624,603.8664521108383,616.5030616690838,12.636609558245482,12.636609558245482,2.092616589988354,201.2633042966913,251.0514168258647,49.78811252917339,49.78811252917339,24.737799423077387,3.000380293968798,2.4556844548569314,-0.5446958391118666,0.5446958391118666,-18.15422665609372,pleth_6
s21_sit,msptdfast,MSPTDfast v2,mid_upslope,lipponen_tarvainen,0.5,100.0,True,False,634,317,0.4899198980966612,0.08626198083067092,0.02479049800355554,299,14,18,0.943217665615142,0.9552715654952076,0.9492063492063492,271.99999999998715,5.01754385965149,6.321780783983966,-0.014035087719615372,6.33288529231127,285,772.1848184818483,771.1468531468531,-1.0379653349951923,1.0379653349951923,-0.13441928799323988,50.15148080601883,52.5632728882941,2.4117920822752694,2.4117920822752694,4.809014696104094,28.821211835306354,32.77129681195052,3.950084976644167,3.950084976644167,13.705478448360253,7.6158940397351,12.280701754385964,4.664807714650864,4.664807714650864,61.250953470633085,28.868919105678682,32.82890517627735,3.9599860705986707,3.9599860705986707,13.717126214883878,20.413408465151278,23.213541469075867,2.8001330039245893,2.8001330039245893,13.717126214883871,67.92374260085968,70.61817617244192,2.6944335715822376,2.6944335715822376,3.966850866000625,0.30053421209585873,0.3287190738598363,0.028184861763977553,0.028184861763977553,9.37825399891167,1.351944881105253,1.544840652420187,0.19289577131493396,0.19289577131493396,14.268020391277803,1.3444750225254316,1.2667348719763118,-0.07774015054911976,0.07774015054911976,-5.782193737083669,426.67671207963235,417.3720175391886,-9.304694540443734,9.304694540443734,-2.1807364397959366,143.00623759151185,147.27599589585574,4.269758304343895,4.269758304343895,2.9857147326259894,2.9836230871160114,2.83394462892872,-0.14967845818729142,0.14967845818729142,-5.016667783328207,pleth_6
s21_sit,msptd,MSPTD,mid_upslope,lipponen_tarvainen,0.5,100.0,True,False,630,317,0.4899198980966612,0.08360128617363344,0.8528175415824568,298,14,19,0.9400630914826499,0.9551282051282052,0.9475357710651828,271.99999999998715,4.940140845073144,6.169838037461129,-0.024647887324312345,6.180679878666749,284,772.1848184818483,771.2035087719296,-0.9813097099187189,0.9813097099187189,-0.12708223296179533,50.15148080601883,52.68275356182996,2.5312727558111305,2.5312727558111305,5.047254268726089,28.821211835306354,33.10791148376959,4.286699648463237,4.286699648463237,14.873419178065149,7.6158940397351,11.971830985915492,4.3559369461803925,4.3559369461803925,57.19534598897732,28.868919105678682,33.16631768040885,4.29739857473017,4.29739857473017,14.885900504272248,20.413408465151278,23.452128138804387,3.038719673653109,3.038719673653109,14.885900504272252,67.92374260085968,70.71734392264825,2.7936013217885716,2.7936013217885716,4.112849520387314,0.30053421209585873,0.3316319142932842,0.03109770219742547,0.03109770219742547,10.347474911610567,1.351944881105253,1.5885642892913474,0.2366194081860944,0.2366194081860944,17.502149051568683,1.3444750225254316,1.248989741706293,-0.09548528081913865,0.09548528081913865,-7.102049440813058,426.67671207963235,427.75554302424734,1.0788309446149924,1.0788309446149924,0.25284504967630994,143.00623759151185,147.2150113793716,4.208773787859741,4.208773787859741,2.943070077741527,2.9836230871160114,2.905651665657422,-0.0779714214585896,0.0779714214585896,-2.6133133838281584,pleth_6
s21_sit,qppg,qppg (slope-sum),mid_upslope,lipponen_tarvainen,0.5,100.0,True,False,632,317,0.4899198980966612,0.08333333333333333,0.0032383215342345886,299,14,18,0.943217665615142,0.9552715654952076,0.9492063492063492,271.99999999998715,4.93684210526479,6.174935186820696,-0.01052631578982352,6.1857880107225265,285,772.1848184818483,771.1503496503495,-1.0344688314987707,1.0344688314987707,-0.1339664814354399,50.15148080601883,52.60766854129758,2.4561877352787462,2.4561877352787462,4.897537811054966,28.821211835306354,32.901661025634546,4.080449190328192,4.080449190328192,14.157798824161826,7.6158940397351,11.929824561403509,4.313930521668409,4.313930521668409,56.64378337147215,28.868919105678682,32.959498848872286,4.090579743193604,4.090579743193604,14.16949393989941,20.413408465151278,23.3058851405478,2.892476675396523,2.892476675396523,14.169493939899407,67.92374260085968,70.65386964998913,2.7301270491294503,2.7301270491294503,4.019400204686153,0.30053421209585873,0.32985999572284413,0.029325783626985402,0.029325783626985402,9.757885274516305,1.351944881105253,1.5642897567417036,0.21234487563645055,0.21234487563645055,15.706622259840403,1.3444750225254316,1.2618089764989526,-0.08266604602647898,0.08266604602647898,-6.148574323917223,426.67671207963235,420.67483433603434,-6.0018777435980155,6.0018777435980155,-1.4066569779130251,143.00623759151185,147.90785785657246,4.901620265060615,4.901620265060615,3.427556970669894,2.9836230871160114,2.844168257402297,-0.13945482971371437,0.13945482971371437,-4.674009606505367,pleth_6
s21_sit,terma,TERMA,mid_upslope,lipponen_tarvainen,0.5,100.0,True,False,632,317,0.4899198980966612,0.08333333333333333,0.0004230213355645624,299,14,18,0.943217665615142,0.9552715654952076,0.9492063492063492,271.99999999998715,4.936842105265938,6.161282618807833,-0.01754385964945669,6.172095393933772,285,772.1848184818483,771.1433566433566,-1.0414618384917276,1.0414618384917276,-0.13487209455105456,50.15148080601883,52.59808289407586,2.446602088057027,2.446602088057027,4.878424422840577,28.821211835306354,32.90283409112758,4.081622255821227,4.081622255821227,14.161868970482315,7.6158940397351,11.929824561403509,4.313930521668409,4.313930521668409,56.64378337147215,28.868919105678682,32.960673979116365,4.091754873437683,4.091754873437683,14.17356451226749,20.413408465151278,23.306716083112168,2.8933076179608896,2.8933076179608896,14.173564512267491,67.92374260085968,70.6393207334651,2.7155781326054154,2.7155781326054154,3.99798071870534,0.30053421209585873,0.32993969705700615,0.02940548496114742,0.02940548496114742,9.784405161755165,1.351944881105253,1.588662849859136,0.23671796875388296,0.23671796875388296,17.50943933160643,1.3444750225254316,1.2622086306797198,-0.08226639184571183,0.08226639184571183,-6.118848655974619,426.67671207963235,420.251348668658,-6.425363410974342,6.425363410974342,-1.5059090944188092,143.00623759151185,147.2207655757387,4.214527984226862,4.214527984226862,2.947093815771443,2.9836230871160114,2.8545657063062677,-0.12905738080974372,0.12905738080974372,-4.325525612368531,pleth_6
s21_sit,heartpy,HeartPy,mid_upslope,lipponen_tarvainen,0.5,100.0,True,False,630,317,0.4899198980966612,0.08681672025723473,0.019060884795689518,299,14,18,0.943217665615142,0.9552715654952076,0.9492063492063492,272.0000000000002,5.028070175441413,6.843872916066916,0.192982456140025,6.853185227601989,285,772.1848184818483,771.2482517482515,-0.9365667335968055,0.9365667335968055,-0.121287897816761,50.15148080601883,52.20685490131861,2.0553740952997757,2.0553740952997757,4.098331818455706,28.821211835306354,32.57541856579913,3.754206730492779,3.754206730492779,13.025846213356747,7.6158940397351,12.982456140350877,5.366562100615777,5.366562100615777,70.46529366895498,28.868919105678682,32.63268215532594,3.763763049647256,3.763763049647256,13.037422827884479,20.413408465151278,23.074790840336213,2.6613823751849353,2.6613823751849353,13.037422827884477,67.92374260085968,70.13319773865588,2.2094551377961977,2.2094551377961977,3.2528465794054076,0.30053421209585873,0.32901381349132314,0.028479601395464405,0.028479601395464405,9.476325905411567,1.351944881105253,1.5529152265240178,0.2009703454187648,0.2009703454187648,14.865276552877353,1.3444750225254316,1.2566742336882157,-0.08780078883721587,0.08780078883721587,-6.530488656627687,426.67671207963235,407.15379909459847,-19.522912985033884,19.522912985033884,-4.575575003819343,143.00623759151185,151.05493099736873,8.04869340585688,8.04869340585688,5.628211427285751,2.9836230871160114,2.6954022381546143,-0.2882208489613971,0.2882208489613971,-9.660095814582034,pleth_6
s21_sit,findpeaks,find_peaks baseline,mid_upslope,lipponen_tarvainen,0.5,100.0,True,False,632,317,0.4899198980966612,0.08333333333333333,0.00013466673257528892,299,14,18,0.943217665615142,0.9552715654952076,0.9492063492063492,271.99999999998715,4.936842105265938,6.161282618807833,-0.01754385964945669,6.172095393933772,285,772.1848184818483,771.1433566433566,-1.0414618384917276,1.0414618384917276,-0.13487209455105456,50.15148080601883,52.59808289407586,2.446602088057027,2.446602088057027,4.878424422840577,28.821211835306354,32.90283409112758,4.081622255821227,4.081622255821227,14.161868970482315,7.6158940397351,11.929824561403509,4.313930521668409,4.313930521668409,56.64378337147215,28.868919105678682,32.960673979116365,4.091754873437683,4.091754873437683,14.17356451226749,20.413408465151278,23.306716083112168,2.8933076179608896,2.8933076179608896,14.173564512267491,67.92374260085968,70.6393207334651,2.7155781326054154,2.7155781326054154,3.99798071870534,0.30053421209585873,0.32993969705700615,0.02940548496114742,0.02940548496114742,9.784405161755165,1.351944881105253,1.588662849859136,0.23671796875388296,0.23671796875388296,17.50943933160643,1.3444750225254316,1.2622086306797198,-0.08226639184571183,0.08226639184571183,-6.118848655974619,426.67671207963235,420.251348668658,-6.425363410974342,6.425363410974342,-1.5059090944188092,143.00623759151185,147.2207655757387,4.214527984226862,4.214527984226862,2.947093815771443,2.9836230871160114,2.8545657063062677,-0.12905738080974372,0.12905738080974372,-4.325525612368531,pleth_6
s22_sit,msptdfast,MSPTDfast v2,mid_upslope,lipponen_tarvainen,1.0,100.0,True,False,656,657,0.9891441430302431,0.0,0.0217440713174665,656,0,1,0.9984779299847792,1.0,0.9992383853769992,265.9999999999986,4.613740458015534,6.1274006044920615,0.015267175572505372,6.1320643375717765,655,738.265243902439,738.2503816793893,-0.014862223049703971,0.014862223049703971,-0.002013127825325067,67.61469020970362,67.82851800945289,0.2138277997492679,0.2138277997492679,0.31624458987550125,33.73647311620745,34.44103679174669,0.7045636755392408,0.7045636755392408,2.088433112472445,14.198473282442748,13.914373088685014,-0.2841001937577339,0.2841001937577339,-2.000920719476513,33.76218874420584,34.467340994002996,0.705152249797159,0.705152249797159,2.088585710895817,23.873472608728076,24.372090546328597,0.4986179376005211,0.4986179376005211,2.0885857108958157,92.59346612968267,92.77616565217012,0.1826995224874537,0.1826995224874537,0.19731362279015685,0.2578310717442185,0.26269775620715696,0.004866684462938475,0.004866684462938475,1.887547699358157,1.3339456178801683,1.3659387992431864,0.0319931813630181,0.0319931813630181,2.3983872306473684,1.4563031414739114,1.4553097697924895,-0.000993371681421884,0.000993371681421884,-0.06821187520178673,2132.270012813964,2139.6598391677285,7.38982635376442,7.38982635376442,0.3465708521601371,333.99639657832785,329.9589708626965,-4.037425715631343,4.037425715631343,-1.2088231361156312,6.384110830710446,6.484623932404281,0.10051310169383498,0.10051310169383498,1.5744260141963973,pleth_6
s22_sit,msptd,MSPTD,mid_upslope,lipponen_tarvainen,1.0,100.0,True,False,656,657,0.9891441430302431,0.0,0.8557662281458889,656,0,1,0.9984779299847792,1.0,0.9992383853769992,265.9999999999986,4.610687022901016,6.125905447951554,0.015267175572505372,6.130568033736045,655,738.265243902439,738.2503816793893,-0.014862223049703971,0.014862223049703971,-0.002013127825325067,67.61469020970362,67.82766137356946,0.2129711638658307,0.2129711638658307,0.3149776523493802,33.73647311620745,34.43695209690745,0.700478980699998,0.700478980699998,2.076325460243438,14.198473282442748,13.914373088685014,-0.2841001937577339,0.2841001937577339,-2.000920719476513,33.76218874420584,34.46325316594965,0.7010644217438156,0.7010644217438156,2.0764780004499266,23.873472608728076,24.369200015391755,0.4957274066636792,0.4957274066636792,2.076478000449933,92.59346612968267,92.77567237926677,0.18220624958409815,0.18220624958409815,0.19678089308041177,0.2578310717442185,0.2626679967973772,0.004836925053158692,0.004836925053158692,1.8760054870179366,1.3339456178801683,1.365574765748085,0.03162914786791671,0.03162914786791671,2.3710972504396377,1.4563031414739114,1.4553749311702697,-0.0009282103036416522,0.0009282103036416522,-0.06373743743368011,2132.270012813964,2139.6333133707976,7.363300556833565,7.363300556833565,0.3453268353718576,333.99639657832785,329.94075744803484,-4.055639130293002,4.055639130293002,-1.2142763131104277,6.384110830710446,6.4849015014696585,0.10079067075921255,0.10079067075921255,1.5787738250777865,pleth_6
s22_sit,qppg,qppg (slope-sum),mid_upslope,lipponen_tarvainen,1.0,100.0,True,False,645,657,0.9891441430302431,0.007763975155279503,0.003341081629371952,645,5,12,0.9817351598173516,0.9923076923076923,0.9869931140015302,265.9999999999986,4.809076682316367,7.888999095529024,0.24256651017211836,7.891446322705136,639,738.265243902439,745.0770416024653,6.811797700026318,6.811797700026318,0.9226762002257403,67.61469020970362,102.75501360451511,35.14032339481149,35.14032339481149,51.97143296201685,33.73647311620745,76.88881864158694,43.15234552537949,43.15234552537949,127.9100674713046,14.198473282442748,15.277777777777779,1.0793044953350304,1.0793044953350304,7.6015531660693,33.76218874420584,76.94818913546692,43.18600039126108,43.18600039126108,127.91232440068784,23.873472608728076,54.41058633771368,30.537113728985606,30.537113728985606,127.91232440068782,92.59346612968267,134.74670213446552,42.153236004782855,42.153236004782855,45.525065392567484,0.2578310717442185,0.40379902050156774,0.14596794875734925,0.14596794875734925,56.61379281010664,1.3339456178801683,1.028446072669968,-0.3054995452102003,0.3054995452102003,-22.901949008662214,1.4563031414739114,1.1662052552333992,-0.29009788624051214,0.29009788624051214,-19.920157965662746,2132.270012813964,8653.434237202293,6521.164224388329,6521.164224388329,305.83200932335615,333.99639657832785,871.4300903420517,537.4336937637238,537.4336937637238,160.91002755405069,6.384110830710446,9.930153127723266,3.5460422970128196,3.5460422970128196,55.544811032332966,pleth_6
s22_sit,terma,TERMA,mid_upslope,lipponen_tarvainen,1.0,100.0,True,False,658,657,0.9891441430302431,0.0,0.0004385494200514195,657,1,0,1.0,0.9984802431610942,0.9992395437262357,265.9999999999986,4.640243902439277,6.192540752841313,-0.021341463414649223,6.197229277411252,656,738.265243902439,738.1735159817351,-0.09172792070387459,0.09172792070387459,-0.012424791964877644,67.61469020970362,67.74841618140258,0.13372597169895073,0.13372597169895073,0.19777650579216768,33.73647311620745,34.41102879076644,0.674555674558988,0.674555674558988,1.999484866824809,14.198473282442748,13.871951219512196,-0.3265220629305521,0.3265220629305521,-2.2996984002098024,33.76218874420584,34.43722712670745,0.6750383825016115,0.6750383825016115,1.9993916496822486,23.873472608728076,24.350796826556163,0.4773242178280874,0.4773242178280874,1.9993916496822461,92.59346612968267,92.66463448419165,0.07116835450898407,0.07116835450898407,0.07686109774669041,0.2578310717442185,0.2627841458837281,0.004953074139509628,0.004953074139509628,1.9210540087361265,1.3339456178801683,1.3649845745331395,0.031038956652971184,0.031038956652971184,2.3268532267677116,1.4563031414739114,1.4213985519698265,-0.034904589504084926,0.034904589504084926,-2.3967942188711002,2132.270012813964,2135.7967931019107,3.5267802879466217,3.5267802879466217,0.16540026669944666,333.99639657832785,329.13397940570263,-4.862417172625214,4.862417172625214,-1.4558292312249228,6.384110830710446,6.489140978267847,0.10503014755740114,0.10503014755740114,1.645180516794271,pleth_6
s22_sit,heartpy,HeartPy,mid_upslope,lipponen_tarvainen,1.0,100.0,True,False,655,657,0.9891441430302431,0.0015290519877675841,0.01664312915773211,655,1,2,0.9969558599695586,0.9984756097560976,0.9977151561309978,265.9999999999986,4.7197549770291936,6.461809114256205,-0.09800918836135439,6.466018703272452,653,738.265243902439,739.3709923664122,1.1057484639732138,1.1057484639732138,0.14977658410793848,67.61469020970362,68.56476267155267,0.9500724618490466,0.9500724618490466,1.4051272865444533,33.73647311620745,38.9686418273909,5.232168711183448,5.232168711183448,15.508938036174992,14.198473282442748,14.37308868501529,0.1746154025725417,0.1746154025725417,1.2298181579033851,33.76218874420584,38.998459900166246,5.236271155960409,5.236271155960409,15.509276355369712,23.873472608728076,27.576075451239202,3.7026028425111264,3.7026028425111264,15.509276355369705,92.59346612968267,92.96135446044366,0.3678883307609908,0.3678883307609908,0.39731564886634796,0.2578310717442185,0.2966402072268988,0.038809135482680335,0.038809135482680335,15.052156134688438,1.3339456178801683,1.3742657852542834,0.040320167374115146,0.040320167374115146,3.02262452334374,1.4563031414739114,1.367452636894759,-0.08885050457915233,0.08885050457915233,-6.101099561539608,2132.270012813964,2093.5309040664706,-38.73910874749345,38.73910874749345,-1.816801273510821,333.99639657832785,552.5032088907687,218.5068123124409,218.5068123124409,65.42190710767065,6.384110830710446,3.789174199131877,-2.594936631578569,2.594936631578569,-40.64679797060785,pleth_6
s22_sit,findpeaks,find_peaks baseline,mid_upslope,lipponen_tarvainen,1.0,100.0,True,False,657,657,0.9891441430302431,0.0,0.00013197655734137445,656,1,1,0.9984779299847792,0.9984779299847792,0.9984779299847792,265.9999999999986,4.610687022901016,6.125905447951554,0.015267175572505372,6.130568033736045,655,738.265243902439,738.1798780487804,-0.08536585365857263,0.08536585365857263,-0.011563032983556468,67.61469020970362,67.7999163951638,0.18522618546018066,0.18522618546018066,0.27394370200574875,33.73647311620745,34.42451638359212,0.6880432673846713,0.6880432673846713,2.0394641283772077,14.198473282442748,13.893129770992365,-0.3053435114503831,0.3053435114503831,-2.150537634408612,33.76218874420584,34.450677184022474,0.6884884398166378,0.6884884398166378,2.039229284075352,23.873472608728076,24.360307453290968,0.4868348445628925,0.4868348445628925,2.039229284075359,92.59346612968267,92.73743983507168,0.14397370538901555,0.14397370538901555,0.1554901348950171,0.2578310717442185,0.26268039636002893,0.004849324615810446,0.004849324615810446,1.880814667916062,1.3339456178801683,1.366149795027423,0.032204177147254764,0.032204177147254764,2.4142046508936277,1.4563031414739114,1.4214037344018853,-0.0348994070720261,0.0348994070720261,-2.3964383566943845,2132.270012813964,2135.7967931019107,3.5267802879466217,3.5267802879466217,0.16540026669944666,333.99639657832785,329.13397940570263,-4.862417172625214,4.862417172625214,-1.4558292312249228,6.384110830710446,6.489140978267847,0.10503014755740114,0.10503014755740114,1.645180516794271,pleth_6
s22_sit,msptdfast,MSPTDfast v2,mid_upslope,lipponen_tarvainen,0.9,100.0,True,False,656,580,0.8861082947979262,0.006920415224913495,0.02203920720119923,577,2,3,0.9948275862068966,0.9965457685664939,0.9956859361518551,266.0000000000199,4.588850174216175,6.021448307611948,0.020905923344948726,6.026664011544945,574,741.6984402079722,741.6376306620209,-0.06080954595131516,0.06080954595131516,-0.008198688665741857,67.2182330045746,67.31765010765675,0.09941710308214624,0.09941710308214624,0.14790198825277112,34.80142078836504,35.48219325794712,0.6807724695820738,0.6807724695820738,1.9561628639301776,14.583333333333334,14.659685863874344,0.07635253054101021,0.07635253054101021,0.52356020942407,34.83155255138729,35.51314299524185,0.6815904438545601,0.6815904438545601,1.9568190158879766,24.629627008341544,25.111584233183052,0.4819572248415085,0.4819572248415085,1.9568190158879775,91.81483088229557,91.8299535518425,0.015122669546926204,0.015122669546926204,0.01647083526877385,0.26825325246109905,0.27345744239112935,0.005204189930030301,0.005204189930030301,1.9400286416974535,1.3593696577492977,1.377300217648662,0.017930559899364207,0.017930559899364207,1.3190348774631144,1.3632318536061185,1.444776772994599,0.08154491938848052,0.08154491938848052,5.981735181199886,1803.1474535888572,1766.081206144347,-37.066247444510054,37.066247444510054,-2.055641504566696,313.93794029724364,306.5240317511544,-7.41390854608926,7.41390854608926,-2.361584120437817,5.7436430011663955,5.761640273536876,0.01799727237048021,0.01799727237048021,0.3133424616889559,pleth_6
s22_sit,msptd,MSPTD,mid_upslope,lipponen_tarvainen,0.9,100.0,True,False,656,580,0.8861082947979262,0.006920415224913495,0.8734151067037479,577,2,3,0.9948275862068966,0.9965457685664939,0.9956859361518551,266.0000000000199,4.585365853658667,6.019712102575812,0.020905923344948726,6.024926281679627,574,741.6984402079722,741.6376306620209,-0.06080954595131516,0.06080954595131516,-0.008198688665741857,67.2182330045746,67.31666495574365,0.09843195116904724,0.09843195116904724,0.14643638603583697,34.80142078836504,35.47766792597647,0.6762471376114263,0.6762471376114263,1.9431595673171829,14.583333333333334,14.659685863874344,0.07635253054101021,0.07635253054101021,0.52356020942407,34.83155255138729,35.50861370257667,0.6770611511893776,0.6770611511893776,1.9438155970524238,24.629627008341544,25.108381539625526,0.4787545312839825,0.4787545312839825,1.9438155970524371,91.81483088229557,91.82938493743863,0.014554055143065625,0.014554055143065625,0.01585152965289843,0.26825325246109905,0.2734242590945297,0.005171006633430675,0.005171006633430675,1.9276585040401522,1.3593696577492977,1.3768245933828587,0.01745493563356093,0.01745493563356093,1.2840462882231012,1.3632318536061185,1.4448601909271437,0.08162833732102515,0.08162833732102515,5.987854311436167,1803.1474535888572,1766.049917208601,-37.09753638025609,37.09753638025609,-2.0573767445596185,313.93794029724364,306.5030474064979,-7.434892890745743,7.434892890745743,-2.3682683538364993,5.7436430011663955,5.761932653368981,0.018289652202585494,0.018289652202585494,0.3184329562069109,pleth_6
s22_sit,qppg,qppg (slope-sum),mid_upslope,lipponen_tarvainen,0.9,100.0,True,False,645,580,0.8861082947979262,0.0156794425087108,0.0033544474397213084,573,5,7,0.9879310344827587,0.9913494809688581,0.9896373056994819,266.99999999999625,4.6695957820738485,6.186469731022205,-0.0017574692442774357,6.19191292237283,569,741.6984402079722,743.0700525394045,1.3716123314322886,1.3716123314322886,0.18492857165072216,67.2182330045746,68.29470707058395,1.0764740660093537,1.0764740660093537,1.601461415887105,34.80142078836504,39.22492494374008,4.423504155375035,4.423504155375035,12.710699894338566,14.583333333333334,14.561403508771932,-0.021929824561402356,0.021929824561402356,-0.15037593984961614,34.83155255138729,39.25933000898297,4.427777457595681,4.427777457595681,12.71197271802152,24.629627008341544,27.760538474192384,3.13091146585084,3.13091146585084,12.711972718021533,91.81483088229557,92.50776470835636,0.6929338260607949,0.6929338260607949,0.7547079479448365,0.26825325246109905,0.3000887391638027,0.03183548670270364,0.03183548670270364,11.867698307710281,1.3593696577492977,1.3744318258100707,0.015062168060772985,0.015062168060772985,1.1080259129596397,1.3632318536061185,1.4520960229929363,0.08886416938681774,0.08886416938681774,6.518639448729712,1803.1474535888572,1747.0690690578504,-56.078384531006805,56.078384531006805,-3.1100276585474114,313.93794029724364,307.4265055933886,-6.511434703855059,6.511434703855059,-2.074115252743865,5.7436430011663955,5.682883672264016,-0.06075932890237912,0.06075932890237912,-1.0578535067384995,pleth_6
s22_sit,terma,TERMA,mid_upslope,lipponen_tarvainen,0.9,100.0,True,False,658,580,0.8861082947979262,0.0069084628670120895,0.0004317737823570338,577,3,3,0.9948275862068966,0.9948275862068966,0.9948275862068966,266.0000000000199,4.585365853658667,6.019712102575812,0.020905923344948726,6.024926281679627,574,741.6984402079722,741.5513043478262,-0.14713586014602242,0.14713586014602242,-0.01983769307978665,67.2182330045746,67.28984884071654,0.07161583614194456,0.07161583614194456,0.10654227720783835,34.80142078836504,35.462106192521155,0.6606854041561121,0.6606854041561121,1.898443768068789,14.583333333333334,14.634146341463413,0.050813008130079496,0.050813008130079496,0.3484320557491165,34.83155255138729,35.49303266642942,0.6614801150421314,0.6614801150421314,1.8990830628816908,24.629627008341544,25.097364083307895,0.467737074966351,0.467737074966351,1.8990830628817,91.81483088229557,91.79308160249796,-0.02174927979760355,0.02174927979760355,-0.023688198941939576,0.26825325246109905,0.2734123710105939,0.005159118549494857,0.005159118549494857,1.9232268396235048,1.3593696577492977,1.3773172160221865,0.01794755827288874,0.01794755827288874,1.3202853374412102,1.3632318536061185,1.4388413331752419,0.07560947956912334,0.07560947956912334,5.5463404386506765,1803.1474535888572,1766.7277114004012,-36.419742188455984,36.419742188455984,-2.0197872401377217,313.93794029724364,306.24041532626916,-7.697524970974484,7.697524970974484,-2.45192567794969,5.7436430011663955,5.769087367250746,0.025444366084350634,0.025444366084350634,0.4430004803429373,pleth_6
s22_sit,heartpy,HeartPy,mid_upslope,lipponen_tarvainen,0.9,100.0,True,False,655,580,0.8861082947979262,0.006944444444444444,0.017051410766835827,575,2,5,0.9913793103448276,0.9965337954939342,0.9939498703543648,266.0000000000199,4.589473684210523,6.028295851829167,0.031578947368372585,6.033508013059752,570,741.6984402079722,744.2307692307693,2.5323290227970574,2.5323290227970574,0.34142299424102773,67.2182330045746,75.63486740375127,8.416634399176672,8.416634399176672,12.52135621982784,34.80142078836504,53.30182044777721,18.500399659412167,18.500399659412167,53.15989761428734,14.583333333333334,15.061295971978982,0.47796263864564814,0.47796263864564814,3.2774580935701585,34.83155255138729,53.34852066613163,18.516968114744337,18.516968114744337,53.161477908359366,24.629627008341544,37.72310072929235,13.093473720950804,13.093473720950804,53.16147790835937,91.81483088229557,100.09112850664506,8.276297624349496,8.276297624349496,9.014118465196013,0.26825325246109905,0.37688755529205475,0.10863430283095571,0.10863430283095571,40.496919174058995,1.3593696577492977,1.2706006766813895,-0.0887689810679082,0.0887689810679082,-6.53015760370013,1.3632318536061185,1.2338005539894004,-0.12943129961671818,0.12943129961671818,-9.494445077287274,1803.1474535888572,2872.4862327898927,1069.3387792010355,1069.3387792010355,59.30401183068524,313.93794029724364,1248.3153869435719,934.3774466463283,934.3774466463283,297.6312597839045,5.7436430011663955,2.3010901434316287,-3.442552857734767,3.442552857734767,-59.93674845452036,pleth_6
s22_sit,findpeaks,find_peaks baseline,mid_upslope,lipponen_tarvainen,0.9,100.0,True,False,657,580,0.8861082947979262,0.0069084628670120895,0.00013409085285320701,577,3,3,0.9948275862068966,0.9948275862068966,0.9948275862068966,266.0000000000199,4.585365853658667,6.019712102575812,0.020905923344948726,6.024926281679627,574,741.6984402079722,741.5513043478262,-0.14713586014602242,0.14713586014602242,-0.01983769307978665,67.2182330045746,67.28984884071654,0.07161583614194456,0.07161583614194456,0.10654227720783835,34.80142078836504,35.462106192521155,0.6606854041561121,0.6606854041561121,1.898443768068789,14.583333333333334,14.634146341463413,0.050813008130079496,0.050813008130079496,0.3484320557491165,34.83155255138729,35.49303266642942,0.6614801150421314,0.6614801150421314,1.8990830628816908,24.629627008341544,25.097364083307895,0.467737074966351,0.467737074966351,1.8990830628817,91.81483088229557,91.79308160249796,-0.02174927979760355,0.02174927979760355,-0.023688198941939576,0.26825325246109905,0.2734123710105939,0.005159118549494857,0.005159118549494857,1.9232268396235048,1.3593696577492977,1.3773172160221865,0.01794755827288874,0.01794755827288874,1.3202853374412102,1.3632318536061185,1.4388413331752419,0.07560947956912334,0.07560947956912334,5.5463404386506765,1803.1474535888572,1766.7277114004012,-36.419742188455984,36.419742188455984,-2.0197872401377217,313.93794029724364,306.24041532626916,-7.697524970974484,7.697524970974484,-2.45192567794969,5.7436430011663955,5.769087367250746,0.025444366084350634,0.025444366084350634,0.4430004803429373,pleth_6
s22_sit,msptdfast,MSPTDfast v2,mid_upslope,lipponen_tarvainen,0.75,100.0,True,False,656,486,0.7418581072726823,0.024793388429752067,0.021725660872259068,478,7,8,0.9835390946502057,0.9855670103092784,0.9845520082389289,266.99999999999625,4.524416135881707,5.9856516335066745,0.04458598726113998,5.991849729364605,471,742.5678496868476,742.2478813559321,-0.31996833091545795,0.31996833091545795,-0.043089440385870946,69.3938722664186,69.54004174048384,0.14616947406524616,0.14616947406524616,0.21063743712711241,37.51685813539611,39.02614943474001,1.5092912993439,1.5092912993439,4.0229682717485495,16.94560669456067,16.985138004246284,0.039531309685614247,0.039531309685614247,0.23328353123115567,37.55602886099337,39.067450067620264,1.511421206626892,1.511421206626892,4.024443617883923,26.556122682046105,27.624858866481134,1.0687361844350285,1.0687361844350285,4.02444361788392,94.47640638991386,94.38486098492422,-0.09154540498964536,0.09154540498964536,-0.09689763665631825,0.2810873497076746,0.2926831546734339,0.011595804965759293,0.011595804965759293,4.125338610157556,1.3712932076676052,1.342074798489728,-0.029218409177877103,0.029218409177877103,-2.130719310392698,1.3848052386982386,1.3252201726974921,-0.05958506600074642,0.05958506600074642,-4.302775894808017,1689.715157508992,1726.798385669622,37.083228160629915,37.083228160629915,2.194643753761354,292.2368428380027,278.74120030356096,-13.495642534441743,13.495642534441743,-4.618049662520772,5.782005927451322,6.194987980926628,0.41298205347530637,0.41298205347530637,7.142539434534042,pleth_6
s22_sit,msptd,MSPTD,mid_upslope,lipponen_tarvainen,0.75,100.0,True,False,656,486,0.7418581072726823,0.024793388429752067,0.8666985459582002,478,7,8,0.9835390946502057,0.9855670103092784,0.9845520082389289,266.99999999999625,4.520169851380626,5.98352302332786,0.04458598726113998,5.989718796771088,471,742.5678496868476,742.2478813559321,-0.31996833091545795,0.31996833091545795,-0.043089440385870946,69.3938722664186,69.5388815444798,0.14500927806120956,0.14500927806120956,0.20896553733806136,37.51685813539611,39.02027346106818,1.5034153256720657,1.5034153256720657,4.0073060495799755,16.94560669456067,16.985138004246284,0.039531309685614247,0.039531309685614247,0.23328353123115567,37.55602886099337,39.06156781694656,1.5055389559531847,1.5055389559531847,4.008781017624776,26.556122682046105,27.620699487141117,1.0645768050950117,1.0645768050950117,4.008781017624775,94.47640638991386,94.3843686886522,-0.09203770126165978,0.09203770126165978,-0.09741871518885964,0.2810873497076746,0.2926406127507631,0.011553263043088458,0.011553263043088458,4.110203840586788,1.3712932076676052,1.341362547747367,-0.029930659920238245,0.029930659920238245,-2.1826593869845294,1.3848052386982386,1.325297750966786,-0.059507487731452535,0.059507487731452535,-4.297173787946635,1689.715157508992,1726.7620874857262,37.04692997673419,37.04692997673419,2.192495570161626,292.2368428380027,278.7330686454136,-13.503774192589105,13.503774192589105,-4.620832220006815,5.782005927451322,6.195038485664586,0.41303255821326434,0.41303255821326434,7.143412915789364,pleth_6
s22_sit,qppg,qppg (slope-sum),mid_upslope,lipponen_tarvainen,0.75,100.0,True,False,645,486,0.7418581072726823,0.029166666666666667,0.003342565345189167,476,7,10,0.9794238683127572,0.9855072463768116,0.9824561403508771,266.99999999999625,4.554603854390156,6.033276743654359,0.027837259100657003,6.039682458261399,467,742.5678496868476,745.4170212765957,2.8491715897481527,2.8491715897481527,0.38369175166278646,69.3938722664186,76.26293121612518,6.869058949706584,6.869058949706584,9.898653476685565,37.51685813539611,53.83109492090732,16.314236785511206,16.314236785511206,43.485082697048064,16.94560669456067,17.270788912579956,0.32518221801928604,0.32518221801928604,1.9189765458422063,37.55602886099337,53.8884338813039,16.332405020310524,16.332405020310524,43.48810434873685,26.556122682046105,38.10487702499289,11.548754342946783,11.548754342946783,43.48810434873685,94.47640638991386,100.89642066129527,6.420014271381405,6.420014271381405,6.7953624790567755,0.2810873497076746,0.3776633182351358,0.0965759685274612,0.0965759685274612,34.35799178721431,1.3712932076676052,1.2609170977470376,-0.11037610992056757,0.11037610992056757,-8.049052478594511,1.3848052386982386,1.2256578642800808,-0.15914737441815774,0.15914737441815774,-11.492401239596797,1689.715157508992,1728.3522873791371,38.637129870145145,38.637129870145145,2.2866061003503506,292.2368428380027,280.33141314023624,-11.905429697766465,11.905429697766465,-4.073897590101625,5.782005927451322,6.16538927271246,0.38338334526113815,0.38338334526113815,6.630628713833428,pleth_6
s22_sit,terma,TERMA,mid_upslope,lipponen_tarvainen,0.75,100.0,True,False,658,486,0.7418581072726823,0.024793388429752067,0.0004462894725322032,478,7,8,0.9835390946502057,0.9855670103092784,0.9845520082389289,266.99999999999625,4.520169851380626,5.98352302332786,0.04458598726113998,5.989718796771088,471,742.5678496868476,742.2478813559321,-0.31996833091545795,0.31996833091545795,-0.043089440385870946,69.3938722664186,69.5388815444798,0.14500927806120956,0.14500927806120956,0.20896553733806136,37.51685813539611,39.02027346106818,1.5034153256720657,1.5034153256720657,4.0073060495799755,16.94560669456067,16.985138004246284,0.039531309685614247,0.039531309685614247,0.23328353123115567,37.55602886099337,39.06156781694656,1.5055389559531847,1.5055389559531847,4.008781017624776,26.556122682046105,27.620699487141117,1.0645768050950117,1.0645768050950117,4.008781017624775,94.47640638991386,94.3843686886522,-0.09203770126165978,0.09203770126165978,-0.09741871518885964,0.2810873497076746,0.2926406127507631,0.011553263043088458,0.011553263043088458,4.110203840586788,1.3712932076676052,1.341362547747367,-0.029930659920238245,0.029930659920238245,-2.1826593869845294,1.3848052386982386,1.325297750966786,-0.059507487731452535,0.059507487731452535,-4.297173787946635,1689.715157508992,1726.7620874857262,37.04692997673419,37.04692997673419,2.192495570161626,292.2368428380027,278.7330686454136,-13.503774192589105,13.503774192589105,-4.620832220006815,5.782005927451322,6.195038485664586,0.41303255821326434,0.41303255821326434,7.143412915789364,pleth_6
s22_sit,heartpy,HeartPy,mid_upslope,lipponen_tarvainen,0.75,100.0,True,False,655,486,0.7418581072726823,0.024896265560165973,0.019342478795089216,476,7,10,0.9794238683127572,0.9855072463768116,0.9824561403508771,266.99999999999625,4.524625267666377,5.993751207147651,0.05781584582434419,5.999899672294178,467,742.5678496868476,745.4063829787234,2.8385332918758195,2.8385332918758195,0.3822591151869655,69.3938722664186,79.24017337463017,9.846301108211577,9.846301108211577,14.189006588952731,37.51685813539611,58.73906013463993,21.222201999243815,21.222201999243815,56.56710890515978,16.94560669456067,17.48400852878465,0.5384018342239791,0.5384018342239791,3.1772355155439755,37.55602886099337,58.80165173148151,21.24562287048814,21.24562287048814,56.57047221133216,26.556122682046105,41.57904668430027,15.022924002254168,15.022924002254168,56.57047221133215,94.47640638991386,104.06340869733067,9.58700230741681,9.58700230741681,10.1475094933758,0.2810873497076746,0.3995549175717787,0.11846756786410406,0.11846756786410406,42.14617555265579,1.3712932076676052,1.2616960303808433,-0.10959717728676188,0.10959717728676188,-7.992249700789571,1.3848052386982386,1.1161873590163134,-0.2686178796819252,0.2686178796819252,-19.397520472585345,1689.715157508992,2583.5318401061245,893.8166825971325,893.8166825971325,52.89747675074495,292.2368428380027,999.5087907684989,707.2719479304963,707.2719479304963,242.0201166498922,5.782005927451322,2.5848015184735966,-3.197204408977725,3.197204408977725,-55.29576498353809,pleth_6
s22_sit,findpeaks,find_peaks baseline,mid_upslope,lipponen_tarvainen,0.75,100.0,True,False,657,486,0.7418581072726823,0.024793388429752067,0.00013128415656669934,478,7,8,0.9835390946502057,0.9855670103092784,0.9845520082389289,266.99999999999625,4.520169851380626,5.98352302332786,0.04458598726113998,5.989718796771088,471,742.5678496868476,742.2478813559321,-0.31996833091545795,0.31996833091545795,-0.043089440385870946,69.3938722664186,69.5388815444798,0.14500927806120956,0.14500927806120956,0.20896553733806136,37.51685813539611,39.02027346106818,1.5034153256720657,1.5034153256720657,4.0073060495799755,16.94560669456067,16.985138004246284,0.039531309685614247,0.039531309685614247,0.23328353123115567,37.55602886099337,39.06156781694656,1.5055389559531847,1.5055389559531847,4.008781017624776,26.556122682046105,27.620699487141117,1.0645768050950117,1.0645768050950117,4.008781017624775,94.47640638991386,94.3843686886522,-0.09203770126165978,0.09203770126165978,-0.09741871518885964,0.2810873497076746,0.2926406127507631,0.011553263043088458,0.011553263043088458,4.110203840586788,1.3712932076676052,1.341362547747367,-0.029930659920238245,0.029930659920238245,-2.1826593869845294,1.3848052386982386,1.325297750966786,-0.059507487731452535,0.059507487731452535,-4.297173787946635,1689.715157508992,1726.7620874857262,37.04692997673419,37.04692997673419,2.192495570161626,292.2368428380027,278.7330686454136,-13.503774192589105,13.503774192589105,-4.620832220006815,5.782005927451322,6.195038485664586,0.41303255821326434,0.41303255821326434,7.143412915789364,pleth_6
s22_sit,msptdfast,MSPTDfast v2,mid_upslope,lipponen_tarvainen,0.5,100.0,True,False,656,329,0.49457207151512156,0.06134969325153374,0.021683065852124022,316,11,13,0.9604863221884499,0.9663608562691132,0.9634146341463415,265.5000000000033,4.514754098361431,6.099986562736782,0.18688524590170308,6.107143019325337,305,736.2075471698113,735.3888888888889,-0.8186582809223637,0.8186582809223637,-0.11119938719312458,74.65568286386528,75.48798020100263,0.8322973371373479,0.8322973371373479,1.1148479328158354,39.28364859987618,42.172479566499156,2.888830966622976,2.888830966622976,7.3537745845534355,17.034700315457414,18.0327868852459,0.9980865697884873,0.9980865697884873,5.859137826350935,39.345387247604506,42.241784738714536,2.8963974911100294,2.8963974911100294,7.361466473522568,27.82139013119186,29.869452438167464,2.0480623069756057,2.0480623069756057,7.3614664735225706,101.84749490737647,102.49237103657023,0.6448761291937615,0.6448761291937615,0.6331781942994607,0.273167152088459,0.29143098297052533,0.018263830882066345,0.018263830882066345,6.685954274675023,1.2088221383873736,1.2742944325137615,0.06547229412638789,0.06547229412638789,5.416205746672628,1.4631859603061503,1.407327335887071,-0.055858624419079295,0.055858624419079295,-3.8176025422900923,1225.0121046699628,1202.9915367880553,-22.020567881907482,22.020567881907482,-1.7975796155777712,209.86605082798235,204.47026135827588,-5.395789469706472,5.395789469706472,-2.5710635180957184,5.837114196588421,5.883454781133944,0.04634058454552292,0.04634058454552292,0.7938954590370579,pleth_6
s22_sit,msptd,MSPTD,mid_upslope,lipponen_tarvainen,0.5,100.0,True,False,656,329,0.49457207151512156,0.06134969325153374,0.868575335690302,316,11,13,0.9604863221884499,0.9663608562691132,0.9634146341463415,265.5000000000033,4.511475409836826,6.097567373047041,0.18360655737709727,6.104818532796305,305,736.2075471698113,735.3856209150326,-0.8219262547786457,0.8219262547786457,-0.11164328020520317,74.65568286386528,75.48480460987001,0.8291217460047307,0.8291217460047307,1.1105942832465079,39.28364859987618,42.1545944834661,2.8709458835899184,2.8709458835899184,7.30824652473591,17.034700315457414,18.0327868852459,0.9980865697884873,0.9980865697884873,5.859137826350935,39.345387247604506,42.223870263361135,2.878483015756629,2.878483015756629,7.315935150522332,27.82139013119186,29.856784991163675,2.0353948599718166,2.0353948599718166,7.315935150522333,101.84749490737647,102.49138424263734,0.6438893352608659,0.6438893352608659,0.6322093006278068,0.273167152088459,0.2913101936498481,0.01814304156138913,0.01814304156138913,6.641736176066263,1.2088221383873736,1.2742944325137615,0.06547229412638789,0.06547229412638789,5.416205746672628,1.4631859603061503,1.4074217572410153,-0.055764203065135076,0.055764203065135076,-3.8111494080675317,1225.0121046699628,1202.6157070115173,-22.396397658445494,22.396397658445494,-1.8282592941789282,209.86605082798235,204.40822627887727,-5.457824549105084,5.457824549105084,-2.6006228866328716,5.837114196588421,5.883401705031041,0.04628750844261997,0.04628750844261997,0.7929861723396353,pleth_6
s22_sit,qppg,qppg (slope-sum),mid_upslope,lipponen_tarvainen,0.5,100.0,True,False,645,329,0.49457207151512156,0.06481481481481481,0.003366762283613095,314,12,15,0.9544072948328267,0.9631901840490797,0.9587786259541985,265.9999999999676,4.67549668874156,6.752482987024604,0.1920529801325019,6.76095417963331,302,736.2075471698113,737.7967213114754,1.5891741416641025,1.5891741416641025,0.2158595287121593,74.65568286386528,76.05368162827405,1.3979987644087686,1.3979987644087686,1.872595240951745,39.28364859987618,47.1840600872342,7.900411487358021,7.900411487358021,20.111195800134823,17.034700315457414,18.75,1.715299684542586,1.715299684542586,10.06944444444444,39.345387247604506,47.26185697675637,7.9164697291518635,7.9164697291518635,20.120451933368244,27.82139013119186,33.41917955973317,5.597789428541315,5.597789428541315,20.120451933368248,101.84749490737647,102.23249686857918,0.385001961202704,0.385001961202704,0.37801809612778176,0.273167152088459,0.32689389952681913,0.053726747438360145,0.053726747438360145,19.668084917092067,1.2088221383873736,1.3348457992838487,0.1260236608964751,0.1260236608964751,10.425327010026196,1.4631859603061503,1.3704852949921005,-0.09270066531404986,0.09270066531404986,-6.3355354567954985,1225.0121046699628,1211.3327117583383,-13.679392911624518,13.679392911624518,-1.116674101380407,209.86605082798235,204.07285080988862,-5.793200018093728,5.793200018093728,-2.7604274227479273,5.837114196588421,5.93578571059802,0.09867151400959884,0.09867151400959884,1.6904160289902965,pleth_6
s22_sit,terma,TERMA,mid_upslope,lipponen_tarvainen,0.5,100.0,True,False,658,329,0.49457207151512156,0.06134969325153374,0.0011732238683134575,316,11,13,0.9604863221884499,0.9663608562691132,0.9634146341463415,265.5000000000033,4.511475409836826,6.097567373047041,0.18360655737709727,6.104818532796305,305,736.2075471698113,735.3856209150326,-0.8219262547786457,0.8219262547786457,-0.11164328020520317,74.65568286386528,75.48480460987001,0.8291217460047307,0.8291217460047307,1.1105942832465079,39.28364859987618,42.1545944834661,2.8709458835899184,2.8709458835899184,7.30824652473591,17.034700315457414,18.0327868852459,0.9980865697884873,0.9980865697884873,5.859137826350935,39.345387247604506,42.223870263361135,2.878483015756629,2.878483015756629,7.315935150522332,27.82139013119186,29.856784991163675,2.0353948599718166,2.0353948599718166,7.315935150522333,101.84749490737647,102.49138424263734,0.6438893352608659,0.6438893352608659,0.6322093006278068,0.273167152088459,0.2913101936498481,0.01814304156138913,0.01814304156138913,6.641736176066263,1.2088221383873736,1.2742944325137615,0.06547229412638789,0.06547229412638789,5.416205746672628,1.4631859603061503,1.4074217572410153,-0.055764203065135076,0.055764203065135076,-3.8111494080675317,1225.0121046699628,1202.6157070115173,-22.396397658445494,22.396397658445494,-1.8282592941789282,209.86605082798235,204.40822627887727,-5.457824549105084,5.457824549105084,-2.6006228866328716,5.837114196588421,5.883401705031041,0.04628750844261997,0.04628750844261997,0.7929861723396353,pleth_6
s22_sit,heartpy,HeartPy,mid_upslope,lipponen_tarvainen,0.5,100.0,True,False,655,329,0.49457207151512156,0.06172839506172839,0.01664534236751181,314,11,15,0.9544072948328267,0.9661538461538461,0.9602446483180428,265.99999999996305,4.518272425249686,6.114630350146386,0.20598006644513778,6.121336791877715,301,736.2075471698113,740.2236842105264,4.01613704071508,4.01613704071508,0.5455169613724064,74.65568286386528,89.42406092059504,14.768378056729759,14.768378056729759,19.78198777400498,39.28364859987618,69.0107371949071,29.727088595030914,29.727088595030914,75.67293175289377,17.034700315457414,18.81188118811881,1.777180872661397,1.777180872661397,10.432709937660421,39.345387247604506,69.12489863946185,29.77951139185734,29.77951139185734,75.68742735826149,27.82139013119186,48.878684576796225,21.057294445604366,21.057294445604366,75.68742735826147,101.84749490737647,116.63704187393749,14.78954696656102,14.78954696656102,14.521267292839289,0.273167152088459,0.41906656574525275,0.14589941365679376,0.14589941365679376,53.41030667169951,1.2088221383873736,1.2037648825037917,-0.005057255883581968,0.005057255883581968,-0.41836228200854997,1.4631859603061503,1.0297880244295392,-0.43339793587661113,0.43339793587661113,-29.62015407706133,1225.0121046699628,2088.900836436055,863.8887317660924,863.8887317660924,70.52083228180324,209.86605082798235,922.8637875314738,712.9977367034915,712.9977367034915,339.7394356497913,5.837114196588421,2.2634985408015202,-3.5736156557869005,3.5736156557869005,-61.222301559142835,pleth_6
s22_sit,findpeaks,find_peaks baseline,mid_upslope,lipponen_tarvainen,0.5,100.0,True,False,657,329,0.49457207151512156,0.06134969325153374,0.00012542347697458992,316,11,13,0.9604863221884499,0.9663608562691132,0.9634146341463415,265.5000000000033,4.511475409836826,6.097567373047041,0.18360655737709727,6.104818532796305,305,736.2075471698113,735.3856209150326,-0.8219262547786457,0.8219262547786457,-0.11164328020520317,74.65568286386528,75.48480460987001,0.8291217460047307,0.8291217460047307,1.1105942832465079,39.28364859987618,42.1545944834661,2.8709458835899184,2.8709458835899184,7.30824652473591,17.034700315457414,18.0327868852459,0.9980865697884873,0.9980865697884873,5.859137826350935,39.345387247604506,42.223870263361135,2.878483015756629,2.878483015756629,7.315935150522332,27.82139013119186,29.856784991163675,2.0353948599718166,2.0353948599718166,7.315935150522333,101.84749490737647,102.49138424263734,0.6438893352608659,0.6438893352608659,0.6322093006278068,0.273167152088459,0.2913101936498481,0.01814304156138913,0.01814304156138913,6.641736176066263,1.2088221383873736,1.2742944325137615,0.06547229412638789,0.06547229412638789,5.416205746672628,1.4631859603061503,1.4074217572410153,-0.055764203065135076,0.055764203065135076,-3.8111494080675317,1225.0121046699628,1202.6157070115173,-22.396397658445494,22.396397658445494,-1.8282592941789282,209.86605082798235,204.40822627887727,-5.457824549105084,5.457824549105084,-2.6006228866328716,5.837114196588421,5.883401705031041,0.04628750844261997,0.04628750844261997,0.7929861723396353,pleth_6
