record,detector,detector_label,fiducial,correction,coverage_target,fs,sub_sample,failed,n_detected,n_ref,analysable_fraction,fraction_corrected,detect_s_per_min,tp,fp,fn,sensitivity,ppv,f1,lag_ms,ibi_mae,ibi_rmse,ibi_bias,ibi_sd,n_ibi,mean_nn_ref,mean_nn_test,mean_nn_err,mean_nn_abserr,mean_nn_pcterr,sdnn_ref,sdnn_test,sdnn_err,sdnn_abserr,sdnn_pcterr,rmssd_ref,rmssd_test,rmssd_err,rmssd_abserr,rmssd_pcterr,pnn50_ref,pnn50_test,pnn50_err,pnn50_abserr,pnn50_pcterr,sdsd_ref,sdsd_test,sdsd_err,sdsd_abserr,sdsd_pcterr,sd1_ref,sd1_test,sd1_err,sd1_abserr,sd1_pcterr,sd2_ref,sd2_test,sd2_err,sd2_abserr,sd2_pcterr,sd1_sd2_ref,sd1_sd2_test,sd1_sd2_err,sd1_sd2_abserr,sd1_sd2_pcterr,sampen_ref,sampen_test,sampen_err,sampen_abserr,sampen_pcterr,dfa_a1_ref,dfa_a1_test,dfa_a1_err,dfa_a1_abserr,dfa_a1_pcterr,lf_ref,lf_test,lf_err,lf_abserr,lf_pcterr,hf_ref,hf_test,hf_err,hf_abserr,hf_pcterr,lf_hf_ref,lf_hf_test,lf_hf_err,lf_hf_abserr,lf_hf_pcterr,is_ceiling
s1_sit,msptdfast,MSPTDfast v2,mid_upslope,none,1.0,100.0,True,False,612,613,0.9841512286143937,0.0,0.021771050995125378,612,0,1,0.99836867862969,1.0,0.9991836734693879,314.2833363053641,4.915138760045764,6.958672536648322,0.01755308976177779,6.964351874070565,611,828.437908496732,828.387438523477,-0.0504699732549625,0.0504699732549625,-0.006092185393416432,46.977980713169195,47.81982431715919,0.841843603989993,0.841843603989993,1.7919961463009446,30.45299025358163,32.492268179563794,2.039277925982166,2.039277925982166,6.696478437753162,9.00163666121113,11.80327868852459,2.801642027313461,2.801642027313461,31.123695976154995,30.477600635297417,32.518469778362025,2.040869143064608,2.040869143064608,6.696292032585367,21.550918083514233,22.994030494089596,1.4431124105753632,1.4431124105753632,6.6962920325853705,62.844405268340736,63.59831567804933,0.7539104097085954,0.7539104097085954,1.1996460249555332,0.3429250064742197,0.36155093494128304,0.018625928467063346,0.018625928467063346,5.431487385118297,1.6764542772105453,1.7514783105883347,0.0750240333777894,0.0750240333777894,4.4751613209888434,1.1460653887927263,1.130106628686738,-0.01595876010598829,0.01595876010598829,-1.3924825112116304,570.2327955867494,600.8345753179418,30.601779731192437,30.601779731192437,5.366541519188543,327.28840925752615,330.36001877787953,3.071609520353377,3.071609520353377,0.938502383057656,1.7422945006832276,1.818726665353286,0.07643216467005853,0.07643216467005853,4.386868272848605,False
s1_sit,msptdfast,MSPTDfast v2,mid_upslope,none,1.0,100.0,False,False,612,613,0.9841512286143937,0.0,0.021772704368889898,612,0,1,0.99836867862969,1.0,0.9991836734693879,314.00000000000585,6.065466448448333,7.963501027114237,0.009819967266778754,7.970019754403337,611,828.437908496732,828.379705400982,-0.05820309575005922,0.05820309575005922,-0.0070256437028181715,46.977980713169195,48.00778468886837,1.0298039756991741,1.0298039756991741,2.192099277290759,30.45299025358163,33.296974706273,2.8439844526913696,2.8439844526913696,9.338933316595678,9.00163666121113,13.278688524590162,4.277051863379032,4.277051863379032,47.514157973174335,30.477600635297417,33.32381220182439,2.8462115665269714,2.8462115665269714,9.338699593138745,21.550918083514233,23.563493582897042,2.012575499382809,2.012575499382809,9.338699593138749,62.844405268340736,63.67304415240611,0.8286388840653771,0.8286388840653771,1.3185563305550483,0.3429250064742197,0.37007015914766206,0.027145152673442363,0.027145152673442363,7.915769384255467,1.6764542772105453,2.401927536326309,0.7254732591157635,0.7254732591157635,43.27426455810531,1.1460653887927263,1.1234909248883893,-0.02257446390433704,0.02257446390433704,-1.9697361184702684,570.2327955867494,601.7258138954893,31.49301830873992,31.49301830873992,5.522835331898917,327.28840925752615,335.4364058726139,8.14799661508772,8.14799661508772,2.4895463403583253,1.7422945006832276,1.79385959115005,0.05156509046682234,0.05156509046682234,2.9596081745423337,False
s1_sit,msptdfast,MSPTDfast v2,mid_upslope,none,1.0,50.0,True,False,613,613,0.9841512286143937,0.0016339869281045752,0.031435896325171186,612,1,1,0.99836867862969,0.99836867862969,0.99836867862969,314.5256433218067,4.889149149304118,6.900613209069174,0.010026464389645232,6.906269123196314,610,828.437908496732,827.9347226756323,-0.5031858210996916,0.5031858210996916,-0.06073911103522087,46.977980713169195,48.595214467935065,1.61723375476587,1.61723375476587,3.4425356948399353,30.45299025358163,35.95913375250786,5.506143498926232,5.506143498926232,18.0807974950133,9.00163666121113,12.459016393442624,3.4573797322314945,3.4573797322314945,38.40834575260805,30.477600635297417,35.988227363026,5.510626727728582,5.510626727728582,18.08090733148622,21.550918083514233,25.44751961127895,3.896601527764716,3.896601527764716,18.080907331486227,62.844405268340736,63.83896524852815,0.994559980187411,0.994559980187411,1.5825752124484542,0.3429250064742197,0.3986204900441374,0.055695483569917714,0.055695483569917714,16.241301310321553,1.6764542772105453,1.7466390339475855,0.07018475673704017,0.07018475673704017,4.186499905850143,1.1460653887927263,1.1278412589965627,-0.018224129796163613,0.018224129796163613,-1.5901474710235377,570.2327955867494,639.4430005585898,69.21020497184043,69.21020497184043,12.137184235541131,327.28840925752615,370.37596664574085,43.08755738821469,43.08755738821469,13.165011705107878,1.7422945006832276,1.7264700146438163,-0.015824486039411223,0.015824486039411223,-0.9082555235757084,False
s1_sit,msptdfast,MSPTDfast v2,mid_upslope,none,1.0,50.0,False,False,613,613,0.9841512286143937,0.0016339869281045752,0.031270299103319465,612,1,1,0.99836867862969,0.99836867862969,0.99836867862969,314.99999999998676,8.101639344263258,10.151960159593603,0.009836065573773846,10.160286914578478,610,828.437908496732,827.9214402618658,-0.5164682348662382,0.5164682348662382,-0.062342419337547195,46.977980713169195,49.16449853919789,2.186517826028698,2.186517826028698,4.654346127345908,30.45299025358163,37.852171473323764,7.399181219742136,7.399181219742136,24.29705969144329,9.00163666121113,14.426229508196723,5.424592846985593,5.424592846985593,60.26229508196723,30.477600635297417,37.88288075695425,7.405280121656833,7.405280121656833,24.29745113557417,21.550918083514233,26.787241874123723,5.2363237906094895,5.2363237906094895,24.29745113557418,62.844405268340736,64.16182280763832,1.3174175392975798,1.3174175392975798,2.0963163445851847,0.3429250064742197,0.4174950258884285,0.07457001941420882,0.07457001941420882,21.745284830902182,1.6764542772105453,1.7071306214925175,0.03067634428197219,0.03067634428197219,1.8298348305099381,1.1460653887927263,1.1104246524216768,-0.035640736371049586,0.035640736371049586,-3.1098344579268553,570.2327955867494,643.8602995125331,73.62750392578369,73.62750392578369,12.911832587605486,327.28840925752615,383.88675335668654,56.598344099160386,56.598344099160386,17.29310983775967,1.7422945006832276,1.677214162464974,-0.06508033821825365,0.06508033821825365,-3.735323631724309,False
s1_sit,msptdfast,MSPTDfast v2,mid_upslope,none,1.0,30.0,True,False,612,613,0.9841512286143937,0.0,0.04581544408844261,612,0,1,0.99836867862969,1.0,0.9991836734693879,315.4058872180614,5.016599889199736,6.964465550965612,0.026168188337292814,6.970122589168798,611,828.437908496732,828.3960536220525,-0.04185487467952953,0.04185487467952953,-0.005052264539110554,46.977980713169195,47.836359744806465,0.8583790316372699,0.8583790316372699,1.8271943974736298,30.45299025358163,32.50868246431037,2.05569221072874,2.05569221072874,6.750378841654035,9.00163666121113,10.655737704918032,1.654101043706902,1.654101043706902,18.375558867362127,30.477600635297417,32.53481889942028,2.057218264122863,2.057218264122863,6.749935103947489,21.550918083514233,23.00559106845633,1.4546729849420963,1.4546729849420963,6.749935103947496,62.844405268340736,63.61900193228469,0.774596663943953,0.774596663943953,1.2325626452131822,0.3429250064742197,0.36161508935558606,0.018690082881366366,0.018690082881366366,5.450195386311509,1.6764542772105453,1.7398345062532516,0.06338022904270635,0.06338022904270635,3.780611848726635,1.1460653887927263,1.1318120838868722,-0.014253304905854192,0.014253304905854192,-1.243672921740419,570.2327955867494,602.7812615888414,32.54846600209203,32.54846600209203,5.707926000397927,327.28840925752615,329.46912435413805,2.180715096611891,2.180715096611891,0.6662976857503072,1.7422945006832276,1.8295531114500643,0.08725861076683672,0.08725861076683672,5.008258404800045,False
s1_sit,msptdfast,MSPTDfast v2,mid_upslope,none,1.0,30.0,False,False,612,613,0.9841512286143937,0.0,0.04607779912284801,612,0,1,0.99836867862969,1.0,0.9991836734693879,314.0000000000195,12.138570649208893,15.046826346038305,-0.0010911074740898568,15.059154720104107,611,828.437908496732,828.3687943262412,-0.06911417049082047,0.06911417049082047,-0.00834270978934725,46.977980713169195,49.50477536735672,2.526794654187526,2.526794654187526,5.378678725284583,30.45299025358163,39.11591293589985,8.662922682318221,8.662922682318221,28.446870439264533,9.00163666121113,20.327868852459016,11.326232191247886,11.326232191247886,125.8241430700447,30.477600635297417,39.14740341932344,8.669802784026022,8.669802784026022,28.446474142669718,21.550918083514233,27.681394423649042,6.130476340134809,6.130476340134809,28.446474142669718,62.844405268340736,64.3054116782349,1.4610064098941677,1.4610064098941677,2.3247994847843394,0.3429250064742197,0.43046757187650836,0.08754256540228866,0.08754256540228866,25.528195304960914,1.6764542772105453,1.3580156616289645,-0.3184386155815808,0.3184386155815808,-18.994768894707423,1.1460653887927263,1.068501896978406,-0.07756349181432043,0.07756349181432043,-6.767806843554221,570.2327955867494,609.319287862276,39.086492275526666,39.086492275526666,6.854479885764558,327.28840925752615,354.3630050550821,27.074595797555958,27.074595797555958,8.272396770474195,1.7422945006832276,1.719477708367338,-0.02281679231588951,0.02281679231588951,-1.3095829842166224,False
s1_sit,msptdfast,MSPTDfast v2,mid_upslope,none,1.0,25.0,True,False,612,613,0.9841512286143937,0.0,0.03251619912891992,612,0,1,0.99836867862969,1.0,0.9991836734693879,315.6685904771366,4.935369991656655,7.110221896926831,0.02656426132852694,7.115997897318805,611,828.437908496732,828.3964496950438,-0.041458801688236235,0.041458801688236235,-0.005004454922091458,46.977980713169195,47.851420294057995,0.8734395808887996,0.8734395808887996,1.8592531386602382,30.45299025358163,32.6683359129569,2.21534565937527,2.21534565937527,7.274640818284568,9.00163666121113,11.967213114754099,2.965576453542969,2.965576453542969,32.944858420268254,30.477600635297417,32.694602125458886,2.2170014901614685,2.2170014901614685,7.274199556227086,21.550918083514233,23.11857487110809,1.567656787593858,1.567656787593858,7.2741995562271,62.844405268340736,63.60069452644476,0.7562892581040259,0.7562892581040259,1.2034313235597178,0.3429250064742197,0.36349563543674096,0.020570628962521265,0.020570628962521265,5.9985794486141435,1.6764542772105453,1.7262150688152313,0.04976079160468605,0.04976079160468605,2.968216448317523,1.1460653887927263,1.1268196106089265,-0.0192457781837998,0.0192457781837998,-1.679291458585399,570.2327955867494,599.426800417784,29.19400483103459,29.19400483103459,5.119664294473802,327.28840925752615,331.93431442178996,4.645905164263809,4.645905164263809,1.419514114417718,1.7422945006832276,1.8058596968558378,0.06356519617261025,0.06356519617261025,3.6483611781867897,False
s1_sit,msptdfast,MSPTDfast v2,mid_upslope,none,1.0,25.0,False,False,612,613,0.9841512286143937,0.0,0.03410987457978409,612,0,1,0.99836867862969,1.0,0.9991836734693879,315.9999999999722,14.353518821606343,17.90628449874428,0.04255319148936636,17.920905166736656,611,828.437908496732,828.4124386252046,-0.025469871527434407,0.025469871527434407,-0.003074445443189769,46.977980713169195,50.744620412066254,3.766639698897059,3.766639698897059,8.017883360919274,30.45299025358163,43.33627564622122,12.88328539263959,12.88328539263959,42.3054855544912,9.00163666121113,15.901639344262295,6.900002683051165,6.900002683051165,76.65275707898657,30.477600635297417,43.371642309749845,12.894041674452428,12.894041674452428,42.30661668136462,21.550918083514233,30.66838238842149,9.117464304907259,9.117464304907259,42.30661668136463,62.844405268340736,64.88053115694214,2.036125888601404,2.036125888601404,3.239947740625923,0.3429250064742197,0.47269006343731224,0.12976505696309254,0.12976505696309254,37.840651604055004,1.6764542772105453,1.2341361202882002,-0.4423181569223451,0.4423181569223451,-26.384146763508454,1.1460653887927263,1.01760087614213,-0.12846451265059633,0.12846451265059633,-11.20917828134761,570.2327955867494,609.3123985686016,39.07960298185219,39.07960298185219,6.853271731177906,327.28840925752615,385.46718874348,58.17877948595384,58.17877948595384,17.775997511777447,1.7422945006832276,1.5807114492800207,-0.16158305140320683,0.16158305140320683,-9.274152638365287,False
s1_sit,msptdfast,MSPTDfast v2,mid_upslope,none,1.0,500.0,True,False,612,613,0.9841512286143937,0.0,0.021757717714148632,612,0,1,0.99836867862969,1.0,0.9991836734693879,314.1202627661373,4.953741346802026,7.061686387951377,0.020982841393582686,7.067441085742662,611,828.437908496732,828.3908682751087,-0.04704022162331967,0.04704022162331967,-0.005678183137306932,46.977980713169195,47.85477045137297,0.8767897382037759,0.8767897382037759,1.8663844739456588,30.45299025358163,32.55394505460945,2.1009548010278216,2.1009548010278216,6.899009862523188,9.00163666121113,11.80327868852459,2.801642027313461,2.801642027313461,31.123695976154995,30.477600635297417,32.58011895226941,2.1025183169719917,2.1025183169719917,6.898569024941469,21.550918083514233,23.037623043014058,1.486704959499825,1.486704959499825,6.89856902494148,62.844405268340736,63.63510064763933,0.7906953792985902,0.7906953792985902,1.2581794288964663,0.3429250064742197,0.36202697581289495,0.01910196933867525,0.01910196933867525,5.570305162365374,1.6764542772105453,1.7371833679915791,0.060729090781033834,0.060729090781033834,3.622472238376883,1.1460653887927263,1.128843506324726,-0.017221882468000382,0.017221882468000382,-1.5026963239978863,570.2327955867494,601.5615853809877,31.328789794238332,31.328789794238332,5.494035074219489,327.28840925752615,330.7021136879876,3.4137044304614506,3.4137044304614506,1.0430263748739677,1.7422945006832276,1.819043666435564,0.07674916575233648,0.07674916575233648,4.405062733208414,True
s1_sit,msptdfast,MSPTDfast v2,mid_upslope,none,1.0,500.0,False,False,612,613,0.9841512286143937,0.0,0.02174031004699501,612,0,1,0.99836867862969,1.0,0.9991836734693879,314.00000000000585,4.919803600658547,7.08840596902293,0.022913256955860013,7.094176694616582,611,828.437908496732,828.392798690671,-0.04510980606096382,0.04510980606096382,-0.005445164398961321,46.977980713169195,47.858975352870445,0.8809946397012496,0.8809946397012496,1.875335266282067,30.45299025358163,32.57344790157766,2.12045764799603,2.12045764799603,6.963052331935251,9.00163666121113,11.311475409836065,2.3098387486249354,2.3098387486249354,25.66020864381519,30.477600635297417,32.599643763907615,2.1220431286101977,2.1220431286101977,6.96263184888829,21.550918083514233,23.051429169724823,1.5005110862105902,1.5005110862105902,6.962631848888301,62.844405268340736,63.63642555083119,0.792020282490455,0.792020282490455,1.2602876566475405,0.3429250064742197,0.36223639166080934,0.019311385186589647,0.019311385186589647,5.631372697237649,1.6764542772105453,1.7911373852266559,0.11468310801611059,0.11468310801611059,6.8408133508378155,1.1460653887927263,1.1273280963835892,-0.01873729240913713,0.01873729240913713,-1.6349235036994818,570.2327955867494,601.369285883842,31.136490297092678,31.136490297092678,5.460312093248571,327.28840925752615,331.12413518055223,3.835725923026075,3.835725923026075,1.171971207818711,1.7422945006832276,1.8161445270545837,0.07385002637135618,0.07385002637135618,4.238664952589614,True
s2_sit,msptdfast,MSPTDfast v2,mid_upslope,none,1.0,100.0,True,False,990,991,0.9951016628351869,0.0,0.02267016238397328,990,0,1,0.9989909182643795,1.0,0.999495204442201,234.15886216055213,2.75903524815756,3.318860401887974,0.006369729660233134,3.3205334466736507,989,496.8181818181818,496.8213343403781,0.0031525221962738215,0.0031525221962738215,0.0006345424365784454,17.9894720567605,19.083251846662886,1.093779789902385,1.093779789902385,6.080110558282554,4.648624180821078,5.869396455291478,1.2207722744704004,1.2207722744704004,26.260937150113467,0.0,0.0,0.0,0.0,,4.650954564424282,5.8723502315567,1.221395667132418,1.221395667132418,26.261182521003803,3.2887215114949355,4.152378670236136,0.8636571587412001,0.8636571587412001,26.261182521003803,25.22749532913968,26.666434959800924,1.4389396306612454,1.4389396306612454,5.703854512259727,0.13036258528987663,0.15571555314745886,0.02535296785758223,0.02535296785758223,19.448040096172463,0.745467018693734,0.8497665325336436,0.10429951383990965,0.10429951383990965,13.99116409236608,1.6151323746822592,1.5412477230907988,-0.0738846515914604,0.0738846515914604,-4.574526072885855,99.94805062404777,119.81888477651788,19.87083415247011,19.87083415247011,19.881162292212966,19.90885704317436,38.50340685075841,18.59454980758405,18.59454980758405,93.39837926034576,5.020280692522949,3.1119034541785693,-1.9083772383443796,1.9083772383443796,-38.01335732455473,False
s2_sit,msptdfast,MSPTDfast v2,mid_upslope,none,1.0,100.0,False,False,990,991,0.9951016628351869,0.0,0.022354158712192967,990,0,1,0.9989909182643795,1.0,0.999495204442201,234.00000000000574,4.210313447928156,5.25430152635142,-1.9944050904651548e-14,5.2569599133296725,989,496.8181818181818,496.8149646107179,-0.0032172074639333914,0.0032172074639333914,-0.0006475623440671053,17.9894720567605,19.509863033626072,1.5203909768655706,1.5203909768655706,8.451559734873946,4.648624180821078,9.121314629306571,4.472690448485493,4.472690448485493,96.21535909352625,0.0,0.0,0.0,0.0,,4.650954564424282,9.12591171233084,4.474957147906558,4.474957147906558,96.21588613520439,3.2887215114949355,6.452994056298875,3.1642725448039397,3.1642725448039397,96.21588613520439,25.22749532913968,26.825890085718864,1.5983947565791858,1.5983947565791858,6.335923307982612,0.13036258528987663,0.24055097652600227,0.11018839123612564,0.11018839123612564,84.52455203393575,0.745467018693734,1.0959034474307683,0.3504364287370343,0.3504364287370343,47.00897825783045,1.6151323746822592,1.405852024036059,-0.2092803506462002,0.2092803506462002,-12.957473574719927,99.94805062404777,119.19623836784375,19.24818774379598,19.24818774379598,19.25819225449187,19.90885704317436,39.5160604229384,19.60720337976404,19.60720337976404,98.48482681473801,5.020280692522949,3.016399840775938,-2.003880851747011,2.003880851747011,-39.91571337298986,False
s2_sit,msptdfast,MSPTDfast v2,mid_upslope,none,1.0,50.0,True,False,990,991,0.9951016628351869,0.0,0.03517443522834979,990,0,1,0.9989909182643795,1.0,0.999495204442201,234.13069185763587,2.761723278120309,3.3316039799592976,0.006682563068420458,3.333282882577768,989,496.8181818181818,496.8216471737863,0.003465355604475917,0.003465355604475917,0.0006975098197481261,17.9894720567605,19.083848536630637,1.0943764798701352,1.0943764798701352,6.083427442546125,4.648624180821078,5.891439445842859,1.2428152650217807,1.2428152650217807,26.73512025664042,0.0,0.0,0.0,0.0,,4.650954564424282,5.89440507089695,1.2434505064726684,1.2434505064726684,26.735382796124753,3.2887215114949355,4.167973796691606,0.8792522851966704,0.8792522851966704,26.73538279612474,25.22749532913968,26.66485597876371,1.4373606496240328,1.4373606496240328,5.697595543556683,0.13036258528987663,0.15630963092435385,0.025947045634477223,0.025947045634477223,19.903751967468963,0.745467018693734,0.8538707000607436,0.10840368136700962,0.10840368136700962,14.541713938862523,1.6151323746822592,1.541148808679374,-0.07398356600288514,0.07398356600288514,-4.580650302266384,99.94805062404777,119.74194139866512,19.793890774617353,19.793890774617353,19.804178921979783,19.90885704317436,38.454532344917816,18.545675301743454,18.545675301743454,93.15288799113524,5.020280692522949,3.1138576936689835,-1.9064229988539654,1.9064229988539654,-37.97443042763192,False
s2_sit,msptdfast,MSPTDfast v2,mid_upslope,none,1.0,50.0,False,False,990,991,0.9951016628351869,0.0,0.032220567329171425,990,0,1,0.9989909182643795,1.0,0.999495204442201,234.00000000006258,7.350859453994316,8.921860543130505,0.010111223458067333,8.92636878036129,989,496.8181818181818,496.82507583417595,0.006894015994134861,0.006894015994134861,0.0013876335944278768,17.9894720567605,20.79470546616126,2.80523340940076,2.80523340940076,15.593750614524254,4.648624180821078,15.520653602831871,10.872029422010794,10.872029422010794,233.87628251097914,0.0,0.0,0.0,0.0,,4.650954564424282,15.52850094446526,10.877546380040979,10.877546380040979,233.8777175602758,3.2887215114949355,10.980308319493094,7.691586807998158,7.691586807998158,233.87771756027578,25.22749532913968,27.281355905776838,2.0538605766371596,2.0538605766371596,8.141357474615383,0.13036258528987663,0.4024839658782506,0.272121380588374,0.272121380588374,208.74193311162085,0.745467018693734,0.8229803130332212,0.07751329433948717,0.07751329433948717,10.39795086780795,1.6151323746822592,1.1673900133989559,-0.44774236128330336,0.44774236128330336,-27.721712987852563,99.94805062404777,116.98979827511472,17.041747651066956,17.041747651066956,17.050605334134115,19.90885704317436,43.02694899367825,23.118091950503892,23.118091950503892,116.11963409235386,5.020280692522949,2.7189889362665123,-2.3012917562564366,2.3012917562564366,-45.839902133040276,False
s2_sit,msptdfast,MSPTDfast v2,mid_upslope,none,1.0,30.0,True,False,990,991,0.9951016628351869,0.0,0.04433341185754073,990,0,1,0.9989909182643795,1.0,0.999495204442201,234.15984890218706,2.857095572336515,3.4584690944200407,0.005426813430633987,3.460214629301227,989,496.8181818181818,496.8203914241485,0.0022096059666978363,0.0022096059666978363,0.00044475142971045197,17.9894720567605,19.09743137937705,1.1079593226165478,1.1079593226165478,6.158931841472097,4.648624180821078,6.084405246979357,1.4357810661582793,1.4357810661582793,30.886150618109976,0.0,0.0,0.0,0.0,,4.650954564424282,6.087467559258751,1.4365129948344686,1.4365129948344686,30.886412131877858,3.2887215114949355,4.304489591404984,1.0157680799100484,1.0157680799100484,30.88641213187785,25.22749532913968,26.662616899650278,1.4351215705105993,1.4351215705105993,5.688719992955166,0.13036258528987663,0.16144287740418473,0.0310802921143081,0.0310802921143081,23.841420485177856,0.745467018693734,0.920105384306492,0.17463836561275803,0.17463836561275803,23.426705841228646,1.6151323746822592,1.536132243894518,-0.07900013078774126,0.07900013078774126,-4.891248050382418,99.94805062404777,119.39984734501557,19.451796720967806,19.451796720967806,19.461907060234,19.90885704317436,38.63299398143241,18.724136938258052,18.724136938258052,94.049281169948,5.020280692522949,3.0906185371602546,-1.9296621553626943,1.9296621553626943,-38.43733594889771,False
s2_sit,msptdfast,MSPTDfast v2,mid_upslope,none,1.0,30.0,False,False,990,991,0.9951016628351869,0.0,0.04750077171204912,990,0,1,0.9989909182643795,1.0,0.999495204442201,235.3333333333356,11.60026963262502,14.019887330483245,0.01685203909675314,14.026970487473404,989,496.8181818181818,496.8318166498146,0.013634831632771238,0.013634831632771238,0.00274443088674261,17.9894720567605,23.54792690705379,5.558454850293288,5.558454850293288,30.898376743659924,4.648624180821078,24.482957433249737,19.83433325242866,19.83433325242866,426.67104246154304,0.0,0.708502024291498,0.708502024291498,0.708502024291498,,4.650954564424282,24.49533374945635,19.844379185032068,19.844379185032068,426.67325406324414,3.2887215114949355,17.320816601668284,14.032095090173348,14.032095090173348,426.6732540632441,25.22749532913968,28.44290835149015,3.2154130223504716,3.2154130223504716,12.745668883888067,0.13036258528987663,0.6089678449060865,0.4786052596162098,0.4786052596162098,367.13391235067513,0.745467018693734,0.6944217909521523,-0.05104522774158171,0.05104522774158171,-6.847415977037747,1.6151323746822592,0.9159392189877983,-0.6991931556944609,0.6991931556944609,-43.290145541910235,99.94805062404777,124.51611506101636,24.568064436968598,24.568064436968598,24.580834026849402,19.90885704317436,51.2040865046945,31.29522946152014,31.29522946152014,157.19249675485278,5.020280692522949,2.4317612823656263,-2.5885194101573226,2.5885194101573226,-51.561248637204365,False
s2_sit,msptdfast,MSPTDfast v2,mid_upslope,none,1.0,25.0,True,False,990,991,0.9951016628351869,0.0,0.035184694930566474,990,0,1,0.9989909182643795,1.0,0.999495204442201,234.15731010690817,3.096548349203201,3.803108642244038,0.006250153453061068,3.805027667150829,989,496.8181818181818,496.821214764171,0.003032945989161817,0.003032945989161817,0.0006104740325851782,17.9894720567605,19.185649455029818,1.1961773982693167,1.1961773982693167,6.649319082267283,4.648624180821078,6.801862702091762,2.1532385212706844,2.1532385212706844,46.31990966605439,0.0,0.0,0.0,0.0,,4.650954564424282,6.8052786877595475,2.1543241233352655,2.1543241233352655,46.32004233741505,3.2887215114949355,4.812058707979066,1.5233371964841305,1.5233371964841305,46.32004233741506,25.22749532913968,26.702478930120602,1.4749836009809236,1.4749836009809236,5.846730251009918,0.13036258528987663,0.18021018649886572,0.049847601208989095,0.049847601208989095,38.23765929322977,0.745467018693734,1.017911070462355,0.2724440517686211,0.2724440517686211,36.54676128341922,1.6151323746822592,1.5032232969645898,-0.11190907771766945,0.11190907771766945,-6.928786734256691,99.94805062404777,120.19580186101288,20.247751236965115,20.247751236965115,20.258275284554124,19.90885704317436,38.54333549686542,18.634478453691056,18.634478453691056,93.59893645968884,5.020280692522949,3.118458750690841,-1.9018219418321078,1.9018219418321078,-37.88278102984606,False
s2_sit,msptdfast,MSPTDfast v2,mid_upslope,none,1.0,25.0,False,False,990,991,0.9951016628351869,0.0,0.03537050274901565,990,0,1,0.9989909182643795,1.0,0.999495204442201,234.00000000001484,13.65217391304307,16.797250485197505,0.01011122345802871,16.805745923351004,989,496.8181818181818,496.82507583417595,0.006894015994134861,0.006894015994134861,0.0013876335944278768,17.9894720567605,25.09961405334349,7.110141996582989,7.110141996582989,39.52390583864286,4.648624180821078,28.963190376079705,24.314566195258628,24.314566195258628,523.0486537409008,0.0,0.5060728744939271,0.5060728744939271,0.5060728744939271,,4.650954564424282,28.977858997114332,24.32690443269005,24.32690443269005,523.0518616279227,3.2887215114949355,20.49044060112715,17.201719089632217,17.201719089632217,523.0518616279227,25.22749532913968,28.98487700897273,3.7573816798330526,3.7573816798330526,14.893994155230269,0.13036258528987663,0.7069355717736532,0.5765729864837765,0.5765729864837765,442.28409953799115,0.745467018693734,0.6533875058978419,-0.0920795127958921,0.0920795127958921,-12.351923088058419,1.6151323746822592,0.7973424883585225,-0.8177898863237367,0.8177898863237367,-50.632994492765235,99.94805062404777,118.88966700222328,18.94161637817551,18.94161637817551,18.95146154418154,19.90885704317436,54.87397208281948,34.96511503964511,34.96511503964511,175.62592851925018,5.020280692522949,2.1665948807712883,-2.8536858117516606,2.8536858117516606,-56.84315253531246,False
s2_sit,msptdfast,MSPTDfast v2,mid_upslope,none,1.0,500.0,True,False,994,991,0.9951016628351869,0.004028197381671702,0.022443157355945882,990,4,1,0.9989909182643795,0.9959758551307847,0.9974811083123426,233.66504613161652,2.825306080226066,3.4141125128472045,0.00416870012476013,3.4158443392571174,985,496.8181818181818,496.59550559668673,-0.22267622149507815,0.22267622149507815,-0.04482046544274217,17.9894720567605,19.268357687959984,1.2788856311994827,1.2788856311994827,7.109078171745865,4.648624180821078,7.066718351149876,2.418094170328798,2.418094170328798,52.017415826066944,0.0,0.4048582995951417,0.4048582995951417,0.4048582995951417,,4.650954564424282,7.070282312719168,2.4193277482948856,2.4193277482948856,52.017875358332205,3.2887215114949355,4.99944456822703,1.7107230567320948,1.7107230567320948,52.01787535833221,25.22749532913968,26.78702615057443,1.5595308214347519,1.5595308214347519,6.181869428921764,0.13036258528987663,0.18663678976995438,0.05627420448007775,0.05627420448007775,43.167450503490244,0.745467018693734,0.8698656334240898,0.12439861473035585,0.12439861473035585,16.68733983004867,1.6151323746822592,1.4962939236712842,-0.11883845101097501,0.11883845101097501,-7.357814930454464,99.94805062404777,119.75458069133735,19.806530067289586,19.806530067289586,19.816824784098472,19.90885704317436,38.6137860745204,18.704929031346037,18.704929031346037,93.95280196538914,5.020280692522949,3.101342625668047,-1.9189380668549019,1.9189380668549019,-38.22372063205368,True
s2_sit,msptdfast,MSPTDfast v2,mid_upslope,none,1.0,500.0,False,False,994,991,0.9951016628351869,0.004028197381671702,0.02243544430243164,990,4,1,0.9989909182643795,0.9959758551307847,0.9974811083123426,234.00000000000574,2.8548223350254913,3.527412591957598,0.004060913705506484,3.5292021825135804,985,496.8181818181818,496.5965621840242,-0.2216196341576051,0.2216196341576051,-0.04460779461543744,17.9894720567605,19.281948836216987,1.2924767794564858,1.2924767794564858,7.18462873940077,4.648624180821078,7.206890539966851,2.5582663591457733,2.5582663591457733,55.03276366587052,0.0,0.4048582995951417,0.4048582995951417,0.4048582995951417,,4.650954564424282,7.210526585258069,2.5595720208337873,2.5595720208337873,55.03326221271361,3.2887215114949355,5.098612244361862,1.809890732866926,1.809890732866926,55.03326221271361,25.22749532913968,26.787893814680963,1.5603984855412847,1.5603984855412847,6.1853087878244715,0.13036258528987663,0.1903327032589473,0.059970117969070674,0.059970117969070674,46.002553444088285,0.745467018693734,1.1174391736158897,0.37197215492215574,0.37197215492215574,49.89786879826752,1.6151323746822592,1.4891579662030667,-0.1259744084791925,0.1259744084791925,-7.7996336680437794,99.94805062404777,119.62462178700757,19.676571162959803,19.676571162959803,19.68679833183817,19.90885704317436,38.599288170355365,18.690431127181004,18.690431127181004,93.87998058677564,5.020280692522949,3.099140617802389,-1.9211400747205598,1.9211400747205598,-38.267582878022075,True
s3_sit,msptdfast,MSPTDfast v2,mid_upslope,none,1.0,100.0,True,False,603,603,0.9953320956006322,0.0,0.026445677211610445,602,1,1,0.9983416252072969,0.9983416252072969,0.9983416252072969,289.24661553110786,4.919892123916876,6.0847888640892185,0.01622562954778323,6.089835758861297,601,815.7774086378738,815.9541181953628,0.17670955748894812,0.17670955748894812,0.02166149192388215,61.9273119712334,64.10188358198448,2.17457161075108,2.17457161075108,3.5114903933844515,38.473190094833306,42.187044715340946,3.7138546205076395,3.7138546205076395,9.653097680107336,19.30116472545757,24.126455906821963,4.825291181364392,4.825291181364392,24.999999999999996,38.504571690160056,42.22119837485794,3.7166266846978857,3.7166266846978857,9.652429624733832,27.22684374879574,29.854895680684493,2.628051931888752,2.628051931888752,9.652429624733834,83.23871043837475,85.59665975616122,2.3579493177864634,2.3579493177864634,2.832755703888705,0.3270935314279401,0.3487857559597768,0.021692224531836668,0.021692224531836668,6.631810918772493,1.4540556028720704,1.5080329362718567,0.05397733339978639,0.05397733339978639,3.712191837311422,1.077286974252094,1.0422754342906169,-0.03501153996147721,0.03501153996147721,-3.249973386690576,901.0824037873131,943.9306667292743,42.84826294196125,42.84826294196125,4.755199165122632,679.6120627362407,836.5816727899504,156.96961005370974,156.96961005370974,23.096942897352616,1.3258775898700104,1.128318605858674,-0.1975589840113363,0.1975589840113363,-14.90024309338429,False
s3_sit,msptdfast,MSPTDfast v2,mid_upslope,none,1.0,100.0,False,False,603,603,0.9953320956006322,0.0,0.027834604243910887,602,1,1,0.9983416252072969,0.9983416252072969,0.9983416252072969,289.99999999997306,5.876871880202561,7.319656484307295,0.006655574043247422,7.325750630220905,601,815.7774086378738,815.9468438538206,0.16943521594680533,0.16943521594680533,0.02076978525670575,61.9273119712334,64.28294229851815,2.35563032728475,2.35563032728475,3.80386335576618,38.473190094833306,42.661067990965385,4.187877896132079,4.187877896132079,10.885184945176883,19.30116472545757,25.9567387687188,6.655574043261229,6.655574043261229,34.482758620689644,38.504571690160056,42.69555187312143,4.1909801829613755,4.1909801829613755,10.884370346164353,27.22684374879574,30.190314255986166,2.9634705071904257,2.9634705071904257,10.88437034616435,83.23871043837475,85.7504417844831,2.5117313461083484,2.5117313461083484,3.0175039148016265,0.3270935314279401,0.3520718217623134,0.024978290334373265,0.024978290334373265,7.6364366563073025,1.4540556028720704,1.4145991119601364,-0.03945649091193393,0.03945649091193393,-2.7135475998303593,1.077286974252094,1.0392491527845156,-0.0380378214675785,0.0380378214675785,-3.530890317687749,901.0824037873131,948.1733357664186,47.09093197910556,47.09093197910556,5.2260405686737466,679.6120627362407,848.2435924767328,168.63152974049217,168.63152974049217,24.81291003893475,1.3258775898700104,1.1178078374844038,-0.20806975238560654,0.20806975238560654,-15.6929835736952,False
s3_sit,msptdfast,MSPTDfast v2,mid_upslope,none,1.0,50.0,True,False,604,603,0.9953320956006322,0.001658374792703151,0.037019516633786956,602,2,1,0.9983416252072969,0.9966887417218543,0.9975144987572493,289.27456383724837,4.903958030824687,6.071247366591461,0.003529832087163148,6.076312045428397,600,815.7774086378738,815.4894206235732,-0.28798801430059484,0.28798801430059484,-0.035302278691617166,61.9273119712334,64.72107419488715,2.7937622236537507,2.7937622236537507,4.511357161685807,38.473190094833306,45.45971071394428,6.986520619110976,6.986520619110976,18.15945234042139,19.30116472545757,24.292845257903494,4.991680532445923,4.991680532445923,25.86206896551724,38.504571690160056,45.49669527430877,6.992123584148715,6.992123584148715,18.15920364057853,27.22684374879574,32.17102175004168,4.944178001245941,4.944178001245941,18.159203640578518,83.23871043837475,85.68932401086218,2.450613572487427,2.450613572487427,2.9440792145641455,0.3270935314279401,0.3754379220679067,0.048344390639966595,0.048344390639966595,14.779989817871723,1.4540556028720704,1.4972183825948924,0.04316277972282201,0.04316277972282201,2.968440796732003,1.077286974252094,1.041975644991051,-0.03531132926104297,0.03531132926104297,-3.2778015612374634,901.0824037873131,966.9369345557353,65.85453076842225,65.85453076842225,7.308380509000175,679.6120627362407,873.0095490911624,193.39748635492174,193.39748635492174,28.45704144453655,1.3258775898700104,1.1075903299824785,-0.21828725988753184,0.21828725988753184,-16.463605807601954,False
s3_sit,msptdfast,MSPTDfast v2,mid_upslope,none,1.0,50.0,False,False,604,603,0.9953320956006322,0.001658374792703151,0.031711865577480944,602,2,1,0.9983416252072969,0.9966887417218543,0.9975144987572493,289.9999999999776,8.113333333335495,10.110720383171452,0.01999999999997082,10.119136732631967,600,815.7774086378738,815.514950166113,-0.26245847176085135,0.26245847176085135,-0.03217280461334245,61.9273119712334,65.14658200680137,3.219270035567966,3.219270035567966,5.198465641562787,38.473190094833306,47.247005557069905,8.773815462236598,8.773815462236598,22.805011595372914,19.30116472545757,25.291181364392678,5.990016638935106,5.990016638935106,31.034482758620683,38.504571690160056,47.28561099541998,8.781039305259924,8.781039305259924,22.805186292992687,27.22684374879574,33.435976187410645,6.209132438614905,6.209132438614905,22.805186292992698,83.23871043837475,85.84980949735824,2.611099058983484,2.611099058983484,3.1368807195981185,0.3270935314279401,0.3894705926917582,0.06237706126381809,0.06237706126381809,19.07009930508515,1.4540556028720704,1.8348776760086603,0.3808220731365899,0.3808220731365899,26.19033772741462,1.077286974252094,1.0257560239949715,-0.05153095025712262,0.05153095025712262,-4.783400476265663,901.0824037873131,958.8937985448314,57.811394757518315,57.811394757518315,6.415772243973796,679.6120627362407,880.178413184121,200.56635044788038,200.56635044788038,29.511887949775954,1.3258775898700104,1.089431170069203,-0.23644641980080738,0.23644641980080738,-17.833201315665097,False
s3_sit,msptdfast,MSPTDfast v2,mid_upslope,none,1.0,30.0,True,False,605,603,0.9953320956006322,0.0033112582781456954,0.053947531779307466,602,3,1,0.9983416252072969,0.9950413223140496,0.9966887417218543,289.3991072887113,4.87254932385995,6.02790072073156,-0.012642681625535558,6.0329253969899925,599,815.7774086378738,815.0328635413106,-0.744545096563229,0.744545096563229,-0.0912681680909032,61.9273119712334,65.28687421787377,3.3595622466403725,3.3595622466403725,5.425008997970012,38.473190094833306,47.36471649074043,8.891526395907121,8.891526395907121,23.110967335929843,19.30116472545757,24.625623960066555,5.324459234608984,5.324459234608984,27.586206896551715,38.504571690160056,47.403303395361625,8.89873170520157,8.89873170520157,23.110844542845967,27.22684374879574,33.5191972815035,6.292353532707761,6.292353532707761,23.110844542845975,83.23871043837475,86.03031619077423,2.7916057523994766,2.7916057523994766,3.3537349842369606,0.3270935314279401,0.3896207612113607,0.06252722978342057,0.06252722978342057,19.1160092681917,1.4540556028720704,1.5094307286187743,0.05537512574670389,0.05537512574670389,3.808322435354342,1.077286974252094,1.0323522732320123,-0.04493470102008179,0.04493470102008179,-4.171098518227019,901.0824037873131,966.3723416993334,65.28993791202038,65.28993791202038,7.245723325369816,679.6120627362407,872.5309721183968,192.91890938215613,192.91890938215613,28.38662230411712,1.3258775898700104,1.1075507604653867,-0.21832682940462367,0.21832682940462367,-16.466590209585526,False
s3_sit,msptdfast,MSPTDfast v2,mid_upslope,none,1.0,30.0,False,False,605,603,0.9953320956006322,0.0033112582781456954,0.04510765430705873,602,3,1,0.9983416252072969,0.9950413223140496,0.9966887417218543,290.0000000000009,11.904284919310047,14.894422236651558,-0.006677796327291164,14.906869066753194,599,815.7774086378738,815.0609080841639,-0.7165005537099205,0.7165005537099205,-0.08783039909211035,61.9273119712334,67.01383524001542,5.086523268782024,5.086523268782024,8.213699427394534,38.473190094833306,53.202140360642986,14.72895026580968,14.72895026580968,38.28367294082972,19.30116472545757,32.11314475873544,12.811980033277866,12.811980033277866,66.37931034482756,38.504571690160056,53.24573366081234,14.741161970652286,14.741161970652286,38.284186327982006,27.22684374879574,37.65041934081322,10.423575592017482,10.423575592017482,38.284186327982006,83.23871043837475,86.97214583194314,3.733435393568385,3.733435393568385,4.4852153209802665,0.3270935314279401,0.4329020398503836,0.10580850842244349,0.10580850842244349,32.348089538956074,1.4540556028720704,1.4712753504340095,0.017219747561939114,0.017219747561939114,1.184256470517801,1.077286974252094,0.9957872851066458,-0.08149968914544825,0.08149968914544825,-7.565271937129785,901.0824037873131,986.4521326428553,85.36972885554223,85.36972885554223,9.474131166775338,679.6120627362407,967.1657200110817,287.55365727484104,287.55365727484104,42.31144104727897,1.3258775898700104,1.0199411664751235,-0.3059364233948869,0.3059364233948869,-23.07425856898909,False
s3_sit,msptdfast,MSPTDfast v2,mid_upslope,none,1.0,25.0,True,False,605,603,0.9953320956006322,0.0033112582781456954,0.03487792353431477,602,3,1,0.9983416252072969,0.9950413223140496,0.9966887417218543,289.44151502077864,4.98099832796823,6.145993944530049,0.0023067190839020867,6.151130155682409,599,815.7774086378738,815.0501211812365,-0.7272874566373275,0.7272874566373275,-0.08915268416806241,61.9273119712334,65.28223120850711,3.3549192372737124,3.3549192372737124,5.417511483192015,38.473190094833306,47.38365975372424,8.910469658890932,8.910469658890932,23.160204903537615,19.30116472545757,24.625623960066555,5.324459234608984,5.324459234608984,27.586206896551715,38.504571690160056,47.422342827847615,8.91777113768756,8.91777113768756,23.160291742620576,27.22684374879574,33.53266019332429,6.305816444528549,6.305816444528549,23.160291742620586,83.23871043837475,86.01802208538048,2.779311647005727,2.779311647005727,3.3389652871465048,0.3270935314279401,0.3898329603538217,0.06273942892588158,0.06273942892588158,19.180883416431396,1.4540556028720704,1.48207573278655,0.028020129914479552,0.028020129914479552,1.9270329043218024,1.077286974252094,1.032656328032819,-0.04463064621927515,0.04463064621927515,-4.142874395214882,901.0824037873131,964.906783738447,63.82437995113389,63.82437995113389,7.083079159339424,679.6120627362407,873.4841033741656,193.8720406379249,193.8720406379249,28.526868675249986,1.3258775898700104,1.104664389438945,-0.2212132004310654,0.2212132004310654,-16.68428534588576,False
s3_sit,msptdfast,MSPTDfast v2,mid_upslope,none,1.0,25.0,False,False,605,603,0.9953320956006322,0.0033112582781456954,0.03706942542935694,602,3,1,0.9983416252072969,0.9950413223140496,0.9966887417218543,290.0000000000009,14.497495826378655,17.691475739927693,-0.040066777963239854,17.70621635625237,599,815.7774086378738,815.0166112956811,-0.7607973421927454,0.7607973421927454,-0.09326040830954976,61.9273119712334,66.90010226952052,4.972790298287116,4.972790298287116,8.030043836872956,38.473190094833306,55.5235256160725,17.05033552123919,17.05033552123919,44.31744671864093,19.30116472545757,22.795341098169715,3.4941763727121433,3.4941763727121433,18.103448275862053,38.504571690160056,55.56913718252481,17.064565492364757,17.064565492364757,44.31828414994589,27.22684374879574,39.293313726448815,12.066469977653075,12.066469977653075,44.31828414994589,83.23871043837475,86.0655730460181,2.826862607643349,2.826862607643349,3.3960913050619626,0.3270935314279401,0.4565508871408921,0.12945735571295197,0.12945735571295197,39.578084943410715,1.4540556028720704,1.4286867876104186,-0.0253688152616518,0.0253688152616518,-1.7446936149857661,1.077286974252094,0.9815842024024499,-0.09570277184964415,0.09570277184964415,-8.883684119181497,901.0824037873131,955.1399705805075,54.05756679319438,54.05756679319438,5.99918126976918,679.6120627362407,872.9386467139441,193.32658397770342,193.32658397770342,28.44660867250292,1.3258775898700104,1.094166209934683,-0.23171137993532742,0.23171137993532742,-17.476076351667164,False
s3_sit,msptdfast,MSPTDfast v2,mid_upslope,none,1.0,500.0,True,False,605,603,0.9953320956006322,0.0033112582781456954,0.022464734774069153,602,3,1,0.9983416252072969,0.9950413223140496,0.9966887417218543,289.0236816251163,4.891738370553416,6.046043930634301,-0.015978400474081146,6.051075908260735,599,815.7774086378738,815.6756158998265,-0.10179273804726563,0.10179273804726563,-0.012478004044906293,61.9273119712334,64.15138203076047,2.2240700595270724,2.2240700595270724,3.5914203099275515,38.473190094833306,42.26070455145327,3.7875144566199666,3.7875144566199666,9.844555253370071,19.30116472545757,24.459234608985025,5.158069883527453,5.158069883527453,26.724137931034473,38.504571690160056,42.29477225923258,3.7902005690725247,3.7902005690725247,9.84350793347773,27.22684374879574,29.906920273244033,2.6800765244482925,2.6800765244482925,9.843507933477724,83.23871043837475,85.65264591758377,2.413935479209016,2.413935479209016,2.900015469360446,0.3270935314279401,0.3491651653355917,0.0220716339076516,0.0220716339076516,6.747805073153537,1.4540556028720704,1.5163474893680884,0.06229188649601802,0.06229188649601802,4.284009935588312,1.077286974252094,1.044101386982348,-0.033185587269746186,0.033185587269746186,-3.080477910055978,901.0824037873131,943.8352172453305,42.752813458017386,42.752813458017386,4.7446064065089155,679.6120627362407,834.0311141708703,154.41905143462964,154.41905143462964,22.72164664248464,1.3258775898700104,1.1316546843502582,-0.1942229055197522,0.1942229055197522,-14.648630235826966,True
s3_sit,msptdfast,MSPTDfast v2,mid_upslope,none,1.0,500.0,False,False,605,603,0.9953320956006322,0.0033112582781456954,0.024571726881510898,602,3,1,0.9983416252072969,0.9950413223140496,0.9966887417218543,288.9999999999967,4.8580968280483114,6.053186635764817,-0.016694490818059467,6.058222673773711,599,815.7774086378738,815.6710963455149,-0.1063122923588935,0.1063122923588935,-0.013032022121868525,61.9273119712334,64.16154317364345,2.234231202410051,2.234231202410051,3.6078284868038524,38.473190094833306,42.232460250798916,3.759270155965609,3.759270155965609,9.771142311566345,19.30116472545757,24.126455906821963,4.825291181364392,4.825291181364392,24.999999999999996,38.504571690160056,42.26650438862357,3.761932698463511,3.761932698463511,9.77009361053322,27.22684374879574,29.8869318702467,2.6600881214509577,2.6600881214509577,9.770093610533225,83.23871043837475,85.67484197960249,2.436131541227738,2.436131541227738,2.926681021844172,0.3270935314279401,0.3488414005754711,0.021747869147530963,0.021747869147530963,6.648822754944055,1.4540556028720704,1.5039436801216655,0.0498880772495951,0.0498880772495951,3.4309607659470167,1.077286974252094,1.0445581716242767,-0.03272880262781741,0.03272880262781741,-3.0380765209325364,901.0824037873131,944.9964202315109,43.91401644419784,43.91401644419784,4.873473975257326,679.6120627362407,836.171942847785,156.55988011154432,156.55988011154432,23.03665409957646,1.3258775898700104,1.1301460522737679,-0.1957315375962425,0.1957315375962425,-14.762413897909845,True
s4_sit,msptdfast,MSPTDfast v2,mid_upslope,none,1.0,100.0,True,False,679,681,0.9920795607314664,0.0,0.021802284617540725,679,0,2,0.9970631424375918,1.0,0.9985294117647059,265.69425089327103,5.127860668814889,7.385192105144843,0.019915647783454143,7.390625633540537,677,724.3264705882353,725.3999897505577,1.0735191623223272,1.0735191623223272,0.14820929593398785,47.66481403611934,53.00843335796926,5.343619321849921,5.343619321849921,11.21082590986434,25.291933202608096,44.07737582397567,18.785442621367576,18.785442621367576,74.27444343965936,4.860088365243005,6.794682422451995,1.9345940572089901,1.9345940572089901,39.80573832863346,25.31055348154773,44.10975538026389,18.799201898716163,18.799201898716163,74.27416359117328,17.89726400238718,31.1903071458644,13.29304314347722,13.29304314347722,74.27416359117329,64.98889855524969,68.16856133350018,3.1796627782504885,3.1796627782504885,4.892624508087837,0.2753895572975743,0.4575468006911934,0.1821572433936191,0.1821572433936191,66.1452980211547,1.4191767991993267,1.3737545265479403,-0.04542227265138643,0.04542227265138643,-3.200607047480824,1.2617883725140517,1.2082276060368893,-0.05356076647716246,0.05356076647716246,-4.244829611993115,966.4383586160568,995.8542059740021,29.415847357945268,29.415847357945268,3.0437375643976785,276.63397826643387,307.8909629748853,31.256984708451455,31.256984708451455,11.299040307458899,3.4935634612652433,3.234437920333615,-0.25912554093162843,0.25912554093162843,-7.417227246754591,False
s4_sit,msptdfast,MSPTDfast v2,mid_upslope,none,1.0,100.0,False,False,679,681,0.9920795607314664,0.0,0.024767893875308707,679,0,2,0.9970631424375918,1.0,0.9985294117647059,265.999999999996,6.215657311670948,8.230074186944519,0.011816838995653488,8.236150780697834,677,724.3264705882353,725.3982300884956,1.0717595002602138,1.0717595002602138,0.14796635823481963,47.66481403611934,53.19403013277666,5.529216096657322,5.529216096657322,11.600204906846807,25.291933202608096,44.732918230448306,19.44098502784021,19.44098502784021,76.86634656237136,4.860088365243005,7.533234859675036,2.6731464944320313,2.6731464944320313,55.00201423391967,25.31055348154773,44.76579479694739,19.45524131539966,19.45524131539966,76.86612357008791,17.89726400238718,31.65419706612697,13.75693306373979,13.75693306373979,76.86612357008792,64.98889855524969,68.24383848841082,3.2549399331611255,3.2549399331611255,5.008455298552213,0.2753895572975743,0.46383963398398953,0.18845007668641522,0.18845007668641522,68.43036407614542,1.4191767991993267,1.0913178266156989,-0.32785897258362784,0.32785897258362784,-23.102052737093768,1.2617883725140517,1.2039357472677004,-0.057852625246351375,0.057852625246351375,-4.584970547088086,966.4383586160568,996.8802578922694,30.441899276212553,30.441899276212553,3.149905941213412,276.63397826643387,310.13082291970534,33.49684465327147,33.49684465327147,12.108723904122046,3.4935634612652433,3.214386266115727,-0.27917719514951633,0.27917719514951633,-7.991187171633871,False
s4_sit,msptdfast,MSPTDfast v2,mid_upslope,none,1.0,50.0,True,False,679,681,0.9920795607314664,0.0,0.03143373313447616,679,0,2,0.9970631424375918,1.0,0.9985294117647059,265.91414405317926,5.146533398658724,7.406077025066097,0.016328320841149633,7.411534855334321,677,724.3264705882353,725.3964692957553,1.0699987075199715,1.0699987075199715,0.147723264435029,47.66481403611934,52.99529731135976,5.330483275240418,5.330483275240418,11.183266698997496,25.291933202608096,44.059963587328895,18.7680303847208,18.7680303847208,74.20559841896721,4.860088365243005,6.646971935007386,1.786883569764381,1.786883569764381,36.7664831475762,25.31055348154773,44.09234288124705,18.78178939969932,18.78178939969932,74.20536818126833,17.89726400238718,31.177994649732184,13.280730647345006,13.280730647345006,74.20536818126833,64.98889855524969,68.15376529481038,3.1648667395606935,3.1648667395606935,4.869857483228635,0.2753895572975743,0.4574654755297321,0.1820759182321578,0.1820759182321578,66.11576706789003,1.4191767991993267,1.3758426631382974,-0.043334136061029316,0.043334136061029316,-3.053469876725552,1.2617883725140517,1.2085383567413628,-0.05325001577268895,0.05325001577268895,-4.220201812970498,966.4383586160568,995.6783714882025,29.240012872145712,29.240012872145712,3.025543492915318,276.63397826643387,307.21420676973577,30.580228503301896,30.580228503301896,11.054400726525802,3.4935634612652433,3.2409906493500373,-0.252572811915206,0.252572811915206,-7.229661482197125,False
s4_sit,msptdfast,MSPTDfast v2,mid_upslope,none,1.0,50.0,False,False,679,681,0.9920795607314664,0.0,0.03718833314435583,679,0,2,0.9970631424375918,1.0,0.9985294117647059,267.99999999998624,8.80649926145043,11.52711785684887,0.026587887740101415,11.53560999495319,677,724.3264705882353,725.3982300884956,1.0717595002602138,1.0717595002602138,0.14796635823481963,47.66481403611934,53.57310440255047,5.908290366431132,5.908290366431132,12.395496522768262,25.291933202608096,46.36888887221273,21.076955669604633,21.076955669604633,83.33469608970493,4.860088365243005,10.19202363367799,5.331935268434986,5.331935268434986,109.70860749295015,25.31055348154773,46.40293726916315,21.092383787615418,21.092383787615418,83.33434432001852,17.89726400238718,32.81183160999924,14.91456760761206,14.91456760761206,83.33434432001853,64.98889855524969,68.29010716824364,3.301208612993946,3.301208612993946,5.079650042364475,0.2753895572975743,0.48047708475785555,0.20508752746028125,0.20508752746028125,74.47178806372544,1.4191767991993267,1.5565484485137278,0.13737164931440105,0.13737164931440105,9.679671299016697,1.2617883725140517,1.1659992890938173,-0.0957890834202344,0.0957890834202344,-7.591533216412457,966.4383586160568,998.954881215317,32.516522599260156,32.516522599260156,3.3645728472350718,276.63397826643387,315.3722277455504,38.73824947911652,38.73824947911652,14.003431437408834,3.4935634612652433,3.167542330395994,-0.3260211308692491,0.3260211308692491,-9.33205119884028,False
s4_sit,msptdfast,MSPTDfast v2,mid_upslope,none,1.0,30.0,True,False,679,681,0.9920795607314664,0.0,0.04645946241404361,679,0,2,0.9970631424375918,1.0,0.9985294117647059,266.3991757673424,5.205921692949463,7.470606802448116,0.018323564232844678,7.476107868964895,677,724.3264705882353,725.3991922951066,1.0727217068712207,1.0727217068712207,0.14809919979868316,47.66481403611934,52.9793725609954,5.3145585248760625,5.3145585248760625,11.149856833279175,25.291933202608096,44.06423966150273,18.772306458894636,18.772306458894636,74.22250528859867,4.860088365243005,6.646971935007386,1.786883569764381,1.786883569764381,36.7664831475762,25.31055348154773,44.09661486255102,18.786061381003293,18.786061381003293,74.22224644237426,17.89726400238718,31.181015396681328,13.28375139429415,13.28375139429415,74.22224644237427,64.98889855524969,68.1276163735781,3.1387178183284163,3.1387178183284163,4.8296215016785755,0.2753895572975743,0.4576854006707072,0.18229584337313287,0.18229584337313287,66.19562671948076,1.4191767991993267,1.3788362780726866,-0.040340521126640105,0.040340521126640105,-2.8425296375616824,1.2617883725140517,1.2090319972006398,-0.05275637531341193,0.05275637531341193,-4.1810795266957035,966.4383586160568,994.8762140152949,28.43785539923806,28.43785539923806,2.9425420820383383,276.63397826643387,305.45073321523876,28.816754948804885,28.816754948804885,10.41692532833066,3.4935634612652433,3.2570758745379926,-0.23648758672725068,0.23648758672725068,-6.769236893770446,False
s4_sit,msptdfast,MSPTDfast v2,mid_upslope,none,1.0,30.0,False,False,679,681,0.9920795607314664,0.0,0.04363960381598016,679,0,2,0.9970631424375918,1.0,0.9985294117647059,266.6666666666746,12.469719350074188,15.496615260218437,0.016740521910452503,15.508063969157208,677,724.3264705882353,725.3687315634219,1.0422609751865366,1.0422609751865366,0.14389381273614124,47.66481403611934,54.673163671612166,7.008349635492827,7.008349635492827,14.703402871103316,25.291933202608096,48.86702583223073,23.575092629622635,23.575092629622635,93.21190452611025,4.860088365243005,16.100443131462335,11.24035476621933,11.24035476621933,231.27881473524013,25.31055348154773,48.90293331701921,23.592379835471483,23.592379835471483,93.21163147487528,17.89726400238718,34.57959576837783,16.68233176599065,16.68233176599065,93.21163147487528,64.98889855524969,69.15606414640274,4.167165591153051,4.167165591153051,6.412119121561007,0.2753895572975743,0.5000226111071496,0.22463305380957532,0.22463305380957532,81.56919819833486,1.4191767991993267,1.233486474867531,-0.18569032433179578,0.18569032433179578,-13.084368659109904,1.2617883725140517,1.1383031005087347,-0.123485272005317,0.123485272005317,-9.786527970556476,966.4383586160568,1009.6101129716122,43.171754355555436,43.171754355555436,4.467098596684174,276.63397826643387,347.93804444561874,71.30406617918487,71.30406617918487,25.775599449504337,3.4935634612652433,2.901695083618285,-0.5918683776469584,0.5918683776469584,-16.94168101450789,False
s4_sit,msptdfast,MSPTDfast v2,mid_upslope,none,1.0,25.0,True,False,679,681,0.9920795607314664,0.0,0.03152283807591861,679,0,2,0.9970631424375918,1.0,0.9985294117647059,266.92871993095457,5.371613587008694,7.653712852869656,0.02106054174057919,7.65934279367942,677,724.3264705882353,725.4019368528957,1.0754662646603492,1.0754662646603492,0.1484781115050163,47.66481403611934,53.01319969135977,5.348385655240435,5.348385655240435,11.220825599335281,25.291933202608096,44.21570927112055,18.923776068512456,18.923776068512456,74.82139034971452,4.860088365243005,6.942392909896602,2.0823045446535975,2.0823045446535975,42.84499350969068,25.31055348154773,44.24820688032153,18.937653398773804,18.937653398773804,74.82117454515569,17.89726400238718,31.288207140420607,13.390943138033428,13.390943138033428,74.8211745451557,64.98889855524969,68.13109992485157,3.142201369601878,3.142201369601878,4.834981726810719,0.2753895572975743,0.45923531507536824,0.18384575777779394,0.18384575777779394,66.75843469951839,1.4191767991993267,1.3806570145275043,-0.03851978467182238,0.03851978467182238,-2.7142343852826882,1.2617883725140517,1.2069192970678506,-0.05486907544620112,0.05486907544620112,-4.348516489883099,966.4383586160568,993.3595965640687,26.921237948011935,26.921237948011935,2.785613558071437,276.63397826643387,305.26066807920233,28.62668981276846,28.62668981276846,10.34821896867539,3.4935634612652433,3.2541355649078696,-0.23942789635737372,0.23942789635737372,-6.853400518182129,False
s4_sit,msptdfast,MSPTDfast v2,mid_upslope,none,1.0,25.0,False,False,679,681,0.9920795607314664,0.0,0.03427792400280329,679,0,2,0.9970631424375918,1.0,0.9985294117647059,268.00000000004763,14.40768094535085,17.690762345876223,-0.0029542097489611897,17.703842146913374,677,724.3264705882353,725.4277286135693,1.1012580253340047,1.1012580253340047,0.15203890373351373,47.66481403611934,55.716442347492105,8.051628311372767,8.051628311372767,16.892184463934804,25.291933202608096,53.25449613823217,27.962562935624074,27.962562935624074,110.55921550805212,4.860088365243005,10.487444608567207,5.627356243324202,5.627356243324202,115.78711785506464,25.31055348154773,53.29373980090145,27.98318631935372,27.98318631935372,110.5593614922504,17.89726400238718,37.68436480800882,19.787100805621645,19.787100805621645,110.5593614922504,64.98889855524969,69.19922358480426,4.210325029554568,4.210325029554568,6.478529599905745,0.2753895572975743,0.5445778558747311,0.26918829857715676,0.26918829857715676,97.74818668461101,1.4191767991993267,1.1319476584774653,-0.28722914072186145,0.28722914072186145,-20.239137286059837,1.2617883725140517,1.1149639761070709,-0.14682439640698086,0.14682439640698086,-11.636214091467686,966.4383586160568,956.5506365722632,-9.887722043793588,9.887722043793588,-1.0231094363796611,276.63397826643387,348.2256914748411,71.59171320840721,71.59171320840721,25.87958054070106,3.4935634612652433,2.746927237105861,-0.7466362241593822,0.7466362241593822,-21.37176646245829,False
s4_sit,msptdfast,MSPTDfast v2,mid_upslope,none,1.0,500.0,True,False,680,681,0.9920795607314664,0.0014727540500736377,0.021791618750038287,679,1,2,0.9970631424375918,0.9985294117647059,0.9977957384276267,265.5762091241721,5.1468166821373815,7.42383451052421,0.02285132059244117,7.429296416514631,676,724.3264705882353,725.1905772010916,0.8641066128562898,0.8641066128562898,0.11929794753387062,47.66481403611934,53.14004903812547,5.47523500200613,5.47523500200613,11.48695345345755,25.291933202608096,44.793435493297274,19.501502290689178,19.501502290689178,77.10562152156162,4.860088365243005,7.0901033973412115,2.2300150320982066,2.2300150320982066,45.884248690747945,25.31055348154773,44.82636424807555,19.51581076652782,19.51581076652782,77.10542869303717,17.89726400238718,31.697026135752438,13.79976213336526,13.79976213336526,77.10542869303718,64.98889855524969,68.13976928122216,3.1508707259724673,3.1508707259724673,4.848321476465376,0.2753895572975743,0.4651765990714537,0.1897870417738794,0.1897870417738794,68.91584547950144,1.4191767991993267,1.3680964874411299,-0.05108031175819683,0.05108031175819683,-3.59929163068445,1.2617883725140517,1.1834728088053963,-0.07831556370865544,0.07831556370865544,-6.206711475127601,966.4383586160568,996.0242149955509,29.58585637949409,29.58585637949409,3.0613288592829804,276.63397826643387,307.81328464668496,31.17930638025109,31.17930638025109,11.27096048563544,3.4935634612652433,3.2358064602013847,-0.25775700106385857,0.25775700106385857,-7.37805406776576,True
s4_sit,msptdfast,MSPTDfast v2,mid_upslope,none,1.0,500.0,False,False,680,681,0.9920795607314664,0.0014727540500736377,0.027161336432070103,679,1,2,0.9970631424375918,0.9985294117647059,0.9977957384276267,266.00000000000057,5.153846153847841,7.4651062049306836,0.02366863905329867,7.470596317294237,676,724.3264705882353,725.1917404129794,0.8652698247440185,0.8652698247440185,0.11945853974400814,47.66481403611934,53.18495741599962,5.520143379880281,5.520143379880281,11.58117049548801,25.291933202608096,44.86954667267766,19.57761347006956,19.57761347006956,77.40655217312816,4.860088365243005,7.23781388478582,2.377725519542815,2.377725519542815,48.92350387180519,25.31055348154773,44.9025419895014,19.591988507953673,19.591988507953673,77.40640093958005,17.89726400238718,31.75089193329013,13.853627930902952,13.853627930902952,77.40640093958007,64.98889855524969,68.18475087674602,3.195852321496332,3.195852321496332,4.917535752324543,0.2753895572975743,0.4656597189991138,0.1902701617015395,0.1902701617015395,69.09127694190002,1.4191767991993267,1.328282116483595,-0.09089468271573176,0.09089468271573176,-6.404746946752008,1.2617883725140517,1.1828304369152576,-0.07895793559879416,0.07895793559879416,-6.2576211129188275,966.4383586160568,996.4141018528652,29.9757432368084,29.9757432368084,3.101671510610751,276.63397826643387,309.75094547454773,33.11696720811386,33.11696720811386,11.971402578832162,3.4935634612652433,3.2168234396389943,-0.276740021626249,0.276740021626249,-7.921425349634946,True
s5_sit,msptdfast,MSPTDfast v2,mid_upslope,none,1.0,100.0,True,False,637,638,0.9911163611061667,0.0,0.02179923623385177,637,0,1,0.9984326018808778,1.0,0.9992156862745099,267.50521200942336,3.509940134539909,4.497123597609184,-0.00670493446300115,4.50065824453837,636,774.7158555729984,774.5813453800025,-0.13451019299589007,0.13451019299589007,-0.01736251969393386,49.02100643708726,50.04676108025908,1.0257546431718225,1.0257546431718225,2.092479770867738,26.212124517066584,27.61717999956035,1.4050554824937649,1.4050554824937649,5.360326598398921,5.345911949685535,6.929133858267717,1.583221908582182,1.583221908582182,29.615562760537284,26.232755677027686,27.638936540182396,1.4061808631547095,1.4061808631547095,5.3604008685451126,18.54935942843618,19.54367945234763,0.9943200239114489,0.9943200239114489,5.360400868545119,66.79849855351979,68.02500409932333,1.2265055458035334,1.2265055458035334,1.836127416577847,0.2776912629791252,0.2873014079324699,0.009610144953344668,0.009610144953344668,3.460730038909106,1.5491181222005777,1.5039708607936453,-0.04514726140693237,0.04514726140693237,-2.9143846915172014,1.2379608927180985,1.2197242599870333,-0.01823663273106524,0.01823663273106524,-1.473118645212162,886.7114917235966,928.6211207179989,41.90962899440228,41.90962899440228,4.726410944887838,287.29067184026013,331.89715566758525,44.60648382732512,44.60648382732512,15.526603610759523,3.086461130268189,2.79791828541028,-0.28854284485790904,0.28854284485790904,-9.348662843288002,False
s5_sit,msptdfast,MSPTDfast v2,mid_upslope,none,1.0,100.0,False,False,637,638,0.9911163611061667,0.0,0.02437529733518346,637,0,1,0.9984326018808778,1.0,0.9992156862745099,267.99999999996805,4.874213836478957,6.124494588311214,-0.012578616352170334,6.129302200596726,636,774.7158555729984,774.5754716981132,-0.140383874885174,0.140383874885174,-0.01812069210605516,49.02100643708726,50.224462737369734,1.2034563002824754,1.2034563002824754,2.4549808087415976,26.212124517066584,28.575084130598352,2.3629596135317676,2.3629596135317676,9.014758082631786,5.345911949685535,8.031496062992126,2.685584113306591,2.685584113306591,50.23622047244094,26.232755677027686,28.59760646377287,2.3648507867451833,2.3648507867451833,9.014877490800973,18.54935942843618,20.221561456238042,1.6722020278018626,1.6722020278018626,9.014877490800979,66.79849855351979,68.08877856729748,1.2902800137776893,1.2902800137776893,1.9316003229382481,0.2776912629791252,0.2969881657702449,0.019296902791119674,0.019296902791119674,6.949049308969535,1.5491181222005777,1.18176265700028,-0.3673554652002977,0.3673554652002977,-23.71384466656785,1.2379608927180985,1.209524031335142,-0.028436861382956424,0.028436861382956424,-2.2970726741229868,886.7114917235966,932.5091085144716,45.79761679087494,45.79761679087494,5.164883642350589,287.29067184026013,328.44396330971347,41.153291469453336,41.153291469453336,14.324618062202681,3.086461130268189,2.8391726220741695,-0.24728850819401949,0.24728850819401949,-8.012040254416943,False
s5_sit,msptdfast,MSPTDfast v2,mid_upslope,none,1.0,50.0,True,False,637,638,0.9911163611061667,0.0,0.034071898413071,637,0,1,0.9984326018808778,1.0,0.9992156862745099,267.51915804043426,3.5058613075977214,4.4919638969609945,-0.007283525371097022,4.495493575378743,636,774.7158555729984,774.5807667890944,-0.13508878390405243,0.13508878390405243,-0.01743720396740009,49.02100643708726,50.042547301526696,1.0215408644394373,1.0215408644394373,2.083883907504971,26.212124517066584,27.610532916244278,1.3984083991776934,1.3984083991776934,5.33496778663323,5.345911949685535,6.771653543307086,1.4257415936215514,1.4257415936215514,26.66975451597961,26.232755677027686,27.63228508809492,1.3995294110672347,1.3995294110672347,5.335045346733504,18.54935942843618,19.538976165471837,0.9896167370356572,0.9896167370356572,5.335045346733506,66.79849855351979,68.0201550369903,1.221656483470511,1.221656483470511,1.8288681780649674,0.2776912629791252,0.2872527437617023,0.00956148078257707,0.00956148078257707,3.4432054793513007,1.5491181222005777,1.5033342575096305,-0.045783864690947196,0.045783864690947196,-2.955479252021762,1.2379608927180985,1.219313851767021,-0.018647040951077498,0.018647040951077498,-1.5062705987533724,886.7114917235966,928.3661832174685,41.65469149387184,41.65469149387184,4.6976600486933044,287.29067184026013,331.6746556992896,44.383983859029456,44.383983859029456,15.449155927940438,3.086461130268189,2.799026598098484,-0.28743453216970494,0.28743453216970494,-9.312753993591656,False
s5_sit,msptdfast,MSPTDfast v2,mid_upslope,none,1.0,50.0,False,False,637,638,0.9911163611061667,0.0,0.0337105454776417,637,0,1,0.9984326018808778,1.0,0.9992156862745099,267.9999999999965,7.971698113207739,9.799563589306446,0.003144654088081596,9.807276240675192,636,774.7158555729984,774.5911949685535,-0.12466060444489813,0.12466060444489813,-0.016091138905721267,49.02100643708726,50.580779871686865,1.559773434599606,1.559773434599606,3.1818470242984365,26.212124517066584,30.769654751771416,4.557530234704831,4.557530234704831,17.3871073736791,5.345911949685535,10.078740157480315,4.73282820779478,4.73282820779478,88.53172765169059,26.232755677027686,30.79389534729856,4.561139670270872,4.561139670270872,17.38719228138549,18.54935942843618,21.77457221922369,3.225212790787509,3.225212790787509,17.387192281385502,66.79849855351979,68.13735091362078,1.3388523601009865,1.3388523601009865,2.0043150506268956,0.2776912629791252,0.31956881104502866,0.041877548065903436,0.041877548065903436,15.080614210412332,1.5491181222005777,1.6208666082577232,0.07174848605714557,0.07174848605714557,4.631569731766114,1.2379608927180985,1.1932229291090124,-0.04473796360908611,0.04473796360908611,-3.613843044012343,886.7114917235966,924.3363665854212,37.62487486182454,37.62487486182454,4.243192426511696,287.29067184026013,334.1739463604644,46.88327452020428,46.88327452020428,16.31910782897692,3.086461130268189,2.7660336081029024,-0.3204275221652866,0.3204275221652866,-10.381712538769083,False
s5_sit,msptdfast,MSPTDfast v2,mid_upslope,none,1.0,30.0,True,False,637,638,0.9911163611061667,0.0,0.043210189485547196,637,0,1,0.9984326018808778,1.0,0.9992156862745099,267.59553050185593,3.530952532963811,4.516539856415911,-0.006547138877967861,4.520090038906002,636,774.7158555729984,774.5815031755875,-0.13435239741090754,0.13435239741090754,-0.017342151505539704,49.02100643708726,50.02659859250649,1.0055921554192295,1.0055921554192295,2.051349469354102,26.212124517066584,27.590894669091018,1.3787701520244333,1.3787701520244333,5.260047315610464,5.345911949685535,6.6141732283464565,1.2682612786609218,1.2682612786609218,23.723946271421948,26.232755677027686,27.61263174071079,1.3798760636831027,1.3798760636831027,5.260126235580638,18.54935942843618,19.5250791502635,0.9757197218273213,0.9757197218273213,5.260126235580633,66.79849855351979,68.00067953813029,1.202180984610493,1.202180984610493,1.7997125843289583,0.2776912629791252,0.2871306475594134,0.009439384580288201,0.009439384580288201,3.3992371524478915,1.5491181222005777,1.502586289885874,-0.0465318323147037,0.0465318323147037,-3.0037626987801014,1.2379608927180985,1.220841338320566,-0.017119554397532433,0.017119554397532433,-1.382883296090582,886.7114917235966,928.2468829282534,41.535391204656776,41.535391204656776,4.684205809030393,287.29067184026013,330.64481866188225,43.35414682162212,43.35414682162212,15.090690743251134,3.086461130268189,2.807383725790301,-0.2790774044778881,0.2790774044778881,-9.041986686339332,False
s5_sit,msptdfast,MSPTDfast v2,mid_upslope,none,1.0,30.0,False,False,637,638,0.9911163611061667,0.0,0.04607814851412619,637,0,1,0.9984326018808778,1.0,0.9992156862745099,267.3333333333361,10.917190775679849,13.502102742779268,-0.007337526205427079,13.512728142067752,636,774.7158555729984,774.58071278826,-0.13514278473837749,0.13514278473837749,-0.017444174372605637,49.02100643708726,51.79455632460732,2.773549887520062,2.773549887520062,5.657880343765666,26.212124517066584,35.56812988500959,9.356005367943006,9.356005367943006,35.69342638308984,5.345911949685535,14.330708661417324,8.98479671173179,8.98479671173179,168.0685502547476,26.232755677027686,35.596130641454174,9.363374964426487,9.363374964426487,35.69344783943571,18.54935942843618,25.170265360574497,6.620905932138317,6.620905932138317,35.69344783943571,66.79849855351979,68.78815211505615,1.9896535615363575,1.9896535615363575,2.9785902447226746,0.2776912629791252,0.36590989271632585,0.08821862973720063,0.08821862973720063,31.76860114026427,1.5491181222005777,1.260228222031707,-0.28888990016887073,0.28888990016887073,-18.648668298999194,1.2379608927180985,1.1311863661268686,-0.10677452659122988,0.10677452659122988,-8.62503227842626,886.7114917235966,921.7414197851414,35.02992806154475,35.02992806154475,3.9505440482623393,287.29067184026013,360.438023627209,73.14735178694889,73.14735178694889,25.461095314511436,3.086461130268189,2.557281305976954,-0.5291798242912349,0.5291798242912349,-17.14519645498511,False
s5_sit,msptdfast,MSPTDfast v2,mid_upslope,none,1.0,25.0,True,False,637,638,0.9911163611061667,0.0,0.0330132405050376,637,0,1,0.9984326018808778,1.0,0.9992156862745099,267.6152089918117,3.558174998553282,4.563244916551048,-0.007976972506089487,4.5668296315540315,636,774.7158555729984,774.5800733419594,-0.135782231039002,0.135782231039002,-0.017526713834787103,49.02100643708726,50.03173972178982,1.0107332847025603,1.0107332847025603,2.061837073866932,26.212124517066584,27.654702885838923,1.4425783687723381,1.4425783687723381,5.503477475979036,5.345911949685535,7.244094488188976,1.8981825385034412,1.8981825385034412,35.50717924965261,26.232755677027686,27.67648916331805,1.4437334862903626,1.4437334862903626,5.503552520617023,18.54935942843618,19.57023316681819,1.0208737383820115,1.0208737383820115,5.503552520617027,66.79849855351979,67.9952640481248,1.1967654946050033,1.1967654946050033,1.7916053811391282,0.2776912629791252,0.2878175920159238,0.010126329036798554,0.010126329036798554,3.6466142031842668,1.5491181222005777,1.4932870667579237,-0.05583105544265399,0.05583105544265399,-3.604054115856832,1.2379608927180985,1.219821147597148,-0.0181397451209504,0.0181397451209504,-1.4652922582329975,886.7114917235966,927.6464107589559,40.93491903535926,40.93491903535926,4.61648680742703,287.29067184026013,331.3368659842731,44.046194144012986,44.046194144012986,15.331578245082609,3.086461130268189,2.799707807953331,-0.28675332231485795,0.28675332231485795,-9.290683090181712,False
s5_sit,msptdfast,MSPTDfast v2,mid_upslope,none,1.0,25.0,False,False,637,638,0.9911163611061667,0.0,0.03443531448672995,637,0,1,0.9984326018808778,1.0,0.9992156862745099,268.00000000002944,13.216981132074991,16.296968888984374,0.003144654088081954,16.309795796221557,636,774.7158555729984,774.5911949685535,-0.12466060444489813,0.12466060444489813,-0.016091138905721267,49.02100643708726,52.91790865300314,3.8969022159158797,3.8969022159158797,7.949453712087895,26.212124517066584,39.23681382394688,13.024689306880298,13.024689306880298,49.68955987676614,5.345911949685535,12.755905511811024,7.409993562125489,7.409993562125489,138.61046780917093,26.232755677027686,39.2676948864518,13.034939209424113,13.034939209424113,49.68955366301434,18.54935942843618,27.766453335774386,9.217093907338207,9.217093907338207,49.689553663014344,66.79849855351979,69.49556951034671,2.69707095682692,2.69707095682692,4.037622125093116,0.2776912629791252,0.3995427842582171,0.12185152127909188,0.12185152127909188,43.880214296930106,1.5491181222005777,1.1517570176680252,-0.39736110453255247,0.39736110453255247,-25.650794399596002,1.2379608927180985,1.0997736066779482,-0.1381872860401503,0.1381872860401503,-11.162492034521604,886.7114917235966,940.958573557128,54.24708183353141,54.24708183353141,6.117782654207573,287.29067184026013,405.61007067823925,118.31939883797912,118.31939883797912,41.18455990237207,3.086461130268189,2.3198599876568844,-0.7666011426113046,0.7666011426113046,-24.837544043352104,False
s5_sit,msptdfast,MSPTDfast v2,mid_upslope,none,1.0,500.0,True,False,639,638,0.9911163611061667,0.003134796238244514,0.02544968365185197,637,2,1,0.9984326018808778,0.9968701095461658,0.9976507439310884,267.2614318018899,3.505678574186511,4.4941825954745225,0.0015156203770640632,4.49773084606111,634,774.7158555729984,774.2465737165185,-0.46928185647993814,0.46928185647993814,-0.060574706597794625,49.02100643708726,50.33791145793365,1.3169050208463915,1.3169050208463915,2.6864095957239993,26.212124517066584,28.070616456249663,1.8584919391830788,1.8584919391830788,7.09019956765818,5.345911949685535,7.244094488188976,1.8981825385034412,1.8981825385034412,35.50717924965261,26.232755677027686,28.092731128898524,1.859975451870838,1.859975451870838,7.090278561545248,18.54935942843618,19.864560683294563,1.3152012548583834,1.3152012548583834,7.090278561545251,66.79849855351979,68.36087981260366,1.562381259083864,1.562381259083864,2.3389466723298646,0.2776912629791252,0.29058374815755583,0.012892485178430613,0.012892485178430613,4.642740661019563,1.5491181222005777,1.5062077767895035,-0.04291034541107419,0.04291034541107419,-2.769985374008698,1.2379608927180985,1.203471109635688,-0.03448978308241046,0.03448978308241046,-2.7860155587535416,886.7114917235966,928.4823785844552,41.77088686085858,41.77088686085858,4.710764126859798,287.29067184026013,331.27418903115654,43.98351719089641,43.98351719089641,15.309761681142296,3.086461130268189,2.8027610038074258,-0.28370012646076326,0.28370012646076326,-9.191760870680785,True
s5_sit,msptdfast,MSPTDfast v2,mid_upslope,none,1.0,500.0,False,False,639,638,0.9911163611061667,0.003134796238244514,0.022254510590993575,637,2,1,0.9984326018808778,0.9968701095461658,0.9976507439310884,267.9999999999635,3.48264984227362,4.55876456782471,-1.273149129059107e-14,4.562364066662504,634,774.7158555729984,774.2452830188679,-0.4705725541305128,0.4705725541305128,-0.060741309313008196,49.02100643708726,50.336094590858785,1.3150881537715264,1.3150881537715264,2.6827032926369814,26.212124517066584,28.0902931086363,1.8781685915697146,1.8781685915697146,7.165266555737779,5.345911949685535,7.4015748031496065,2.0556628534640717,2.0556628534640717,38.452987494210284,26.232755677027686,28.11242629838788,1.8796706213601944,1.8796706213601944,7.16535709973559,18.54935942843618,19.878487271197105,1.3291278427609257,1.3291278427609257,7.165357099735594,66.79849855351979,68.35415555128029,1.5556569977604937,1.5556569977604937,2.3288801866019218,0.2776912629791252,0.2908160756412823,0.013124812662157093,0.013124812662157093,4.72640461257282,1.5491181222005777,1.441516339919883,-0.10760178228069472,0.10760178228069472,-6.946002421548238,1.2379608927180985,1.202437221228388,-0.03552367148971047,0.03552367148971047,-2.869530992349346,886.7114917235966,928.2524345723442,41.54094284874759,41.54094284874759,4.684831902651897,287.29067184026013,330.97786300799106,43.68719116773093,43.68719116773093,15.206616660363395,3.086461130268189,2.804575587431153,-0.28188554283703615,0.28188554283703615,-9.132969149446005,True
s6_sit,msptdfast,MSPTDfast v2,mid_upslope,none,1.0,100.0,True,False,642,643,0.9819560564644773,0.0,0.024710543402471526,642,0,1,0.9984447900466563,1.0,0.9992217898832686,255.53519065637974,5.489471039510473,7.180552179467543,0.0027886024861068824,7.186159254330854,641,775.2523364485982,775.3257215198028,0.07338507120459781,0.07338507120459781,0.009465959372760109,51.22403640488481,54.4810083564969,3.256971951612094,3.256971951612094,6.358288374364625,35.84713601790884,39.075121370142675,3.227985352233837,3.227985352233837,9.004862621720104,15.912636505460217,18.125,2.212363494539783,2.212363494539783,13.903186274509816,35.874867571113896,39.105546573083636,3.2306790019697402,3.2306790019697402,9.005410251523974,25.367362133704006,27.651797163833795,2.2844350301297887,2.2844350301297887,9.005410251523964,67.85499797063919,71.91480137420643,4.059803403567244,4.059803403567244,5.983057291260871,0.3738466272547889,0.3845077318638277,0.010661104609038796,0.010661104609038796,2.8517321895679157,1.3101181359021097,1.374603481302107,0.0644853453999974,0.0644853453999974,4.922101574877798,1.1426386974928542,1.1105957390299164,-0.03204295846293781,0.03204295846293781,-2.804294877571149,1408.848534609433,1541.1280332987599,132.27949868932683,132.27949868932683,9.389192339685962,565.6118790702247,745.5065692118405,179.8946901416158,179.8946901416158,31.80532389760516,2.4908397202077053,2.0672226066740915,-0.42361711353361375,0.42361711353361375,-17.00700009305654,False
s6_sit,msptdfast,MSPTDfast v2,mid_upslope,none,1.0,100.0,False,False,642,643,0.9819560564644773,0.0,0.02209169064805207,642,0,1,0.9984447900466563,1.0,0.9992217898832686,255.9999999999818,6.383775351016291,8.359325040494056,0.012480499219984406,8.365843890115656,641,775.2523364485982,775.3354134165367,0.08307696793849573,0.08307696793849573,0.010716119646806637,51.22403640488481,54.683076765626545,3.4590403607417386,3.4590403607417386,6.752768043113211,35.84713601790884,39.739385375216784,3.8922493573079464,3.8922493573079464,10.857908858781412,15.912636505460217,21.40625,5.493613494539783,5.493613494539783,34.523590686274524,35.874867571113896,39.77031756515367,3.8954499940397724,3.8954499940397724,10.858437278738144,25.367362133704006,28.121861240262625,2.754499106558619,2.754499106558619,10.858437278738142,67.85499797063919,72.03914692369855,4.184148953059363,4.184148953059363,6.166309156578034,0.3738466272547889,0.39036915956331847,0.01652253230852957,0.01652253230852957,4.419601811003878,1.3101181359021097,1.1921023872268075,-0.11801574867530218,0.11801574867530218,-9.00802343248534,1.1426386974928542,1.1072401974897785,-0.03539850000307565,0.03539850000307565,-3.097960893565573,1408.848534609433,1540.2250277870874,131.3764931776543,131.3764931776543,9.325097052684592,565.6118790702247,746.6128631145948,181.00098404437006,181.00098404437006,32.00091630711623,2.4908397202077053,2.0629500292317946,-0.4278896909759107,0.4278896909759107,-17.178531701759997,False
s6_sit,msptdfast,MSPTDfast v2,mid_upslope,none,1.0,50.0,True,False,642,643,0.9819560564644773,0.0,0.0318325584563207,642,0,1,0.9984447900466563,1.0,0.9992217898832686,255.43272369860946,5.477505055344542,7.168333437663638,0.002341932710468691,7.173931129407738,641,775.2523364485982,775.3252748500271,0.07293840142892805,0.07293840142892805,0.009408343322518204,51.22403640488481,54.47723772293891,3.253201318054103,3.253201318054103,6.350927311428882,35.84713601790884,39.09485488586097,3.2477188679521305,3.2477188679521305,9.059911693725283,15.912636505460217,18.28125,2.368613494539783,2.368613494539783,14.88511029411766,35.874867571113896,39.12529349426743,3.2504259231535357,3.2504259231535357,9.060454137455125,25.367362133704006,27.665760345710414,2.2983982120064077,2.2983982120064077,9.060454137455118,67.85499797063919,71.90371731932163,4.0487193486824395,4.0487193486824395,5.966722378260652,0.3738466272547889,0.3847611970163913,0.010914569761602377,0.010914569761602377,2.919531424357009,1.3101181359021097,1.3672336460387684,0.05711551013665872,0.05711551013665872,4.359569459538137,1.1426386974928542,1.1104648482301678,-0.032173849262686405,0.032173849262686405,-2.8157500120800534,1408.848534609433,1540.7168798310586,131.86834522162553,131.86834522162553,9.360008686681327,565.6118790702247,744.542770357261,178.93089128703627,178.93089128703627,31.63492456720852,2.4908397202077053,2.069346370916693,-0.42149334929101245,0.42149334929101245,-16.921737110241082,False
s6_sit,msptdfast,MSPTDfast v2,mid_upslope,none,1.0,50.0,False,False,642,643,0.9819560564644773,0.0,0.03776245881875069,642,0,1,0.9984447900466563,1.0,0.9992217898832686,255.99999999999602,8.970358814354118,11.21982866991392,-0.0031201248049767694,11.228590305537782,641,775.2523364485982,775.3198127925117,0.0674763439135404,0.0674763439135404,0.0087037911066024,51.22403640488481,55.48028138415383,4.25624497926902,4.25624497926902,8.309077686941393,35.84713601790884,41.78067735209602,5.933541334187183,5.933541334187183,16.552344185105472,15.912636505460217,21.5625,5.649863494539783,5.649863494539783,35.50551470588236,35.874867571113896,41.81325154415505,5.938383973041155,5.938383973041155,16.553047788314863,25.367362133704006,29.56643371033092,4.199071576626913,4.199071576626913,16.553047788314867,67.85499797063919,72.67702004473202,4.822022074092828,4.822022074092828,7.106362417370219,0.3738466272547889,0.4068195654160429,0.03297293816125402,0.03297293816125402,8.81991056155279,1.3101181359021097,1.7434524923470205,0.4333343564449108,0.4333343564449108,33.07597571317714,1.1426386974928542,1.0891390562631564,-0.05349964122969775,0.05349964122969775,-4.682113545347725,1408.848534609433,1565.1801229508078,156.33158834137475,156.33158834137475,11.096408485438333,565.6118790702247,778.5758814499349,212.9640023797101,212.9640023797101,37.65196776450112,2.4908397202077053,2.010311596136252,-0.4805281240714532,0.4805281240714532,-19.291812322287164,False
s6_sit,msptdfast,MSPTDfast v2,mid_upslope,none,1.0,30.0,True,False,642,643,0.9819560564644773,0.0,0.046609393912600744,642,0,1,0.9984447900466563,1.0,0.9992217898832686,255.3615590874597,5.467942812676837,7.170163467048544,0.0022028195617923058,7.175762632165098,641,775.2523364485982,775.3251357368785,0.0727992882802937,0.0727992882802937,0.009390399081386133,51.22403640488481,54.46503235297198,3.240995948087175,3.240995948087175,6.327099884260797,35.84713601790884,39.04861666224675,3.201480644337913,3.201480644337913,8.930924475356939,15.912636505460217,17.96875,2.056113494539783,2.056113494539783,12.921262254901974,35.874867571113896,39.07902028967724,3.2041527185633427,3.2041527185633427,8.931469118908458,25.367362133704006,27.633040248957457,2.2656781152534506,2.2656781152534506,8.931469118908456,67.85499797063919,71.89780653830871,4.042808567669525,4.042808567669525,5.958011478268476,0.3738466272547889,0.3843377368436681,0.010491109588879222,0.010491109588879222,2.80626032817709,1.3101181359021097,1.3695906760485241,0.059472540146414454,0.059472540146414454,4.539479190207788,1.1426386974928542,1.1111431127241551,-0.03149558476869907,0.03149558476869907,-2.7563905229015786,1408.848534609433,1540.8982838863194,132.04974927688636,132.04974927688636,9.372884737640995,565.6118790702247,744.914484743325,179.3026056731003,179.3026056731003,31.700643552226136,2.4908397202077053,2.068557284689217,-0.42228243551848843,0.42228243551848843,-16.953416636670436,False
s6_sit,msptdfast,MSPTDfast v2,mid_upslope,none,1.0,30.0,False,False,642,643,0.9819560564644773,0.0,0.04379612588283832,642,0,1,0.9984447900466563,1.0,0.9992217898832686,256.00000000000057,12.872594903795514,15.800739640965958,-0.023920956838238118,15.813061029287244,641,775.2523364485982,775.2990119604783,0.04667551188015295,0.04667551188015295,0.006020686386315418,51.22403640488481,56.288735434982584,5.064699030097778,5.064699030097778,9.887348568288148,35.84713601790884,45.90902840279695,10.061892384888111,10.061892384888111,28.06888779025833,15.912636505460217,25.624999999999996,9.71236349453978,9.71236349453978,61.03553921568626,35.874867571113896,45.94481864838364,10.069951077269742,10.069951077269742,28.06965365741997,25.367362133704006,32.48789282665822,7.120530692954212,7.120530692954212,28.06965365741996,67.85499797063919,72.67310570921335,4.818107738574156,4.818107738574156,7.100593740580389,0.3738466272547889,0.4470414812964223,0.0731948540416334,0.0731948540416334,19.578845629587203,1.3101181359021097,1.3900961652175052,0.07997802931539555,0.07997802931539555,6.104642560369182,1.1426386974928542,1.0570934830365082,-0.085545214456346,0.085545214456346,-7.486637258483097,1408.848534609433,1543.0426950493072,134.19416043987417,134.19416043987417,9.525094936985264,565.6118790702247,791.4131225114825,225.80124344125772,225.80124344125772,39.92158789388207,2.4908397202077053,1.9497309953019126,-0.5411087249057926,0.5411087249057926,-21.723947972881646,False
s6_sit,msptdfast,MSPTDfast v2,mid_upslope,none,1.0,25.0,True,False,642,643,0.9819560564644773,0.0,0.03494427299203563,642,0,1,0.9984447900466563,1.0,0.9992217898832686,255.55563289393578,5.6503130940973625,7.442877647285844,-0.0035898155245425935,7.44868925944655,641,775.2523364485982,775.3193431017921,0.06700665319397103,0.06700665319397103,0.008643205578834627,51.22403640488481,54.50811096916762,3.284074564282811,3.284074564282811,6.4111983255767715,35.84713601790884,39.1966357559122,3.3494997380033595,3.3494997380033595,9.343841963636889,15.912636505460217,18.90625,2.993613494539783,2.993613494539783,18.812806372549034,35.874867571113896,39.22716457999686,3.352297008882964,3.352297008882964,9.344416400249521,25.367362133704006,27.73779408123653,2.3704319475325235,2.3704319475325235,9.34441640024952,67.85499797063919,71.92275788900966,4.06775991837047,4.06775991837047,5.994783052135064,0.3738466272547889,0.3856608797460348,0.011814252491245902,0.011814252491245902,3.1601869937946763,1.3101181359021097,1.40454304270829,0.09442490680618021,0.09442490680618021,7.207358193019894,1.1426386974928542,1.1070146582072298,-0.03562403928562441,0.03562403928562441,-3.117699353591794,1408.848534609433,1540.2522322163222,131.40369760688918,131.40369760688918,9.327028021739574,565.6118790702247,745.0392252776105,179.42734620738577,179.42734620738577,31.72269763894202,2.4908397202077053,2.067343812189762,-0.42349590801794346,0.42349590801794346,-17.002134042676545,False
s6_sit,msptdfast,MSPTDfast v2,mid_upslope,none,1.0,25.0,False,False,642,643,0.9819560564644773,0.0,0.03171623874797578,642,0,1,0.9984447900466563,1.0,0.9992217898832686,256.00000000003354,14.15600624025066,17.577641449842073,0.02808112324494505,17.591346174140778,641,775.2523364485982,775.3510140405616,0.09867759196345105,0.09867759196345105,0.012728448187010875,51.22403640488481,56.73603933238916,5.512002927504355,5.512002927504355,10.760579045228699,35.84713601790884,48.52834223420468,12.681206216295841,12.681206216295841,35.37578625517098,15.912636505460217,18.75,2.837363494539783,2.837363494539783,17.830882352941188,35.874867571113896,48.56613837394543,12.691270802831532,12.691270802831532,35.37649519590261,25.367362133704006,34.34144578026102,8.974083646557013,8.974083646557013,35.3764951959026,67.85499797063919,72.5163527762822,4.661354805643015,4.661354805643015,6.869582116353433,0.3738466272547889,0.4735682982596584,0.0997216710048695,0.0997216710048695,26.6744872722647,1.3101181359021097,1.2642157363424862,-0.0459023995596235,0.0459023995596235,-3.503684003886903,1.1426386974928542,1.083232296858019,-0.059406400634835155,0.059406400634835155,-5.199053801099422,1408.848534609433,1538.029054806737,129.18052019730385,129.18052019730385,9.169226998068734,565.6118790702247,774.1842312278449,208.57235215762012,208.57235215762012,36.87552540453705,2.4908397202077053,1.986644771061076,-0.5041949491466293,0.5041949491466293,-20.241966797630226,False
s6_sit,msptdfast,MSPTDfast v2,mid_upslope,none,1.0,500.0,True,False,642,643,0.9819560564644773,0.0,0.024787689077050253,642,0,1,0.9984447900466563,1.0,0.9992217898832686,255.1101349244701,5.47132545027305,7.140112017326141,0.002464653650952488,7.1456876268391625,641,775.2523364485982,775.3253975709677,0.07306112236949502,0.07306112236949502,0.00942417312847908,51.22403640488481,54.466527185589776,3.242490780704969,3.242490780704969,6.33001810922452,35.84713601790884,39.0872969940179,3.2401609761090597,3.2401609761090597,9.03882802377939,15.912636505460217,18.28125,2.368613494539783,2.368613494539783,14.88511029411766,35.874867571113896,39.11773142620529,3.242863855091393,3.242863855091393,9.039375124279251,25.367362133704006,27.66041315610388,2.2930510223998724,2.2930510223998724,9.039375124279244,67.85499797063919,71.8895452159131,4.034547245273913,4.034547245273913,5.945836513059302,0.3738466272547889,0.38476266713092394,0.010916039876135042,0.010916039876135042,2.9199246643718944,1.3101181359021097,1.3637674380622824,0.05364930216017272,0.05364930216017272,4.094997289937624,1.1426386974928542,1.1106548187257412,-0.03198387876711295,0.03198387876711295,-2.799124415906015,1408.848534609433,1540.5721434705745,131.72360886114143,131.72360886114143,9.34973530690142,565.6118790702247,743.9712252270024,178.35934615677763,178.35934615677763,31.53387557028891,2.4908397202077053,2.0707415706844188,-0.4200981495232865,0.4200981495232865,-16.86572388079051,True
s6_sit,msptdfast,MSPTDfast v2,mid_upslope,none,1.0,500.0,False,False,642,643,0.9819560564644773,0.0,0.022080303965688074,642,0,1,0.9984447900466563,1.0,0.9992217898832686,255.99999999996302,5.494539781594168,7.226662368339508,0.00312012480506669,7.232305320547867,641,775.2523364485982,775.3260530421217,0.0737165935234998,0.0737165935234998,0.009508722522681163,51.22403640488481,54.49651443719508,3.272478032310275,3.272478032310275,6.38855947712509,35.84713601790884,39.140771581560294,3.2936355636514563,3.2936355636514563,9.18800197038333,15.912636505460217,18.59375,2.681113494539783,2.681113494539783,16.848958333333346,35.874867571113896,39.17125834637001,3.296390775256114,3.296390775256114,9.188579633699712,25.367362133704006,27.698262404328386,2.3309002706243795,2.3309002706243795,9.188579633699714,67.85499797063919,71.92041734714692,4.065419376507734,4.065419376507734,5.99133372351855,0.3738466272547889,0.38512377188571995,0.011277144630931046,0.011277144630931046,3.0165163488944082,1.3101181359021097,1.3688200733177192,0.05870193741560947,0.05870193741560947,4.480659858600386,1.1426386974928542,1.109438196567236,-0.033200500925618215,0.033200500925618215,-2.90559920633406,1408.848534609433,1539.483286486429,130.634751876996,130.634751876996,9.272448291484444,565.6118790702247,745.916480410695,180.3046013404703,180.3046013404703,31.87779606695357,2.4908397202077053,2.0638815831482944,-0.4269581370594109,0.4269581370594109,-17.14113251027681,True
s7_sit,msptdfast,MSPTDfast v2,mid_upslope,none,1.0,100.0,True,False,543,544,0.9881188588412922,0.0,0.023258495846662397,543,0,1,0.9981617647058824,1.0,0.9990800367985281,257.5972485304309,4.638482770450324,6.029418282906084,-0.001252404867949739,6.03498805531769,542,929.9779005524862,929.8695963036192,-0.10830424886694345,0.10830424886694345,-0.011645894897352023,51.70095202801028,52.32145472487973,0.6205026968694511,0.6205026968694511,1.2001765393667767,50.56879425129114,51.44540640257966,0.8766121512885192,0.8766121512885192,1.7335041585772777,33.025830258302584,34.195933456561924,1.1701031982593406,1.1701031982593406,3.5429940416567742,50.615449655065476,51.492981546970796,0.8775318919053205,0.8775318919053205,1.7337233945080623,35.7905276839031,36.41103643537681,0.6205087514737073,0.6205087514737073,1.7337233945080475,63.757470223598155,64.41510439917754,0.657634175579382,0.657634175579382,1.0314621538041764,0.561354262620291,0.5652561891344495,0.003901926514158549,0.003901926514158549,0.6950916335693481,1.8267763094653138,1.881768374600193,0.0549920651348792,0.0549920651348792,3.010333824121851,0.8630132618839237,0.864508905145508,0.0014956432615843562,0.0014956432615843562,0.1733047830944598,657.0905559531319,677.4671846831363,20.376628730004427,20.376628730004427,3.101038136280538,815.9542415345144,828.3259284320401,12.371686897525706,12.371686897525706,1.516223124750114,0.8053031928817266,0.8178751400013903,0.012571947119663696,0.012571947119663696,1.5611445764514824,False
s7_sit,msptdfast,MSPTDfast v2,mid_upslope,none,1.0,100.0,False,False,543,544,0.9881188588412922,0.0,0.0218699200812546,543,0,1,0.9981617647058824,1.0,0.9990800367985281,257.9999999999817,5.579335793359486,7.19470900303732,-5.18093153454597e-14,7.201355386905487,542,929.9779005524862,929.8708487084871,-0.10705184399910195,0.10705184399910195,-0.011511224507109688,51.70095202801028,52.49224851515405,0.7912964871437751,0.7912964871437751,1.5305259499188149,50.56879425129114,51.888548271988334,1.3197540206971965,1.3197540206971965,2.609819040056507,33.025830258302584,36.59889094269871,3.5730606843961255,3.5730606843961255,10.818988217556983,50.615449655065476,51.93651827549859,1.3210686204331168,1.3210686204331168,2.6100106379296135,35.7905276839031,36.72466426382411,0.9341365799210095,0.9341365799210095,2.6100106379296,63.757470223598155,64.51489241301411,0.757422189415955,0.757422189415955,1.187974031528646,0.561354262620291,0.569243207114392,0.007888944494101047,0.007888944494101047,1.4053415141584584,1.8267763094653138,1.5722000805565581,-0.25457622890875564,0.25457622890875564,-13.935818391649086,0.8630132618839237,0.8621404551939694,-0.0008728066899542641,0.0008728066899542641,-0.10113479462053246,657.0905559531319,678.8493505474603,21.75879459432838,21.75879459432838,3.3113844655348177,815.9542415345144,829.6997524576774,13.74551092316301,13.74551092316301,1.6845933538273767,0.8053031928817266,0.8181867579646989,0.012883565082972281,0.012883565082972281,1.5998403082035795,False
s7_sit,msptdfast,MSPTDfast v2,mid_upslope,none,1.0,50.0,True,False,545,544,0.9881188588412922,0.001838235294117647,0.031506675730730675,543,2,1,0.9981617647058824,0.9963302752293578,0.9972451790633609,257.82686431778734,4.678033427553943,6.277664402766999,-0.020248295877068518,6.283441681192656,541,929.9779005524862,929.0676152318534,-0.9102853206327381,0.9102853206327381,-0.09788246796960992,51.70095202801028,53.75032409214393,2.0493720641336495,2.0493720641336495,3.9638961832334365,50.56879425129114,54.023986401949536,3.455192150658398,3.455192150658398,6.832656783328741,33.025830258302584,35.05535055350554,2.029520295202957,2.029520295202957,6.145251396648059,50.615449655065476,54.07328334236612,3.457833687300642,3.457833687300642,6.831577533865869,35.7905276839031,38.23558533240867,2.4450576485055677,2.4450576485055677,6.831577533865866,63.757470223598155,65.69805700558511,1.9405867819869584,1.9405867819869584,3.043701036413928,0.561354262620291,0.5819895910948811,0.020635328474590153,0.020635328474590153,3.675990341334278,1.8267763094653138,1.8229578400839164,-0.0038184693813974047,0.0038184693813974047,-0.20902774803966268,0.8630132618839237,0.8543944565496432,-0.0086188053342805,0.0086188053342805,-0.9986874727122952,657.0905559531319,678.8225939893741,21.732038036242216,21.732038036242216,3.3073124913078633,815.9542415345144,826.2746886587627,10.32044712424829,10.32044712424829,1.2648316043849797,0.8053031928817266,0.8215459136128958,0.01624272073116917,0.01624272073116917,2.016969617746779,False
s7_sit,msptdfast,MSPTDfast v2,mid_upslope,none,1.0,50.0,False,False,545,544,0.9881188588412922,0.001838235294117647,0.03682451799611493,543,2,1,0.9981617647058824,0.9963302752293578,0.9972451790633609,257.9999999999908,8.192236598891565,10.168270026998806,-0.036968576709831134,10.177613471666302,541,929.9779005524862,929.0607734806629,-0.9171270718233018,0.9171270718233018,-0.09861815762271879,51.70095202801028,54.10494439750133,2.40399236949105,2.40399236949105,4.649802905348101,50.56879425129114,55.281900843635675,4.713106592344538,4.713106592344538,9.320187799858806,33.025830258302584,34.50184501845018,1.4760147601475992,1.4760147601475992,4.469273743016753,50.615449655065476,55.33236556983023,4.716915914764755,4.716915914764755,9.31912281113697,35.7905276839031,39.12589091352,3.3353632296169025,3.3353632296169025,9.31912281113696,63.757470223598155,65.75602388174602,1.9985536581478627,1.9985536581478627,3.134618815864106,0.561354262620291,0.595016070069611,0.033661807449320014,0.033661807449320014,5.99653546624788,1.8267763094653138,1.9296138183623275,0.10283750889701371,0.10283750889701371,5.629452733986549,0.8630132618839237,0.8511940627066056,-0.011819199177318107,0.011819199177318107,-1.3695269469576012,657.0905559531319,682.4391796067121,25.348623653580148,25.348623653580148,3.8577062817180683,815.9542415345144,833.1498540582213,17.195612523706927,17.195612523706927,2.1074236333851526,0.8053031928817266,0.8191073625982086,0.013804169716482018,0.013804169716482018,1.714158075927238,False
s7_sit,msptdfast,MSPTDfast v2,mid_upslope,none,1.0,30.0,True,False,543,544,0.9881188588412922,0.0,0.044309897788986786,543,0,1,0.9981617647058824,1.0,0.9990800367985281,258.008694355477,4.699595130705933,6.26586449056825,-0.01560746175377162,6.271633363200785,542,929.9779005524862,929.8552412467333,-0.1226593057529044,0.1226593057529044,-0.013189486081339602,51.70095202801028,52.323270680684715,0.6223186526744371,0.6223186526744371,1.2036889617376494,50.56879425129114,51.465975128563784,0.8971808772726462,0.8971808772726462,1.7741788993708092,33.025830258302584,33.826247689463955,0.800417431161371,0.800417431161371,2.423610322287503,50.615449655065476,51.51354382056006,0.8980941654945838,0.8980941654945838,1.7743478949904075,35.7905276839031,36.425576158468395,0.6350484745652949,0.6350484745652949,1.7743478949904108,63.757470223598155,64.40983396168647,0.6523637380883187,0.6523637380883187,1.0231957695317455,0.561354262620291,0.5655281797518027,0.004173917131511717,0.004173917131511717,0.7435442125314405,1.8267763094653138,1.9033169601262823,0.07654065066096849,0.07654065066096849,4.189930111551067,0.8630132618839237,0.8663752599535652,0.0033619980696415475,0.0033619980696415475,0.38956505283620313,657.0905559531319,678.1093309105652,21.018774957433266,21.018774957433266,3.198763818321027,815.9542415345144,825.3774088768847,9.423167342370334,9.423167342370334,1.154864680236084,0.8053031928817266,0.8215748621388711,0.016271669257144517,0.016271669257144517,2.020564354018935,False
s7_sit,msptdfast,MSPTDfast v2,mid_upslope,none,1.0,30.0,False,False,543,544,0.9881188588412922,0.0,0.04388203441876878,543,0,1,0.9981617647058824,1.0,0.9990800367985281,257.99999999999534,11.809348093481683,14.61943081236735,0.01845018450178356,14.632924409992755,542,929.9779005524862,929.8892988929889,-0.08860165949727161,0.08860165949727161,-0.009527286556447703,51.70095202801028,53.472823250042765,1.7718712220324875,1.7718712220324875,3.4271539546748233,50.56879425129114,55.596616577832556,5.027822326541418,5.027822326541418,9.942539467238822,33.025830258302584,36.59889094269871,3.5730606843961255,3.5730606843961255,10.818988217556983,50.615449655065476,55.64803694272251,5.032587287657037,5.032587287657037,9.942788855879279,35.7905276839031,39.349104281918606,3.558576598015506,3.558576598015506,9.94278885587928,63.757470223598155,64.57812048109888,0.8206502575007235,0.8206502575007235,1.2871436940999916,0.561354262620291,0.6093256351961427,0.04797137257585171,0.04797137257585171,8.545650362024652,1.8267763094653138,1.5641675580207466,-0.2626087514445672,0.2626087514445672,-14.375528633904343,0.8630132618839237,0.8388949855204467,-0.024118276363476965,0.024118276363476965,-2.794658834190766,657.0905559531319,673.5962585617689,16.505702608636966,16.505702608636966,2.5119372754787035,815.9542415345144,826.6177070759503,10.663465541435926,10.663465541435926,1.3068705325168493,0.8053031928817266,0.8148824454106187,0.009579252528892135,0.009579252528892135,1.1895212403931226,False
s7_sit,msptdfast,MSPTDfast v2,mid_upslope,none,1.0,25.0,True,False,544,544,0.9881188588412922,0.0,0.03152363185004946,543,1,1,0.9981617647058824,0.9981617647058824,0.9981617647058824,258.5725142977211,4.646645687483519,6.011746083076051,-0.020176573699624032,6.017265770718429,542,929.9779005524862,929.557068150983,-0.42083240150316215,0.42083240150316215,-0.045251871173836694,51.70095202801028,52.65039533197362,0.9494433039633421,0.9494433039633421,1.8364135798678476,50.56879425129114,51.8163879166225,1.2475936653313653,1.2475936653313653,2.467121638557778,33.025830258302584,35.42435424354243,2.398523985239848,2.398523985239848,7.262569832402221,50.615449655065476,51.86363956383375,1.2481899087682748,1.2481899087682748,2.4660255263451147,35.7905276839031,36.67313123260176,0.8826035486986612,0.8826035486986612,2.4660255263451027,63.757470223598155,64.80130942212965,1.0438391985314937,1.0438391985314937,1.637202973817402,0.561354262620291,0.5659319473578089,0.004577684737517962,0.004577684737517962,0.8154716268030516,1.8267763094653138,1.8791296678513025,0.05235335838598876,0.05235335838598876,2.8658877452440943,0.8630132618839237,0.8526474788998356,-0.010365782984088079,0.010365782984088079,-1.2011151441010288,657.0905559531319,677.7134903658701,20.622934412738232,20.622934412738232,3.1385224191548415,815.9542415345144,828.9492922511732,12.995050716658852,12.995050716658852,1.5926200337190317,0.8053031928817266,0.8175572338392463,0.012254040957519696,0.012254040957519696,1.5216679960834856,False
s7_sit,msptdfast,MSPTDfast v2,mid_upslope,none,1.0,25.0,False,False,544,544,0.9881188588412922,0.0,0.03153406638614306,543,1,1,0.9981617647058824,0.9981617647058824,0.9981617647058824,260.00000000000034,13.856088560886231,17.298977210983647,0.01845018450179405,17.3149479457082,542,929.9779005524862,929.5764272559853,-0.4014732965008534,0.4014732965008534,-0.043170197513547795,51.70095202801028,55.64453899578329,3.9435869677730153,3.9435869677730153,7.627687330857039,50.56879425129114,60.15968909395985,9.59089484266871,9.59089484266871,18.9660342601976,33.025830258302584,30.44280442804428,-2.583025830258304,2.583025830258304,-7.821229050279334,50.615449655065476,60.21453892402594,9.599089268960462,9.599089268960462,18.964741663615364,35.7905276839031,42.57810879920006,6.787581115296959,6.787581115296959,18.964741663615357,63.757470223598155,66.17955946657531,2.422089242977158,2.422089242977158,3.7989105190072068,0.561354262620291,0.6433725026638261,0.08201824004353508,0.08201824004353508,14.610780661162188,1.8267763094653138,1.4536532453151871,-0.37312306415012664,0.37312306415012664,-20.42521912599893,0.8630132618839237,0.7870783192259103,-0.07593494265801337,0.07593494265801337,-8.798815268753856,657.0905559531319,683.4393112103918,26.34875525725988,26.34875525725988,4.009912335300593,815.9542415345144,928.4543354560299,112.50009392151549,112.50009392151549,13.787549374085435,0.8053031928817266,0.7361043888870488,-0.06919880399467782,0.06919880399467782,-8.592888319125406,False
s7_sit,msptdfast,MSPTDfast v2,mid_upslope,none,1.0,500.0,True,False,546,544,0.9881188588412922,0.0,0.022130949462944766,543,3,1,0.9981617647058824,0.9945054945054945,0.9963302752293578,257.52264756383204,4.651961972610319,6.094134211843265,-0.0493570308551157,6.099595213133393,539,929.9779005524862,924.7537294453157,-5.224171107170491,5.224171107170491,-0.5617521775589386,51.70095202801028,72.40769762897318,20.706745600962904,20.706745600962904,40.05099478583007,50.56879425129114,73.63512118100492,23.06632692971378,23.06632692971378,45.61375700415251,33.025830258302584,35.47794117647059,2.452110918168003,2.452110918168003,7.42482747288859,50.615449655065476,73.70287898644062,23.087429331375148,23.087429331375148,45.61340359260171,35.7905276839031,52.115805524283665,16.325277840380565,16.325277840380565,45.613403592601706,63.757470223598155,88.1458573411857,24.38838711758755,24.38838711758755,38.251811171392475,0.561354262620291,0.5912450918998869,0.029890829279595965,0.029890829279595965,5.324771052787854,1.8267763094653138,1.5894074110753327,-0.2373688983899811,0.2373688983899811,-12.993867785566888,0.8630132618839237,0.8506467246525553,-0.01236653723136838,0.01236653723136838,-1.4329486900783794,657.0905559531319,649.6252981691904,-7.465257783941524,7.465257783941524,-1.136107910288395,815.9542415345144,1078.211923772706,262.2576822381917,262.2576822381917,32.14122421190923,0.8053031928817266,0.6025024244734057,-0.20280076840832084,0.20280076840832084,-25.183157126524126,True
s7_sit,msptdfast,MSPTDfast v2,mid_upslope,none,1.0,500.0,False,False,546,544,0.9881188588412922,0.0,0.021796676758581945,543,3,1,0.9981617647058824,0.9945054945054945,0.9963302752293578,257.99999999998624,4.708719851577646,6.2067053333156,-0.04823747680876554,6.212283345103108,539,929.9779005524862,924.7559633027523,-5.221937249733855,5.221937249733855,-0.5615119721266042,51.70095202801028,72.4006487509436,20.699696722933325,20.699696722933325,40.037360843411065,50.56879425129114,73.57264317346099,23.00384892216985,23.00384892216985,45.49020648555904,33.025830258302584,35.845588235294116,2.819757976991532,2.819757976991532,8.538038120276035,50.615449655065476,73.64034292167821,23.024893266612736,23.024893266612736,45.48985225563131,35.7905276839031,52.07158584882144,16.281058164918342,16.281058164918342,45.48985225563131,63.757470223598155,88.16040963098936,24.40293940739121,24.40293940739121,38.27463561808496,0.561354262620291,0.5906459154032526,0.02929165278296164,0.02929165278296164,5.218033376327096,1.8267763094653138,1.5856153465647524,-0.24116096290056133,0.24116096290056133,-13.201450098241512,0.8630132618839237,0.8504575001700089,-0.012555761713914815,0.012555761713914815,-1.4548747126441701,657.0905559531319,649.2731949547974,-7.817360998334493,7.817360998334493,-1.1896930989968573,815.9542415345144,1079.3392600151833,263.3850184806689,263.3850184806689,32.27938591082474,0.8053031928817266,0.6015469083795432,-0.20375628450218342,0.20375628450218342,-25.301810088825608,True
s8_sit,msptdfast,MSPTDfast v2,mid_upslope,none,1.0,100.0,True,False,697,698,0.9805123176859909,0.0,0.0273650324791736,697,0,1,0.998567335243553,1.0,0.9992831541218639,237.37716352499348,3.3000415969478563,4.7545417741171345,0.019526860925918165,4.757920950915248,696,700.8493543758967,700.8040096195466,-0.04534475635011859,0.04534475635011859,-0.006469971908656161,51.82554154129068,51.855057299956776,0.02951575866609346,0.02951575866609346,0.056952147123397696,23.21872510286055,23.12928966082654,-0.08943544203400933,0.08943544203400933,-0.385186704428448,3.5919540229885056,3.4532374100719423,-0.13871661291656334,0.13871661291656334,-3.8618705035971237,23.235293495142578,23.145822686212608,-0.0894708089299705,0.0894708089299705,-0.38506425128081423,16.429833593274996,16.366568177562367,-0.06326541571262823,0.06326541571262823,-0.38506425128081523,71.42712426097935,71.48446951088609,0.05734524990673151,0.05734524990673151,0.08028497647084921,0.23002233063792288,0.2289527821853664,-0.001069548452556468,0.001069548452556468,-0.46497592194213505,1.0827239482177928,1.180095447058858,0.09737149884106522,0.09737149884106522,8.993197111908591,1.3180806021470912,1.3219981827982619,0.003917580651170649,0.003917580651170649,0.2972185953415212,492.87552988095445,480.0420218595205,-12.833508021433943,12.833508021433943,-2.6038030381694246,142.84777245208284,143.64000719742378,0.7922347453409486,0.7922347453409486,0.5546006995710749,3.4503550277361565,3.341979934599517,-0.1083750931366394,0.1083750931366394,-3.140983819504115,False
s8_sit,msptdfast,MSPTDfast v2,mid_upslope,none,1.0,100.0,False,False,697,698,0.9805123176859909,0.0,0.02205764186775563,697,0,1,0.998567335243553,1.0,0.9992831541218639,237.99999999997254,4.594827586206852,6.103042391854156,0.020114942528722236,6.107398319363229,696,700.8493543758967,700.8045977011494,-0.044756674747304714,0.044756674747304714,-0.006386062064244939,51.82554154129068,52.02862279881635,0.20308125752566752,0.20308125752566752,0.39185554359112235,23.21872510286055,24.527183568704643,1.3084584658440939,1.3084584658440939,5.635358789285514,3.5919540229885056,5.467625899280575,1.8756718762920697,1.8756718762920697,52.21870503597122,23.235293495142578,24.54474250323238,1.3094490080898034,1.3094490080898034,5.635603476941439,16.429833593274996,17.355753866513293,0.9259202732382974,0.9259202732382974,5.635603476941434,71.42712426097935,71.50337746154396,0.07625320056460794,0.07625320056460794,0.10675664371702147,0.23002233063792288,0.24272635059578251,0.012704019957859636,0.012704019957859636,5.5229507164054334,1.0827239482177928,0.9128551126101327,-0.16986883560766008,0.16986883560766008,-15.689025433239104,1.3180806021470912,1.3021317001631947,-0.015948901983896535,0.015948901983896535,-1.2100096123041735,492.87552988095445,479.88463364477155,-12.990896236182891,12.990896236182891,-2.6357356875316205,142.84777245208284,143.5431469275486,0.6953744754657691,0.6953744754657691,0.48679406302889816,3.4503550277361565,3.3431385887546874,-0.10721643898146915,0.10721643898146915,-3.1074030967710558,False
s8_sit,msptdfast,MSPTDfast v2,mid_upslope,none,1.0,50.0,True,False,697,698,0.9805123176859909,0.0,0.03734822894998964,697,0,1,0.998567335243553,1.0,0.9992831541218639,237.4400622713435,3.3127202070642143,4.758310314405117,0.02113406182035643,4.7616853612262915,696,700.8493543758967,700.805616820441,-0.04373755545577751,0.04373755545577751,-0.006240650031664167,51.82554154129068,51.85489709969185,0.029355558401164217,0.029355558401164217,0.05664303262084762,23.21872510286055,23.131706562100163,-0.08701854076038629,0.08701854076038629,-0.374777428023667,3.5919540229885056,3.3093525179856114,-0.28260150500289427,0.28260150500289427,-7.8676258992805765,23.235293495142578,23.148239181019115,-0.08705431412346343,0.08705431412346343,-0.37466414677164483,16.429833593274996,16.36827689742675,-0.06155669584824608,0.06155669584824608,-0.3746641467716524,71.42712426097935,71.4838458523912,0.05672159141184352,0.05672159141184352,0.07941183688789573,0.23002233063792288,0.22897868325699794,-0.0010436473809249391,0.0010436473809249391,-0.4537156797040457,1.0827239482177928,1.175625530044371,0.09290158182657815,0.09290158182657815,8.580357161167248,1.3180806021470912,1.3223904979104353,0.004309895763344063,0.004309895763344063,0.32698271686294794,492.87552988095445,480.0056937210425,-12.869836159911927,12.869836159911927,-2.6111736898401943,142.84777245208284,143.52331908724432,0.6755466351614814,0.6755466351614814,0.47291366436119137,3.4503550277361565,3.344443932691236,-0.10591109504492069,0.10591109504492069,-3.069570933818105,False
s8_sit,msptdfast,MSPTDfast v2,mid_upslope,none,1.0,50.0,False,False,697,698,0.9805123176859909,0.0,0.0343479470515632,697,0,1,0.998567335243553,1.0,0.9992831541218639,238.0000000000055,7.410919540231237,9.185508326619628,0.02011494252870917,9.192092190339356,696,700.8493543758967,700.8045977011494,-0.044756674747304714,0.044756674747304714,-0.006386062064244939,51.82554154129068,52.323694032895034,0.49815249160435116,0.49815249160435116,0.9612103931561637,23.21872510286055,26.214390029226873,2.9956649263663238,2.9956649263663238,12.901935455522738,3.5919540229885056,4.172661870503598,0.5807078475150922,0.5807078475150922,16.16690647482017,23.235293495142578,26.233016774985924,2.9977232798433455,2.9977232798433455,12.901594208267824,16.429833593274996,18.549544052573005,2.119710459298009,2.119710459298009,12.901594208267827,71.42712426097935,71.63415616825317,0.20703190727381582,0.20703190727381582,0.2898505426557084,0.23002233063792288,0.25894831522834066,0.028925984590417786,0.028925984590417786,12.575294107401271,1.0827239482177928,1.3752280990428167,0.2925041508250239,0.2925041508250239,27.015579668898752,1.3180806021470912,1.2712941820012211,-0.04678642014587009,0.04678642014587009,-3.549587185310004,492.87552988095445,472.5262032047549,-20.349326676199553,20.349326676199553,-4.128694861583934,142.84777245208284,158.24278477563738,15.395012323554539,15.395012323554539,10.777215534613026,3.4503550277361565,2.986083718601897,-0.4642713091342596,0.4642713091342596,-13.455754709360354,False
s8_sit,msptdfast,MSPTDfast v2,mid_upslope,none,1.0,30.0,True,False,697,698,0.9805123176859909,0.0,0.043212758916009425,697,0,1,0.998567335243553,1.0,0.9992831541218639,237.95649831839825,3.346183047372879,4.808394703546429,0.020890709395048532,4.811807322780141,696,700.8493543758967,700.8053734680158,-0.043980907880950326,0.043980907880950326,-0.006275372532819857,51.82554154129068,51.856807162440234,0.03126562114955078,0.03126562114955078,0.06032859516700022,23.21872510286055,23.16355537030227,-0.05516973255828006,0.05516973255828006,-0.23760879339358362,3.5919540229885056,3.741007194244604,0.14905317125609852,0.14905317125609852,4.149640287769783,23.235293495142578,23.180112914155476,-0.05518058098710199,0.05518058098710199,-0.23748605111718382,16.429833593274996,16.390815030269202,-0.03901856300579354,0.03901856300579354,-0.2374860511171853,71.42712426097935,71.48145270493967,0.05432844396031555,0.05432844396031555,0.07606136257398674,0.23002233063792288,0.22930164972901465,-0.0007206809089082278,0.0007206809089082278,-0.3133091065156836,1.0827239482177928,1.18333205766548,0.10060810944768717,0.10060810944768717,9.292129320062806,1.3180806021470912,1.3224283675349953,0.004347765387904046,0.004347765387904046,0.32985580554191757,492.87552988095445,480.12175452645596,-12.753775354498487,12.753775354498487,-2.5876259991196844,142.84777245208284,143.15841288706582,0.3106404349829859,0.3106404349829859,0.2174625684745541,3.4503550277361565,3.3537795288720633,-0.09657549886409322,0.09657549886409322,-2.7990017864178527,False
s8_sit,msptdfast,MSPTDfast v2,mid_upslope,none,1.0,30.0,False,False,697,698,0.9805123176859909,0.0,0.043207317073122614,697,0,1,0.998567335243553,1.0,0.9992831541218639,239.99999999999375,11.746168582377067,14.251638340989018,-0.018199233716477654,14.261876004239351,696,700.8493543758967,700.7662835249042,-0.08307085099249889,0.08307085099249889,-0.011852882573669931,51.82554154129068,53.549206159089714,1.723664617799031,1.723664617799031,3.3258979386172838,23.21872510286055,32.9231355389671,9.704410436106553,9.704410436106553,41.79562139228294,3.5919540229885056,9.640287769784173,6.0483337467956675,6.0483337467956675,168.3856115107914,23.235293495142578,32.946706999158735,9.711413504016157,9.711413504016157,41.795957972497156,16.429833593274996,23.296839936871432,6.867006343596437,6.867006343596437,41.795957972497156,71.42712426097935,72.05756177871393,0.6304375177345776,0.6304375177345776,0.8826304072261042,0.23002233063792288,0.3233087459774889,0.093286415339566,0.093286415339566,40.555373506934735,1.0827239482177928,1.0901337424254793,0.007409794207686504,0.007409794207686504,0.6843659660325537,1.3180806021470912,1.1768301141837205,-0.1412504879633707,0.1412504879633707,-10.716377111785144,492.87552988095445,473.82536768534476,-19.050162195609687,19.050162195609687,-3.8651061050263387,142.84777245208284,176.9385949865652,34.090822534482356,34.090822534482356,23.865141156413802,3.4503550277361565,2.677908501089443,-0.7724465266467138,0.7724465266467138,-22.387450579354745,False
s8_sit,msptdfast,MSPTDfast v2,mid_upslope,none,1.0,25.0,True,False,697,698,0.9805123176859909,0.0,0.03143724721146223,697,0,1,0.998567335243553,1.0,0.9992831541218639,238.1187813608122,3.4777822491833064,4.965155264370714,0.01959936702236265,4.968687323460142,696,700.8493543758967,700.804082125643,-0.04527225025367443,0.04527225025367443,-0.0064596264476820655,51.82554154129068,51.87431233790458,0.04877079661389416,0.04877079661389416,0.09410571537402512,23.21872510286055,23.32700870272153,0.1082835998609788,0.1082835998609788,0.46636324510185206,3.5919540229885056,3.741007194244604,0.14905317125609852,0.14905317125609852,4.149640287769783,23.235293495142578,23.343699966017514,0.10840647087493593,0.10840647087493593,0.4665595074045383,16.429833593274996,16.506488543955165,0.07665495068016881,0.07665495068016881,0.46655950740453606,71.42712426097935,71.48023780744741,0.05311354646805455,0.05311354646805455,0.07436047162418169,0.23002233063792288,0.23092380565968654,0.0009014750217636591,0.0009014750217636591,0.39190761143215563,1.0827239482177928,1.195060832792488,0.11233688457469526,0.11233688457469526,10.375394832598493,1.3180806021470912,1.3217150759220606,0.0036344737749693934,0.0036344737749693934,0.275739872739877,492.87552988095445,479.8585439866519,-13.016985894302536,13.016985894302536,-2.641029043873727,142.84777245208284,143.1097263069615,0.2619538548786693,0.2619538548786693,0.18337972681130862,3.4503550277361565,3.353081278049439,-0.09727374968671754,0.09727374968671754,-2.8192388581687693,False
s8_sit,msptdfast,MSPTDfast v2,mid_upslope,none,1.0,25.0,False,False,697,698,0.9805123176859909,0.0,0.03413897536445364,697,0,1,0.998567335243553,1.0,0.9992831541218639,239.99999999999574,13.864942528735344,16.924613104458047,0.020114942528709986,16.936772746478788,696,700.8493543758967,700.8045977011494,-0.044756674747304714,0.044756674747304714,-0.006386062064244939,51.82554154129068,54.405213267013664,2.5796717257229815,2.5796717257229815,4.977606888425264,23.21872510286055,36.35160036258006,13.132875259719508,13.132875259719508,56.56156917117528,3.5919540229885056,7.194244604316546,3.602290581328041,3.602290581328041,100.28776978417267,23.235293495142578,36.37759847155072,13.142304976408141,13.142304976408141,56.5618204011737,16.429833593274996,25.722846562514903,9.293012969239907,9.293012969239907,56.5618204011737,71.42712426097935,72.51337549707497,1.0862512360956202,1.0862512360956202,1.5207825421148018,0.23002233063792288,0.35473243916982605,0.12471010853190317,0.12471010853190317,54.21652245068711,1.0827239482177928,1.025023725621835,-0.05770022259595775,0.05770022259595775,-5.329172102541431,1.3180806021470912,1.127142152163218,-0.19093844998387333,0.19093844998387333,-14.48609816978139,492.87552988095445,489.54881037616303,-3.326719504791413,3.326719504791413,-0.6749613854018933,142.84777245208284,183.02222585162798,40.17445339954514,40.17445339954514,28.12396211009965,3.4503550277361565,2.674805248915666,-0.7755497788204906,0.7755497788204906,-22.477390662297832,False
s8_sit,msptdfast,MSPTDfast v2,mid_upslope,none,1.0,500.0,True,False,697,698,0.9805123176859909,0.0,0.02473431793111014,697,0,1,0.998567335243553,1.0,0.9992831541218639,237.158749100129,3.2855222154019055,4.74223956615122,0.019691057886285175,4.745609112081537,696,700.8493543758967,700.8041738165069,-0.0451805593897916,0.0451805593897916,-0.006446543627057299,51.82554154129068,51.859780378246136,0.03423883695545271,0.03423883695545271,0.06606556523519158,23.21872510286055,23.160092442830614,-0.058632660029935835,0.058632660029935835,-0.25252316727205787,3.5919540229885056,3.1654676258992804,-0.4264863970892252,0.4264863970892252,-11.873381294964028,23.235293495142578,23.176646437961903,-0.05864705718067498,0.05864705718067498,-0.25240506298289433,16.429833593274996,16.388363861445903,-0.04146973182909264,0.04146973182909264,-0.25240506298290744,71.42712426097935,71.48632856501095,0.05920430403159571,0.05920430403159571,0.08288770497783995,0.23002233063792288,0.22925172113912706,-0.0007706094987958156,0.0007706094987958156,-0.3350150816482373,1.0827239482177928,1.1832578085875212,0.10053386036972833,0.10053386036972833,9.285271701546005,1.3180806021470912,1.3213394782636538,0.0032588761165626146,0.0032588761165626146,0.24724406923628636,492.87552988095445,480.011343600147,-12.864186280807473,12.864186280807473,-2.6100273803235057,142.84777245208284,143.81557169979598,0.9677992477131454,0.9677992477131454,0.6775039128018507,3.4503550277361565,3.337686857735642,-0.11266817000051432,0.11266817000051432,-3.265408025980389,True
s8_sit,msptdfast,MSPTDfast v2,mid_upslope,none,1.0,500.0,False,False,697,698,0.9805123176859909,0.0,0.021830077216037497,697,0,1,0.998567335243553,1.0,0.9992831541218639,237.99999999999642,3.2672413793132433,4.783232206870238,0.02011494252873612,4.786629818855182,696,700.8493543758967,700.8045977011494,-0.044756674747304714,0.044756674747304714,-0.006386062064244939,51.82554154129068,51.858987347987934,0.03344580669725161,0.03344580669725161,0.0645353732977484,23.21872510286055,23.125929886028253,-0.09279521683229675,0.09279521683229675,-0.3996568132884452,3.5919540229885056,3.0215827338129495,-0.5703712891755561,0.5703712891755561,-15.879136690647483,23.235293495142578,23.142454603326755,-0.09283889181582339,0.09283889181582339,-0.3995597982665108,16.429833593274996,16.364186583314183,-0.06564700996081285,0.06564700996081285,-0.39955979826650995,71.42712426097935,71.49071642516968,0.0635921641903252,0.0635921641903252,0.08903083366197569,0.23002233063792288,0.2288994627776993,-0.0011228678602235864,0.0011228678602235864,-0.4881560225520398,1.0827239482177928,1.1375751520526132,0.05485120383482034,0.05485120383482034,5.066037739823491,1.3180806021470912,1.3222886247731618,0.004208022626070562,0.004208022626070562,0.3192538164370139,492.87552988095445,479.8858299572278,-12.989699923726619,12.989699923726619,-2.6354929665232225,142.84777245208284,144.066970322374,1.2191978702911683,1.2191978702911683,0.8534944923275851,3.4503550277361565,3.33099133606685,-0.1193636916693066,0.1193636916693066,-3.4594611484842877,True
s9_sit,msptdfast,MSPTDfast v2,mid_upslope,none,1.0,100.0,True,False,549,557,0.9859623608868732,0.0,0.02190717164378794,535,14,22,0.9605026929982047,0.9744990892531876,0.9674502712477396,312.9926290929579,15.053868167335127,24.155571775385948,-0.46156918103838,24.174462189540325,519,875.4604316546763,885.1100935537149,9.64966189903862,9.64966189903862,1.1022384964675263,126.45211413916228,149.7547107869449,23.302596647782636,23.302596647782636,18.42800083368935,62.185482503830606,128.94514825013493,66.75966574630434,66.75966574630434,107.35570917567772,36.03603603603604,44.424131627056674,8.388095591020637,8.388095591020637,23.276965265082264,62.239444175113725,129.06203366306949,66.82258948795575,66.82258948795575,107.36373110908113,44.00993303350448,91.2606391968829,47.250706163378425,47.250706163378425,107.36373110908114,173.33032087581762,191.11369008822834,17.78336921241072,17.78336921241072,10.259814395169556,0.2539078726164441,0.47752015648252144,0.22361228386607734,0.22361228386607734,88.06827514319275,1.1901059154575024,1.2251453801519572,0.035039464694454736,0.035039464694454736,2.9442307814245936,1.2065278691742076,0.9379348254156485,-0.2685930437585591,0.2685930437585591,-22.26165268294997,3436.4082964011973,6412.308967382478,2975.9006709812807,2975.9006709812807,86.59915860690401,1115.4182136210668,3466.8391240078568,2351.4209103867897,2351.4209103867897,210.8106969809282,3.080824980654856,1.849612496575698,-1.2312124840791583,1.2312124840791583,-39.96372698255171,False
s9_sit,msptdfast,MSPTDfast v2,mid_upslope,none,1.0,100.0,False,False,549,557,0.9859623608868732,0.0,0.02192188713198422,535,14,22,0.9605026929982047,0.9744990892531876,0.9674502712477396,312.0000000000236,15.425818882468356,24.5792336805628,-0.43545279383429103,24.59908604215342,519,875.4604316546763,885.1094890510949,9.649057396418584,9.649057396418584,1.1021694467882743,126.45211413916228,149.78774397851643,23.335629839354155,23.335629839354155,18.454123917353392,62.185482503830606,128.7934445968252,66.6079620929946,66.6079620929946,107.11175568814082,36.03603603603604,44.60694698354662,8.570910947510583,8.570910947510583,23.784277879341868,62.239444175113725,128.91024117156448,66.67079699645075,66.67079699645075,107.11984639334052,44.00993303350448,91.15330569680653,47.143372663302046,47.143372663302046,107.11984639334055,173.33032087581762,191.21666076179582,17.886339885978202,17.886339885978202,10.319221585467933,0.2539078726164441,0.4767016918591569,0.2227938192427128,0.2227938192427128,87.74592805921678,1.1901059154575024,1.3706759502243142,0.18057003476681177,0.18057003476681177,15.172602070244878,1.2065278691742076,0.9383926817863593,-0.26813518738784836,0.26813518738784836,-22.223704419805074,3436.4082964011973,6445.417915335652,3009.0096189344545,3009.0096189344545,87.56263398868118,1115.4182136210668,3458.169844629761,2342.751631008694,2342.751631008694,210.03347465550536,3.080824980654856,1.863823410913385,-1.2170015697414711,1.2170015697414711,-39.50245721140533,False
s9_sit,msptdfast,MSPTDfast v2,mid_upslope,none,1.0,50.0,True,False,550,557,0.9859623608868732,0.0,0.0345742984261679,537,13,20,0.9640933572710951,0.9763636363636363,0.9701897018970189,313.26813951241417,15.338838790707307,23.680250256015974,0.02693577458259046,23.702949795458157,522,875.4604316546763,883.5065600851268,8.046128430450494,8.046128430450494,0.9190739112266668,126.45211413916228,153.32806947689744,26.875955337735164,26.875955337735164,21.253860024956015,62.185482503830606,133.13404962087608,70.94856711704549,70.94856711704549,114.09184951274612,36.03603603603604,43.06569343065693,7.029657394620891,7.029657394620891,19.507299270072973,62.239444175113725,133.25461708863426,71.01517291352053,71.01517291352053,114.09994715524107,44.00993303350448,94.22524336779009,50.215310334285604,50.215310334285604,114.09994715524108,173.33032087581762,195.29617838376998,21.965857507952364,21.965857507952364,12.672830348989999,0.2539078726164441,0.4824735647547143,0.22856569213827022,0.22856569213827022,90.0191434723822,1.1901059154575024,1.2100988915162605,0.01999297605875805,0.01999297605875805,1.6799325000474699,1.2065278691742076,0.943795144952929,-0.2627327242212786,0.2627327242212786,-21.775934972898934,3436.4082964011973,6661.8690077760675,3225.4607113748702,3225.4607113748702,93.8613934424718,1115.4182136210668,3380.5394177986136,2265.121204177547,2265.121204177547,203.0737149991582,3.080824980654856,1.9706526635072446,-1.1101723171476117,1.1101723171476117,-36.03490377150976,False
s9_sit,msptdfast,MSPTDfast v2,mid_upslope,none,1.0,50.0,False,False,550,557,0.9859623608868732,0.0,0.035057000948848054,536,14,21,0.9622980251346499,0.9745454545454545,0.9683830171635049,314.00000000000296,16.65000000000354,24.147145077311592,0.10384615384607426,24.17017351372417,520,875.4604316546763,883.4972677595629,8.03683610488656,8.03683610488656,0.9180124896903022,126.45211413916228,153.42611126079075,26.97399712162847,26.97399712162847,21.331392761012456,62.185482503830606,134.04705568823752,71.86157318440692,71.86157318440692,115.56004760432674,36.03603603603604,45.43795620437956,9.401920168343523,9.401920168343523,26.090328467153274,62.239444175113725,134.1684101368598,71.92896596174606,71.92896596174606,115.56813675805071,44.00993303350448,94.87139262879148,50.861459595287,50.861459595287,115.56813675805074,173.33032087581762,195.13729037242155,21.806969496603926,21.806969496603926,12.58116259545121,0.2539078726164441,0.48617766726046285,0.23226979464401876,0.23226979464401876,91.47798067485995,1.1901059154575024,1.2630345188171976,0.0729286033596952,0.0729286033596952,6.127908651866491,1.2065278691742076,0.9406084770084188,-0.26591939216578886,0.26591939216578886,-22.040053857006548,3436.4082964011973,6605.822956041083,3169.4146596398855,3169.4146596398855,92.23044487929671,1115.4182136210668,3368.8130553822702,2253.3948417612037,2253.3948417612037,202.0224176226993,3.080824980654856,1.9608754915880895,-1.1199494890667667,1.1199494890667667,-36.35225941425311,False
s9_sit,msptdfast,MSPTDfast v2,mid_upslope,none,1.0,30.0,True,False,547,557,0.9859623608868732,0.0,0.04855602114866035,531,16,26,0.9533213644524237,0.9707495429616088,0.9619565217391305,313.4894894980057,14.578552276879678,21.595740896989998,-0.5629624831572264,21.60955667063466,511,875.4604316546763,888.3090283400622,12.848596685385928,12.848596685385928,1.4676387670772575,126.45211413916228,156.23189246602766,29.779778326865383,29.779778326865383,23.550241551590297,62.185482503830606,149.20643704166218,87.02095453783159,87.02095453783159,139.9377331075161,36.03603603603604,44.03669724770643,8.00066121167039,8.00066121167039,22.201834862385333,62.239444175113725,149.34263057241793,87.1031863973042,87.1031863973042,139.94852870510076,44.00993303350448,105.60118679799413,61.59125376448965,61.59125376448965,139.94852870510078,173.33032087581762,194.07523745673484,20.74491658091722,20.74491658091722,11.968429110438155,0.2539078726164441,0.5441249908120596,0.29021711819561546,0.29021711819561546,114.30016533359739,1.1901059154575024,1.1671403808485112,-0.0229655346089912,0.0229655346089912,-1.929705105294158,1.2065278691742076,0.867157904941875,-0.3393699642323327,0.3393699642323327,-28.127818088827908,3436.4082964011973,6517.394454156802,3080.9861577556044,3080.9861577556044,89.65716213007019,1115.4182136210668,4494.421923880043,3379.0037102589768,3379.0037102589768,302.9360350221878,3.080824980654856,1.4501073919046572,-1.630717588750199,1.630717588750199,-52.931198590955844,False
s9_sit,msptdfast,MSPTDfast v2,mid_upslope,none,1.0,30.0,False,False,547,557,0.9859623608868732,0.0,0.04648987539920599,531,16,26,0.9533213644524237,0.9707495429616088,0.9619565217391305,312.00000000001904,19.14024787997541,25.73548689906266,-0.3561643835615947,25.758238323992536,511,875.4604316546763,888.2783882783883,12.817956623712007,12.817956623712007,1.4641388874063956,126.45211413916228,156.28513316071007,29.8330190215478,29.8330190215478,23.59234499528901,62.185482503830606,149.35129861354653,87.16581610971593,87.16581610971593,140.17068389611117,36.03603603603604,46.60550458715596,10.569468551119925,10.569468551119925,29.33027522935779,62.239444175113725,149.4874916630075,87.24804748789376,87.24804748789376,140.1812767517928,44.00993303350448,105.7036190574801,61.693686023975616,61.693686023975616,140.18127675179284,173.33032087581762,194.1052050107696,20.774884134951975,20.774884134951975,11.985718384399766,0.2539078726164441,0.5445686994927071,0.29066082687626305,0.29066082687626305,114.47491717412731,1.1901059154575024,1.8120327955209223,0.6219268800634199,0.6219268800634199,52.25811181892477,1.2065278691742076,0.8583910376407028,-0.34813683153350483,0.34813683153350483,-28.854437632823398,3436.4082964011973,6539.57311963278,3103.1648232315824,3103.1648232315824,90.30256464231546,1115.4182136210668,4458.443760003592,3343.025546382525,3343.025546382525,299.7105036979635,3.080824980654856,1.4667838088031666,-1.6140411718516896,1.6140411718516896,-52.38990147076161,False
s9_sit,msptdfast,MSPTDfast v2,mid_upslope,none,1.0,25.0,True,False,551,557,0.9859623608868732,0.0,0.03430696705652152,533,18,24,0.9569120287253142,0.9673321234119783,0.9620938628158846,313.7819194681317,15.169890530966148,25.132169423117983,-0.06664891491857756,25.156422052920572,517,875.4604316546763,881.8817341480338,6.42130249335753,6.42130249335753,0.7334771808271057,126.45211413916228,151.73558779822042,25.283473659058146,25.283473659058146,19.994504505660807,62.185482503830606,130.05160213941835,67.86611963558775,67.86611963558775,109.13498923387338,36.03603603603604,43.71584699453552,7.6798109584994805,7.6798109584994805,21.311475409836056,62.239444175113725,130.16923660689196,67.92979243177822,67.92979243177822,109.1426720339186,44.00993303350448,92.04354990660948,48.033616873105004,48.033616873105004,109.1426720339186,173.33032087581762,193.84365382836862,20.513332952550996,20.513332952550996,11.83482084894296,0.2539078726164441,0.4748339607140603,0.2209260880976162,0.2209260880976162,87.01033403219816,1.1901059154575024,1.2055463687733665,0.015440453315864078,0.015440453315864078,1.2974016106733184,1.2065278691742076,0.9459168440004664,-0.26061102517374124,0.26061102517374124,-21.600083332688627,3436.4082964011973,6272.182086628784,2835.773790227587,2835.773790227587,82.52144523098058,1115.4182136210668,3155.128748285249,2039.7105346641822,2039.7105346641822,182.8650912954447,3.080824980654856,1.9879322167241489,-1.0928927639307073,1.0928927639307073,-35.47402954705994,False
s9_sit,msptdfast,MSPTDfast v2,mid_upslope,none,1.0,25.0,False,False,551,557,0.9859623608868732,0.0,0.03164053044788022,533,18,24,0.9569120287253142,0.9673321234119783,0.9620938628158846,315.99999999997675,19.58220502901409,28.552710088270707,-0.0077369439071769035,28.580363001997352,517,875.4604316546763,881.8909090909091,6.4304774362327635,6.4304774362327635,0.7345251942544964,126.45211413916228,152.1840598666495,25.73194572748723,25.73194572748723,20.349162133555847,62.185482503830606,131.6837852882102,69.4983027843796,69.4983027843796,111.75969050348452,36.03603603603604,38.79781420765027,2.761778171614232,2.761778171614232,7.663934426229492,62.239444175113725,131.8031536703786,69.56370949526487,69.56370949526487,111.76788356198036,44.00993303350448,93.19890374209731,49.188970708592834,49.188970708592834,111.7678835619804,173.33032087581762,193.99469192806075,20.664371052243126,20.664371052243126,11.921959728585572,0.2539078726164441,0.48041986518197294,0.22651199256552884,0.22651199256552884,89.21030696346318,1.1901059154575024,1.5657047077063868,0.37559879224888437,0.37559879224888437,31.56011472344426,1.2065278691742076,0.9370100092234517,-0.26951785995075594,0.26951785995075594,-22.338303725650693,3436.4082964011973,6222.564302692946,2786.1560062917483,2786.1560062917483,81.07756023082501,1115.4182136210668,3187.885816249491,2072.467602628424,2072.467602628424,185.80184340906675,3.080824980654856,1.9519407724627091,-1.128884208192147,1.128884208192147,-36.6422700179545,False
s9_sit,msptdfast,MSPTDfast v2,mid_upslope,none,1.0,500.0,True,False,552,557,0.9859623608868732,0.0,0.023489591934894142,536,16,21,0.9622980251346499,0.9710144927536232,0.9666366095581606,312.94499436354283,15.183768582885362,23.947269563281573,-0.4630398854245229,23.965892179336013,519,875.4604316546763,880.3124685347956,4.852036880119272,4.852036880119272,0.5542268621950864,126.45211413916228,154.03180887466652,27.579694735504248,27.579694735504248,21.810386424344333,62.185482503830606,128.86644106039464,66.68095855656404,66.68095855656404,107.22914074431522,36.03603603603604,44.90909090909091,8.873054873054869,8.873054873054869,24.62272727272726,62.239444175113725,128.97918116114027,66.73973698602654,66.73973698602654,107.2306121472599,44.00993303350448,91.2020536309305,47.19212059742601,47.19212059742601,107.23061214725992,173.33032087581762,197.82260160028346,24.492280724465843,24.492280724465843,14.13040753672482,0.2539078726164441,0.46102949255116765,0.20712161993472356,0.20712161993472356,81.57353208484547,1.1901059154575024,1.1984348154885724,0.008328900031070008,0.008328900031070008,0.6998452761969676,1.2065278691742076,0.8836973114718918,-0.32283055770231583,0.32283055770231583,-26.756991359285635,3436.4082964011973,5982.615476250552,2546.207179849355,2546.207179849355,74.09501317162713,1115.4182136210668,3099.0012014337294,1983.5829878126626,1983.5829878126626,177.83311798121053,3.080824980654856,1.930497953173668,-1.1503270274811883,1.1503270274811883,-37.338279022805,True
s9_sit,msptdfast,MSPTDfast v2,mid_upslope,none,1.0,500.0,False,False,552,557,0.9859623608868732,0.0,0.03023253922307989,536,16,21,0.9622980251346499,0.9710144927536232,0.9666366095581606,312.00000000001904,15.156069364162384,23.95129933603399,-0.46628131021190794,23.969863637190045,519,875.4604316546763,880.3121597096189,4.851728054942555,4.851728054942555,0.5541915864515405,126.45211413916228,154.03542867871784,27.58331453955556,27.58331453955556,21.813249013140062,62.185482503830606,128.8339029349602,66.64842043112961,66.64842043112961,107.17681643303818,36.03603603603604,44.72727272727273,8.69123669123669,8.69123669123669,24.118181818181814,62.239444175113725,128.94659242992103,66.7071482548073,66.7071482548073,107.17825189300126,44.00993303350448,91.1790099180951,47.16907688459062,47.16907688459062,107.1782518930013,173.33032087581762,197.83886050730442,24.508539631486798,24.508539631486798,14.139787838416293,0.2539078726164441,0.46087512677889025,0.20696725416244616,0.20696725416244616,81.51273610767204,1.1901059154575024,1.2006599298159275,0.010554014358425068,0.010554014358425068,0.8868130324659278,1.2065278691742076,0.8836601015006851,-0.32286776767352254,0.32286776767352254,-26.760075413301905,3436.4082964011973,5982.69086773581,2546.2825713346124,2546.2825713346124,74.09720707522516,1115.4182136210668,3103.077793992317,1987.65958037125,1987.65958037125,178.19859458082183,3.080824980654856,1.9279861044149584,-1.1528388762398978,1.1528388762398978,-37.41981071559774,True
s10_sit,msptdfast,MSPTDfast v2,mid_upslope,none,1.0,100.0,True,False,603,604,0.988292847642304,0.0,0.028076485629860357,603,0,1,0.9983443708609272,1.0,0.9991714995857498,274.51405787933516,2.5088331854525543,3.3051621136646254,-0.0057846299384153215,3.3079056234154645,602,804.2719734660033,804.3364080610914,0.06443459508818705,0.06443459508818705,0.008011543012061792,62.96625943969139,63.26441791647754,0.29815847678614915,0.29815847678614915,0.473521024496815,25.937953054122264,25.90185414712617,-0.03609890699609508,0.03609890699609508,-0.13917407792654618,5.813953488372093,4.825291181364393,-0.9886623070076999,0.9886623070076999,-17.004991680532438,25.959318442642765,25.923387567695013,-0.035930874947752045,0.035930874947752045,-0.13841224309159533,18.356010105773706,18.330603140444186,-0.025406965329519693,0.025406965329519693,-0.13841224309158653,87.13527729140354,87.57146873913322,0.43619144772968355,0.43619144772968355,0.5005911053349189,0.2106610626186031,0.2093216364230369,-0.0013394261955662068,0.0013394261955662068,-0.6358204876195875,1.2469920328958066,1.2884172055839236,0.04142517268811696,0.04142517268811696,3.322007807212532,1.4222357628070728,1.4227051064091658,0.00046934360209305304,0.00046934360209305304,0.03300040783440205,703.4768626141686,727.5817507651766,24.104888151008026,24.104888151008026,3.4265360286950446,151.89685797700866,151.56810677538485,-0.32875120162381677,0.32875120162381677,-0.21643054767701453,4.6312798828310715,4.800361805953086,0.16908192312201464,0.16908192312201464,3.650868170348106,False
s10_sit,msptdfast,MSPTDfast v2,mid_upslope,none,1.0,100.0,False,False,603,604,0.988292847642304,0.0,0.02201937465763757,603,0,1,0.9983443708609272,1.0,0.9991714995857498,273.9999999999967,4.232558139535188,5.251166616149174,-0.0066445182724082525,5.255529284139281,602,804.2719734660033,804.3355481727575,0.06357470675425247,0.06357470675425247,0.007904627893506946,62.96625943969139,63.36887517974366,0.4026157400522692,0.4026157400522692,0.6394150512273824,25.937953054122264,26.5704726461341,0.6325195920118354,0.6325195920118354,2.438587157174727,5.813953488372093,6.655574043261231,0.841620554889138,0.841620554889138,14.475873544093176,25.959318442642765,26.59255856111679,0.6332401184740242,0.6332401184740242,2.4393557168042417,18.356010105773706,18.80377848766606,0.4477683818923559,0.4477683818923559,2.4393557168042452,87.13527729140354,87.62218096851191,0.4869036771083728,0.4869036771083728,0.5587905292136013,0.2106610626186031,0.21460066708934608,0.003939604470742986,0.003939604470742986,1.870115161184555,1.2469920328958066,1.1398469095610442,-0.10714512333476245,0.10714512333476245,-8.592286117975146,1.4222357628070728,1.4094810950992374,-0.012754667707835399,0.012754667707835399,-0.8968040349837257,703.4768626141686,728.2546038369346,24.777741222766053,24.777741222766053,3.522182823567254,151.89685797700866,156.24411432971638,4.347256352707717,4.347256352707717,2.861979115700816,4.6312798828310715,4.661005036644932,0.029725153813860317,0.029725153813860317,0.6418345374473357,False
s10_sit,msptdfast,MSPTDfast v2,mid_upslope,none,1.0,50.0,True,False,605,604,0.988292847642304,0.0033112582781456954,0.03417588318430295,603,2,1,0.9983443708609272,0.996694214876033,0.9975186104218362,274.73877533753046,2.5018126965313705,3.298017410023525,-0.007772943900292451,3.300760030577883,600,804.2719734660033,803.4635658525699,-0.80840761343336,0.80840761343336,-0.10051420913618737,62.96625943969139,65.3068444546645,2.340585014973108,2.340585014973108,3.717205112390236,25.937953054122264,34.96938383400991,9.031430779887646,9.031430779887646,34.81936589615463,5.813953488372093,5.657237936772046,-0.1567155516000467,0.1567155516000467,-2.6955074875208034,25.959318442642765,34.99847828464141,9.039159841998643,9.039159841998643,34.82048214004813,18.356010105773706,24.74766132628007,6.391651220506365,6.391651220506365,34.820482140048135,87.13527729140354,88.98045360713346,1.8451763157299155,1.8451763157299155,2.117599637124187,0.2106610626186031,0.2781246928178851,0.067463630199282,0.067463630199282,32.02472700017816,1.2469920328958066,1.2683593382301421,0.021367305334335507,0.021367305334335507,1.7135077667429546,1.4222357628070728,1.2925922921207038,-0.12964347068636894,0.12964347068636894,-9.115469746766252,703.4768626141686,745.5301001061168,42.053237491948266,42.053237491948266,5.9779133795069725,151.89685797700866,209.76225206056864,57.86539408355998,57.86539408355998,38.09518831016147,4.6312798828310715,3.554167123886741,-1.0771127589443306,1.0771127589443306,-23.257345403316425,False
s10_sit,msptdfast,MSPTDfast v2,mid_upslope,none,1.0,50.0,False,False,605,604,0.988292847642304,0.0033112582781456954,0.031428404359644474,603,2,1,0.9983443708609272,0.996694214876033,0.9975186104218362,274.0000000000038,7.186666666667112,8.837797614035752,0.020000000000084506,8.84514901524139,600,804.2719734660033,803.4551495016611,-0.8168239643421202,0.8168239643421202,-0.10156066496038949,62.96625943969139,66.02592755787519,3.059668118183801,3.059668118183801,4.859218485281514,25.937953054122264,38.637355731254765,12.6994026771325,12.6994026771325,48.960697286458426,5.813953488372093,9.151414309484194,3.337460821112101,3.337460821112101,57.40432612312814,25.959318442642765,38.669525780270746,12.710207337627981,12.710207337627981,48.962022503446086,18.356010105773706,27.343483904497468,8.987473798723762,8.987473798723762,48.9620225034461,87.13527729140354,89.28146564500413,2.146188353600593,2.146188353600593,2.4630533353594184,0.2106610626186031,0.30626159311966344,0.09560053050106035,0.09560053050106035,45.38120586344087,1.2469920328958066,1.6579830085959342,0.41099097570012755,0.41099097570012755,32.958588736586435,1.4222357628070728,1.2536963092266364,-0.16853945358043632,0.16853945358043632,-11.85031750627542,703.4768626141686,748.3987121467054,44.92184953253684,44.92184953253684,6.38568969640368,151.89685797700866,223.0300341014433,71.13317612443464,71.13317612443464,46.829919375423465,4.6312798828310715,3.3555960979062696,-1.275683784924802,1.275683784924802,-27.544951227283303,False
s10_sit,msptdfast,MSPTDfast v2,mid_upslope,none,1.0,30.0,True,False,602,604,0.988292847642304,0.0,0.047460182092224766,602,0,2,0.9966887417218543,1.0,0.9983416252072967,275.09691512734526,2.534129622336396,3.3373043201695336,-0.009280341654991621,3.340071335168677,601,804.2719734660033,804.3567762307243,0.08480276472107562,0.08480276472107562,0.01054404076218382,62.96625943969139,63.295540818569236,0.3292813788778446,0.3292813788778446,0.5229489282164328,25.937953054122264,25.87151217334084,-0.06644088078142474,0.06644088078142474,-0.2561531383867835,5.813953488372093,4.833333333333333,-0.9806201550387597,0.9806201550387597,-16.866666666666667,25.959318442642765,25.893059742849033,-0.06625869979373178,0.06625869979373178,-0.255240521588156,18.356010105773706,18.309158129836955,-0.04685197593675028,0.04685197593675028,-0.2552405215881497,87.13527729140354,87.62092046769969,0.4856431762961506,0.4856431762961506,0.5573439270434989,0.2106610626186031,0.2089587513131226,-0.0017023113054804861,0.0017023113054804861,-0.808080660146712,1.2469920328958066,1.28564314596039,0.038651113064583464,0.038651113064583464,3.099547715218882,1.4222357628070728,1.42497889425976,0.002743131452687342,0.002743131452687342,0.19287459396135642,703.4768626141686,726.5386452186518,23.061782604483255,23.061782604483255,3.2782574424387008,151.89685797700866,150.40453469955503,-1.492323277453636,1.492323277453636,-0.982458292639283,4.6312798828310715,4.830563431281978,0.19928354845090634,0.19928354845090634,4.302990825272378,False
s10_sit,msptdfast,MSPTDfast v2,mid_upslope,none,1.0,30.0,False,False,602,604,0.988292847642304,0.0,0.0452095180836194,602,0,2,0.9966887417218543,1.0,0.9983416252072967,274.6666666666875,11.24348308375009,13.757533777018752,0.01552967276762587,13.76898484320833,601,804.2719734660033,804.381586245147,0.10961277914373113,0.10961277914373113,0.013628819946485987,62.96625943969139,64.75903541418717,1.7927759744957754,1.7927759744957754,2.8472010096341878,25.937953054122264,35.512126254438186,9.574173200315922,9.574173200315922,36.91183024480923,5.813953488372093,14.499999999999998,8.686046511627906,8.686046511627906,149.39999999999998,25.959318442642765,35.54171324409223,9.582394801449464,9.582394801449464,36.9131216700539,18.356010105773706,25.131786449885343,6.775776344111637,6.775776344111637,36.913121670053904,87.13527729140354,88.06735289191593,0.9320756005123911,0.9320756005123911,1.0696879949039269,0.2106610626186031,0.28537006762005557,0.07470900500145247,0.07470900500145247,35.46407868297492,1.2469920328958066,1.2668442888079385,0.01985225591213191,0.01985225591213191,1.5920114474212268,1.4222357628070728,1.2980264383138382,-0.12420932449323452,0.12420932449323452,-8.733384980284988,703.4768626141686,723.1692056362521,19.69234302208349,19.69234302208349,2.799287946572313,151.89685797700866,206.91549059215842,55.018632615149755,55.018632615149755,36.22104719472042,4.6312798828310715,3.49499790260584,-1.1362819802252315,1.1362819802252315,-24.534945176550842,False
s10_sit,msptdfast,MSPTDfast v2,mid_upslope,none,1.0,25.0,True,False,603,604,0.988292847642304,0.0,0.0362486915415964,603,0,1,0.9983443708609272,1.0,0.9991714995857498,275.1855189082406,2.7461600923081537,3.554705199184225,-0.00898436319166056,3.557649932240738,602,804.2719734660033,804.3332083278383,0.06123486183503246,0.06123486183503246,0.007613700819530157,62.96625943969139,63.26076572512121,0.2945062854298186,0.2945062854298186,0.46772078895983094,25.937953054122264,26.060620497026147,0.12266744290388232,0.12266744290388232,0.47292645895350266,5.813953488372093,4.9916805324459235,-0.8222729559261692,0.8222729559261692,-14.143094841930113,25.959318442642765,26.082288012278884,0.12296956963611905,0.12296956963611905,0.4737010715740511,18.356010105773706,18.442962722342997,0.08695261656929176,0.08695261656929176,0.4737010715740544,87.13527729140354,87.54259583928048,0.40731854787694033,0.40731854787694033,0.46745538723054586,0.2106610626186031,0.21067415862561864,1.309600701554503e-05,1.309600701554503e-05,0.006216624397862761,1.2469920328958066,1.2994040275244654,0.052411994628658753,0.052411994628658753,4.203073736320983,1.4222357628070728,1.4215929896067376,-0.0006427732003351228,0.0006427732003351228,-0.045194560363640314,703.4768626141686,725.370143163545,21.893280549376414,21.893280549376414,3.112153606306179,151.89685797700866,151.75340134129803,-0.14345663571063483,0.14345663571063483,-0.09444345170875663,4.6312798828310715,4.7799267545388675,0.148646871707796,0.148646871707796,3.209628341807948,False
s10_sit,msptdfast,MSPTDfast v2,mid_upslope,none,1.0,25.0,False,False,603,604,0.988292847642304,0.0,0.03726517544275517,603,0,1,0.9983443708609272,1.0,0.9991714995857498,276.0000000000199,13.784053156145388,16.896204531631135,-0.02325581395348535,16.91023941391456,602,804.2719734660033,804.3189368770765,0.04696341107319313,0.04696341107319313,0.005839245009471698,62.96625943969139,65.67163264790656,2.705373208215171,2.705373208215171,4.296544264005959,25.937953054122264,39.430218063127874,13.49226500900561,13.49226500900561,52.01746252239944,5.813953488372093,12.146422628951747,6.332469140579654,6.332469140579654,108.91846921797007,25.959318442642765,39.46306289852988,13.503744455887112,13.503744455887112,52.01887131868928,18.356010105773706,27.90459938194173,9.548589276168023,9.548589276168023,52.01887131868928,87.13527729140354,88.58250393060986,1.4472266392063204,1.4472266392063204,1.6608963489797706,0.2106610626186031,0.31501253795896866,0.10435147534036557,0.10435147534036557,49.53524587943974,1.2469920328958066,1.1552699053426267,-0.09172212755317988,0.09172212755317988,-7.355470214206556,1.4222357628070728,1.2516431006879287,-0.17059266211914403,0.17059266211914403,-11.994682357195448,703.4768626141686,743.3963545102479,39.91949189607931,39.91949189607931,5.674599125795797,151.89685797700866,223.51594423697443,71.61908625996577,71.61908625996577,47.149814165877046,4.6312798828310715,3.3259209182951603,-1.3053589645359112,1.3053589645359112,-28.18570670658655,False
s10_sit,msptdfast,MSPTDfast v2,mid_upslope,none,1.0,500.0,True,False,605,604,0.988292847642304,0.0033112582781456954,0.030355278925704075,603,2,1,0.9983443708609272,0.996694214876033,0.9975186104218362,274.3483603596204,2.513244289515949,3.3116480294443718,-0.005011390590681799,3.314407395628083,600,804.2719734660033,803.6298871251589,-0.6420863408443438,0.6420863408443438,-0.07983447913487252,62.96625943969139,64.0262642316924,1.0600047920010027,1.0600047920010027,1.6834488842651791,25.937953054122264,31.30977662143782,5.371823567315555,5.371823567315555,20.71028332924607,5.813953488372093,5.490848585690515,-0.3231049026815773,0.3231049026815773,-5.557404326123131,25.959318442642765,31.335822396610293,5.376503953967529,5.376503953967529,20.711267770172547,18.356010105773706,22.157772510700433,3.801762404926727,3.801762404926727,20.711267770172558,87.13527729140354,87.79383885157907,0.6585615601755279,0.6585615601755279,0.7557921207654197,0.2106610626186031,0.252384139941295,0.0417230773226919,0.0417230773226919,19.805785086269385,1.2469920328958066,1.275323381730657,0.028331348834850445,0.028331348834850445,2.271975127945159,1.4222357628070728,1.3220633696560369,-0.10017239315103588,0.10017239315103588,-7.043304336077529,703.4768626141686,727.4734613613793,23.996598747210783,23.996598747210783,3.4111425723424316,151.89685797700866,151.74320723114442,-0.15365074586424043,0.15365074586424043,-0.10115465712101644,4.6312798828310715,4.794108906985522,0.16282902415445033,0.16282902415445033,3.5158536791975092,True
s10_sit,msptdfast,MSPTDfast v2,mid_upslope,none,1.0,500.0,False,False,605,604,0.988292847642304,0.0033112582781456954,0.026366158381511445,603,2,1,0.9983443708609272,0.996694214876033,0.9975186104218362,273.99999999999216,2.4433333333349316,3.3476359818026675,-0.0033333333332857744,3.3504275094942875,600,804.2719734660033,803.6312292358805,-0.6407442301227775,0.6407442301227775,-0.07966760638960173,62.96625943969139,64.02404567121957,1.0577862315281763,1.0577862315281763,1.6799254726911577,25.937953054122264,31.322699131223846,5.384746077101582,5.384746077101582,20.760104183494136,5.813953488372093,5.490848585690515,-0.3231049026815773,0.3231049026815773,-5.557404326123131,25.959318442642765,31.348755836754123,5.389437394111358,5.389437394111358,20.761089725908423,18.356010105773706,22.166917833930203,3.810907728156497,3.810907728156497,20.761089725908423,87.13527729140354,87.78829421947214,0.6530169280685953,0.6530169280685953,0.7494288746964483,0.2106610626186031,0.25250425504922736,0.04184319243062426,0.04184319243062426,19.86280326819597,1.2469920328958066,1.2819881418169703,0.03499610892116367,0.03499610892116367,2.806442062014986,1.4222357628070728,1.322193569606397,-0.10004219320067587,0.10004219320067587,-7.034149739226229,703.4768626141686,727.5504148769377,24.073552262769113,24.073552262769113,3.4220815981509514,151.89685797700866,152.1375834974607,0.2407255204520311,0.2407255204520311,0.15847959178225246,4.6312798828310715,4.782187268598762,0.1509073857676908,0.1509073857676908,3.2584380470532497,True
s11_sit,msptdfast,MSPTDfast v2,mid_upslope,none,1.0,100.0,True,False,589,588,0.9852742551942427,0.003401360544217687,0.021814637069845547,587,2,1,0.9982993197278912,0.9966044142614601,0.9974511469838572,295.1847545934064,4.934551090366077,7.1747487801709635,-0.022990193217040655,7.180862578992803,584,828.6541737649063,827.7290881879497,-0.925085576956576,0.925085576956576,-0.11163711066023398,79.17687458943618,81.9581364817187,2.781261892282515,2.781261892282515,3.512719978787332,38.07187382821857,44.45138138150028,6.379507553281712,6.379507553281712,16.756484280406685,16.723549488054605,18.632478632478634,1.9089291444240288,1.9089291444240288,11.414617128902869,38.1043998440733,44.48942037403437,6.385020529961068,6.385020529961068,16.75664898565299,26.943879522787856,31.45877083753865,4.514891314750795,4.514891314750795,16.75664898565299,108.68294390457089,111.55544813456349,2.8725042299926002,2.8725042299926002,2.6430129022956943,0.24791267658746843,0.28200120535208273,0.034088528764614295,0.034088528764614295,13.750216097798935,1.2387984281449955,1.216035676775211,-0.022762751369784562,0.022762751369784562,-1.8374862974172492,1.3550773299749495,1.2932403906348957,-0.06183693934005374,0.06183693934005374,-4.563351328532438,2699.726698279838,2867.3346362098914,167.6079379300536,167.6079379300536,6.208329829713761,425.9870128496739,563.6627187311778,137.67570588150397,137.67570588150397,32.31922610985519,6.337579824839734,5.086968750859291,-1.2506110739804432,1.2506110739804432,-19.733259517753986,False
s11_sit,msptdfast,MSPTDfast v2,mid_upslope,none,1.0,100.0,False,False,589,588,0.9852742551942427,0.003401360544217687,0.02188997360272777,587,2,1,0.9982993197278912,0.9966044142614601,0.9974511469838572,295.9999999999915,5.8390410958912025,8.136254060497492,-0.0034246575342592287,8.14322826888878,584,828.6541737649063,827.7303754266212,-0.9237983382851098,0.9237983382851098,-0.11148176978194964,79.17687458943618,82.10771952545481,2.93084493601863,2.93084493601863,3.7016426213035505,38.07187382821857,45.13417792642297,7.0623040982044,7.0623040982044,18.549925149651752,16.723549488054605,20.34188034188034,3.6183308538257357,3.6183308538257357,21.636141636141648,38.1043998440733,45.172800434277256,7.068400590203957,7.068400590203957,18.550090328488317,26.943879522787856,31.94199351226407,4.998113989476213,4.998113989476213,18.550090328488313,108.68294390457089,111.63809502944765,2.955151124876764,2.955151124876764,2.7190569363593386,0.24791267658746843,0.28612091153865066,0.038208234951182224,0.038208234951182224,15.411973069356787,1.2387984281449955,1.3404292317501465,0.10163080360515098,0.10163080360515098,8.203982286071772,1.3550773299749495,1.292441796076768,-0.06263553389818144,0.06263553389818144,-4.622284832950408,2699.726698279838,2874.081240351753,174.35454207191515,174.35454207191515,6.458229352734377,425.9870128496739,561.1691242963451,135.18211144667123,135.18211144667123,31.7338574578506,6.337579824839734,5.1215954618950015,-1.2159843629447327,1.2159843629447327,-19.186888316242747,False
s11_sit,msptdfast,MSPTDfast v2,mid_upslope,none,1.0,50.0,True,False,586,588,0.9852742551942427,0.0,0.03339292737254175,586,0,2,0.9965986394557823,1.0,0.9982964224872232,295.41029611540904,4.878707002606192,6.778127507482854,6.038930279078353e-05,6.783928216454523,585,828.6541737649063,828.5949321841747,-0.05924158073162289,0.05924158073162289,-0.007149132003096631,79.17687458943618,80.956526166644,1.7796515772078152,1.7796515772078152,2.24769111743299,38.07187382821857,39.63851214871496,1.5666383204963878,1.5666383204963878,4.114949339150225,16.723549488054605,17.97945205479452,1.2559025667399162,1.2559025667399162,7.509784735812153,38.1043998440733,39.672492848727046,1.568093004653747,1.568093004653747,4.115254435368429,26.943879522787856,28.05268871990971,1.1088091971218539,1.1088091971218539,4.115254435368431,108.68294390457089,110.99984195270225,2.316898048131364,2.316898048131364,2.131795445443323,0.24791267658746843,0.2527272852502181,0.004814608662749659,0.004814608662749659,1.94205827996495,1.2387984281449955,1.2037648825037917,-0.03503354564120387,0.03503354564120387,-2.828026323351401,1.3550773299749495,1.3400152418160214,-0.015062088158928066,0.015062088158928066,-1.1115297869536722,2699.726698279838,2850.6037830570704,150.87708477723254,150.87708477723254,5.58860587160047,425.9870128496739,506.01132387348474,80.02431102381087,80.02431102381087,18.785622239626957,6.337579824839734,5.633478241624868,-0.7041015832148663,0.7041015832148663,-11.10994421648443,False
s11_sit,msptdfast,MSPTDfast v2,mid_upslope,none,1.0,50.0,False,False,586,588,0.9852742551942427,0.0,0.033375401806798335,586,0,2,0.9965986394557823,1.0,0.9982964224872232,295.99999999998636,8.239316239317072,10.503886134741919,-0.01367521367519327,10.51286643183061,585,828.6541737649063,828.5811965811965,-0.07297718370978146,0.07297718370978146,-0.008806711656108242,79.17687458943618,81.49000267662879,2.3131280871926094,2.3131280871926094,2.9214693042471116,38.07187382821857,42.5070501807458,4.435176352527229,4.435176352527229,11.649482693021303,16.723549488054605,20.034246575342465,3.31069708728786,3.31069708728786,19.79661727704782,38.1043998440733,42.54349000756711,4.439090163493809,4.439090163493809,11.649809947562416,26.943879522787856,30.08279027969283,3.1389107569049735,3.1389107569049735,11.64980994756242,108.68294390457089,111.24867100986849,2.565727105297597,2.565727105297597,2.360744945913901,0.24791267658746843,0.2704103339537808,0.022497657366312346,0.022497657366312346,9.074831378529662,1.2387984281449955,1.8380211870441283,0.5992227588991328,0.5992227588991328,48.37128828105008,1.3550773299749495,1.3245555328155805,-0.03052179715936898,0.03052179715936898,-2.252402610848284,2699.726698279838,2846.1328567538867,146.40615847404888,146.40615847404888,5.422999245343362,425.9870128496739,528.2502188019596,102.26320595228572,102.26320595228572,24.006179265463494,6.337579824839734,5.387849839814073,-0.9497299850256615,0.9497299850256615,-14.985688721477816,False
s11_sit,msptdfast,MSPTDfast v2,mid_upslope,none,1.0,30.0,True,False,587,588,0.9852742551942427,0.0,0.048417977970633984,587,0,1,0.9982993197278912,1.0,0.9991489361702128,295.6605034668761,4.941423598871822,7.550045395771369,0.004686354718220676,7.556494215007643,586,828.6541737649063,828.6326727028412,-0.02150106206511282,0.02150106206511282,-0.0025946966473872836,79.17687458943618,80.95412649275163,1.7772519033154452,1.7772519033154452,2.24466034120595,38.07187382821857,40.02472244560666,1.9528486173880921,1.9528486173880921,5.1293735270278615,16.723549488054605,18.29059829059829,1.5670488025436846,1.5670488025436846,9.370312227455095,38.1043998440733,40.058969365344076,1.954569521270777,1.954569521270777,5.1295113668475425,26.943879522787856,28.325968885578966,1.3820893627911097,1.3820893627911097,5.129511366847539,108.68294390457089,110.92691593613371,2.2439720315628193,2.2439720315628193,2.06469566515712,0.24791267658746843,0.2553570397818296,0.0074443631943611754,0.0074443631943611754,3.0028166759494686,1.2387984281449955,1.2091893002448273,-0.02960912790016823,0.02960912790016823,-2.390148972380083,1.3550773299749495,1.33650209926054,-0.018575230714409363,0.018575230714409363,-1.3707875044114828,2699.726698279838,2853.4428963672344,153.7161980873966,153.7161980873966,5.693768861319876,425.9870128496739,512.6446812627224,86.65766841304855,86.65766841304855,20.342795859748215,6.337579824839734,5.566122112763888,-0.7714577120758461,0.7714577120758461,-12.172749431134067,False
s11_sit,msptdfast,MSPTDfast v2,mid_upslope,none,1.0,30.0,False,False,587,588,0.9852742551942427,0.0,0.045228854577250885,587,0,1,0.9982993197278912,1.0,0.9991489361702128,295.3333333333402,12.525597269622802,15.600919821584048,0.0409556313992334,15.614194443103996,586,828.6541737649063,828.6689419795221,0.014768214615742181,0.014768214615742181,0.0017821927510054398,79.17687458943618,82.5119128326119,3.335038243175717,3.335038243175717,4.21213676400998,38.07187382821857,47.401620017113984,9.329746188895413,9.329746188895413,24.505613332801808,16.723549488054605,26.153846153846157,9.430296665791552,9.430296665791552,56.38932496075358,38.1043998440733,47.44215196132234,9.337752117249039,9.337752117249039,24.505705785840945,26.943879522787856,33.54666736593369,6.602787843145837,6.602787843145837,24.505705785840945,108.68294390457089,111.76337784458954,3.0804339400186507,3.0804339400186507,2.834330603634943,0.24791267658746843,0.3001579588313927,0.052245282243924246,0.052245282243924246,21.07406646690416,1.2387984281449955,1.4701636559988684,0.23136522785387292,0.23136522785387292,18.676583905609597,1.3550773299749495,1.3085564480776786,-0.04652088189727088,0.04652088189727088,-3.433079490609653,2699.726698279838,2894.775314632586,195.048616352748,195.048616352748,7.224754138151298,425.9870128496739,560.2370979425813,134.2500850929074,134.2500850929074,31.515065258640355,6.337579824839734,5.167053958517527,-1.1705258663222073,1.1705258663222073,-18.469603518592493,False
s11_sit,msptdfast,MSPTDfast v2,mid_upslope,none,1.0,25.0,True,False,587,588,0.9852742551942427,0.0,0.0351317393783782,587,0,1,0.9982993197278912,1.0,0.9991489361702128,296.0168233004686,5.117889151847182,7.7683900193402105,0.011916109807620976,7.7750176868858905,586,828.6541737649063,828.6399024579305,-0.01427130697584289,0.01427130697584289,-0.001722227127753747,79.17687458943618,81.00935674973698,1.832482160300799,1.832482160300799,2.314415881913694,38.07187382821857,40.297864234145386,2.225990405926815,2.225990405926815,5.846810734797426,16.723549488054605,18.803418803418804,2.079869315364199,2.079869315364199,12.436769579626743,38.1043998440733,40.33234122225126,2.2279413781779596,2.2279413781779596,5.846939952590515,26.943879522787856,28.519271979383593,1.5753924565957362,1.5753924565957362,5.8469399525905095,108.68294390457089,110.95802308881616,2.2750791842452713,2.2750791842452713,2.093317591988404,0.24791267658746843,0.2570275784073351,0.009114901819866655,0.009114901819866655,3.6766582271361745,1.2387984281449955,1.2196861221378146,-0.019112306007180946,0.019112306007180946,-1.5428099982173968,1.3550773299749495,1.3356632940763746,-0.019414035898574822,0.019414035898574822,-1.4326884133567284,2699.726698279838,2853.251913233679,153.525214953841,153.525214953841,5.686694695861672,425.9870128496739,513.3715929285709,87.38458007889699,87.38458007889699,20.513437603257177,6.337579824839734,5.557868710570966,-0.7797111142687685,0.7797111142687685,-12.30297898912044,False
s11_sit,msptdfast,MSPTDfast v2,mid_upslope,none,1.0,25.0,False,False,587,588,0.9852742551942427,0.0,0.03633032551054829,587,0,1,0.9982993197278912,1.0,0.9991489361702128,297.9999999999863,14.368600682592907,18.21599642065315,-0.027303754266256808,18.23153852038754,586,828.6541737649063,828.6006825938566,-0.053491171049699915,0.053491171049699915,-0.006455186342291404,79.17687458943618,82.44814542058454,3.2712708311483567,3.2712708311483567,4.131598838816519,38.07187382821857,49.778998764022866,11.707124935804295,11.707124935804295,30.750062339004355,16.723549488054605,17.435897435897434,0.7123479478428294,0.7123479478428294,4.259549973835695,38.1043998440733,49.8215995409801,11.717199696906803,11.717199696906803,30.75025389418193,26.943879522787856,35.22919088498762,8.28531136219976,8.28531136219976,30.750253894181927,108.68294390457089,111.1498874321374,2.4669435275665137,2.4669435275665137,2.269853427721478,0.24791267658746843,0.31695210583543604,0.0690394292479676,0.0690394292479676,27.84828521005829,1.2387984281449955,1.364383711457215,0.12558528331221952,0.12558528331221952,10.13766892651565,1.3550773299749495,1.262110750320917,-0.09296657965403243,0.09296657965403243,-6.860610652806881,2699.726698279838,2836.828862655943,137.10216437610507,137.10216437610507,5.078371987188974,425.9870128496739,552.7740872229743,126.78707437330047,126.78707437330047,29.763131398102562,6.337579824839734,5.131985974428721,-1.205593850411013,1.205593850411013,-19.022937520814587,False
s11_sit,msptdfast,MSPTDfast v2,mid_upslope,none,1.0,500.0,True,False,590,588,0.9852742551942427,0.0050933786078098476,0.02227905840627536,587,3,1,0.9982993197278912,0.9949152542372881,0.9966044142614601,295.1097595740456,4.943547587682181,7.313603101451999,-0.032015343961546656,7.319813434794488,583,828.6541737649063,827.2319737338074,-1.422200031098896,1.422200031098896,-0.17162769175919,79.17687458943618,82.56962754815355,3.3927529587173666,3.3927529587173666,4.285030163554889,38.07187382821857,45.07700304960979,7.005129221391222,7.005129221391222,18.39974899317689,16.723549488054605,18.632478632478634,1.9089291444240288,1.9089291444240288,11.414617128902869,38.1043998440733,45.11557801365265,7.0111781695793525,7.0111781695793525,18.399917590277596,26.943879522787856,31.9015311506045,4.957651627816645,4.957651627816645,18.399917590277592,108.68294390457089,112.3288880792853,3.6459441747144155,3.6459441747144155,3.3546608545272187,0.24791267658746843,0.2840011300395619,0.036088453452093466,0.036088453452093466,14.556921392182522,1.2387984281449955,1.201814141857898,-0.03698428628709749,0.03698428628709749,-2.9854967076829912,1.3550773299749495,1.2920449754118752,-0.06303235456307421,0.06303235456307421,-4.651568819636253,2699.726698279838,2867.526301439285,167.7996031594471,167.7996031594471,6.215429260538206,425.9870128496739,565.0142742109178,139.02726136124397,139.02726136124397,32.636502326963,6.337579824839734,5.075139571374523,-1.2624402534652113,1.2624402534652113,-19.919910886442146,True
s11_sit,msptdfast,MSPTDfast v2,mid_upslope,none,1.0,500.0,False,False,590,588,0.9852742551942427,0.0050933786078098476,0.024893643749550717,587,3,1,0.9982993197278912,0.9949152542372881,0.9966044142614601,295.9999999999915,4.960548885080455,7.3882759102700755,-0.03430531732429679,7.39454078995333,583,828.6541737649063,827.2320819112628,-1.4220918536435647,1.4220918536435647,-0.1716146371631044,79.17687458943618,82.55280037244938,3.3759257830132015,3.3759257830132015,4.263777524079764,38.07187382821857,45.047818847375716,6.975945019157145,6.975945019157145,18.323093448546338,16.723549488054605,19.31623931623932,2.5926898281847137,2.5926898281847137,15.503226931798393,38.1043998440733,45.08636861165589,6.981968767582593,6.981968767582593,18.323261345549202,26.943879522787856,31.88087698437819,4.936997461590334,4.936997461590334,18.323261345549202,108.68294390457089,112.31001460855529,3.6270707039844012,3.6270707039844012,3.3372952311350272,0.24791267658746843,0.2838649526980797,0.035952276110611275,0.035952276110611275,14.501991832566338,1.2387984281449955,1.166120746225882,-0.0726776819191135,0.0726776819191135,-5.866788354578612,1.3550773299749495,1.292450380342899,-0.0626269496320504,0.0626269496320504,-4.6216513439279625,2699.726698279838,2866.847034060201,167.12033578036335,167.12033578036335,6.19026866263337,425.9870128496739,565.1612162063896,139.17420335671568,139.17420335671568,32.67099680473797,6.337579824839734,5.0726181341737115,-1.2649616906660226,1.2649616906660226,-19.959696376652914,True
s12_sit,msptdfast,MSPTDfast v2,mid_upslope,none,1.0,100.0,True,False,590,589,0.9878169245966414,0.001697792869269949,0.02453953325682512,588,2,1,0.99830220713073,0.9966101694915255,0.9974554707379135,282.82961614186297,3.091058328345518,3.99746735643223,0.03243122808562328,4.000750865417251,586,824.5136054421769,823.9653226332472,-0.5482828089296845,0.5482828089296845,-0.06649772730380198,41.7104665198361,43.00742601640591,1.296959496569805,1.296959496569805,3.109434165530166,21.879178841546043,27.448965979108067,5.569787137562024,5.569787137562024,25.457020932548158,1.362862010221465,1.8739352640545146,0.5110732538330496,0.5110732538330496,37.500000000000014,21.897806997768605,27.47225239500892,5.574445397240314,5.574445397240314,25.456637725450555,15.484087821236415,19.42581596297918,3.9417281417427645,3.9417281417427645,25.45663772545056,56.91896923652936,57.63605693735232,0.7170877008229652,0.7170877008229652,1.259839576228225,0.2720373898004299,0.3370427644641639,0.06500537466373402,0.06500537466373402,23.895750033266673,1.4161534721948008,1.4271163556401458,0.010962883445345017,0.010962883445345017,0.7741310289169706,1.3409288086865765,1.2075934476044763,-0.1333353610821002,0.1333353610821002,-9.943507829673715,449.15597317788973,484.2177063247713,35.06173314688158,35.06173314688158,7.806137564822111,41.95531463575461,96.21398562689949,54.258670991144875,54.258670991144875,129.32490546717352,10.705579902745287,5.032716430670281,-5.672863472075005,5.672863472075005,-52.989782184711764,False
s12_sit,msptdfast,MSPTDfast v2,mid_upslope,none,1.0,100.0,False,False,590,589,0.9878169245966414,0.001697792869269949,0.02170286878432157,588,2,1,0.99830220713073,0.9966101694915255,0.9974554707379135,283.9999999999916,4.597269624575272,5.809842184741969,0.023890784982888786,5.814756578455147,586,824.5136054421769,823.9625850340136,-0.5510204081632537,0.5510204081632537,-0.06682975326619965,41.7104665198361,43.128649056702095,1.4181825368659915,1.4181825368659915,3.400063953232341,21.879178841546043,27.899185751341697,6.020006909795654,6.020006909795654,27.514775364257975,1.362862010221465,3.577512776831346,2.214650766609881,2.214650766609881,162.50000000000003,21.897806997768605,27.922850229560833,6.025043231792228,6.025043231792228,27.51436813926702,15.484087821236415,19.74443674737881,4.260348926142395,4.260348926142395,27.51436813926701,56.91896923652936,57.7089070806327,0.789937844103342,0.789937844103342,1.3878287936324347,0.2720373898004299,0.34213846260840225,0.07010107280797234,0.07010107280797234,25.76891097925891,1.4161534721948008,1.9401279292830453,0.5239744570882445,0.5239744570882445,36.9998356376002,1.3409288086865765,1.196856580312165,-0.14407222837441158,0.14407222837441158,-10.744211582382855,449.15597317788973,484.1673838296303,35.01141065174056,35.01141065174056,7.794933774124423,41.95531463575461,102.30112578832818,60.34581115257357,60.34581115257357,143.83353259647933,10.705579902745287,4.732766918239235,-5.972812984506052,5.972812984506052,-55.79158755308914,False
s12_sit,msptdfast,MSPTDfast v2,mid_upslope,none,1.0,50.0,True,False,589,589,0.9878169245966414,0.0,0.035585709581842775,588,1,1,0.99830220713073,0.99830220713073,0.99830220713073,282.96364558880305,3.0915810878170413,4.004152938379731,0.027394968119163653,4.007474200549414,587,824.5136054421769,824.4243584773637,-0.08924696481312822,0.08924696481312822,-0.010824195528619098,41.7104665198361,41.8634175554785,0.15295103564239554,0.15295103564239554,0.3666970149318688,21.879178841546043,21.391411814308043,-0.48776702723800014,0.48776702723800014,-2.229366242538256,1.362862010221465,1.7035775127768313,0.3407155025553663,0.3407155025553663,25.000000000000004,21.897806997768605,21.409416655214144,-0.48839034255446023,0.48839034255446023,-2.2303162257491236,15.484087821236415,15.138743698150135,-0.3453441230862797,0.3453441230862797,-2.2303162257491236,56.91896923652936,57.235564975724756,0.3165957391953995,0.3165957391953995,0.5562218421064015,0.2720373898004299,0.2644988951287702,-0.0075384946716597345,0.0075384946716597345,-2.7711244682909473,1.4161534721948008,1.4443386258642852,0.028185153669484375,0.028185153669484375,1.9902612409516678,1.3409288086865765,1.355308622180583,0.014379813494006521,0.014379813494006521,1.0723771016666706,449.15597317788973,455.64193153233765,6.4859583544479165,6.4859583544479165,1.4440325280677344,41.95531463575461,44.53458676188456,2.5792721261299505,2.5792721261299505,6.147664839419121,10.705579902745287,10.23119253286311,-0.47438736988217656,0.47438736988217656,-4.43121600316604,False
s12_sit,msptdfast,MSPTDfast v2,mid_upslope,none,1.0,50.0,False,False,589,589,0.9878169245966414,0.0,0.031430568817195775,588,1,1,0.99830220713073,0.99830220713073,0.99830220713073,283.00000000002234,7.614991482112767,9.262038071255054,0.0306643952299206,9.26988666082662,587,824.5136054421769,824.421768707483,-0.09183673469385667,0.09183673469385667,-0.011138292211030977,41.7104665198361,42.63276489817372,0.9222983783376151,0.9222983783376151,2.211191711075686,21.879178841546043,25.349347877597353,3.4701690360513098,3.4701690360513098,15.860599984958569,1.362862010221465,3.9182282793867125,2.5553662691652477,2.5553662691652477,187.50000000000006,21.897806997768605,25.370761540838032,3.4729545430694273,3.4729545430694273,15.859828079694568,15.484087821236415,17.939837529393436,2.455749708157022,2.455749708157022,15.859828079694582,56.91896923652936,57.56098952541446,0.6420202888851065,0.6420202888851065,1.1279548760223717,0.2720373898004299,0.31166659359586923,0.03962920379543933,0.03962920379543933,14.567557725984585,1.4161534721948008,1.3879449804767743,-0.02820849171802653,0.02820849171802653,-1.991909229605467,1.3409288086865765,1.2585175833087479,-0.08241122537782863,0.08241122537782863,-6.1458315194636945,449.15597317788973,453.85144048498563,4.695467307095896,4.695467307095896,1.0453979435861227,41.95531463575461,67.0300759586006,25.074761322845994,25.074761322845994,59.765399307665085,10.705579902745287,6.770862691029849,-3.934717211715438,3.934717211715438,-36.75389140485924,False
s12_sit,msptdfast,MSPTDfast v2,mid_upslope,none,1.0,30.0,True,False,589,589,0.9878169245966414,0.0,0.04827277329601007,588,1,1,0.99830220713073,0.99830220713073,0.99830220713073,283.2393291795038,3.042920674961612,3.933675718831319,0.025300900318788185,3.936949230430363,587,824.5136054421769,824.4370139659173,-0.076591476259523,0.076591476259523,-0.009289291984266033,41.7104665198361,41.83970130705637,0.1292347872202697,0.1292347872202697,0.3098377889367647,21.879178841546043,21.3654702847526,-0.5137085567934427,0.5137085567934427,-2.3479334417156887,1.362862010221465,1.362862010221465,0.0,0.0,0.0,21.897806997768605,21.38352684239665,-0.5142801553719565,0.5142801553719565,-2.348546388340905,15.484087821236415,15.120436835943233,-0.36365098529318196,0.36365098529318196,-2.3485463883409063,56.91896923652936,57.20571300855921,0.28674377202985113,0.28674377202985113,0.5037754124433884,0.2720373898004299,0.264316901944407,-0.007720487856022917,0.007720487856022917,-2.838024530998024,1.4161534721948008,1.4507577592434913,0.03460428704869045,0.03460428704869045,2.443540741037029,1.3409288086865765,1.354968826822027,0.014040018135450527,0.014040018135450527,1.047036803482696,449.15597317788973,455.4404288786533,6.284455700763544,6.284455700763544,1.3991700157741338,41.95531463575461,44.55973974557958,2.604425109824966,2.604425109824966,6.207616680832747,10.705579902745287,10.22089517306559,-0.4846847296796959,0.4846847296796959,-4.527402850502341,False
s12_sit,msptdfast,MSPTDfast v2,mid_upslope,none,1.0,30.0,False,False,589,589,0.9878169245966414,0.0,0.04374505268391219,588,1,1,0.99830220713073,0.99830220713073,0.99830220713073,283.33333333332155,11.608177172060575,14.14350078387869,0.030664395229914404,14.155530203318929,587,824.5136054421769,824.4331065759636,-0.08049886621324731,0.08049886621324731,-0.009763194407213781,41.7104665198361,43.87703146047879,2.1665649406426866,2.1665649406426866,5.194295632278149,21.879178841546043,31.31299253981088,9.433813698264839,9.433813698264839,43.117768571602475,1.362862010221465,9.369676320272573,8.006814310051109,8.006814310051109,587.5000000000001,21.897806997768605,31.339492583518734,9.441685585750129,9.441685585750129,43.117037184190366,15.484087821236415,22.160367724751612,6.676279903515198,6.676279903515198,43.11703718419037,56.91896923652936,57.959519337823,1.0405501012936398,1.0405501012936398,1.8281253424839559,0.2720373898004299,0.382342158422461,0.11030476862203109,0.11030476862203109,40.547649976700654,1.4161534721948008,1.0568592483957273,-0.3592942237990735,0.3592942237990735,-25.371136028231998,1.3409288086865765,1.1702261313056557,-0.17070267738092082,0.17070267738092082,-12.730181966045015,449.15597317788973,452.86296700634347,3.706993828453733,3.706993828453733,0.8253243972747003,41.95531463575461,82.30592206857504,40.35060743282043,40.35060743282043,96.17519921643816,10.705579902745287,5.502191769737181,-5.203388133008105,5.203388133008105,-48.60444908429271,False
s12_sit,msptdfast,MSPTDfast v2,mid_upslope,none,1.0,25.0,True,False,589,589,0.9878169245966414,0.0,0.035093999011767026,588,1,1,0.99830220713073,0.99830220713073,0.99830220713073,283.474432391723,3.1692190369028097,4.02833330164665,0.025634812831798026,4.031687345400797,587,824.5136054421769,824.408930306942,-0.1046751352348565,0.1046751352348565,-0.01269537998450862,41.7104665198361,41.93808531725075,0.22761879741464952,0.22761879741464952,0.5457114638274344,21.879178841546043,21.798306367448625,-0.08087247409741849,0.08087247409741849,-0.36963212688700625,1.362862010221465,1.7035775127768313,0.3407155025553663,0.3407155025553663,25.000000000000004,21.897806997768605,21.816620826426593,-0.08118617134201145,0.08118617134201145,-0.3707502369999167,15.484087821236415,15.426680528941906,-0.05740729229450814,0.05740729229450814,-0.37075023699990955,56.91896923652936,57.267997415764164,0.3490281792348071,0.3490281792348071,0.6132018620794145,0.2720373898004299,0.26937698583983316,-0.0026604039605967467,0.0026604039605967467,-0.9779552592194966,1.4161534721948008,1.4698137558416353,0.053660283646834506,0.053660283646834506,3.789157368916382,1.3409288086865765,1.3480946590448197,0.007165850358243242,0.007165850358243242,0.5343945414419208,449.15597317788973,454.82526069386205,5.669287515972314,5.669287515972314,1.2622090887182689,41.95531463575461,45.19900726411329,3.24369262835868,3.24369262835868,7.731303308101954,10.705579902745287,10.062726777076367,-0.6428531256689194,0.6428531256689194,-6.004841694788242,False
s12_sit,msptdfast,MSPTDfast v2,mid_upslope,none,1.0,25.0,False,False,589,589,0.9878169245966414,0.0,0.03148989957199904,588,1,1,0.99830220713073,0.99830220713073,0.99830220713073,284.00000000001035,13.795570698468797,16.80208472503853,0.030664395229921183,16.816386858181424,587,824.5136054421769,824.421768707483,-0.09183673469385667,0.09183673469385667,-0.011138292211030977,41.7104665198361,44.723328948465195,3.0128624286290915,3.0128624286290915,7.22327674564914,21.879178841546043,34.39424697347392,12.515068131927876,12.515068131927876,57.200812802732806,1.362862010221465,6.303236797274275,4.94037478705281,4.94037478705281,362.49999999999994,21.897806997768605,34.42331084496317,12.525503847194564,12.525503847194564,57.19980931638916,15.484087821236415,24.340956529365883,8.856868708129468,8.856868708129468,57.19980931638918,56.91896923652936,58.3769658315741,1.4579965950447402,1.4579965950447402,2.5615302149727435,0.2720373898004299,0.41696165915153977,0.14492426935110986,0.14492426935110986,53.273658248753286,1.4161534721948008,0.9684056972154832,-0.4477477749793176,0.4477477749793176,-31.617178771265763,1.3409288086865765,1.1312292351016413,-0.20969957358493518,0.20969957358493518,-15.638382308329504,449.15597317788973,453.52223180515045,4.36625862726072,4.36625862726072,0.9721029860447717,41.95531463575461,123.62091525176434,81.66560061600973,81.66560061600973,194.64900054977477,10.705579902745287,3.668652920757903,-7.036926981987383,7.036926981987383,-65.73139471111573,False
s12_sit,msptdfast,MSPTDfast v2,mid_upslope,none,1.0,500.0,True,False,589,589,0.9878169245966414,0.0017006802721088435,0.02520911261055962,588,1,1,0.99830220713073,0.99830220713073,0.99830220713073,282.7719008234292,3.11882954334902,4.057026416408572,0.04461614790096746,4.0602469352026365,586,824.5136054421769,824.0600384543205,-0.453566987856334,0.453566987856334,-0.05501024905624103,41.7104665198361,42.987835345578276,1.2773688257421725,1.2773688257421725,3.0624659283892175,21.879178841546043,27.373164298520948,5.4939854569749045,5.4939854569749045,25.110565148553285,1.362862010221465,1.877133105802048,0.5142710955805829,0.5142710955805829,37.73464163822527,21.897806997768605,27.39652490137819,5.498717903609585,5.498717903609585,25.110815453665776,15.484087821236415,19.372268538710628,3.8881807174742136,3.8881807174742136,25.110815453665772,56.91896923652936,57.624848694475375,0.7058794579460184,0.7058794579460184,1.2401479988379696,0.2720373898004299,0.33617907860238583,0.06414168880195592,0.06414168880195592,23.578262109120764,1.4161534721948008,1.4265800188077662,0.010426546612965382,0.010426546612965382,0.7362582387914482,1.3409288086865765,1.2849271343444932,-0.05600167434208325,0.05600167434208325,-4.176334640534438,449.15597317788973,484.2871894601619,35.13121628227219,35.13121628227219,7.8216072768018945,41.95531463575461,97.30343102451349,55.348116388758875,55.348116388758875,131.9215857854414,10.705579902745287,4.977082353223046,-5.728497549522241,5.728497549522241,-53.509455831096574,True
s12_sit,msptdfast,MSPTDfast v2,mid_upslope,none,1.0,500.0,False,False,589,589,0.9878169245966414,0.0017006802721088435,0.022365014816596005,588,1,1,0.99830220713073,0.99830220713073,0.99830220713073,282.0000000000201,3.1296928327653766,4.149920843029082,0.044368600682596376,4.153228878049964,586,824.5136054421769,824.0579216354345,-0.4556838067423996,0.4556838067423996,-0.055266984526958995,41.7104665198361,43.01412639346698,1.3036598736308775,1.3036598736308775,3.1254981840370943,21.879178841546043,27.481299878342764,5.602121036796721,5.602121036796721,25.604804811773544,1.362862010221465,2.04778156996587,0.6849195597444051,0.6849195597444051,50.25597269624573,21.897806997768605,27.504756928315224,5.6069499305466195,5.6069499305466195,25.605075116051438,15.484087821236415,19.448800138899372,3.9647123176629577,3.9647123176629577,25.605075116051445,56.91896923652936,57.638305942692774,0.7193367061634177,0.7193367061634177,1.2637908166857017,0.2720373898004299,0.3374283789366824,0.06539098913625252,0.06539098913625252,24.03750057454388,1.4161534721948008,1.3745800530129983,-0.04157341918180246,0.04157341918180246,-2.9356577516538955,1.3409288086865765,1.2813907528523085,-0.05953805583426797,0.05953805583426797,-4.44006090767673,449.15597317788973,484.6237283876952,35.46775520980549,35.46775520980549,7.896534239289381,41.95531463575461,98.3135107107787,56.35819607502409,56.35819607502409,134.32909886223388,10.705579902745287,4.929370590918823,-5.776209311826464,5.776209311826464,-53.95512773992972,True
s13_sit,msptdfast,MSPTDfast v2,mid_upslope,none,1.0,100.0,True,False,604,603,0.9854401221945752,0.001658374792703151,0.02177380453847163,602,2,1,0.9983416252072969,0.9966887417218543,0.9975144987572493,268.4424355137188,6.015345635880268,10.78660126491045,-0.013685985454255273,10.795592661366651,600,807.3421926910299,806.7191714380192,-0.6230212530107337,0.6230212530107337,-0.0771694157261968,58.78134995052536,60.30695279688813,1.5256028463627729,1.5256028463627729,2.5953858624322694,34.59256554062295,37.36719221155371,2.7746266709307577,2.7746266709307577,8.020875663796723,15.640599001663894,15.806988352745424,0.16638935108153063,0.16638935108153063,1.0638297872340416,34.62087828945272,37.397400412993036,2.7765221235403175,2.7765221235403175,8.019791122359214,24.480657809106138,26.443955430775972,1.9632976216698346,1.9632976216698346,8.019791122359226,79.44300848561632,81.08374888019992,1.6407403945836023,1.6407403945836023,2.065304959945807,0.30815371013471277,0.3261313863255945,0.017977676190881753,0.017977676190881753,5.833996346505974,1.593039902160245,1.5247461314040451,-0.06829377075619991,0.06829377075619991,-4.287009425413011,1.1711667929000436,1.0890452052939952,-0.08212158760604837,0.08212158760604837,-7.011946385766187,797.2031842286465,845.0438315446519,47.8406473160054,47.8406473160054,6.001060741157826,313.4985263042611,384.0187056558048,70.52017935154373,70.52017935154373,22.4945808144251,2.5429248220928904,2.2005277844513724,-0.34239703764151797,0.34239703764151797,-13.46469367347308,False
s13_sit,msptdfast,MSPTDfast v2,mid_upslope,none,1.0,100.0,False,False,604,603,0.9854401221945752,0.001658374792703151,0.02211804340882308,602,2,1,0.9983416252072969,0.9966887417218543,0.9975144987572493,268.00000000005673,7.220000000001716,11.728029104103214,-0.006666666666649045,11.737812799002274,600,807.3421926910299,806.7275747508305,-0.6146179401994232,0.6146179401994232,-0.07612855438048902,58.78134995052536,60.434551200456085,1.6532012499307243,1.6532012499307243,2.8124588008308384,34.59256554062295,38.03405077430897,3.4414852336860235,3.4414852336860235,9.948626763876758,15.640599001663894,16.139767054908486,0.4991680532445919,0.4991680532445919,3.191489361702125,34.62087828945272,38.06480010731817,3.4439218178654514,3.4439218178654514,9.947528739947206,24.480657809106138,26.915878280395102,2.4352204712889645,2.4352204712889645,9.947528739947211,79.44300848561632,81.1184655549897,1.6754570693733797,1.6754570693733797,2.1090050607495967,0.30815371013471277,0.3318095096627413,0.023655799528028543,0.023655799528028543,7.676623305196342,1.593039902160245,1.3547733408695124,-0.23826656129073265,0.23826656129073265,-14.95672273918756,1.1711667929000436,1.0822529524966464,-0.08891384040339712,0.08891384040339712,-7.591902446553206,797.2031842286465,845.0235521107629,47.82036788211644,47.82036788211644,5.998516918668133,313.4985263042611,391.4747335006821,77.976207196421,77.976207196421,24.872910286264766,2.5429248220928904,2.1585647292082277,-0.38436009288466266,0.38436009288466266,-15.114882262556419,False
s13_sit,msptdfast,MSPTDfast v2,mid_upslope,none,1.0,50.0,True,False,603,603,0.9854401221945752,0.0,0.03156211968202349,602,1,1,0.9983416252072969,0.9983416252072969,0.9983416252072969,268.88749028685686,6.0224090910831505,10.805319180648052,0.00831357896688186,10.814316663689494,601,807.3421926910299,807.114251012244,-0.22794167878589633,0.22794167878589633,-0.028233589282150855,58.78134995052536,59.06195971056524,0.28060976003988003,0.28060976003988003,0.47737889700740377,34.59256554062295,34.916704221381636,0.32413868075868635,0.32413868075868635,0.9370183323871768,15.640599001663894,15.806988352745424,0.16638935108153063,0.16638935108153063,1.0638297872340416,34.62087828945272,34.94476788829964,0.32388959884691815,0.32388959884691815,0.9355325885698036,24.480657809106138,24.709682340806587,0.22902453170044978,0.22902453170044978,0.9355325885698174,79.44300848561632,79.78760410189852,0.3445956162822057,0.3445956162822057,0.43376456009290865,0.30815371013471277,0.3096932489569345,0.001539538822221742,0.001539538822221742,0.49960093667173955,1.593039902160245,1.5313593640023409,-0.0616805381579042,0.0616805381579042,-3.871876534559001,1.1711667929000436,1.1184687128129087,-0.052698080087134835,0.052698080087134835,-4.499622120999848,797.2031842286465,808.1173611660629,10.914176937416414,10.914176937416414,1.3690583722362692,313.4985263042611,347.57083630152647,34.07230999726539,34.07230999726539,10.86841153575218,2.5429248220928904,2.325043636471849,-0.21788118562104142,0.21788118562104142,-8.56813318774087,False
s13_sit,msptdfast,MSPTDfast v2,mid_upslope,none,1.0,50.0,False,False,603,603,0.9854401221945752,0.0,0.034423714616764446,602,1,1,0.9983416252072969,0.9983416252072969,0.9983416252072969,270.00000000000944,9.34775374376142,13.778132617882411,-0.0033277870216126453,13.78960921276325,601,807.3421926910299,807.109634551495,-0.23255813953494453,0.23255813953494453,-0.028805398954783054,58.78134995052536,59.45916486454116,0.6778149140157979,0.6778149140157979,1.1531121938953357,34.59256554062295,37.135359723095476,2.5427941824725266,2.5427941824725266,7.350695569215464,15.640599001663894,17.13810316139767,1.4975041597337757,1.4975041597337757,9.574468085106375,34.62087828945272,37.16533789088313,2.544459601430411,2.544459601430411,7.34949466087226,24.480657809106138,26.279862447732803,1.7992046386266658,1.7992046386266658,7.349494660872269,79.44300848561632,79.87586245234297,0.432853966726654,0.432853966726654,0.5448609952945388,0.30815371013471277,0.3290088099319414,0.02085509979722866,0.02085509979722866,6.76775878768801,1.593039902160245,1.768960554263249,0.1759206521030039,0.1759206521030039,11.043078824607365,1.1711667929000436,1.1144289518279675,-0.05673784107207602,0.05673784107207602,-4.84455684843845,797.2031842286465,803.2710117687693,6.067827540122835,6.067827540122835,0.7611394008660302,313.4985263042611,352.7949837461844,39.29645744192334,39.29645744192334,12.534814088339536,2.5429248220928904,2.2768776450253507,-0.26604717706753966,0.26604717706753966,-10.462250977933993,False
s13_sit,msptdfast,MSPTDfast v2,mid_upslope,none,1.0,30.0,True,False,603,603,0.9854401221945752,0.0,0.049028245177704724,602,1,1,0.9983416252072969,0.9983416252072969,0.9983416252072969,269.4699164847345,6.0771597416291305,10.831559906378502,0.0031971948342239486,10.840581976215596,601,807.3421926910299,807.0971765881031,-0.24501610292679743,0.24501610292679743,-0.030348482359148193,58.78134995052536,59.050666289026886,0.26931633850152537,0.26931633850152537,0.45816630398621583,34.59256554062295,34.9370573663462,0.344491825723253,0.344491825723253,0.9958550929641437,15.640599001663894,15.973377703826955,0.33277870216306127,0.33277870216306127,2.1276595744680833,34.62087828945272,34.96510621469817,0.3442279252454483,0.3442279252454483,0.9942784303953307,24.480657809106138,24.724063709320973,0.2434059002148352,0.2434059002148352,0.9942784303953419,79.44300848561632,79.7664281013853,0.3234196157689837,0.3234196157689837,0.40710897275188285,0.30815371013471277,0.3099557583034308,0.00180204816871804,0.00180204816871804,0.5847887302509696,1.593039902160245,1.5396606656618166,-0.05337923649842846,0.05337923649842846,-3.35077837196943,1.1711667929000436,1.11945383655366,-0.05171295634638362,0.05171295634638362,-4.4155073948375865,797.2031842286465,807.0738336730294,9.870649444382934,9.870649444382934,1.2381598116587458,313.4985263042611,345.7733050252826,32.274778721021505,32.274778721021505,10.295033632693292,2.5429248220928904,2.334112616397663,-0.20881220569522752,0.20881220569522752,-8.211497401774146,False
s13_sit,msptdfast,MSPTDfast v2,mid_upslope,none,1.0,30.0,False,False,603,603,0.9854401221945752,0.0,0.04929509004487738,602,1,1,0.9983416252072969,0.9983416252072969,0.9983416252072969,270.66666666664594,12.564614531337252,16.804136335032048,-0.003327787021610186,16.81813362228396,601,807.3421926910299,807.0874861572536,-0.254706533776357,0.254706533776357,-0.03154877028380867,58.78134995052536,60.30035215690011,1.5190022063747506,1.5190022063747506,2.5841567225884616,34.59256554062295,41.39819218443928,6.805626643816332,6.805626643816332,19.67366842399795,15.640599001663894,20.965058236272878,5.324459234608984,5.324459234608984,34.042553191489354,34.62087828945272,41.43174669935709,6.810868409904373,6.810868409904373,19.672719891624787,24.480657809106138,29.29666904751876,4.816011238412621,4.816011238412621,19.67271989162479,79.44300848561632,80.08726567446595,0.644257188849636,0.644257188849636,0.8109677630930644,0.30815371013471277,0.3658093306194539,0.057655620484741155,0.057655620484741155,18.710019898685097,1.593039902160245,1.3229584859480799,-0.2700814162121652,0.2700814162121652,-16.953838748541123,1.1711667929000436,1.0437022511402951,-0.12746454175974842,0.12746454175974842,-10.883551560074606,797.2031842286465,793.5115117914238,-3.691672437222678,3.691672437222678,-0.4630779844155598,313.4985263042611,375.7143947296377,62.21586842537664,62.21586842537664,19.84566535569421,2.5429248220928904,2.11200721325152,-0.4309176088413702,0.4309176088413702,-16.945747082161645,False
s13_sit,msptdfast,MSPTDfast v2,mid_upslope,none,1.0,25.0,True,False,604,603,0.9854401221945752,0.001658374792703151,0.032120999729505835,602,2,1,0.9983416252072969,0.9966887417218543,0.9975144987572493,269.91912130169607,6.14531021548278,10.849323240015686,-0.009784163283009283,10.858371244342306,600,807.3421926910299,806.6864162921896,-0.6557763988403167,0.6557763988403167,-0.08122657341300166,58.78134995052536,60.09434006381649,1.3129901132911286,1.3129901132911286,2.2336848582011744,34.59256554062295,37.87689443205097,3.284328891428018,3.284328891428018,9.494320065885674,15.640599001663894,15.640599001663894,0.0,0.0,0.0,34.62087828945272,37.90757816192372,3.2866998724710044,3.2866998724710044,9.493404081179246,24.480657809106138,26.804705576655348,2.32404776754921,2.32404776754921,9.493404081179255,79.44300848561632,80.64841706047342,1.2054085748571026,1.2054085748571026,1.5173249324707407,0.30815371013471277,0.3323649310631367,0.024211220928423927,0.024211220928423927,7.856864977494423,1.593039902160245,1.5510255157552646,-0.04201438640498045,0.04201438640498045,-2.6373718792609497,1.1711667929000436,1.0736952369178316,-0.09747155598221191,0.09747155598221191,-8.322602431448113,797.2031842286465,838.822002154451,41.61881792580448,41.61881792580448,5.220603573739333,313.4985263042611,425.4256048431521,111.92707853889101,111.92707853889101,35.7025852269117,2.5429248220928904,1.9717242982206296,-0.5712005238722608,0.5712005238722608,-22.462344105090317,False
s13_sit,msptdfast,MSPTDfast v2,mid_upslope,none,1.0,25.0,False,False,604,603,0.9854401221945752,0.001658374792703151,0.03156645561841577,602,2,1,0.9983416252072969,0.9966887417218543,0.9975144987572493,271.9999999999667,14.876666666666036,19.906950210080126,-0.003333333333332386,19.92355982119526,600,807.3421926910299,806.7109634551495,-0.6312292358804825,0.6312292358804825,-0.07818608287725823,58.78134995052536,62.38850564546442,3.6071556949390597,3.6071556949390597,6.136564910426697,34.59256554062295,47.84890250446404,13.256336963841093,13.256336963841093,38.32134667280989,15.640599001663894,18.63560732113145,2.995008319467555,2.995008319467555,19.14893617021277,34.62087828945272,47.888018757757976,13.267140468305257,13.267140468305257,38.32121287444953,24.480657809106138,33.861942801199255,9.381284992093118,9.381284992093118,38.32121287444954,79.44300848561632,81.47404557941505,2.03103709379873,2.03103709379873,2.5565963984942273,0.30815371013471277,0.4156163175694162,0.10746260743470343,0.10746260743470343,34.87305325245799,1.593039902160245,1.291956944038188,-0.3010829581220571,0.3010829581220571,-18.899900605990656,1.1711667929000436,0.9752119108020623,-0.1959548820979813,0.1959548820979813,-16.731594789565175,797.2031842286465,807.5232440880973,10.320059859450794,10.320059859450794,1.2945331960052595,313.4985263042611,479.9628049033907,166.4642785991296,166.4642785991296,53.098903067113724,2.5429248220928904,1.6824704661242231,-0.8604543559686673,0.8604543559686673,-33.83719205904372,False
s13_sit,msptdfast,MSPTDfast v2,mid_upslope,none,1.0,500.0,True,False,604,603,0.9854401221945752,0.003316749585406302,0.02274000394206196,602,2,1,0.9983416252072969,0.9966887417218543,0.9975144987572493,268.6674728273162,6.042576593549583,10.822731892759728,-0.010030633878760168,10.83177256764183,599,807.3421926910299,806.3213121395194,-1.0208805515105723,1.0208805515105723,-0.1264495477571632,58.78134995052536,60.69452776086517,1.9131778103398105,1.9131778103398105,3.254736088827629,34.59256554062295,40.696103739796406,6.103538199173457,6.103538199173457,17.644074973294227,15.640599001663894,16.333333333333332,0.6927343316694383,0.6927343316694383,4.4290780141843875,34.62087828945272,40.72954306037483,6.108664770922111,6.108664770922111,17.644453499561045,24.480657809106138,28.800136092620534,4.319478283514396,4.319478283514396,17.644453499561063,79.44300848561632,80.85915879648638,1.4161503108700657,1.4161503108700657,1.7825990453602587,0.30815371013471277,0.35617654847371477,0.048022838339002005,0.048022838339002005,15.58405326939218,1.593039902160245,1.5256079735166812,-0.06743192864356384,0.06743192864356384,-4.232908953010068,1.1711667929000436,1.0880032430246507,-0.08316354987539287,0.08316354987539287,-7.100914265974301,797.2031842286465,839.8991678730928,42.6959836444463,42.6959836444463,5.355721664077126,313.4985263042611,382.8389917250558,69.34046542079471,69.34046542079471,22.11827476136121,2.5429248220928904,2.193870493934131,-0.3490543281587595,0.3490543281587595,-13.726490265311071,True
s13_sit,msptdfast,MSPTDfast v2,mid_upslope,none,1.0,500.0,False,False,604,603,0.9854401221945752,0.003316749585406302,0.02228566677371172,602,2,1,0.9983416252072969,0.9966887417218543,0.9975144987572493,268.00000000005673,6.023372287148533,10.84293697006941,-0.006677796327187157,10.851997125879393,599,807.3421926910299,806.3227953410982,-1.0193973499317508,1.0193973499317508,-0.12626583364036748,58.78134995052536,60.68659074435721,1.905240793831851,1.905240793831851,3.2412334787061536,34.59256554062295,40.72010150609662,6.127535965473669,6.127535965473669,17.713447585371902,15.640599001663894,16.333333333333332,0.6927343316694383,0.6927343316694383,4.4290780141843875,34.62087828945272,40.7535693067626,6.132691017309881,6.132691017309881,17.713851641881107,24.480657809106138,28.817125214367785,4.336467405261647,4.336467405261647,17.713851641881124,79.44300848561632,80.84118929559148,1.398180809975159,1.398180809975159,1.7599796843397602,0.30815371013471277,0.3564658742092414,0.04831216407452865,0.04831216407452865,15.677943339837922,1.593039902160245,1.4566422463643016,-0.13639765579594343,0.13639765579594343,-8.562099142085588,1.1711667929000436,1.0886301489533285,-0.082536643946715,0.082536643946715,-7.047385944263134,797.2031842286465,839.0770927039528,41.87390847530628,41.87390847530628,5.252601758712543,313.4985263042611,381.5374575530895,68.03893124882842,68.03893124882842,21.703110394463003,2.5429248220928904,2.1991997799775618,-0.3437250421153286,0.3437250421153286,-13.516917178559545,True
s14_sit,msptdfast,MSPTDfast v2,mid_upslope,none,1.0,100.0,True,False,443,444,0.987612517283219,0.0022624434389140274,0.0217191471866249,442,1,2,0.9954954954954955,0.9977426636568849,0.9966178128523112,292.06735994727563,12.641828469688905,22.009836580046283,0.07944362927252396,22.0347469335921,440,1116.6365688487585,1119.0044963059806,2.3679274572220947,2.3679274572220947,0.212058920805666,71.62004584881278,76.31471745115411,4.69467160234133,4.69467160234133,6.554968719583907,35.48105096210506,71.4299522186289,35.94890125652384,35.94890125652384,101.31859198567275,12.217194570135746,22.727272727272727,10.51007815713698,10.51007815713698,86.02693602693604,35.52124197797315,71.51121669444673,35.98997471647358,35.98997471647358,101.31958431743772,25.117311078793065,50.56606625554393,25.448755176750865,25.448755176750865,101.31958431743772,98.12228400798276,95.34644798176234,-2.775836026220418,2.775836026220418,-2.8289557813336157,0.25597968221723866,0.5303403254751147,0.274360643257876,0.274360643257876,107.18063280703593,1.3260453518123536,1.511531773448954,0.18548642163660034,0.18548642163660034,13.98793950622348,1.326210862860182,0.9130796911221255,-0.4131311717380566,0.4131311717380566,-31.151243237977578,2019.6338268699633,1945.0676427264934,-74.56618414346985,74.56618414346985,-3.6920645292930567,216.44998851203997,805.7164476130699,589.26645910103,589.26645910103,272.24139079510843,9.330718106079372,2.414084568446808,-6.916633537632563,6.916633537632563,-74.12755866160047,False
s14_sit,msptdfast,MSPTDfast v2,mid_upslope,none,1.0,100.0,False,False,443,444,0.987612517283219,0.0022624434389140274,0.023957504443836174,442,1,2,0.9954954954954955,0.9977426636568849,0.9966178128523112,291.9999999999906,13.163636363637558,22.321208830088313,0.07272727272730115,22.34649854229736,440,1116.6365688487585,1119.0022675736961,2.3656987249376016,2.3656987249376016,0.2118593274601972,71.62004584881278,76.5084813737609,4.888435524948122,4.888435524948122,6.825512978960423,35.48105096210506,71.99589634770295,36.514845385597894,36.514845385597894,102.91365220437513,12.217194570135746,24.772727272727273,12.555532702591528,12.555532702591528,102.76936026936028,35.52124197797315,72.07781726413126,36.55657528615811,36.55657528615811,102.91468780519267,25.117311078793065,50.96671336059202,25.84940228179895,25.84940228179895,102.91468780519266,98.12228400798276,95.4436460612098,-2.6786379467729518,2.6786379467729518,-2.729897671924382,0.25597968221723866,0.5339979711997392,0.2780182889825006,0.2780182889825006,108.60951407329225,1.3260453518123536,1.5149274128003398,0.1888820609879862,0.1888820609879862,14.24401214708338,1.326210862860182,0.9106255123811403,-0.41558535047904177,0.41558535047904177,-31.336295163709238,2019.6338268699633,1944.7572824751646,-74.87654439479866,74.87654439479866,-3.70743168383363,216.44998851203997,823.5331230441576,607.0831345321176,607.0831345321176,280.4727035124554,9.330718106079372,2.3614803437249083,-6.969237762354464,6.969237762354464,-74.69133332635673,False
s14_sit,msptdfast,MSPTDfast v2,mid_upslope,none,1.0,50.0,True,False,442,444,0.987612517283219,0.0,0.034417022408344974,441,1,3,0.9932432432432432,0.997737556561086,0.9954853273137697,292.3405743250889,12.10663779598721,19.74248211268159,0.015679068985660252,19.76505162406306,438,1116.6365688487585,1119.0123553253582,2.3757864765996146,2.3757864765996146,0.21276273255577036,71.62004584881278,76.33253861025224,4.712492761439464,4.712492761439464,6.5798516401223175,35.48105096210506,71.4966058844866,36.01555492238154,36.01555492238154,101.50644906445231,12.217194570135746,22.954545454545457,10.737350884409711,10.737350884409711,87.88720538720543,35.52124197797315,71.57796084672866,36.05671886875551,36.05671886875551,101.507483581555,25.117311078793065,50.61326149822703,25.495950419433967,25.495950419433967,101.50748358155501,98.12228400798276,95.34993792280825,-2.7723460851745045,2.7723460851745045,-2.8253990550698553,0.25597968221723866,0.5308158830601614,0.2748362008429227,0.2748362008429227,107.3664122333277,1.3260453518123536,1.4761380280870326,0.15009267627467904,0.15009267627467904,11.31881922963962,1.326210862860182,0.9128294549875549,-0.4133814078726272,0.4133814078726272,-31.17011174083624,2019.6338268699633,1946.2614310595422,-73.37239581042104,73.37239581042104,-3.6329553820225855,216.44998851203997,797.6176537103388,581.1676651982989,581.1676651982989,268.4997440718144,9.330718106079372,2.440093222618594,-6.890624883460778,6.890624883460778,-73.84881640536577,False
s14_sit,msptdfast,MSPTDfast v2,mid_upslope,none,1.0,50.0,False,False,442,444,0.987612517283219,0.0,0.03154034900953831,441,1,3,0.9932432432432432,0.997737556561086,0.9954853273137697,292.0000000000236,14.237442922373408,22.059280861943197,-0.02739726027392744,22.084488858249067,438,1116.6365688487585,1119.0022675736961,2.3656987249376016,2.3656987249376016,0.2118593274601972,71.62004584881278,77.558789985,5.938744136187225,5.938744136187225,8.292013870982,35.48105096210506,74.50442329760808,39.023372335503026,39.023372335503026,109.98369912205048,12.217194570135746,23.18181818181818,10.964623611682434,10.964623611682434,89.74747474747474,35.52124197797315,74.58917647663982,39.06793449866667,39.06793449866667,109.98470865093299,25.117311078793065,52.74251248975214,27.625201410959072,27.625201410959072,109.984708650933,98.12228400798276,96.17150921215188,-1.9507747958308812,1.9507747958308812,-1.9881057759236174,0.25597968221723866,0.5484213871844676,0.292441704967229,0.292441704967229,114.24410813942906,1.3260453518123536,1.9459101490553135,0.6198647972429598,0.6198647972429598,46.745369334145956,1.326210862860182,0.8939498551451212,-0.43226100771506093,0.43226100771506093,-32.59368625459922,2019.6338268699633,1980.6488460992405,-38.984980770722814,38.984980770722814,-1.9302994558742312,216.44998851203997,863.0375909318816,646.5876024198417,646.5876024198417,298.7237868963322,9.330718106079372,2.2949740160919254,-7.035744089987446,7.035744089987446,-75.4041008419636,False
s14_sit,msptdfast,MSPTDfast v2,mid_upslope,none,1.0,30.0,True,False,442,444,0.987612517283219,0.0,0.04915623223844236,441,1,3,0.9932432432432432,0.997737556561086,0.9954853273137697,292.80633446628525,12.425330519526478,20.138022164773535,0.023505105508366354,20.161036480378016,438,1116.6365688487585,1118.9976647525439,2.3610959037853263,2.3610959037853263,0.21144712341094052,71.62004584881278,76.37810136630739,4.758055517494611,4.758055517494611,6.643468963338403,35.48105096210506,71.45641042053231,35.97535945842725,35.97535945842725,101.39316193550785,12.217194570135746,23.18181818181818,10.964623611682434,10.964623611682434,89.74747474747474,35.52124197797315,71.53770771184307,36.01646573386992,36.01646573386992,101.39416227676911,25.117311078793065,50.58479823358542,25.46748715479235,25.46748715479235,101.39416227676914,98.12228400798276,95.43797422573107,-2.684309782251688,2.684309782251688,-2.73567804641941,0.25597968221723866,0.5300279961301528,0.2740483139129142,0.2740483139129142,107.05861947290857,1.3260453518123536,1.4690628789311722,0.14301752711881854,0.14301752711881854,10.785266651955105,1.326210862860182,0.9122911258831184,-0.41391973697706363,0.41391973697706363,-31.21070325757856,2019.6338268699633,1950.6618289941343,-68.97199787582895,68.97199787582895,-3.4150744039934224,216.44998851203997,811.4345079605932,594.9845194485533,594.9845194485533,274.8831374576199,9.330718106079372,2.403967060627975,-6.926751045451397,6.926751045451397,-74.23599091412176,False
s14_sit,msptdfast,MSPTDfast v2,mid_upslope,none,1.0,30.0,False,False,442,444,0.987612517283219,0.0,0.04597921176424152,441,1,3,0.9932432432432432,0.997737556561086,0.9954853273137697,293.9999999999763,17.820395738204514,24.701485154708603,-0.0273972602739155,24.729716362493917,438,1116.6365688487585,1118.9720332577476,2.3354644089890826,2.3354644089890826,0.20915170379892928,71.62004584881278,77.98181265508423,6.361766806271447,6.361766806271447,8.882662292203635,35.48105096210506,76.32665049481523,40.84559953271017,40.84559953271017,115.11947483273431,12.217194570135746,29.318181818181817,17.10098724804607,17.10098724804607,139.9747474747475,35.52124197797315,76.41349580977057,40.89225383179742,40.89225383179742,115.12056323130497,25.117311078793065,54.03250106125861,28.91518998246554,28.91518998246554,115.12056323130497,98.12228400798276,96.1395602185198,-1.982723789462952,1.982723789462952,-2.0206661611154986,0.25597968221723866,0.5620215126681023,0.30604183045086364,0.30604183045086364,119.5570788275061,1.3260453518123536,1.507086048914167,0.18104069710181347,0.18104069710181347,13.652677629341914,1.326210862860182,0.8857562317228886,-0.44045463113729344,0.44045463113729344,-33.21150832586183,2019.6338268699633,1949.9255151685243,-69.70831170143902,69.70831170143902,-3.4515321923218747,216.44998851203997,943.0773476619636,726.6273591499237,726.6273591499237,335.7021934466424,9.330718106079372,2.067619925346203,-7.263098180733169,7.263098180733169,-77.84072027640555,False
s14_sit,msptdfast,MSPTDfast v2,mid_upslope,none,1.0,25.0,True,False,442,444,0.987612517283219,0.0,0.03189898537918495,441,1,3,0.9932432432432432,0.997737556561086,0.9954853273137697,293.3584221723258,12.346904377917287,20.500789305526606,0.05979584907606957,20.52414487767558,438,1116.6365688487585,1118.9954243830668,2.3588555343083044,2.3588555343083044,0.2112464879007376,71.62004584881278,76.09086672345197,4.4708208746391875,4.4708208746391875,6.242415543934337,35.48105096210506,70.44689191110706,34.965840949002,34.965840949002,98.5479291082631,12.217194570135746,22.954545454545457,10.737350884409711,10.737350884409711,87.88720538720543,35.52124197797315,70.52703779350881,35.00579581553566,35.00579581553566,98.54890726299178,25.117311078793065,49.87014668079001,24.752835601996942,24.752835601996942,98.5489072629918,98.12228400798276,95.35517011409894,-2.767113893883817,2.767113893883817,-2.8200667380089706,0.25597968221723866,0.5229936312956811,0.26701394907844245,0.26701394907844245,104.31060260940535,1.3260453518123536,1.491397111600365,0.16535175978801142,0.16535175978801142,12.469540318664007,1.326210862860182,0.9182373889397073,-0.4079734739204748,0.4079734739204748,-30.76233842939696,2019.6338268699633,1946.4651642973718,-73.16866257259153,73.16866257259153,-3.6228677495458976,216.44998851203997,791.9830786937764,575.5330901817365,575.5330901817365,265.8965676728242,9.330718106079372,2.457710545416818,-6.873007560662554,6.873007560662554,-73.66000647028966,False
s14_sit,msptdfast,MSPTDfast v2,mid_upslope,none,1.0,25.0,False,False,442,444,0.987612517283219,0.0,0.034312827272509915,441,1,3,0.9932432432432432,0.997737556561086,0.9954853273137697,294.00000000001893,17.643835616440793,25.09961887320226,0.06392694063918375,25.128239060346605,438,1116.6365688487585,1119.0022675736961,2.3656987249376016,2.3656987249376016,0.2118593274601972,71.62004584881278,77.38277054141126,5.762724692598482,5.762724692598482,8.046245467034993,35.48105096210506,74.56540752923216,39.0843565671271,39.0843565671271,110.1555774344748,12.217194570135746,20.681818181818183,8.464623611682438,8.464623611682438,69.2845117845118,35.52124197797315,74.65023017228943,39.12898819431628,39.12898819431628,110.15658804548644,25.117311078793065,52.78568397196247,27.668372893169405,27.668372893169405,110.15658804548644,98.12228400798276,95.86374664565075,-2.2585373623320066,2.2585373623320066,-2.301757837341274,0.25597968221723866,0.5506323904393039,0.29465270822206524,0.29465270822206524,115.10784983786584,1.3260453518123536,1.342071217008707,0.016025865196353406,0.016025865196353406,1.2085457842335696,1.326210862860182,0.8966130097974452,-0.4295978530627369,0.4295978530627369,-32.39287696198187,2019.6338268699633,1960.3827744847106,-59.251052385252706,59.251052385252706,-2.9337522276045567,216.44998851203997,882.8630765192648,666.4130880072248,666.4130880072248,307.88317088321577,9.330718106079372,2.2204833644347493,-7.110234741644623,7.110234741644623,-76.2024386634507,False
s14_sit,msptdfast,MSPTDfast v2,mid_upslope,none,1.0,500.0,True,False,446,444,0.987612517283219,0.008988764044943821,0.02470965401358026,441,5,3,0.9932432432432432,0.9887892376681614,0.9910112359550561,292.05440611502166,11.909613546477397,19.479583104123783,-0.01654892355157286,19.502005069960465,435,1116.6365688487585,1117.8027814229642,1.1662125742057015,1.1662125742057015,0.1044397619368722,71.62004584881278,76.43194788068831,4.811902031875533,4.811902031875533,6.718652543218525,35.48105096210506,71.98709555462001,36.506044592514954,36.506044592514954,102.88884799806134,12.217194570135746,22.5,10.282805429864254,10.282805429864254,84.16666666666667,35.52124197797315,72.06843883600602,36.547196858032876,36.547196858032876,102.88828549603059,25.117311078793065,50.9600818104678,25.842770731674733,25.842770731674733,102.88828549603059,98.12228400798276,95.32447416871985,-2.7978098392629107,2.7978098392629107,-2.8513500960039764,0.25597968221723866,0.5345959917939945,0.27861630957675587,0.27861630957675587,108.843134409514,1.3260453518123536,1.479674754828407,0.15362940301605343,0.15362940301605343,11.585531581260222,1.326210862860182,0.9052879348468316,-0.4209229280133505,0.4209229280133505,-31.738763404905615,2019.6338268699633,1948.2022974485644,-71.43152942139886,71.43152942139886,-3.536855467117212,216.44998851203997,789.9577492747146,573.5077607626747,573.5077607626747,264.9608644958526,9.330718106079372,2.466210755242633,-6.864507350836739,6.864507350836739,-73.5689072673218,True
s14_sit,msptdfast,MSPTDfast v2,mid_upslope,none,1.0,500.0,False,False,446,444,0.987612517283219,0.008988764044943821,0.025125455007006522,441,5,3,0.9932432432432432,0.9887892376681614,0.9910112359550561,291.99999999999517,11.848275862070444,19.427909773337003,-0.01379310344837622,19.4502743776852,435,1116.6365688487585,1117.8004535147393,1.1638846659807314,1.1638846659807314,0.10423128692450805,71.62004584881278,76.42224866295744,4.802202814144664,4.802202814144664,6.705109941261324,35.48105096210506,71.97752174369163,36.49647078158657,36.49647078158657,102.86186511376457,12.217194570135746,22.272727272727273,10.055532702591528,10.055532702591528,82.30639730639733,35.52124197797315,72.05886551562845,36.53762353765531,36.53762353765531,102.86133452291004,25.117311078793065,50.95331245071035,25.836001371917284,25.836001371917284,102.86133452291006,98.12228400798276,95.31253921549927,-2.8097447924834853,2.8097447924834853,-2.8635134423235584,0.25597968221723866,0.5345919106772109,0.27861222845997224,0.27861222845997224,108.84154009673563,1.3260453518123536,1.4786924383221456,0.15264708650979197,0.15264708650979197,11.51145293041175,1.326210862860182,0.9058043821054618,-0.4204064807547203,0.4204064807547203,-31.699821840400833,2019.6338268699633,1949.4405070390671,-70.19331983089614,70.19331983089614,-3.475546848989058,216.44998851203997,787.0563313370625,570.6063428250225,570.6063428250225,263.6204079970569,9.330718106079372,2.4768754527739203,-6.853842653305452,6.853842653305452,-73.45461062466214,True
s15_sit,msptdfast,MSPTDfast v2,mid_upslope,none,1.0,100.0,True,False,678,685,0.9909656960708211,0.0014771048744460858,0.02193507523044908,677,1,8,0.9883211678832117,0.9985250737463127,0.9933969185619957,297.20183517786194,9.61120232922535,14.177863157476855,0.13676805778585266,14.187811180096865,669,707.5350877192982,713.7919291200919,6.256841400793746,6.256841400793746,0.8843153519018176,84.27689284429475,98.42187718718588,14.144984342891135,14.144984342891135,16.783941440537696,41.61040809092914,93.06455672801137,51.45414863708223,51.45414863708223,123.65691902045769,21.96193265007321,29.925925925925927,7.963993275852719,7.963993275852719,36.26271604938271,41.640353598933366,93.13331520532417,51.4929616063908,51.4929616063908,123.6612015890994,29.444176400811443,65.85519873606891,36.41102233525747,36.41102233525747,123.6612015890994,115.49125426219675,122.6247308561037,7.133476593906948,7.133476593906948,6.176637910358134,0.25494723898283334,0.5370466322437677,0.28209939326093436,0.28209939326093436,110.6501072090172,1.2954118646427175,1.4079490594733197,0.1125371948306022,0.1125371948306022,8.687367925384923,1.3361301985264913,1.0453635903831366,-0.29076660814335464,0.29076660814335464,-21.761846896658525,2725.9210308297584,3279.341795826083,553.4207649963246,553.4207649963246,20.302156912735867,599.4884514523582,1831.2409228732236,1231.7524714208653,1231.7524714208653,205.46725603082842,4.547078470362143,1.7907757274672433,-2.7563027428948996,2.7563027428948996,-60.617004101875104,False
s15_sit,msptdfast,MSPTDfast v2,mid_upslope,none,1.0,100.0,False,False,678,685,0.9909656960708211,0.0014771048744460858,0.022606603134785862,677,1,8,0.9883211678832117,0.9985250737463127,0.9933969185619957,296.0000000000097,10.657698056801198,15.194011880028752,0.1524663677130546,15.204614826482384,669,707.5350877192982,713.7869822485208,6.251894529222568,6.251894529222568,0.8836161821140516,84.27689284429475,98.56079398913452,14.283901144839774,14.283901144839774,16.948775236920405,41.61040809092914,93.36110697874308,51.75069888781394,51.75069888781394,124.36960189077149,21.96193265007321,31.851851851851855,9.889919201778646,9.889919201778646,45.032098765432096,41.640353598933366,93.43007562162583,51.789722022692466,51.789722022692466,124.3738766522364,29.444176400811443,66.06504003882357,36.620863638012125,36.620863638012125,124.3738766522364,115.49125426219675,122.7349612303107,7.243706968113955,7.243706968113955,6.272082690927191,0.25494723898283334,0.5382740123643605,0.2833267733815271,0.2833267733815271,111.13153235623183,1.2954118646427175,1.719057637451323,0.4236457728086054,0.4236457728086054,32.703558178807434,1.3361301985264913,1.0443180932142038,-0.2918121053122875,0.2918121053122875,-21.840095047182018,2725.9210308297584,3282.09153441816,556.1705035884015,556.1705035884015,20.403030656361516,599.4884514523582,1841.634670830863,1242.1462193785046,1242.1462193785046,207.20102553588873,4.547078470362143,1.7821621119553681,-2.764916358406775,2.764916358406775,-60.80643596604939,False
s15_sit,msptdfast,MSPTDfast v2,mid_upslope,none,1.0,50.0,True,False,676,685,0.9909656960708211,0.0,0.03343419161925173,676,0,9,0.9868613138686131,1.0,0.9933872152828802,297.5249277047173,9.927427176836254,15.381338401495753,0.10184039210495857,15.392509673416383,669,707.5350877192982,714.3642774759072,6.829189756609026,6.829189756609026,0.9652086341926245,84.27689284429475,100.71482965269344,16.43793680839869,16.43793680839869,19.504678273757076,41.61040809092914,95.36534603926252,53.75493794833338,53.75493794833338,129.18627914166427,21.96193265007321,29.52522255192878,7.563289901855573,7.563289901855573,34.43818001978237,41.640353598933366,95.43574783488727,53.7953942359539,53.7953942359539,129.19053174738625,29.444176400811443,67.48326446165817,38.03908806084672,38.03908806084672,129.19053174738627,115.49125426219675,125.4311079499022,9.939853687705451,9.939853687705451,8.606585625210428,0.25494723898283334,0.5380105905515187,0.28306335156868534,0.28306335156868534,111.02820830616848,1.2954118646427175,1.399239032849439,0.10382716820672155,0.10382716820672155,8.014992840547876,1.3361301985264913,1.0626873941397335,-0.27344280438675783,0.27344280438675783,-20.465281354191045,2725.9210308297584,3462.7479654356894,736.826934605931,736.826934605931,27.0303844562087,599.4884514523582,2569.1645023003352,1969.676050847977,1969.676050847977,328.5594653368412,4.547078470362143,1.3478109176486257,-3.1992675527135175,3.1992675527135175,-70.35874954800853,False
s15_sit,msptdfast,MSPTDfast v2,mid_upslope,none,1.0,50.0,False,False,676,685,0.9909656960708211,0.0,0.03434814689330392,676,0,9,0.9868613138686131,1.0,0.9933872152828802,297.9999999999863,12.278026905829643,17.592803257506947,0.11659192825121216,17.60557996354102,669,707.5350877192982,714.3703703703703,6.835282651072134,6.835282651072134,0.9660697779816553,84.27689284429475,100.90545128986312,16.628558445568373,16.628558445568373,19.73086321097571,41.61040809092914,96.018667818986,54.40825972805686,54.40825972805686,130.75637136064904,21.96193265007321,32.49258160237389,10.53064895230068,10.53064895230068,47.94955489614242,41.640353598933366,96.08960597071179,54.44925237177842,54.44925237177842,130.76078290836887,29.444176400811443,67.94561198343368,38.501435582622236,38.501435582622236,130.7607829083689,115.49125426219675,125.4879038482138,9.996649586017057,9.996649586017057,8.655763286908224,0.25494723898283334,0.5414514857592851,0.2865042467764518,0.2865042467764518,112.37785822647929,1.2954118646427175,1.0901962706081318,-0.20521559403458567,0.20521559403458567,-15.841725680904226,1.3361301985264913,1.0559522246968114,-0.2801779738296799,0.2801779738296799,-20.969361678874208,2725.9210308297584,3469.753110848405,743.8320800186466,743.8320800186466,27.287367154294543,599.4884514523582,2582.091809226739,1982.6033577743806,1982.6033577743806,330.71585498789875,4.547078470362143,1.3437760417541058,-3.203302428608037,3.203302428608037,-70.44748511571028,False
s15_sit,msptdfast,MSPTDfast v2,mid_upslope,none,1.0,30.0,True,False,677,685,0.9909656960708211,0.0,0.04334901398854275,677,0,8,0.9883211678832117,1.0,0.9941262848751835,298.1589273398019,9.799537317819519,14.64173727740223,0.08953848205141382,14.652402209559973,670,707.5350877192982,714.1612344268385,6.626146707540329,6.626146707540329,0.936511393222824,84.27689284429475,94.56783829520695,10.290945450912204,10.290945450912204,12.210874302076107,41.61040809092914,84.87257205956897,43.262163968639825,43.262163968639825,103.96957384820928,21.96193265007321,30.22222222222222,8.260289572149013,8.260289572149013,37.61185185185184,41.640353598933366,84.9335317127104,43.29317811377704,43.29317811377704,103.96928549349785,29.444176400811443,60.057076224180214,30.61289982336877,30.61289982336877,103.96928549349785,115.49125426219675,119.49602367886484,4.004769416668097,4.004769416668097,3.467595396943369,0.25494723898283334,0.502586398904606,0.24763915992177266,0.24763915992177266,97.13349354548109,1.2954118646427175,1.4510670625438975,0.15565519790118,0.15565519790118,12.015884843243322,1.3361301985264913,1.0287448227659608,-0.3073853757605305,0.3073853757605305,-23.005645415358522,2725.9210308297584,2686.9966962223807,-38.92433460737766,38.92433460737766,-1.427933317478726,599.4884514523582,1773.004988655164,1173.516537202806,1173.516537202806,195.75298479224602,4.547078470362143,1.5155043067648024,-3.0315741635973406,3.0315741635973406,-66.6708125526564,False
s15_sit,msptdfast,MSPTDfast v2,mid_upslope,none,1.0,30.0,False,False,677,685,0.9909656960708211,0.0,0.04920936214822863,677,0,8,0.9883211678832117,1.0,0.9941262848751835,299.3333333333116,15.277611940299993,19.652874833484407,0.02985074626876073,19.667534908865665,670,707.5350877192982,714.1518737672583,6.61678604796009,6.61678604796009,0.9351883974106427,84.27689284429475,95.83209224629685,11.555199402002103,11.555199402002103,13.710993621170681,41.61040809092914,88.84258052998223,47.23217243905309,47.23217243905309,113.51047635927766,21.96193265007321,34.66666666666667,12.704734016593463,12.704734016593463,57.8488888888889,41.640353598933366,88.90614185789124,47.265788258957876,47.265788258957876,113.50957466453552,29.444176400811443,62.86613579684806,33.42195939603662,33.42195939603662,113.50957466453553,115.49125426219675,120.06426936677606,4.573015104579312,4.573015104579312,3.959620261978727,0.25494723898283334,0.5236040341427693,0.268656795159936,0.268656795159936,105.37740915798888,1.2954118646427175,1.7322453416956474,0.43683347705292985,0.43683347705292985,33.72158994185307,1.3361301985264913,1.0085871054434443,-0.32754309308304697,0.32754309308304697,-24.514309566857143,2725.9210308297584,2679.3357353723854,-46.58529545737292,46.58529545737292,-1.7089745055157581,599.4884514523582,1813.060906917237,1213.5724554648787,1213.5724554648787,202.43466784469362,4.547078470362143,1.477796871109026,-3.069281599253117,3.069281599253117,-67.50007987015607,False
s15_sit,msptdfast,MSPTDfast v2,mid_upslope,none,1.0,25.0,True,False,678,685,0.9909656960708211,0.0,0.03597933836457633,678,0,7,0.9897810218978103,1.0,0.9948642699926633,298.5904986982494,9.851851019281389,15.155979083780428,0.12514609040436753,15.166751382837116,672,707.5350877192982,713.1022831503277,5.567195431029518,5.567195431029518,0.7868437237473377,84.27689284429475,98.07004896960261,13.79315612530786,13.79315612530786,16.366474438956025,41.61040809092914,87.86687098396418,46.256462893035035,46.256462893035035,111.16560739311448,21.96193265007321,28.698224852071007,6.736292201997799,6.736292201997799,30.672583826429975,41.640353598933366,87.93160937088896,46.2912557719556,46.2912557719556,111.16921872906805,29.444176400811443,62.17703726680216,32.732860865990716,32.732860865990716,111.16921872906806,115.49125426219675,123.97372724300583,8.482472980809078,8.482472980809078,7.3446885956849535,0.25494723898283334,0.5015339834457544,0.24658674446292106,0.24658674446292106,96.72069619060467,1.2954118646427175,1.4172418439629215,0.12182997932020401,0.12182997932020401,9.40472931007201,1.3361301985264913,1.0522992577782901,-0.28383094074820114,0.28383094074820114,-21.242760702603313,2725.9210308297584,3083.6420930252884,357.72106219553007,357.72106219553007,13.122942966790252,599.4884514523582,1980.7163278295714,1381.2278763772133,1381.2278763772133,230.4010816273382,4.547078470362143,1.5568317631855344,-2.990246707176609,2.990246707176609,-65.76193322079301,False
s15_sit,msptdfast,MSPTDfast v2,mid_upslope,none,1.0,25.0,False,False,678,685,0.9909656960708211,0.0,0.03157146101384031,678,0,7,0.9897810218978103,1.0,0.9948642699926633,299.99999999999585,15.720238095237566,20.69247620340641,0.1904761904761509,20.707012248408393,672,707.5350877192982,713.0871491875923,5.552061468294141,5.552061468294141,0.784704753822304,84.27689284429475,98.85474265437774,14.577849810082995,14.577849810082995,17.297564395279984,41.61040809092914,89.49562813691769,47.88522004598855,47.88522004598855,115.07990967391468,21.96193265007321,25.14792899408284,3.185996344009631,3.185996344009631,14.506903353057183,41.640353598933366,89.56158344900321,47.92122985006984,47.92122985006984,115.08362851966118,29.444176400811443,63.329602990595035,33.88542658978359,33.88542658978359,115.0836285196612,115.49125426219675,124.63499378417009,9.143739521973345,9.143739521973345,7.917257094822569,0.25494723898283334,0.5081205612306817,0.2531733222478484,0.2531733222478484,99.30420241377692,1.2954118646427175,1.5306173522381352,0.2352054875954177,0.2352054875954177,18.156811282586858,1.3361301985264913,1.047506701746664,-0.28862349677982735,0.28862349677982735,-21.60145000076539,2725.9210308297584,3112.6543423426665,386.73331151290813,386.73331151290813,14.187252937227907,599.4884514523582,1983.2111519068565,1383.7227004544984,1383.7227004544984,230.81724044928728,4.547078470362143,1.5695022385033741,-2.9775762318587686,2.9775762318587686,-65.48328231559253,False
s15_sit,msptdfast,MSPTDfast v2,mid_upslope,none,1.0,500.0,True,False,679,685,0.9909656960708211,0.0029498525073746312,0.02251807273695499,677,2,8,0.9883211678832117,0.9970544918998527,0.9926686217008797,296.83880053616076,9.654010244362011,14.231959562843576,0.13173211613734886,14.242014071222027,668,707.5350877192982,713.8677084344841,6.3326207151859535,6.3326207151859535,0.8950256778923601,84.27689284429475,98.73607353606536,14.459180691770612,14.459180691770612,17.156755788902398,41.61040809092914,92.53815790971159,50.927749818782445,50.927749818782445,122.39185375806117,21.96193265007321,30.518518518518515,8.556585868445307,8.556585868445307,38.96098765432096,41.640353598933366,92.6065254760951,50.966171877161734,50.966171877161734,122.39610731467768,29.444176400811443,65.48270214627162,36.03852574546018,36.03852574546018,122.39610731467769,115.49125426219675,123.32736985057812,7.836115588381375,7.836115588381375,6.785029427935078,0.25494723898283334,0.5309665018041788,0.2760192628213455,0.2760192628213455,108.26524888937159,1.2954118646427175,1.4128494606680235,0.11743759602530601,0.11743759602530601,9.065656972170471,1.3361301985264913,1.0601870554034025,-0.27594314312308876,0.27594314312308876,-20.65241422036594,2725.9210308297584,3330.461086406212,604.5400555764536,604.5400555764536,22.17746034236488,599.4884514523582,1780.6270011055492,1181.1385496531911,1181.1385496531911,197.02440418855295,4.547078470362143,1.8703867145328064,-2.676691755829337,2.676691755829337,-58.86618788912515,True
s15_sit,msptdfast,MSPTDfast v2,mid_upslope,none,1.0,500.0,False,False,679,685,0.9909656960708211,0.0029498525073746312,0.02537404825997091,677,2,8,0.9883211678832117,0.9970544918998527,0.9926686217008797,296.0000000000097,9.646706586826266,14.237926916311517,0.13173652694605145,14.247986111177518,668,707.5350877192982,713.8639053254437,6.328817606145549,6.328817606145549,0.8944881626360265,84.27689284429475,98.76076203364676,14.483869189352006,14.483869189352006,17.186050292707858,41.61040809092914,92.53826435788852,50.92785626695938,50.92785626695938,122.39210957909685,21.96193265007321,30.814814814814817,8.852882164741608,8.852882164741608,40.310123456790116,41.640353598933366,92.60662752934367,50.9662739304103,50.9662739304103,122.39635239724724,29.444176400811443,65.48277430881572,36.03859790800428,36.03859790800428,122.39635239724721,115.49125426219675,123.36686144890739,7.8756071867106385,7.8756071867106385,6.819223877187146,0.25494723898283334,0.5307971163385358,0.27584987735570243,0.27584987735570243,108.1988094698592,1.2954118646427175,1.4559312628269632,0.16051939818424565,0.16051939818424565,12.391379341621043,1.3361301985264913,1.0599145353950377,-0.2762156631314536,0.2762156631314536,-20.67281043689225,2725.9210308297584,3332.2987378522726,606.3777070225142,606.3777070225142,22.24487430723316,599.4884514523582,1783.6243615903006,1184.1359101379426,1184.1359101379426,197.52439054817168,4.547078470362143,1.8682738415173672,-2.6788046288447758,2.6788046288447758,-58.91265449464363,True
s16_sit,msptdfast,MSPTDfast v2,mid_upslope,none,1.0,100.0,True,False,521,524,0.98363477640752,0.0,0.022144409880180505,515,6,9,0.982824427480916,0.9884836852207294,0.985645933014354,303.24631371030176,9.155086022067255,14.119368938762545,-0.48280729918215615,14.125021232366125,508,931.4990439770554,935.0327885833708,3.5337446063153948,3.5337446063153948,0.3793610556193376,50.392344746459024,72.77436293304797,22.382018186588944,22.382018186588944,44.41551251326063,28.598287867730562,76.86556971095969,48.26728184322913,48.26728184322913,168.7768235163912,7.854406130268199,19.845857418111752,11.991451287843553,11.991451287843553,152.67164810376428,28.623775736755814,76.93857607914175,48.31480034238594,48.31480034238594,168.79254779915306,20.240065926623004,54.40378888039823,34.16372295377523,34.16372295377523,168.79254779915308,68.3309340590183,87.36385726419725,19.032923205178946,19.032923205178946,27.854036341344266,0.2962064869352056,0.6227264979369627,0.32652001100175704,0.32652001100175704,110.23391633998293,1.4010435457324868,1.3749550411845002,-0.026088504547986613,0.026088504547986613,-1.8620766376213629,1.3364215239053874,0.8390586537551044,-0.497362870150283,0.497362870150283,-37.216017645155354,994.9537435825597,1886.5056112435816,891.5518676610219,891.5518676610219,89.60736852456924,179.20625812931434,1619.5316037113614,1440.325345582047,1440.325345582047,803.7249148647005,5.552003339440334,1.1648464327095658,-4.387156906730768,4.387156906730768,-79.01934920617343,False
s16_sit,msptdfast,MSPTDfast v2,mid_upslope,none,1.0,100.0,False,False,521,524,0.98363477640752,0.0,0.023984888910556664,514,7,10,0.9809160305343512,0.9865642994241842,0.983732057416268,302.0000000000145,9.633136094675248,13.61053078771924,-0.1893491124261328,13.622654817584097,507,931.4990439770554,935.0384615384615,3.5394175614061396,3.5394175614061396,0.3799700691365736,50.392344746459024,72.88176651075919,22.489421764300168,22.489421764300168,44.628647223009914,28.598287867730562,77.25667252050316,48.6583846527726,48.6583846527726,170.14439772696056,7.854406130268199,23.892100192678228,16.03769406241003,16.03769406241003,204.18722684336674,28.623775736755814,77.33014802291916,48.706372286163344,48.706372286163344,170.1605432284723,20.240065926623004,54.68067205716564,34.44060613054263,34.44060613054263,170.1605432284723,68.3309340590183,87.37006285241155,19.039128793393246,19.039128793393246,27.86311800882,0.2962064869352056,0.6258513531063159,0.3296448661711103,0.3296448661711103,111.28887472448206,1.4010435457324868,1.3807018289465935,-0.02034171678589325,0.02034171678589325,-1.4518975407904464,1.3364215239053874,0.8356812390113298,-0.5007402848940575,0.5007402848940575,-37.46873841351778,994.9537435825597,1878.5666621216646,883.612918539105,883.612918539105,88.80944709624927,179.20625812931434,1617.0079215304927,1437.8016634011783,1437.8016634011783,802.3166592562119,5.552003339440334,1.161754767622664,-4.390248571817669,4.390248571817669,-79.0750347830343,False
s16_sit,msptdfast,MSPTDfast v2,mid_upslope,none,1.0,50.0,True,False,521,524,0.98363477640752,0.0019230769230769232,0.04008683035964864,514,7,10,0.9809160305343512,0.9865642994241842,0.983732057416268,303.9000379673932,9.587676996307065,15.888829469748272,-0.11458632512424628,15.90413960545031,506,931.4990439770554,936.3407517994956,4.841707822440185,4.841707822440185,0.5197759303937026,50.392344746459024,80.27151638879899,29.879171642339962,29.879171642339962,59.29307674146184,28.598287867730562,86.98405798941236,58.3857701216818,58.3857701216818,204.1582712633735,7.854406130268199,21.428571428571427,13.574165298303228,13.574165298303228,172.82229965156793,28.623775736755814,87.05975075017997,58.435975013424155,58.435975013424155,204.15187552768057,20.240065926623004,61.56054012386288,41.320474197239875,41.320474197239875,204.15187552768052,68.3309340590183,95.37993807071126,27.049004011692958,27.049004011692958,39.58529820231988,0.2962064869352056,0.6454244086237937,0.34921792168858806,0.34921792168858806,117.89678386246098,1.4010435457324868,1.2904873691831313,-0.11055617654935546,0.11055617654935546,-7.89098789156871,1.3364215239053874,0.9144637550561848,-0.42195776884920255,0.42195776884920255,-31.5737034536923,994.9537435825597,1942.3972220658611,947.4434784833014,947.4434784833014,95.22487699496595,179.20625812931434,1599.3547118996414,1420.148453770327,1420.148453770327,792.4658818251509,5.552003339440334,1.214488072979614,-4.33751526646072,4.33751526646072,-78.12522798118418,False
s16_sit,msptdfast,MSPTDfast v2,mid_upslope,none,1.0,50.0,False,False,521,524,0.98363477640752,0.0019230769230769232,0.03470792194863723,514,7,10,0.9809160305343512,0.9865642994241842,0.983732057416268,304.0000000000047,12.02371541501982,17.538664233145205,-0.1027667984190476,17.55571928057587,506,931.4990439770554,936.3391136801541,4.84006970309872,4.84006970309872,0.519600071990835,50.392344746459024,80.6805550388385,30.288210292379482,30.288210292379482,60.10478465483148,28.598287867730562,88.21262484172496,59.6143369739944,59.6143369739944,208.45421673393741,7.854406130268199,23.745173745173744,15.890767614905545,15.890767614905545,202.31660231660234,28.623775736755814,88.28976728845024,59.66599155169442,59.66599155169442,208.4490603211276,20.240065926623004,62.430293159045384,42.19022723242238,42.19022723242238,208.44906032112758,68.3309340590183,95.50477694244277,27.17384288342447,27.17384288342447,39.76799564887269,0.2962064869352056,0.6536876495368377,0.35748116260163204,0.35748116260163204,120.68647324385913,1.4010435457324868,1.8021222562636017,0.4010787105311149,0.4010787105311149,28.627140944532517,1.3364215239053874,0.9117931010989726,-0.4246284228064148,0.4246284228064148,-31.773539651287187,994.9537435825597,1922.0890542072837,927.135310624724,927.135310624724,93.18376021043552,179.20625812931434,1605.751362717158,1426.5451045878435,1426.5451045878435,796.035316779203,5.552003339440334,1.1970029101858197,-4.355000429254514,4.355000429254514,-78.44016228011702,False
s16_sit,msptdfast,MSPTDfast v2,mid_upslope,none,1.0,30.0,True,False,520,524,0.98363477640752,0.0,0.043595271175710756,515,5,9,0.982824427480916,0.9903846153846154,0.9865900383141764,304.05996374665546,9.983228898416495,16.186927641026735,-0.08746925840436452,16.20267817011262,507,931.4990439770554,936.8098741607556,5.3108301837002045,5.3108301837002045,0.5701380176436359,50.392344746459024,78.8587257742976,28.466381027838572,28.466381027838572,56.489494924402884,28.598287867730562,87.17703442859474,58.578746560864175,58.578746560864175,204.83305445345437,7.854406130268199,23.93822393822394,16.08381780795574,16.08381780795574,204.77446087202185,28.623775736755814,87.25268970200172,58.6289139652459,58.6289139652459,204.82592689531333,20.240065926623004,61.69696856505106,41.456902638428055,41.456902638428055,204.82592689531333,68.3309340590183,92.90253673272241,24.571602673704106,24.571602673704106,35.9597055302673,0.2962064869352056,0.6641042401517112,0.3678977532165056,0.3678977532165056,124.2031385008061,1.4010435457324868,1.3224629285746223,-0.07858061715786446,0.07858061715786446,-5.608720542428346,1.3364215239053874,0.8947850330726055,-0.4416364908327819,0.4416364908327819,-33.04619709672139,994.9537435825597,1836.718023959868,841.7642803773084,841.7642803773084,84.60335827737505,179.20625812931434,1519.867124876363,1340.6608667470487,1340.6608667470487,748.1105184282317,5.552003339440334,1.2084727631103147,-4.343530576330019,4.343530576330019,-78.23357283441162,False
s16_sit,msptdfast,MSPTDfast v2,mid_upslope,none,1.0,30.0,False,False,520,524,0.98363477640752,0.0,0.04348102199604292,516,4,8,0.9847328244274809,0.9923076923076923,0.9885057471264368,306.666666666665,16.644400785853843,23.91511584274022,-0.30648330058937756,23.93667689454263,509,931.4990439770554,936.8015414258189,5.302497448763461,5.302497448763461,0.5692434665444565,50.392344746459024,81.0217556476296,30.62941090117058,30.62941090117058,60.78187283262475,28.598287867730562,91.66227905727068,63.06399118954012,63.06399118954012,220.51666687606013,7.854406130268199,28.57142857142857,20.71702244116037,20.71702244116037,263.76306620209056,28.623775736755814,91.74272196609316,63.11894622933734,63.11894622933734,220.51230001877863,20.240065926623004,64.8719008267365,44.6318349001135,44.6318349001135,220.5123000187786,68.3309340590183,94.4493846437046,26.1184505846863,26.1184505846863,38.2234648836023,0.2962064869352056,0.6868430225507082,0.39063653561550254,0.39063653561550254,131.8798044085217,1.4010435457324868,1.449683894595635,0.048640348863148164,0.048640348863148164,3.471722846253023,1.3364215239053874,0.86735982883573,-0.46906169506965734,0.46906169506965734,-35.09833437124923,994.9537435825597,1868.0725126608322,873.1187690782725,873.1187690782725,87.75470967468372,179.20625812931434,1704.0324725380344,1524.82621440872,1524.82621440872,850.877770857987,5.552003339440334,1.096265794676126,-4.455737544764208,4.455737544764208,-80.2545905027025,False
s16_sit,msptdfast,MSPTDfast v2,mid_upslope,none,1.0,25.0,True,False,519,524,0.98363477640752,0.0,0.031733484156514676,515,4,9,0.982824427480916,0.9922928709055877,0.987535953978907,303.8246062202772,10.609385682454345,18.38584322240288,-0.447484944986891,18.398514540907502,508,931.4990439770554,938.6173319019754,7.118287924919969,7.118287924919969,0.7641755481066608,50.392344746459024,80.74715505777868,30.35481031131966,30.35481031131966,60.236947623780964,28.598287867730562,96.17412689999347,67.5758390322629,67.5758390322629,236.29330309844676,7.854406130268199,23.21083172147002,15.35642559120182,15.35642559120182,195.5135160635939,28.623775736755814,96.259405977575,67.63563024081918,67.63563024081918,236.29178366559174,20.240065926623004,68.06567871973218,47.82561279310917,47.82561279310917,236.29178366559174,68.3309340590183,91.69116358882194,23.360229529803632,23.360229529803632,34.186902098582614,0.2962064869352056,0.7423362956212943,0.4461298086860887,0.4461298086860887,150.6144626682934,1.4010435457324868,1.3203651070949107,-0.08067843863757607,0.08067843863757607,-5.758453324546465,1.3364215239053874,0.8992184418781892,-0.43720308202719815,0.43720308202719815,-32.714459787326064,994.9537435825597,1973.7573309630973,978.8035873805376,978.8035873805376,98.37679326238126,179.20625812931434,1220.4203593287648,1041.2141011994504,1041.2141011994504,581.0143641569233,5.552003339440334,1.6172766341333984,-3.934726705306935,3.934726705306935,-70.87039514827765,False
s16_sit,msptdfast,MSPTDfast v2,mid_upslope,none,1.0,25.0,False,False,519,524,0.98363477640752,0.0,0.03431171386040342,515,4,9,0.982824427480916,0.9922928709055877,0.987535953978907,307.9999999999954,18.63779527559193,24.90043164411221,-0.346456692913414,24.922563449209843,508,931.4990439770554,938.6100386100386,7.110994632983193,7.110994632983193,0.7633925852057396,50.392344746459024,81.16891702197837,30.77657227551935,30.77657227551935,61.073904043097656,28.598287867730562,97.48877830576917,68.89049043803861,68.89049043803861,240.8902615312595,7.854406130268199,24.177949709864606,16.323543579596407,16.323543579596407,207.82657923291038,28.623775736755814,97.5762837640102,68.95250802725438,68.95250802725438,240.89242684609357,20.240065926623004,68.99685193251443,48.75678600589143,48.75678600589143,240.89242684609354,68.3309340590183,91.73996187291719,23.409027813898888,23.409027813898888,34.258316729111606,0.2962064869352056,0.7520915697359057,0.4558850828007001,0.4558850828007001,153.90786593422033,1.4010435457324868,1.3256356787778985,-0.07540786695458834,0.07540786695458834,-5.382264326064467,1.3364215239053874,0.8846375035545492,-0.4517840203508382,0.4517840203508382,-33.805503149231114,994.9537435825597,1944.4417895031747,949.488045920615,949.488045920615,95.43037071268911,179.20625812931434,1280.5267751643237,1101.3205170350093,1101.3205170350093,614.5547195345722,5.552003339440334,1.5184702321071375,-4.033533107333196,4.033533107333196,-72.65004829301478,False
s16_sit,msptdfast,MSPTDfast v2,mid_upslope,none,1.0,500.0,True,False,522,524,0.98363477640752,0.0019193857965451055,0.027289791101027333,514,8,10,0.9809160305343512,0.9846743295019157,0.982791586998088,303.120772669386,8.9817820432132,12.861107974380625,-0.1922489617764501,12.872397067628484,506,931.4990439770554,934.545668816261,3.046624839205606,3.046624839205606,0.3270668777283952,50.392344746459024,73.64144815417298,23.249103407713953,23.249103407713953,46.136181050292606,28.598287867730562,80.06631898014325,51.46803111241269,51.46803111241269,179.96892454001645,7.854406130268199,21.38728323699422,13.532877106726023,13.532877106726023,172.2966304807557,28.623775736755814,80.14237309092215,51.51859735416633,51.51859735416633,179.98533047480265,20.240065926623004,56.66921547297335,36.429149546350345,36.429149546350345,179.98533047480268,68.3309340590183,87.37691794842166,19.04598388940336,19.04598388940336,27.873150208883576,0.2962064869352056,0.648560475735995,0.35235398880078933,0.35235398880078933,118.95552742498371,1.4010435457324868,1.3377794894504766,-0.06326405628201015,0.06326405628201015,-4.51549535877807,1.3364215239053874,0.8339710137624479,-0.5024505101429395,0.5024505101429395,-37.596708909225164,994.9537435825597,1909.2342616866142,914.2805181040545,914.2805181040545,91.8917612000712,179.20625812931434,1570.6657071014097,1391.4594489720953,1391.4594489720953,776.4569516138355,5.552003339440334,1.215557360840339,-4.336445978599995,4.336445978599995,-78.10596848519057,True
s16_sit,msptdfast,MSPTDfast v2,mid_upslope,none,1.0,500.0,False,False,522,524,0.98363477640752,0.0019193857965451055,0.02276996471204776,514,8,10,0.9809160305343512,0.9846743295019157,0.982791586998088,303.99999999997175,9.01976284585151,12.902798666907765,-0.1897233201580875,12.914171091201453,506,931.4990439770554,934.5423076923076,3.0432637152522375,3.0432637152522375,0.3267060481628577,50.392344746459024,73.62356827700965,23.23122353055063,23.23122353055063,46.10069971428159,28.598287867730562,80.04926228931336,51.4509744215828,51.4509744215828,179.9092821904157,7.854406130268199,20.616570327552985,12.762164197284786,12.762164197284786,162.48413929225995,28.623775736755814,80.1253071199029,51.50153138314708,51.50153138314708,179.92570881211148,20.240065926623004,56.657148009138105,36.4170820825151,36.4170820825151,179.9257088121115,68.3309340590183,87.35460600992728,19.023671950908977,19.023671950908977,27.840497445092712,0.2962064869352056,0.6485879863358252,0.3523814994006195,0.3523814994006195,118.9648150675721,1.4010435457324868,1.3287612049109323,-0.07228234082155449,0.07228234082155449,-5.159178745137732,1.3364215239053874,0.8340803442354907,-0.5023411796698967,0.5023411796698967,-37.58852807173586,994.9537435825597,1907.5536490174518,912.5999054348921,912.5999054348921,91.72284755157223,179.20625812931434,1570.2508080647672,1391.0445499354528,1391.0445499354528,776.2254312188596,5.552003339440334,1.2148082581587005,-4.337195081281633,4.337195081281633,-78.11946096053397,True
s17_sit,msptdfast,MSPTDfast v2,mid_upslope,none,1.0,100.0,True,False,622,623,0.9879104459180775,0.0,0.02205549586952379,622,0,1,0.9983948635634029,1.0,0.9991967871485944,278.24716323153586,3.3857771818711595,4.4537916416021055,-0.043342862379322854,4.457170887547414,621,780.951768488746,780.984032338909,0.032263850162962626,0.032263850162962626,0.004131349907228947,56.4543985819586,57.291415238995,0.8370166570364006,0.8370166570364006,1.4826420581228015,56.17673973235291,56.17823405917434,0.0014943268214366867,0.0014943268214366867,0.002660045471766822,44.28341384863124,43.38709677419355,-0.8963170744376896,0.8963170744376896,-2.02404692082111,56.22195286541393,56.22356066873282,0.0016078033188904328,0.0016078033188904328,0.0028597429241549975,39.75492412268464,39.756061011314245,0.0011368886296025948,0.0011368886296025948,0.0028597429241573433,69.2368705712562,70.59793292327018,1.361062352013974,1.361062352013974,1.9658057055210423,0.5741871894942195,0.5631334993125561,-0.011053690181663467,0.011053690181663467,-1.9251021938333834,1.7818465526409508,1.8026693082143554,0.020822755573404628,0.020822755573404628,1.1686054302791862,0.711586145559933,0.7227969117310797,0.011210766171146691,0.011210766171146691,1.5754615574092103,586.8315011408603,634.3743123388099,47.54281119794962,47.54281119794962,8.10161197984797,1334.757928533242,1386.5732793617726,51.815350828530654,51.815350828530654,3.882003599369532,0.4396538792511434,0.45751228714778547,0.01785840789664206,0.01785840789664206,4.061924331717497,False
s17_sit,msptdfast,MSPTDfast v2,mid_upslope,none,1.0,100.0,False,False,622,623,0.9879104459180775,0.0,0.02170047790130654,622,0,1,0.9983948635634029,1.0,0.9991967871485944,278.000000000034,4.747181964574673,5.975796593554155,-0.045088566827710994,5.980443602077052,621,780.951768488746,780.9822866344606,0.03051814571460909,0.03051814571460909,0.003907814406216928,56.4543985819586,57.45265659868742,0.9982580167288191,0.9982580167288191,1.7682555156080206,56.17673973235291,56.63977856708959,0.46303883473668606,0.46303883473668606,0.8242536625350225,44.28341384863124,43.87096774193549,-0.41244610669575366,0.41244610669575366,-0.9313782991202292,56.22195286541393,56.68547436340435,0.46352149799042053,0.46352149799042053,0.8244493020369008,39.75492412268464,40.08268331713941,0.32775919445477086,0.32775919445477086,0.8244493020368954,69.2368705712562,70.67527147872384,1.4384009074676385,1.4384009074676385,2.077507107989934,0.5741871894942195,0.5671387244576195,-0.00704846503660006,0.00704846503660006,-1.2275552582092253,1.7818465526409508,1.5684518624627348,-0.213394690178216,0.213394690178216,-11.976041924706402,0.711586145559933,0.7211750342818275,0.00958888872189445,0.00958888872189445,1.347537298431962,586.8315011408603,634.7661828145082,47.9346816736479,47.9346816736479,8.168389321373851,1334.757928533242,1385.7039970966127,50.94606856337077,50.94606856337077,3.816877013748487,0.4396538792511434,0.45808208978576803,0.018428210534624623,0.018428210534624623,4.19152688155809,False
s17_sit,msptdfast,MSPTDfast v2,mid_upslope,none,1.0,50.0,True,False,622,623,0.9879104459180775,0.0,0.03325685671610784,622,0,1,0.9983948635634029,1.0,0.9991967871485944,278.43319113760833,3.3889893569775227,4.48402486360813,-0.0459707066400702,4.487403711260154,621,780.951768488746,780.9814044946482,0.029636005902261786,0.029636005902261786,0.003794857390439325,56.4543985819586,57.27193663661194,0.8175380546533404,0.8175380546533404,1.4481388079379964,56.17673973235291,56.14658575765208,-0.030153974700823483,0.030153974700823483,-0.05367697528280984,44.28341384863124,43.38709677419355,-0.8963170744376896,0.8963170744376896,-2.02404692082111,56.22195286541393,56.19189446502487,-0.03005840038905916,0.03005840038905916,-0.05346381414571992,39.75492412268464,39.733669623937914,-0.021254498746728245,0.021254498746728245,-0.053463814145730364,69.2368705712562,70.57892709890069,1.3420565276444876,1.3420565276444876,1.9383552673185729,0.5741871894942195,0.5629678893851702,-0.011219300109049368,0.011219300109049368,-1.9539446916139036,1.7818465526409508,1.7991163074537635,0.017269754812812677,0.017269754812812677,0.969205501293949,0.711586145559933,0.7229588563635045,0.011372710803571495,0.011372710803571495,1.598219818434286,586.8315011408603,634.2121556645994,47.38065452373917,47.38065452373917,8.073979401519233,1334.757928533242,1385.0216948127186,50.26376627947661,50.26376627947661,3.7657589593576106,0.4396538792511434,0.457907741113295,0.01825386186215161,0.01825386186215161,4.151870988433713,False
s17_sit,msptdfast,MSPTDfast v2,mid_upslope,none,1.0,50.0,False,False,622,623,0.9879104459180775,0.0,0.031384000789731116,622,0,1,0.9983948635634029,1.0,0.9991967871485944,278.000000000034,7.661835748792707,9.355735709190276,-0.06119162640901698,9.363077340672044,621,780.951768488746,780.9661835748792,0.014415086133226396,0.014415086133226396,0.0018458356475870028,56.4543985819586,57.75672408633893,1.3023255043803275,1.3023255043803275,2.306862772596284,56.17673973235291,57.7759856352861,1.5992459029331911,1.5992459029331911,2.846811528316879,44.28341384863124,44.03225806451613,-0.2511557841151131,0.2511557841151131,-0.5671554252199462,56.22195286541393,57.82259956071765,1.6006466953037162,1.6006466953037162,2.8470136907826733,39.75492412268464,40.886752255217736,1.1318281325330943,1.1318281325330943,2.8470136907826706,69.2368705712562,70.71033760626104,1.4734670350048304,1.4734670350048304,2.128153717589516,0.5741871894942195,0.5782287801097619,0.004041590615542323,0.004041590615542323,0.70388031803747,1.7818465526409508,2.074766451350842,0.2929198987098911,0.2929198987098911,16.439120320194913,0.711586145559933,0.7175165700012717,0.005930424441338622,0.005930424441338622,0.8334092053846957,586.8315011408603,638.7873845565188,51.95588341565849,51.95588341565849,8.85362890619385,1334.757928533242,1364.9279549074247,30.170026374182726,30.170026374182726,2.2603369292090587,0.4396538792511434,0.4680008071194088,0.02834692786826537,0.02834692786826537,6.447555499009428,False
s17_sit,msptdfast,MSPTDfast v2,mid_upslope,none,1.0,30.0,True,False,622,623,0.9879104459180775,0.0,0.04614943380350377,622,0,1,0.9983948635634029,1.0,0.9991967871485944,278.7499736479899,3.420912117314331,4.502422261404413,-0.042652700592940816,4.5058495863142705,621,780.951768488746,780.9847225006953,0.032954011949300366,0.032954011949300366,0.004219724351616633,56.4543985819586,57.274173043035304,0.8197744610767046,0.8197744610767046,1.4521002466912893,56.17673973235291,56.17733424556087,0.0005945132079645532,0.0005945132079645532,0.0010582906925482637,44.28341384863124,43.87096774193549,-0.41244610669575366,0.41244610669575366,-0.9313782991202292,56.22195286541393,56.22266703557521,0.000714170161280947,0.000714170161280947,0.0012702692184857975,39.75492412268464,39.7554291172486,0.0005049945639612474,0.0005049945639612474,0.0012702692184817714,69.2368705712562,70.5703028988152,1.3334323275589952,1.3334323275589952,1.9258991871775495,0.5741871894942195,0.5633450259417273,-0.010842163552492234,0.010842163552492234,-1.8882628785296829,1.7818465526409508,1.8057554989553801,0.023908946314429302,0.023908946314429302,1.3418072548948075,0.711586145559933,0.7233054563733091,0.011719310813376072,0.011719310813376072,1.6469279069724407,586.8315011408603,634.6741933543976,47.84269221353736,47.84269221353736,8.152713704108638,1334.757928533242,1383.558700791371,48.80077225812897,48.80077225812897,3.6561515174332673,0.4396538792511434,0.45872588780756124,0.01907200855641783,0.01907200855641783,4.337959803494269,False
s17_sit,msptdfast,MSPTDfast v2,mid_upslope,none,1.0,30.0,False,False,622,623,0.9879104459180775,0.0,0.047735017720604615,622,0,1,0.9983948635634029,1.0,0.9991967871485944,279.33333333333997,11.96886741814394,14.524391661003365,-0.08266237251744395,14.535864741955228,621,780.951768488746,780.9447128287708,-0.007055659975208073,0.007055659975208073,-0.0009034693639098597,56.4543985819586,58.65978074853915,2.2053821665805486,2.2053821665805486,3.9064842102229624,56.17673973235291,60.390010804916656,4.213271072563749,4.213271072563749,7.500027756394116,44.28341384863124,44.193548387096776,-0.0898654615344654,0.0898654615344654,-0.2029325513196473,56.22195286541393,60.43874746775296,4.216794602339029,4.216794602339029,7.5002634868150855,39.75492412268464,42.7366481808694,2.98172405818476,2.98172405818476,7.500263486815089,69.2368705712562,71.1021705519456,1.8652999806894002,1.8652999806894002,2.6940847633627487,0.5741871894942195,0.6010596842419458,0.02687249474772624,0.02687249474772624,4.6800930496894635,1.7818465526409508,1.6522694028791038,-0.12957714976184698,0.12957714976184698,-7.272071187600029,0.711586145559933,0.7007755493335837,-0.01081059622634939,0.01081059622634939,-1.5192252257585406,586.8315011408603,615.4555981837018,28.624097042841527,28.624097042841527,4.877736963198697,1334.757928533242,1423.7563868052705,88.99845827202853,88.99845827202853,6.667760225993071,0.4396538792511434,0.4322759173461595,-0.00737796190498391,0.00737796190498391,-1.67812960448585,False
s17_sit,msptdfast,MSPTDfast v2,mid_upslope,none,1.0,25.0,True,False,622,623,0.9879104459180775,0.0,0.03127372528661028,622,0,1,0.9983948635634029,1.0,0.9991967871485944,279.08132649030824,3.418730593223701,4.6641695296477765,-0.05869621342554746,4.667559797769388,621,780.951768488746,780.9686789878627,0.016910499116761457,0.016910499116761457,0.0021653704875380085,56.4543985819586,57.268840282290384,0.8144417003317841,0.8144417003317841,1.4426541080752193,56.17673973235291,56.16640865943051,-0.010331072922397766,0.010331072922397766,-0.018390303480798065,44.28341384863124,44.03225806451613,-0.2511557841151131,0.2511557841151131,-0.5671554252199462,56.22195286541393,56.21174110937663,-0.01021175603730029,0.01021175603730029,-0.018163289456959185,39.75492412268464,39.74770332074284,-0.007220801941798527,0.007220801941798527,-0.018163289456961256,69.2368705712562,70.56599900294178,1.3291284316855752,1.3291284316855752,1.919682996529547,0.5741871894942195,0.5632699016857372,-0.010917287808482334,0.010917287808482334,-1.901346461264483,1.7818465526409508,1.7879406831256897,0.0060941304847388356,0.0060941304847388356,0.34201208155138074,0.711586145559933,0.72364597980511,0.012059834245176981,0.012059834245176981,1.694782047180997,586.8315011408603,633.820337309205,46.98883616834473,46.98883616834473,8.007210941640597,1334.757928533242,1384.4439575272418,49.6860289939998,49.6860289939998,3.7224749096339513,0.4396538792511434,0.4578158139685718,0.018161934717428385,0.018161934717428385,4.130962007741946,False
s17_sit,msptdfast,MSPTDfast v2,mid_upslope,none,1.0,25.0,False,False,622,623,0.9879104459180775,0.0,0.03289163857303676,622,0,1,0.9983948635634029,1.0,0.9991967871485944,281.0000000000148,14.56038647343012,17.55580015728833,-0.02898550724640519,17.56992840883904,621,780.951768488746,780.9983896940419,0.0466212052958781,0.0466212052958781,0.005969793164832296,56.4543985819586,60.42565411166099,3.9712555297023897,3.9712555297023897,7.034448385694968,56.17673973235291,65.23406986359014,9.05733013123723,9.05733013123723,16.122918799470657,44.28341384863124,37.903225806451616,-6.3801880421796255,6.3801880421796255,-14.40762463343108,56.22195286541393,65.28670978014871,9.06475691473478,9.06475691473478,16.12316266643087,39.75492412268464,46.16467520690125,6.409751084216609,6.409751084216609,16.12316266643087,69.2368705712562,71.91204428109037,2.6751737098341692,2.6751737098341692,3.863799284632561,0.5741871894942195,0.6419602678301343,0.06777307833591473,0.06777307833591473,11.80330727956741,1.7818465526409508,1.5586471125835222,-0.22319944005742864,0.22319944005742864,-12.52629973813487,0.711586145559933,0.6723835112964648,-0.03920263426346826,0.03920263426346826,-5.509190209517146,586.8315011408603,614.8182347758362,27.986733634975963,27.986733634975963,4.769125989413809,1334.757928533242,1498.0309009869861,163.27297245374416,163.27297245374416,12.232403266797892,0.4396538792511434,0.41041759176713893,-0.029236287484004475,0.029236287484004475,-6.649841810517458,False
s17_sit,msptdfast,MSPTDfast v2,mid_upslope,none,1.0,500.0,True,False,622,623,0.9879104459180775,0.0,0.021998505785699448,622,0,1,0.9983948635634029,1.0,0.9991967871485944,278.1580681114035,3.3541505872000537,4.302681452438722,0.012018117605043004,4.306133160926636,621,780.951768488746,781.0393933188933,0.0876248301473197,0.0876248301473197,0.01122026144033022,56.4543985819586,57.290486671584254,0.8360880896256546,0.8360880896256546,1.480997248446195,56.17673973235291,56.14997218811448,-0.026767544238424534,0.026767544238424534,-0.04764880334094711,44.28341384863124,43.38709677419355,-0.8963170744376896,0.8963170744376896,-2.02404692082111,56.22195286541393,56.195169506526256,-0.02678335888767691,0.02678335888767691,-0.04763861360666686,39.75492412268464,39.73598542799221,-0.018938694692430147,0.018938694692430147,-0.04763861360666891,69.2368705712562,70.607727538849,1.3708569675928004,1.3708569675928004,1.979952236838841,0.5741871894942195,0.5627710565550933,-0.011416132939126244,0.011416132939126244,-1.988224946150801,1.7818465526409508,1.800976124332979,0.019129571692028113,0.019129571692028113,1.0735813172955526,0.711586145559933,0.7229465532385945,0.011360407678661422,0.011360407678661422,1.5964908464768017,586.8315011408603,634.3565651457468,47.52506400488653,47.52506400488653,8.098587739835535,1334.757928533242,1386.5007243052178,51.74279577197581,51.74279577197581,3.8765677780116787,0.4396538792511434,0.4575234286037794,0.017869549352636016,0.017869549352636016,4.064458474260021,True
s17_sit,msptdfast,MSPTDfast v2,mid_upslope,none,1.0,500.0,False,False,622,623,0.9879104459180775,0.0,0.021669432816354785,622,0,1,0.9983948635634029,1.0,0.9991967871485944,278.0000000000178,3.3494363929169664,4.390004750216569,0.012882447665027436,4.393524733209109,621,780.951768488746,781.0402576489533,0.08848916020735942,0.08848916020735942,0.011330937937255545,56.4543985819586,57.31627018849498,0.8618716065363827,0.8618716065363827,1.5266686532585172,56.17673973235291,56.171052124507106,-0.005687607845800358,0.005687607845800358,-0.010124489019651654,44.28341384863124,43.38709677419355,-0.8963170744376896,0.8963170744376896,-2.02404692082111,56.22195286541393,56.216272370857936,-0.005680494555996063,0.005680494555996063,-0.010103694849579894,39.75492412268464,39.750907406463604,-0.0040167162210380525,0.0040167162210380525,-0.010103694849579818,69.2368705712562,70.64117083545456,1.4043002641983549,1.4043002641983549,2.0282549638824263,0.5741871894942195,0.5627158629498927,-0.01147132654432681,0.01147132654432681,-1.9978374220489805,1.7818465526409508,1.8285069804500316,0.04666042780908075,0.04666042780908075,2.6186557837948135,0.711586145559933,0.7221718467102696,0.010585701150336524,0.010585701150336524,1.4876204682156713,586.8315011408603,635.0843986731464,48.25289753228617,48.25289753228617,8.222615425122479,1334.757928533242,1388.6536099526602,53.895681419418224,53.895681419418224,4.037861867480636,0.4396538792511434,0.457338240524069,0.01768436127292561,0.01768436127292561,4.022337140080999,True
s18_sit,msptdfast,MSPTDfast v2,mid_upslope,none,1.0,100.0,True,False,615,616,0.9906343774894848,0.0,0.024158080480816056,615,0,1,0.9983766233766234,1.0,0.9991876523151909,271.1708625898286,3.2607562689716407,5.663274973392046,0.012161743933392673,5.667879332591761,614,786.0422764227643,785.9665591380701,-0.07571728469417849,0.07571728469417849,-0.009632724214117813,44.933155217569485,45.624747753641024,0.6915925360715391,0.6915925360715391,1.5391586295749755,22.09720898555063,23.234583272192552,1.137374286641922,1.137374286641922,5.14714001838717,3.0944625407166124,3.7520391517128875,0.6575766109962751,0.6575766109962751,21.250107323774365,22.115109171773625,23.25353532092008,1.1384261491464542,1.1384261491464542,5.147730179869389,15.637743662041943,16.44273251198349,0.8049888499415463,0.8049888499415463,5.147730179869392,61.590890956152364,62.39288230804941,0.8019913518970441,0.8019913518970441,1.3021265635984967,0.25389701982351137,0.26353538903366525,0.009638369210153874,0.009638369210153874,3.796172643874941,1.34471024908347,1.3469003477524386,0.0021900986689686874,0.0021900986689686874,0.16286770108738435,1.450018359229974,1.43660498904448,-0.013413370185493934,0.013413370185493934,-0.9250483002585599,990.5337457672401,1017.0354786112723,26.501732844032176,26.501732844032176,2.675500249969239,146.1120254253738,166.87633080257123,20.764305377197445,20.764305377197445,14.211222735942936,6.779275989662821,6.094546025310869,-0.684729964351952,0.684729964351952,-10.100340587933612,False
s18_sit,msptdfast,MSPTDfast v2,mid_upslope,none,1.0,100.0,False,False,615,616,0.9906343774894848,0.0,0.02159982911582761,615,0,1,0.9983766233766234,1.0,0.9991876523151909,271.9999999999957,4.648208469056583,6.921147313147282,0.022801302931614052,6.926752730970735,614,786.0422764227643,785.9771986970684,-0.06507772569591452,0.06507772569591452,-0.008279163557471707,44.933155217569485,45.709267799606195,0.7761125820367099,0.7761125820367099,1.7272603677144824,22.09720898555063,24.14610233037278,2.048893344822151,2.048893344822151,9.272181596155074,3.0944625407166124,4.567699836867863,1.4732372961512508,1.4732372961512508,47.60882630720358,22.115109171773625,24.165799425665906,2.050690253892281,2.050690253892281,9.272801856703728,15.637743662041943,17.08780064668234,1.450056984640396,1.450056984640396,9.272801856703735,61.590890956152364,62.3432546039383,0.7523636477859341,0.7523636477859341,1.221550193715423,0.25389701982351137,0.274092213427736,0.020195193604224615,0.020195193604224615,7.954088479755563,1.34471024908347,1.9857296100625292,0.6410193609790593,0.6410193609790593,47.669701440586664,1.450018359229974,1.4348854156907676,-0.015132943539206467,0.015132943539206467,-1.0436380645030419,990.5337457672401,1012.9728763940562,22.43913062681611,22.43913062681611,2.2653575128261156,146.1120254253738,160.11093680417255,13.998911378798766,13.998911378798766,9.580944031159612,6.779275989662821,6.326693832495631,-0.45258215716718997,0.45258215716718997,-6.675965956501793,False
s18_sit,msptdfast,MSPTDfast v2,mid_upslope,none,1.0,50.0,True,False,615,616,0.9906343774894848,0.0,0.03801912337195953,615,0,1,0.9983766233766234,1.0,0.9991876523151909,271.19754137656037,3.2671891994619298,5.663145517134861,0.01170603392427983,5.667750731584643,614,786.0422764227643,785.966103428061,-0.07617299470325634,0.07617299470325634,-0.009690699468470766,44.933155217569485,45.624187081036936,0.691031863467451,0.691031863467451,1.5379108369341667,22.09720898555063,23.254704573405235,1.157495587854605,1.157495587854605,5.238198129960628,3.0944625407166124,3.588907014681892,0.4944444739652796,0.4944444739652796,15.978363527088508,22.115109171773625,23.27367366221656,1.1585644904429344,1.1585644904429344,5.23879163988779,15.637743662041943,16.45697246967608,0.8192288076341381,0.8192288076341381,5.238791639887803,61.590890956152364,62.38830780477412,0.7974168486217579,0.7974168486217579,1.294699323621496,0.25389701982351137,0.26378295947973684,0.009885939656225473,0.009885939656225473,3.893680856552541,1.34471024908347,1.3455250887576409,0.0008148396741709529,0.0008148396741709529,0.06059592947449704,1.450018359229974,1.4360822533165336,-0.01393610591344041,0.01393610591344041,-0.9610985836649075,990.5337457672401,1016.6092725203753,26.075526753135136,26.075526753135136,2.632472327627541,146.1120254253738,166.7795317248826,20.6675062995088,20.6675062995088,14.14497283118196,6.779275989662821,6.095527802520522,-0.6837481871422995,0.6837481871422995,-10.085858551634315,False
s18_sit,msptdfast,MSPTDfast v2,mid_upslope,none,1.0,50.0,False,False,615,616,0.9906343774894848,0.0,0.031184390078813278,615,0,1,0.9983766233766234,1.0,0.9991876523151909,272.00000000000034,7.485342019545351,9.828496758619226,0.0065146579804741716,9.836508049394732,614,786.0422764227643,785.9609120521172,-0.0813643706470657,0.0813643706470657,-0.010351144345231727,44.933155217569485,46.3932946069247,1.4601393893552128,1.4601393893552128,3.2495812552782364,22.09720898555063,27.46494131854938,5.367732332998749,5.367732332998749,24.291449370410128,3.0944625407166124,5.872756933115824,2.778294392399211,2.778294392399211,89.78277668069029,22.115109171773625,27.48729325821522,5.372184086441596,5.372184086441596,24.291917551545815,15.637743662041943,19.436451459347253,3.79870779730531,3.79870779730531,24.291917551545815,61.590890956152364,62.66498163758013,1.0740906814277622,1.0740906814277622,1.7439115829521386,0.25389701982351137,0.310164480247629,0.05626746042411762,0.05626746042411762,22.16152850601799,1.34471024908347,1.4673103048799792,0.12260005579650923,0.12260005579650923,9.11720988815778,1.450018359229974,1.3806112757924023,-0.06940708343757174,0.06940708343757174,-4.786634803329667,990.5337457672401,1024.1320117973894,33.59826603014926,33.59826603014926,3.3919355270551605,146.1120254253738,179.41240879443393,33.30038336906014,33.30038336906014,22.790994288193065,6.779275989662821,5.708256294417256,-1.0710196952455648,1.0710196952455648,-15.79843772223874,False
s18_sit,msptdfast,MSPTDfast v2,mid_upslope,none,1.0,30.0,True,False,615,616,0.9906343774894848,0.0,0.04598942085029243,615,0,1,0.9983766233766234,1.0,0.9991876523151909,271.42917081126507,3.2780741779637306,5.753949583282899,0.013738614611388665,5.75862452611104,614,786.0422764227643,785.9681360087482,-0.07414041401614213,0.07414041401614213,-0.009432115325088,44.933155217569485,45.62280485485931,0.6896496372898255,0.6896496372898255,1.53483465372172,22.09720898555063,23.29588500378353,1.1986760182328986,1.1986760182328986,5.424558454494019,3.0944625407166124,3.915171288743882,0.8207087480272697,0.8207087480272697,26.521851120460187,22.115109171773625,23.314884887929036,1.1997757161554112,1.1997757161554112,5.425140372749015,15.637743662041943,16.486113206838382,0.848369544796439,0.848369544796439,5.4251403727490235,61.590890956152364,62.37859181626704,0.7877008601146755,0.7877008601146755,1.2789242822862452,0.25389701982351137,0.26429120515252075,0.010394185329009376,0.010394185329009376,4.0938587369928845,1.34471024908347,1.3868623815838992,0.04215213250042926,0.04215213250042926,3.134662841244751,1.450018359229974,1.4367118561733614,-0.013306503056612629,0.013306503056612629,-0.9176782467553714,990.5337457672401,1016.0565152265452,25.522769459305096,25.522769459305096,2.5766683435440014,146.1120254253738,166.01646381065947,19.904438385285687,19.904438385285687,13.62272429482665,6.779275989662821,6.120215380477867,-0.6590606091849542,0.6590606091849542,-9.721696095422335,False
s18_sit,msptdfast,MSPTDfast v2,mid_upslope,none,1.0,30.0,False,False,615,616,0.9906343774894848,0.0,0.04299360628075666,615,0,1,0.9983766233766234,1.0,0.9991876523151909,272.66666666666515,11.652551574375472,14.551119220713808,0.03908794788273523,14.562930617179626,614,786.0422764227643,785.9934853420195,-0.04879108074476335,0.04879108074476335,-0.006207182769711689,44.933155217569485,47.66791916558758,2.7347639480180916,2.7347639480180916,6.08629404006056,22.09720898555063,32.785050329444076,10.687841343893446,10.687841343893446,48.367381377812144,3.0944625407166124,10.114192495921696,7.019729955205083,7.019729955205083,226.84811539452215,22.115109171773625,32.81177943645951,10.696670264685885,10.696670264685885,48.368154918893474,15.637743662041943,23.201431742317837,7.5636880802758935,7.5636880802758935,48.36815491889348,61.590890956152364,63.29419088874231,1.7032999325899425,1.7032999325899425,2.7655062398797763,0.25389701982351137,0.36656494721768396,0.11266792739417258,0.11266792739417258,44.375443032962814,1.34471024908347,1.1350081650773793,-0.20970208400609058,0.20970208400609058,-15.594592526458374,1.450018359229974,1.3034930926936579,-0.14652526653631615,0.14652526653631615,-10.10506284997162,990.5337457672401,1024.9927312780655,34.458985510825414,34.458985510825414,3.478830040680182,146.1120254253738,224.36714109688666,78.25511567151287,78.25511567151287,53.55829915004593,6.779275989662821,4.568372740620924,-2.2109032490418974,2.2109032490418974,-32.61267504690955,False
s18_sit,msptdfast,MSPTDfast v2,mid_upslope,none,1.0,25.0,True,False,615,616,0.9906343774894848,0.0,0.0371634876930919,615,0,1,0.9983766233766234,1.0,0.9991876523151909,271.7502672200229,3.3538547700572416,5.744446911808144,0.01052747070495292,5.749120867596734,614,786.0422764227643,785.9649248648417,-0.07735155792261139,0.07735155792261139,-0.00984063583381725,44.933155217569485,45.60966346043576,0.6765082428662765,0.6765082428662765,1.5055881110297646,22.09720898555063,23.347997518964295,1.2507885334136652,1.2507885334136652,5.660391474016271,3.0944625407166124,4.078303425774878,0.9838408850582652,0.9838408850582652,31.79359491714604,22.115109171773625,23.367043894917842,1.2519347231442168,1.2519347231442168,5.660992733158694,15.637743662041943,16.522995194380123,0.8852515323381791,0.8852515323381791,5.6609927331586976,61.590890956152364,62.349606508420806,0.7587155522684412,0.7587155522684412,1.231863252000339,0.25389701982351137,0.2650056050016701,0.011108585178158714,0.011108585178158714,4.3752325985868215,1.34471024908347,1.344939986467656,0.00022973738418596845,0.00022973738418596845,0.017084526896597486,1.450018359229974,1.4348066000070248,-0.015211759222949262,0.015211759222949262,-1.0490735600773635,990.5337457672401,1015.4078142650995,24.87406849785941,24.87406849785941,2.5111783020166207,146.1120254253738,165.62748164538715,19.515456220013363,19.515456220013363,13.356502425586328,6.779275989662821,6.1306723025537195,-0.6486036871091017,0.6486036871091017,-9.56744773480392,False
s18_sit,msptdfast,MSPTDfast v2,mid_upslope,none,1.0,25.0,False,False,615,616,0.9906343774894848,0.0,0.03708337013862006,615,0,1,0.9983766233766234,1.0,0.9991876523151909,274.000000000024,14.19543973941275,17.562916217376007,0.03908794788275374,17.577192227587616,614,786.0422764227643,785.9934853420195,-0.04879108074476335,0.04879108074476335,-0.006207182769711689,44.933155217569485,48.29801406928105,3.364858851711567,3.364858851711567,7.488587960090238,22.09720898555063,36.19775303292784,14.100544047377213,14.100544047377213,63.811425490873354,3.0944625407166124,7.504078303425775,4.409615762709162,4.409615762709162,142.50021464754872,22.115109171773625,36.22731428982114,14.112205118047513,14.112205118047513,63.812504873633955,15.637743662041943,25.616579598508842,9.978835936466899,9.978835936466899,63.81250487363395,61.590890956152364,63.31814254813703,1.7272515919846683,1.7272515919846683,2.8043945544063145,0.25389701982351137,0.40456934722988874,0.15067232740637737,0.15067232740637737,59.343873949805534,1.34471024908347,1.0570305855432014,-0.2876796635402685,0.2876796635402685,-21.393431316251643,1.450018359229974,1.2528595803711986,-0.19715877885877542,0.19715877885877542,-13.596985003933035,990.5337457672401,1008.0712205272201,17.53747475998,17.53747475998,1.7705075505929337,146.1120254253738,216.19118776150177,70.07916233612798,70.07916233612798,47.96262465879009,6.779275989662821,4.662869152832012,-2.1164068368308095,2.1164068368308095,-31.21877380501915,False
s18_sit,msptdfast,MSPTDfast v2,mid_upslope,none,1.0,500.0,True,False,616,616,0.9906343774894848,0.0016260162601626016,0.021719151026086608,615,1,1,0.9983766233766234,0.9983766233766234,0.9983766233766234,270.98682811210927,3.260051258308471,5.6412479108121065,0.019563675537187325,5.6458209413950975,613,786.0422764227643,785.771667629494,-0.2706087932702985,0.2706087932702985,-0.03442674794819236,44.933155217569485,45.665915537977675,0.7327603204081896,0.7327603204081896,1.6307786908355597,22.09720898555063,23.525020581110446,1.4278115955598167,1.4278115955598167,6.4615019774373454,3.0944625407166124,3.915171288743882,0.8207087480272697,0.8207087480272697,26.521851120460187,22.115109171773625,23.544210240566983,1.4291010687933579,1.4291010687933579,6.46210270857435,15.637743662041943,16.64827071878667,1.010527056744726,1.010527056744726,6.462102708574349,61.590890956152364,62.39861189095004,0.807720934797679,0.807720934797679,1.3114292101614664,0.25389701982351137,0.2668051454074292,0.012908125583917851,0.012908125583917851,5.084000431706734,1.34471024908347,1.3457820237512248,0.0010717746677548767,0.0010717746677548767,0.07970301918092607,1.450018359229974,1.4271376232002098,-0.02288073602976426,0.02288073602976426,-1.5779618157328004,990.5337457672401,1017.1684333366769,26.634687569436778,26.634687569436778,2.688922783625739,146.1120254253738,166.9257348852393,20.81370945986552,20.81370945986552,14.245035204508921,6.779275989662821,6.093538746652669,-0.685737243010152,0.685737243010152,-10.115198791962124,True
s18_sit,msptdfast,MSPTDfast v2,mid_upslope,none,1.0,500.0,False,False,616,616,0.9906343774894848,0.0016260162601626016,0.024494054130337835,615,1,1,0.9983766233766234,0.9983766233766234,0.9983766233766234,271.0000000000239,3.24632952691891,5.747827449697221,0.016313213703116572,5.752498301796367,613,786.0422764227643,785.7687296416938,-0.27354678107053587,0.27354678107053587,-0.03480051764078548,44.933155217569485,45.68983951520483,0.7566842976353456,0.7566842976353456,1.6840221746534987,22.09720898555063,23.674243822236125,1.5770348366854954,1.5770348366854954,7.136805547328257,3.0944625407166124,4.241435562805873,1.1469730220892607,1.1469730220892607,37.06533871383189,22.115109171773625,23.693555129864976,1.5784459580913506,1.5784459580913506,7.137409749285718,15.637743662041943,16.753873502744835,1.1161298407028912,1.1161298407028912,7.137409749285718,61.590890956152364,62.40537310604248,0.814482149890118,0.814482149890118,1.3224068319939748,0.25389701982351137,0.26846844540574694,0.014571425582235564,0.014571425582235564,5.739108553682291,1.34471024908347,1.3916287608088296,0.04691851172535966,0.04691851172535966,3.489116838169298,1.450018359229974,1.425991531528431,-0.024026827701542963,0.024026827701542963,-1.6570016199175785,990.5337457672401,1017.3643066817771,26.83056091453693,26.83056091453693,2.708697308818562,146.1120254253738,166.57748764311486,20.465462217741077,20.465462217741077,14.006692575891874,6.779275989662821,6.107453780677954,-0.6718222089848673,0.6718222089848673,-9.909940383151174,True
s19_sit,msptdfast,MSPTDfast v2,mid_upslope,none,1.0,100.0,True,False,677,679,0.9815941088327444,0.0029585798816568047,0.024957282627559318,675,2,4,0.9941089837997055,0.9970457902511078,0.995575221238938,269.0965480306037,3.602967033661021,4.989774901746915,-0.1130707977999463,4.992226122827591,669,735.4867256637168,738.1359580737129,2.6492324099961024,2.6492324099961024,0.3602012541566112,72.98405747012157,88.59207820309948,15.608020732977906,15.608020732977906,21.385520720559505,38.12612203835905,83.4718441451288,45.34572210676975,45.34572210676975,118.93609861802096,15.805022156573118,17.236255572065378,1.43123341549226,1.43123341549226,9.055560955965046,38.15427430110364,83.53391825725882,45.37964395615518,45.37964395615518,118.93724828319573,26.979146089562008,59.06740005879046,32.088253969228454,32.088253969228454,118.93724828319571,99.62665790782147,110.49051946200174,10.863861554180275,10.863861554180275,10.904572914843687,0.2708024805421475,0.5345924731497352,0.26378999260758773,0.26378999260758773,97.41047869261732,1.20006502287786,1.14084649599176,-0.059218526886100076,0.059218526886100076,-4.934609855063429,1.3000334752008003,0.8776710103374019,-0.42236246486339835,0.42236246486339835,-32.48858378805678,1589.640840085845,2024.5014292753742,434.86058918952926,434.86058918952926,27.35590192600019,637.0751584107528,2155.1074320424027,1518.0322736316498,1518.0322736316498,238.28150471579082,2.49521711700604,0.9393969874424066,-1.5558201295636336,1.5558201295636336,-62.35209429111445,False
s19_sit,msptdfast,MSPTDfast v2,mid_upslope,none,1.0,100.0,False,False,677,679,0.9815941088327444,0.0029585798816568047,0.021772722901993367,675,2,4,0.9941089837997055,0.9970457902511078,0.995575221238938,269.99999999998215,4.917787742900911,6.523270979732012,-0.11659192825107724,6.527109041489352,669,735.4867256637168,738.1305637982194,2.64383813450263,2.64383813450263,0.3594678248090449,72.98405747012157,88.69739623371996,15.713338763598387,15.713338763598387,21.529823509786585,38.12612203835905,83.88061990260395,45.754497864244904,45.754497864244904,120.00826577172174,15.805022156573118,19.167904903417536,3.3628827468444182,3.3628827468444182,21.277304856202534,38.15427430110364,83.94300260875649,45.788728307652846,45.788728307652846,120.0094331405705,26.979146089562008,59.35666637781176,32.377520288249755,32.377520288249755,120.0094331405705,99.62665790782147,110.50449019744033,10.877832289618866,10.877832289618866,10.918596004378132,0.2708024805421475,0.5371425746750937,0.26634009413294624,0.26634009413294624,98.35216191510966,1.20006502287786,1.3237581912368097,0.12369316835894972,0.12369316835894972,10.307205526440791,1.3000334752008003,0.8755398387914672,-0.424493636409333,0.424493636409333,-32.65251583954534,1589.640840085845,2019.1571485545403,429.51630846869534,429.51630846869534,27.01970769985378,637.0751584107528,2156.9901787714994,1519.9150203607464,1519.9150203607464,238.57703448245027,2.49521711700604,0.9360993705147693,-1.5591177464912709,1.5591177464912709,-62.48425180579173,False
s19_sit,msptdfast,MSPTDfast v2,mid_upslope,none,1.0,50.0,True,False,678,679,0.9815941088327444,0.0029542097488921715,0.034254272939825504,676,2,3,0.9955817378497791,0.9970501474926253,0.9963154016212232,269.22226592251906,3.6002260852721193,4.987601598597176,-0.1081632610203653,4.990148451215467,671,735.4867256637168,737.0339663563267,1.5472406926098756,1.5472406926098756,0.210369628522339,72.98405747012157,85.25862615149119,12.274568681369615,12.274568681369615,16.818150575411096,38.12612203835905,74.99794070335818,36.87181866499913,36.87181866499913,96.71012076156617,15.805022156573118,17.359050445103858,1.5540282885307395,1.5540282885307395,9.8324967414515,38.15427430110364,75.05362726906105,36.89935296795741,36.89935296795741,96.71092857580591,26.979146089562008,53.070928794600654,26.091782705038646,26.091782705038646,96.71092857580591,99.62665790782147,108.26607586570181,8.63941795788034,8.63941795788034,8.671793412837227,0.2708024805421475,0.4901898251159695,0.21938734457382197,0.21938734457382197,81.0137869249232,1.20006502287786,1.1710253881658357,-0.02903963471202431,0.02903963471202431,-2.4198384386193297,1.3000334752008003,0.9640420172229567,-0.3359914579778436,0.3359914579778436,-25.84483125912947,1589.640840085845,2117.698019957398,528.0571798715532,528.0571798715532,33.21864703998399,637.0751584107528,1933.9056452383813,1296.8304868276286,1296.8304868276286,203.56004620596116,2.49521711700604,1.0950368882636783,-1.400180228742362,1.400180228742362,-56.11456490898112,False
s19_sit,msptdfast,MSPTDfast v2,mid_upslope,none,1.0,50.0,False,False,678,679,0.9815941088327444,0.0029542097488921715,0.03146611697435828,676,2,3,0.9955817378497791,0.9970501474926253,0.9963154016212232,269.99999999998215,7.5678092399399075,9.403363700412365,-0.09836065573763596,9.409863687744885,671,735.4867256637168,737.0370370370371,1.5503113733202554,1.5503113733202554,0.21078713173527716,72.98405747012157,85.6297501796944,12.645692709572828,12.645692709572828,17.32665070690234,38.12612203835905,76.00171792529677,37.875595886937724,37.875595886937724,99.34290156452505,15.805022156573118,19.73293768545994,3.927915528886823,3.927915528886823,24.852325355667094,38.15427430110364,76.058156040881,37.90388173977736,37.90388173977736,99.34373653827028,26.979146089562008,53.78123790105153,26.802091811489525,26.802091811489525,99.34373653827026,99.62665790782147,108.50109069269416,8.874432784872695,8.874432784872695,8.907688937115276,0.2708024805421475,0.49567462923829253,0.22487214869614502,0.22487214869614502,83.03917609836888,1.20006502287786,1.7729795745764587,0.5729145516985987,0.5729145516985987,47.740292465544904,1.3000334752008003,0.9598557944641304,-0.3401776807366699,0.3401776807366699,-26.16684010264634,1589.640840085845,2124.9916564711166,535.3508163852716,535.3508163852716,33.67746995958919,637.0751584107528,1956.1175764756713,1319.0424180649184,1319.0424180649184,207.0465942127457,2.49521711700604,1.0863312522858186,-1.4088858647202216,1.4088858647202216,-56.463457833710066,False
s19_sit,msptdfast,MSPTDfast v2,mid_upslope,none,1.0,30.0,True,False,675,679,0.9815941088327444,0.0,0.04816370585809225,675,0,4,0.9941089837997055,1.0,0.9970457902511078,269.68521287228987,3.543361231732495,4.645229580066568,0.009129417968173938,4.648685898897032,671,735.4867256637168,738.9204182214997,3.4336925577829334,3.4336925577829334,0.46685989535491695,72.98405747012157,90.88348715552496,17.89942968540339,17.89942968540339,24.525122754008454,38.12612203835905,72.13836967872739,34.01224764036834,34.01224764036834,89.20982733609334,15.805022156573118,16.64190193164933,0.8368797750762109,0.8368797750762109,5.295024371276587,38.15427430110364,72.19201104393348,34.037736742829836,34.037736742829836,89.21080892330133,26.979146089562008,51.047460556659495,24.068314467097487,24.068314467097487,89.21080892330134,99.62665790782147,117.95665833607374,18.330000428252276,18.330000428252276,18.398690484239587,0.2708024805421475,0.4327645533261776,0.16196207278403008,0.16196207278403008,59.80819394998947,1.20006502287786,1.1111822865777794,-0.08888273630008059,0.08888273630008059,-7.406493365412157,1.3000334752008003,1.0102724744415876,-0.28976100075921263,0.28976100075921263,-22.28873381237024,1589.640840085845,4436.8160679722,2847.1752278863546,2847.1752278863546,179.10808253596448,637.0751584107528,2365.598487768882,1728.523329358129,1728.523329358129,271.3217281411666,2.49521711700604,1.8755575347686284,-0.6196595822374118,0.6196595822374118,-24.833894333849738,False
s19_sit,msptdfast,MSPTDfast v2,mid_upslope,none,1.0,30.0,False,False,675,679,0.9815941088327444,0.0,0.04649926680898007,675,0,4,0.9941089837997055,1.0,0.9970457902511078,269.3333333333593,11.97913561848102,14.505299349665584,0.024838549428770573,14.516098881446954,671,735.4867256637168,738.921859545005,3.4351338812881522,3.4351338812881522,0.46705586401824234,72.98405747012157,91.85102264972483,18.866965179603255,18.866965179603255,25.850803358428063,38.12612203835905,75.3068676746665,37.180745636307456,37.180745636307456,97.52039716732679,15.805022156573118,23.328380386329865,7.523358229756747,7.523358229756747,47.60106094902165,38.15427430110364,75.36286244062447,37.20858813952083,37.20858813952083,97.52141489019105,26.979146089562008,53.28959108139453,26.310444991832526,26.310444991832526,97.52141489019108,99.62665790782147,118.46282204125598,18.836164133434508,18.836164133434508,18.90675099315534,0.2708024805421475,0.4498423232128967,0.17903984267074918,0.17903984267074918,66.11455046951963,1.20006502287786,1.4485935805053527,0.2485285576274927,0.2485285576274927,20.70959097128751,1.3000334752008003,0.9982904505004918,-0.30174302470030845,0.30174302470030845,-23.210404228529722,1589.640840085845,4366.691604412593,2777.050764326748,2777.050764326748,174.69674245263977,637.0751584107528,2391.473265422358,1754.3981070116051,1754.3981070116051,275.38322344699884,2.49521711700604,1.8259420531892885,-0.6692750638167517,0.6692750638167517,-26.822317755650904,False
s19_sit,msptdfast,MSPTDfast v2,mid_upslope,none,1.0,25.0,True,False,676,679,0.9815941088327444,0.0,0.03162564003977457,676,0,3,0.9955817378497791,1.0,0.9977859778597786,269.61341310788646,3.7810505280036018,5.203935053870651,-0.09231608260196522,5.20698608811158,673,735.4867256637168,737.8277241894791,2.340998525762302,2.340998525762302,0.31829242378912304,72.98405747012157,84.71231956867085,11.72826209854928,11.72826209854928,16.06962192167876,38.12612203835905,71.64581457071884,33.51969253235979,33.51969253235979,87.9179175333786,15.805022156573118,16.61721068249258,0.8121885259194617,0.8121885259194617,5.138800299509116,38.15427430110364,71.6990099320452,33.54473563094156,33.54473563094156,87.91868341202142,26.979146089562008,50.69885612731078,23.719710037748776,23.719710037748776,87.91868341202142,99.62665790782147,108.54483018915029,8.918172281328822,8.918172281328822,8.951592343467215,0.2708024805421475,0.4670775755875515,0.19627509504540397,0.19627509504540397,72.47906099399849,1.20006502287786,1.1788537442306042,-0.021211278647255805,0.021211278647255805,-1.767510780073343,1.3000334752008003,0.9890341786478132,-0.3109992965529871,0.3109992965529871,-23.922406806097886,1589.640840085845,2118.6945326136606,529.0536925278157,529.0536925278157,33.28133495231824,637.0751584107528,1920.2289321222672,1283.1537737115145,1283.1537737115145,201.41324877781594,2.49521711700604,1.1033551766517995,-1.3918619403542407,1.3918619403542407,-55.78119558687171,False
s19_sit,msptdfast,MSPTDfast v2,mid_upslope,none,1.0,25.0,False,False,676,679,0.9815941088327444,0.0,0.03438450443569892,676,0,3,0.9955817378497791,1.0,0.9977859778597786,270.00000000000034,14.502228826150933,18.004126982724195,-0.10698365527486288,18.017199833670382,673,735.4867256637168,737.7777777777778,2.291052114061017,2.291052114061017,0.3115014906616471,72.98405747012157,86.40071802463808,13.416660554516511,13.416660554516511,18.383001739810183,38.12612203835905,77.4826485792812,39.356526540922154,39.356526540922154,103.22719552050215,15.805022156573118,21.068249258160236,5.263227101587118,5.263227101587118,33.300978951163344,38.15427430110364,77.54016958407611,39.38589528297247,39.38589528297247,103.22800264040981,26.979146089562008,54.829179727255095,27.850033637693087,27.850033637693087,103.2280026404098,99.62665790782147,109.19674537632703,9.570087468505562,9.570087468505562,9.605950525169867,0.2708024805421475,0.5021136805707546,0.23131120002860706,0.23131120002860706,85.41694284539832,1.20006502287786,1.357317547973062,0.15725252509520193,0.15725252509520193,13.103667059481221,1.3000334752008003,0.9686728567228572,-0.33136061847794307,0.33136061847794307,-25.488622008503427,1589.640840085845,2139.0251250586384,549.3842849727935,549.3842849727935,34.56027746136198,637.0751584107528,1949.9858446632322,1312.9106862524795,1312.9106862524795,206.08411251313981,2.49521711700604,1.096943924445797,-1.3982731925602432,1.3982731925602432,-56.03813724386447,False
s19_sit,msptdfast,MSPTDfast v2,mid_upslope,none,1.0,500.0,True,False,677,679,0.9815941088327444,0.0029585798816568047,0.022249441092106536,675,2,4,0.9941089837997055,0.9970457902511078,0.995575221238938,268.9026148627821,3.6172617178931845,5.0193032592031415,-0.08832101286313353,5.022281115931494,669,735.4867256637168,738.3200531320521,2.8333274683352556,2.8333274683352556,0.38523162546250017,72.98405747012157,88.81517930928126,15.831121839159692,15.831121839159692,21.691205432968264,38.12612203835905,83.84957841786762,45.72345637950857,45.72345637950857,119.92684788005917,15.805022156573118,17.38484398216939,1.5798218255962713,1.5798218255962713,9.995695102137153,38.15427430110364,83.9119335641962,45.75765926309256,45.75765926309256,119.92800309078082,26.979146089562008,59.3346972457182,32.355551156156196,32.355551156156196,119.92800309078082,99.62665790782147,110.70531086735869,11.078652959537223,11.078652959537223,11.120169232001773,0.2708024805421475,0.5359697450902778,0.26516726454813033,0.26516726454813033,97.91906780811776,1.20006502287786,1.1385926289055424,-0.06147239397231763,0.06147239397231763,-5.122421935513252,1.3000334752008003,0.8709004291099463,-0.429133046090854,0.429133046090854,-33.0093843179362,1589.640840085845,2013.7745952986904,424.1337552128455,424.1337552128455,26.681105852183638,637.0751584107528,2149.9859528812644,1512.9107944705115,1512.9107944705115,237.47759969869452,2.49521711700604,0.9366454662645434,-1.5585716507414968,1.5585716507414968,-62.46236610510251,True
s19_sit,msptdfast,MSPTDfast v2,mid_upslope,none,1.0,500.0,False,False,677,679,0.9815941088327444,0.0029585798816568047,0.026748623764723256,675,2,4,0.9941089837997055,0.9970457902511078,0.995575221238938,268.00000000002944,3.680119581467138,5.1518061035479725,-0.09267563527651361,5.154826543399719,669,735.4867256637168,738.320474777448,2.833749113731187,2.833749113731187,0.3852889542192566,72.98405747012157,88.83584856500565,15.851791094884078,15.851791094884078,21.719525666784875,38.12612203835905,83.8648527187961,45.73873068043705,45.73873068043705,119.96691044113766,15.805022156573118,17.97919762258544,2.1741754660123203,2.1741754660123203,13.756231686825615,38.15427430110364,83.92722006105143,45.77294575994779,45.77294575994779,119.96806805633247,26.979146089562008,59.34550643130512,32.36636034174311,32.36636034174311,119.96806805633247,99.62665790782147,110.7326819278805,11.106024020059039,11.106024020059039,11.147642863152926,0.2708024805421475,0.5359348784666524,0.26513239792450494,0.26513239792450494,97.90619251112803,1.20006502287786,1.1878756983338057,-0.012189324544054303,0.012189324544054303,-1.01572200769782,1.3000334752008003,0.8708014837136795,-0.42923199148712077,0.42923199148712077,-33.01699530628029,1589.640840085845,2013.4004001817568,423.75956009591187,423.75956009591187,26.657566250815982,637.0751584107528,2156.548876715865,1519.473718305112,1519.473718305112,238.507764467789,2.49521711700604,0.9336215014277329,-1.5615956155783073,1.5615956155783073,-62.58355655447065,True
s20_sit,msptdfast,MSPTDfast v2,mid_upslope,none,1.0,100.0,True,False,639,646,0.9890038914275565,0.001567398119122257,0.021853845408354857,636,3,10,0.9845201238390093,0.9953051643192489,0.9898832684824904,304.5684933316083,8.34934383528078,11.553638220570281,0.06942779599744285,11.562653913485866,627,766.8682170542636,773.5958985144468,6.727681460183248,6.727681460183248,0.8772930355656137,74.10586893935735,101.50159096136004,27.395722022002687,27.395722022002687,36.96835677673691,32.66239884235016,105.63225323169782,72.96985438934766,72.96985438934766,223.406292788069,12.422360248447205,20.59748427672956,8.175124028282355,8.175124028282355,65.80974842767296,32.687446985372894,105.71516621093943,73.02771922556653,73.02771922556653,223.41212288082716,23.113515423032943,74.75191090201825,51.63839547898531,51.63839547898531,223.4121228808272,102.22096178036888,122.54508456837922,20.324122788010342,20.324122788010342,19.882539191598084,0.22611326503358922,0.6099951798581301,0.3838819148245409,0.3838819148245409,169.7741681663458,1.2279136856694095,1.2069464351265606,-0.02096725054284887,0.02096725054284887,-1.7075508472257448,1.415432987332688,0.905495243014729,-0.5099377443179591,0.5099377443179591,-36.026978944366064,2517.6858937808493,3932.4693818746964,1414.7834880938472,1414.7834880938472,56.19380446101813,347.2051190071067,2652.22634194248,2305.0212229353733,2305.0212229353733,663.8788130563805,7.251292552888071,1.4827050465815719,-5.768587506306499,5.768587506306499,-79.55254134670052,False
s20_sit,msptdfast,MSPTDfast v2,mid_upslope,none,1.0,100.0,False,False,639,646,0.9890038914275565,0.001567398119122257,0.02188063328561904,636,3,10,0.9845201238390093,0.9953051643192489,0.9898832684824904,304.0000000000053,8.944178628390455,12.355706247479574,0.09569377990429172,12.365200213301351,627,766.8682170542636,773.6106750392464,6.742457984982821,6.742457984982821,0.879219901808204,74.10586893935735,101.59804453413544,27.49217559477809,27.49217559477809,37.09851323283937,32.66239884235016,106.22007532720085,73.55767648485069,73.55767648485069,225.20598330786288,12.422360248447205,23.11320754716981,10.690847298722606,10.690847298722606,86.06132075471697,32.687446985372894,106.30345201015813,73.61600502478524,73.61600502478524,225.21185291016215,23.113515423032943,75.16789177992155,52.0543763568886,52.0543763568886,225.2118529101622,102.22096178036888,122.45045263976095,20.229490859392072,20.229490859392072,19.789963337321154,0.22611326503358922,0.61386373148868,0.3877504664550908,0.3877504664550908,171.48505922352246,1.2279136856694095,1.0472339638821406,-0.18067972178726888,0.18067972178726888,-14.714366644490122,1.415432987332688,0.903959160532437,-0.5114738268002511,0.5114738268002511,-36.13550280215651,2517.6858937808493,3914.063197992637,1396.3773042117878,1396.3773042117878,55.46272899495121,347.2051190071067,2645.912191462196,2298.7070724550895,2298.7070724550895,662.0602481405347,7.251292552888071,1.479286882846112,-5.772005670041959,5.772005670041959,-79.59968002867384,False
s20_sit,msptdfast,MSPTDfast v2,mid_upslope,none,1.0,50.0,True,False,637,646,0.9890038914275565,0.0,0.03473472089906349,635,2,11,0.9829721362229102,0.9968602825745683,0.9898674980514419,304.62353160061906,8.437811678218663,11.76590544561895,0.05214780516581332,11.77519875246956,626,766.8682170542636,775.2374799430444,8.369262888780781,8.369262888780781,1.091356076918829,74.10586893935735,104.21839059791942,30.112521658562073,30.112521658562073,40.63446268095701,32.66239884235016,111.75582361930933,79.09342477695917,79.09342477695917,242.15436581591922,12.422360248447205,20.31496062992126,7.892600381474054,7.892600381474054,63.53543307086613,32.687446985372894,111.84370538811727,79.15625840274438,79.15625840274438,242.1610303128462,23.113515423032943,79.08544251296813,55.971927089935186,55.971927089935186,242.1610303128462,102.22096178036888,124.37217799881536,22.15121621844648,22.15121621844648,21.669935238958523,0.22611326503358922,0.6358772820857203,0.40976401705213106,0.40976401705213106,181.2206891051971,1.2279136856694095,1.1778942079027472,-0.05001947776666227,0.05001947776666227,-4.073533697883141,1.415432987332688,0.9828334145863207,-0.4325995727463674,0.4325995727463674,-30.563055730499784,2517.6858937808493,3684.848303450654,1167.1624096698047,1167.1624096698047,46.358539504586815,347.2051190071067,3720.714837692982,3373.5097186858757,3373.5097186858757,971.6186582539485,7.251292552888071,0.9903603109061249,-6.260932241981946,6.260932241981946,-86.34229271977613,False
s20_sit,msptdfast,MSPTDfast v2,mid_upslope,none,1.0,50.0,False,False,637,646,0.9890038914275565,0.0,0.03163598601647896,635,2,11,0.9829721362229102,0.9968602825745683,0.9898674980514419,305.99999999998585,10.753993610226129,14.219637234020333,0.14057507987238047,14.23031296313608,626,766.8682170542636,775.2515723270441,8.383355272780477,8.383355272780477,1.0931937308580975,74.10586893935735,104.11728508101828,30.01141614166093,30.01141614166093,40.4980287947504,32.66239884235016,111.5361598793411,78.87376103699094,78.87376103699094,241.48183793139836,12.422360248447205,23.62204724409449,11.199686995647284,11.199686995647284,90.15748031496064,32.687446985372894,111.62386941757228,78.93642243219938,78.93642243219938,241.4884908800683,23.113515423032943,78.92999500744705,55.816479584414104,55.816479584414104,241.48849088006835,102.22096178036888,124.30154461392846,22.080582833559575,22.080582833559575,21.60083651042311,0.22611326503358922,0.6349880466296526,0.4088747815960634,0.4088747815960634,180.8274191853914,1.2279136856694095,0.9302569614673207,-0.2976567242020888,0.2976567242020888,-24.240850776072115,1.415432987332688,0.9871020724498739,-0.42833091488281416,0.42833091488281416,-30.261476079484492,2517.6858937808493,3689.6528626891377,1171.9669689082884,1171.9669689082884,46.54937185783437,347.2051190071067,3674.3725841586784,3327.167465151572,3327.167465151572,958.271431788271,7.251292552888071,1.0041586089000165,-6.247133943988054,6.247133943988054,-86.15200529317939,False
s20_sit,msptdfast,MSPTDfast v2,mid_upslope,none,1.0,30.0,True,False,633,646,0.9890038914275565,0.0,0.046612855435816045,631,2,15,0.9767801857585139,0.9968404423380727,0.9867083659108679,304.6548682435245,8.727726337957765,12.216310571373128,0.14138826490773576,12.225387443913927,618,766.8682170542636,780.1424949748863,13.274277920622694,13.274277920622694,1.7309724963713558,74.10586893935735,116.69099877704642,42.58512983768907,42.58512983768907,57.4652594284233,32.66239884235016,138.28137024278024,105.61897140043008,105.61897140043008,323.3656288082682,12.422360248447205,21.394611727416798,8.972251478969593,8.972251478969593,72.22662440570522,32.687446985372894,138.39089380360699,105.70344681823408,105.70344681823408,323.3762699960467,23.113515423032943,97.85713946299786,74.74362403996491,74.74362403996491,323.37626999604674,102.22096178036888,132.8817468551971,30.660785074828212,30.660785074828212,29.994616114751224,0.22611326503358922,0.7364227350926837,0.5103094700590945,0.5103094700590945,225.6875420304456,1.2279136856694095,1.0930412436186543,-0.13487244205075521,0.13487244205075521,-10.983869927081084,1.415432987332688,0.8080169892407629,-0.6074159980919251,0.6074159980919251,-42.913794120099595,2517.6858937808493,3913.1933839389294,1395.5074901580801,1395.5074901580801,55.42818083881084,347.2051190071067,5466.084042813992,5118.878923806885,5118.878923806885,1474.3097505143953,7.251292552888071,0.7159043573586147,-6.535388195529456,6.535388195529456,-90.1272172907507,False
s20_sit,msptdfast,MSPTDfast v2,mid_upslope,none,1.0,30.0,False,False,633,646,0.9890038914275565,0.0,0.045289495567540895,631,2,15,0.9767801857585139,0.9968404423380727,0.9867083659108679,304.6666666666651,14.093851132686293,17.852022690206216,0.10679611650522965,17.866163921596577,618,766.8682170542636,780.168776371308,13.300559317044417,13.300559317044417,1.7343996036418432,74.10586893935735,117.51299544466079,43.40712650530344,43.40712650530344,58.57447881870808,32.66239884235016,140.23349833506515,107.57109949271499,107.57109949271499,329.3423119713975,12.422360248447205,26.782884310618066,14.36052406217086,14.36052406217086,115.60221870047542,32.687446985372894,140.3445913079216,107.6571443225487,107.6571443225487,329.35317454043917,23.113515423032943,99.23861221668596,76.12509679365303,76.12509679365303,329.3531745404392,102.22096178036888,133.30531137977948,31.0843495994106,31.0843495994106,30.4089778241357,0.22611326503358922,0.7444460478694703,0.5183327828358811,0.5183327828358811,229.235902086011,1.2279136856694095,1.5351573876513986,0.30724370198198914,0.30724370198198914,25.021604170369038,1.415432987332688,0.7997670551743847,-0.6156659321583033,0.6156659321583033,-43.496649976944134,2517.6858937808493,3891.7053873280524,1374.0194935472032,1374.0194935472032,54.57469881136825,347.2051190071067,5555.721350885467,5208.51623187836,5208.51623187836,1500.1265669046054,7.251292552888071,0.7004860650017654,-6.550806487886305,6.550806487886305,-90.3398454841989,False
s20_sit,msptdfast,MSPTDfast v2,mid_upslope,none,1.0,25.0,True,False,637,646,0.9890038914275565,0.0015723270440251573,0.03171557459154583,634,3,12,0.9814241486068112,0.9952904238618524,0.9883086515978177,304.90548837337184,8.572119330541666,11.983087033261082,0.10211233465535309,11.992280445262177,623,766.8682170542636,776.0455591418795,9.177342087615898,9.177342087615898,1.196730009605615,74.10586893935735,107.39082766321529,33.28495872385794,33.28495872385794,44.9154152029387,32.66239884235016,118.47275158985575,85.81035274750559,85.81035274750559,262.71907694741526,12.422360248447205,21.92429022082019,9.501929972372984,9.501929972372984,76.49053627760252,32.687446985372894,118.56608344974406,85.87863646437117,85.87863646437117,262.7266562078112,23.113515423032943,83.83888162604411,60.72536620301117,60.72536620301117,262.7266562078112,102.22096178036888,126.63578348979793,24.41482170942905,24.41482170942905,23.884359219674074,0.22611326503358922,0.6620473243472953,0.4359340593137061,0.4359340593137061,192.79455331775776,1.2279136856694095,1.180455176845794,-0.047458508823615464,0.047458508823615464,-3.8649710787890585,1.415432987332688,0.9539233361845416,-0.46150965114814646,0.46150965114814646,-32.60554581378226,2517.6858937808493,3755.6508311932203,1237.964937412371,1237.964937412371,49.17074605971991,347.2051190071067,4084.512338025494,3737.3072190183875,3737.3072190183875,1076.3974994682872,7.251292552888071,0.9194857354767474,-6.331806817411323,6.331806817411323,-87.31969881548177,False
s20_sit,msptdfast,MSPTDfast v2,mid_upslope,none,1.0,25.0,False,False,637,646,0.9890038914275565,0.0015723270440251573,0.03447957000538873,634,3,12,0.9814241486068112,0.9952904238618524,0.9883086515978177,306.0000000000097,16.516853932584684,20.63595640209629,0.21508828250403475,20.651416267236524,623,766.8682170542636,776.0629921259842,9.194775071720642,9.194775071720642,1.1990032794735082,74.10586893935735,108.05534771978608,33.949478780428734,33.949478780428734,45.81213238078407,32.66239884235016,120.0735841688014,87.41118532645125,87.41118532645125,267.62022516580646,12.422360248447205,22.555205047318612,10.132844798871407,10.132844798871407,81.56940063091483,32.687446985372894,120.16824229662768,87.48079531125478,87.48079531125478,267.6281061362823,23.113515423032943,84.97177901121354,61.8582635881806,61.8582635881806,267.6281061362824,102.22096178036888,127.01068109949357,24.789719319124686,24.789719319124686,24.251111403537443,0.22611326503358922,0.6690128599865633,0.44289959495297415,0.44289959495297415,195.87510484499052,1.2279136856694095,1.4716846751200223,0.24377098945061282,0.24377098945061282,19.85245317285625,1.415432987332688,0.937876529206443,-0.47755645812624503,0.47755645812624503,-33.73924886590188,2517.6858937808493,3763.8149294699892,1246.12903568914,1246.12903568914,49.49501598937777,347.2051190071067,4124.111877402366,3776.9067583952597,3776.9067583952597,1087.8027285991577,7.251292552888071,0.9126364757691018,-6.338656077118969,6.338656077118969,-87.41415452331167,False
s20_sit,msptdfast,MSPTDfast v2,mid_upslope,none,1.0,500.0,True,False,640,646,0.9890038914275565,0.001564945226917058,0.022529318919390737,637,3,9,0.9860681114551083,0.9953125,0.9906687402799377,304.314074595935,8.398743360684652,11.552742418393466,0.047983296781122245,11.561851734183863,628,766.8682170542636,773.6709753707098,6.802758316446216,6.802758316446216,0.8870830952647047,74.10586893935735,101.47312696222677,27.36725802286942,27.36725802286942,36.92994686461975,32.66239884235016,105.66953417003035,73.00713532768019,73.00713532768019,223.5204330216522,12.422360248447205,20.565149136577705,8.1427888881305,8.1427888881305,65.54945054945053,32.687446985372894,105.7523907285987,73.0649437432258,73.0649437432258,223.52600304306782,23.113515423032943,74.77823261088152,51.664717187848574,51.664717187848574,223.52600304306785,102.22096178036888,122.48186363122208,20.2609018508532,20.2609018508532,19.82069186003709,0.22611326503358922,0.6105249413580907,0.38441167632450146,0.38441167632450146,170.00845848977366,1.2279136856694095,1.201563070951072,-0.02635061471833744,0.02635061471833744,-2.145966367658174,1.415432987332688,0.983939258470337,-0.43149372886235104,0.43149372886235104,-30.484928126161535,2517.6858937808493,3932.784534229525,1415.0986404486757,1415.0986404486757,56.206322001653646,347.2051190071067,2636.2954952870014,2289.090376279895,2289.090376279895,659.2905032120339,7.251292552888071,1.4917844153890574,-5.759508137499013,5.759508137499013,-79.42733099639038,True
s20_sit,msptdfast,MSPTDfast v2,mid_upslope,none,1.0,500.0,False,False,640,646,0.9890038914275565,0.001564945226917058,0.022541986243113505,637,3,9,0.9860681114551083,0.9953125,0.9906687402799377,304.00000000000784,8.347133757962226,11.483857404709507,0.05414012738853032,11.492883814181692,628,766.8682170542636,773.6739811912225,6.805764136958942,6.805764136958942,0.8874750557666371,74.10586893935735,101.42467248416864,27.31880354481129,27.31880354481129,36.86456138469537,32.66239884235016,105.57183749865034,72.90943865630018,72.90943865630018,223.2213225005556,12.422360248447205,21.19309262166405,8.770732373216845,8.770732373216845,70.60439560439559,32.687446985372894,105.65461617785738,72.96716919248448,72.96716919248448,223.22688347345118,23.113515423032943,74.70909556302486,51.59558013999192,51.59558013999192,223.22688347345118,102.22096178036888,122.44378063910216,20.222818858733277,20.222818858733277,19.783436299673895,0.22611326503358922,0.6101501862575344,0.38403692122394517,0.38403692122394517,169.84272071207158,1.2279136856694095,1.1689930854299093,-0.05892060023950019,0.05892060023950019,-4.798431756820027,1.415432987332688,0.9840406766427875,-0.4313923106899006,0.4313923106899006,-30.477762956679253,2517.6858937808493,3929.68836126859,1412.002467487741,1412.002467487741,56.08334506602466,347.2051190071067,2632.9259809603545,2285.720861953248,2285.720861953248,658.320035283369,7.251292552888071,1.492517598172374,-5.758774954715697,5.758774954715697,-79.41721993304589,True
s21_sit,msptdfast,MSPTDfast v2,mid_upslope,none,1.0,100.0,True,False,634,633,0.9798397961933224,0.004739336492890996,0.024632388604475274,631,3,2,0.9968404423380727,0.9952681388012619,0.9960536700868193,273.13146229909114,4.868606310321391,6.014179335231455,-0.01872736361608448,6.0189518953607,627,774.8196202531645,773.5495982093885,-1.2700220437760663,1.2700220437760663,-0.16391196229144267,52.2009319902233,56.45833337923685,4.257401389013545,4.257401389013545,8.15579574290151,27.641925941050285,39.569131443717424,11.927205502667139,11.927205502667139,43.1489670007196,6.497622820919176,11.92368839427663,5.426065573357453,5.426065573357453,83.50847260459886,27.66385364206527,39.600589116137414,11.936735474072144,11.936735474072144,43.14921423644792,19.561298504056523,28.001845103002957,8.440546598946433,8.440546598946433,43.14921423644793,71.18448006504671,74.77287935307513,3.5883992880284126,3.5883992880284126,5.040985457433162,0.27479723791171706,0.37449199957619855,0.09969476166448149,0.09969476166448149,36.279390004826034,1.3542535031170952,1.494562039287846,0.14030853617075079,0.14030853617075079,10.360581371789078,1.2158031721325702,1.0501344210195345,-0.1656687511130357,0.1656687511130357,-13.62628054526669,726.3259908518609,836.7281971619224,110.4022063100615,110.4022063100615,15.200090276347936,237.06089676557548,371.7096298539488,134.64873308837332,134.64873308837332,56.799216963025586,3.0638793692327475,2.2510264194411307,-0.8128529497916168,0.8128529497916168,-26.530187772868167,False
s21_sit,msptdfast,MSPTDfast v2,mid_upslope,none,1.0,100.0,False,False,634,633,0.9798397961933224,0.004739336492890996,0.024852595350273645,631,3,2,0.9968404423380727,0.9952681388012619,0.9960536700868193,274.0000000000058,5.840510366829155,7.360829992727855,-0.028708133971207916,7.366650876317663,627,774.8196202531645,773.5396825396825,-1.2799377134820134,1.2799377134820134,-0.16519170140061845,52.2009319902233,56.599540296218485,4.398608305995182,4.398608305995182,8.426302248433029,27.641925941050285,40.071478266084874,12.429552325034589,12.429552325034589,44.9663035475245,6.497622820919176,13.990461049284578,7.492838228365402,7.492838228365402,115.31660785606266,27.66385364206527,40.10331911783951,12.439465475774242,12.439465475774242,44.96649540127325,19.561298504056523,28.357328896312435,8.796030392255911,8.796030392255911,44.96649540127326,71.18448006504671,74.85237351849895,3.667893453452237,3.667893453452237,5.152658908375255,0.27479723791171706,0.37884341622519463,0.10404617831347757,0.10404617831347757,37.862890873344234,1.3542535031170952,1.2581845506767264,-0.09606895244036884,0.09606895244036884,-7.093867744794179,1.2158031721325702,1.0424931393154433,-0.17331003281712687,0.17331003281712687,-14.2547771538656,726.3259908518609,836.661623729295,110.33563287743414,110.33563287743414,15.190924497694018,237.06089676557548,374.3188252931846,137.25792852760912,137.25792852760912,57.89986050012314,3.0638793692327475,2.2351577510801954,-0.8287216181525521,0.8287216181525521,-27.04811509469054,False
s21_sit,msptdfast,MSPTDfast v2,mid_upslope,none,1.0,50.0,True,False,634,633,0.9798397961933224,0.004739336492890996,0.03433902456965649,631,3,2,0.9968404423380727,0.9952681388012619,0.9960536700868193,273.260144025301,4.854089830773286,6.012873789540316,-0.04356930465765666,6.017516508170926,627,774.8196202531645,773.5465950627828,-1.2730251903817589,1.2730251903817589,-0.1642995552907928,52.2009319902233,55.942514220748976,3.7415822305256725,3.7415822305256725,7.167654077951007,27.641925941050285,39.09925548769595,11.457329546645663,11.457329546645663,41.449100077468515,6.497622820919176,12.241653418124006,5.74403059720483,5.74403059720483,88.40203187405483,27.66385364206527,39.13034143388208,11.46648779181681,11.46648779181681,41.449350984061844,19.561298504056523,27.669329778042954,8.10803127398643,8.10803127398643,41.44935098406186,71.18448006504671,74.11840516572998,2.9339251006832683,2.9339251006832683,4.1215797291801755,0.27479723791171706,0.3733125357483593,0.09851529783664226,0.09851529783664226,35.850177601964056,1.3542535031170952,1.514479473751939,0.16022597063484367,0.16022597063484367,11.831312990223056,1.2158031721325702,1.069854645341961,-0.1459485267906091,0.1459485267906091,-12.004289027689344,726.3259908518609,807.1457502271194,80.81975937525851,80.81975937525851,11.127201889122848,237.06089676557548,389.4247398950279,152.36384312945245,152.36384312945245,64.27202681179504,3.0638793692327475,2.0726617174982027,-0.9912176517345448,0.9912176517345448,-32.35171925136087,False
s21_sit,msptdfast,MSPTDfast v2,mid_upslope,none,1.0,50.0,False,False,634,633,0.9798397961933224,0.004739336492890996,0.03153389020874883,631,3,2,0.9968404423380727,0.9952681388012619,0.9960536700868193,272.0000000000292,7.808612440192817,9.709660754203249,-0.044657097288653934,9.717310202618597,627,774.8196202531645,773.5555555555555,-1.264064697609001,1.264064697609001,-0.16314309351071682,52.2009319902233,56.29577177552641,4.094839785303108,4.094839785303108,7.844380606212222,27.641925941050285,40.942784537978945,13.30085859692866,13.30085859692866,48.11842208569088,6.497622820919176,13.195548489666137,6.6979256687469615,6.6979256687469615,103.08270968242275,27.66385364206527,40.975369329876,13.311515687810733,13.311515687810733,48.118804632372076,19.561298504056523,28.973961514778605,9.412663010722081,9.412663010722081,48.11880463237208,71.18448006504671,74.1548204349821,2.9703403699353856,2.9703403699353856,4.17273592111814,0.27479723791171706,0.39072256321060833,0.11592532529889127,0.11592532529889127,42.185768015664735,1.3542535031170952,1.7165360479904674,0.3622825448733722,0.3622825448733722,26.751457097175955,1.2158031721325702,1.0700958604100617,-0.1457073117225085,0.1457073117225085,-11.98444905082224,726.3259908518609,805.3393991490287,79.01340829716787,79.01340829716787,10.8785048714143,237.06089676557548,389.6852528150479,152.6243560494724,152.6243560494724,64.38191963831108,3.0638793692327475,2.06664068843082,-0.9972386808019276,0.9972386808019276,-32.548235769858486,False
s21_sit,msptdfast,MSPTDfast v2,mid_upslope,none,1.0,30.0,True,False,632,633,0.9798397961933224,0.001584786053882726,0.04328600298895287,631,1,2,0.9968404423380727,0.9984177215189873,0.9976284584980237,273.66787839417873,4.853286950193145,6.019954307319908,-0.016329009646195505,6.024723194336775,629,774.8196202531645,774.3352004945698,-0.48441975859475406,0.48441975859475406,-0.06252032678734629,52.2009319902233,54.686641052891225,2.4857090626679224,2.4857090626679224,4.761809737675699,27.641925941050285,34.7722545289654,7.130328587915113,7.130328587915113,25.79533930856117,6.497622820919176,11.605723370429253,5.108100549510077,5.108100549510077,78.61491333514289,27.66385364206527,34.79989595162156,7.136042309556288,7.136042309556288,25.795546787831906,19.561298504056523,24.607242411977886,5.045943907921362,5.045943907921362,25.7955467878319,71.18448006504671,73.31944517093466,2.134965105887943,2.134965105887943,2.999200252550924,0.27479723791171706,0.3356168660934263,0.06081962818170922,0.06081962818170922,22.13254712598257,1.3542535031170952,1.5319242324333957,0.17767072931630046,0.17767072931630046,13.119458720790048,1.2158031721325702,1.1210664067130978,-0.0947367654194724,0.0947367654194724,-7.792113690022712,726.3259908518609,805.7309558194113,79.40496496755043,79.40496496755043,10.932414090596078,237.06089676557548,333.23835356289766,96.17745679732218,96.17745679732218,40.57078080339417,3.0638793692327475,2.4178818170380025,-0.645997552194745,0.645997552194745,-21.084301121049517,False
s21_sit,msptdfast,MSPTDfast v2,mid_upslope,none,1.0,30.0,False,False,632,633,0.9798397961933224,0.001584786053882726,0.04604216985568761,631,1,2,0.9968404423380727,0.9984177215189873,0.9976284584980237,274.66666666664685,11.774244833069758,14.772920508716021,0.030736618971893268,14.784645708678195,629,774.8196202531645,774.3915343915344,-0.4280858616301657,0.4280858616301657,-0.05524974464253925,52.2009319902233,56.32828736247603,4.12735537225273,4.12735537225273,7.906669890540922,27.641925941050285,41.24454967124073,13.602623730190448,13.602623730190448,49.21011567428287,6.497622820919176,18.60095389507154,12.103331074152365,12.103331074152365,186.27321726317422,27.66385364206527,41.277340553830086,13.613486911764817,13.613486911764817,49.210377873978985,19.561298504056523,29.187487414959737,9.626188910903213,9.626188910903213,49.210377873978985,71.18448006504671,74.12045934005617,2.9359792750094584,2.9359792750094584,4.12446543449728,0.27479723791171706,0.39378449182365277,0.11898725391193571,0.11898725391193571,43.30001815744678,1.3542535031170952,1.2541205207659811,-0.10013298235111412,0.10013298235111412,-7.393961479194058,1.2158031721325702,1.065273914530621,-0.15052925760194924,0.15052925760194924,-12.38105484935646,726.3259908518609,814.7038531048962,88.37786225303535,88.37786225303535,12.167795640822746,237.06089676557548,358.6494322035801,121.58853543800461,121.58853543800461,51.290000627240076,3.0638793692327475,2.2715882975173542,-0.7922910717153933,0.7922910717153933,-25.859081779508756,False
s21_sit,msptdfast,MSPTDfast v2,mid_upslope,none,1.0,25.0,True,False,633,633,0.9798397961933224,0.0031645569620253164,0.031484077603445876,631,2,2,0.9968404423380727,0.9968404423380727,0.9968404423380727,273.69348666758276,4.976692761254926,6.1787771019519235,-0.03048904395900286,6.1836271091789605,628,774.8196202531645,773.9384440378067,-0.8811762153578684,0.8811762153578684,-0.11372662647210106,52.2009319902233,55.06680076986296,2.865868779639655,2.865868779639655,5.490072054990135,27.641925941050285,37.28729989113907,9.645373950088786,9.645373950088786,34.89400112951138,6.497622820919176,12.400635930047695,5.903013109128519,5.903013109128519,90.84881150878282,27.66385364206527,37.316941269424674,9.653087627359405,9.653087627359405,34.894226062131324,19.561298504056523,26.38706222475032,6.825763720693796,6.825763720693796,34.894226062131324,71.18448006504671,73.26955739734419,2.085077332297473,2.085077332297473,2.9291178784928658,0.27479723791171706,0.36013677661040133,0.08533953869868427,0.08533953869868427,31.055457233562493,1.3542535031170952,1.4989028672903544,0.14464936417325913,0.14464936417325913,10.681114269988493,1.2158031721325702,1.0958988346834646,-0.11990433744910556,0.11990433744910556,-9.862150403735852,726.3259908518609,776.4049886507914,50.07899779893057,50.07899779893057,6.894837638977528,237.06089676557548,351.6166246210514,114.55572785547594,114.55572785547594,48.32333354781733,3.0638793692327475,2.208100909584546,-0.8557784596482017,0.8557784596482017,-27.931206046878554,False
s21_sit,msptdfast,MSPTDfast v2,mid_upslope,none,1.0,25.0,False,False,633,633,0.9798397961933224,0.0031645569620253164,0.03701712270057878,631,2,2,0.9968404423380727,0.9968404423380727,0.9968404423380727,274.0000000000149,14.130573248408107,17.343843783815988,-0.054140127388586624,17.35758452111714,628,774.8196202531645,773.9047619047619,-0.9148583484026176,0.9148583484026176,-0.11807371993286603,52.2009319902233,57.34721577320407,5.146283782980767,5.146283782980767,9.858605175755507,27.641925941050285,46.526399843022425,18.88447390197214,18.88447390197214,68.31822768878529,6.497622820919176,13.672496025437203,7.174873204518027,7.174873204518027,110.42304858660671,27.66385364206527,46.56338492562623,18.89953128356096,18.89953128356096,68.3185051804301,19.561298504056523,32.925285235909776,13.363986731853252,13.363986731853252,68.3185051804301,71.18448006504671,74.11701495615452,2.9325348911078066,2.9325348911078066,4.1196267619404185,0.27479723791171706,0.4442338274873512,0.16943658957563412,0.16943658957563412,61.65876733814489,1.3542535031170952,1.157445441935187,-0.1968080611819083,0.1968080611819083,-14.532586456591305,1.2158031721325702,1.0200135909103112,-0.19578958122225898,0.19578958122225898,-16.10372350639913,726.3259908518609,772.699238463238,46.37324761137711,46.37324761137711,6.3846328226515645,237.06089676557548,404.70543443119936,167.6445376656239,167.6445376656239,70.71792098694542,3.0638793692327475,1.9092880221617043,-1.1545913470710432,1.1545913470710432,-37.68396884894898,False
s21_sit,msptdfast,MSPTDfast v2,mid_upslope,none,1.0,500.0,True,False,634,633,0.9798397961933224,0.00315955766192733,0.026109705313110323,632,2,1,0.9984202211690363,0.9968454258675079,0.9976322020520916,273.09055273860884,4.800855856102886,5.939988692401363,-0.009831982012344987,5.944707958056585,629,774.8196202531645,774.0085091807351,-0.8111110724294122,0.8111110724294122,-0.10468385818164874,52.2009319902233,55.5464166424381,3.3454846522148003,3.3454846522148003,6.408860004341253,27.641925941050285,36.731090603448195,9.08916466239791,9.08916466239791,32.8818067228081,6.497622820919176,11.904761904761903,5.407139083842727,5.407139083842727,83.21718931475026,27.66385364206527,36.7602172661404,9.096363624075131,9.096363624075131,32.88176601051463,19.561298504056523,25.99339890677869,6.432100402722167,6.432100402722167,32.88176601051464,71.18448006504671,74.12929256983183,2.9448125047851192,2.9448125047851192,4.136874360948086,0.27479723791171706,0.35064949368418963,0.07585225577247257,0.07585225577247257,27.60299060823941,1.3542535031170952,1.5131815758826541,0.15892807276555887,0.15892807276555887,11.735474370179066,1.2158031721325702,1.091969728853475,-0.12383344327909507,0.12383344327909507,-10.185319969340595,726.3259908518609,836.4344307950236,110.1084399431627,110.1084399431627,15.159644750427232,237.06089676557548,370.7824560004921,133.72155923491664,133.72155923491664,56.408104862250255,3.0638793692327475,2.255863019565072,-0.8080163496676755,0.8080163496676755,-26.372329073452324,True
s21_sit,msptdfast,MSPTDfast v2,mid_upslope,none,1.0,500.0,False,False,634,633,0.9798397961933224,0.00315955766192733,0.02232645812412427,632,2,1,0.9984202211690363,0.9968454258675079,0.9976322020520916,273.9999999999657,4.794912559621577,5.98673679796519,-0.012718600953795844,5.991487891301664,629,774.8196202531645,774.0095087163234,-0.8101115368411911,0.8101115368411911,-0.10455485582263589,52.2009319902233,55.53543046042744,3.3344984702041387,3.3344984702041387,6.387814054409327,27.641925941050285,36.704742135563855,9.06281619451357,9.06281619451357,32.786486056872846,6.497622820919176,11.587301587301587,5.089678766382411,5.089678766382411,78.33139759969028,27.66385364206527,36.73385265055304,9.06999900848777,9.06999900848777,32.78646252919751,19.561298504056523,25.974756308313488,6.413457804256964,6.413457804256964,32.7864625291975,71.18448006504671,74.11936391776223,2.934883852715515,2.934883852715515,4.122926584606205,0.27479723791171706,0.35044494360654926,0.0756477056948322,0.0756477056948322,27.528553878381853,1.3542535031170952,1.524987567865784,0.1707340647486888,0.1707340647486888,12.60724556781348,1.2158031721325702,1.0919046858976345,-0.12389848623493571,0.12389848623493571,-10.190669762574522,726.3259908518609,836.293038608549,109.96704775668809,109.96704775668809,15.14017798367849,237.06089676557548,370.26666658583446,133.20576982025898,133.20576982025898,56.1905281038329,3.0638793692327475,2.2586236193494376,-0.80525574988331,0.80525574988331,-26.282227621936727,True
s22_sit,msptdfast,MSPTDfast v2,mid_upslope,none,1.0,100.0,True,False,656,657,0.9891441430302431,0.0,0.026148322164475088,656,0,1,0.9984779299847792,1.0,0.9992383853769992,265.8619134789187,4.550294373805271,6.001400945984988,0.016030310729193385,6.005965994798603,655,738.265243902439,738.2511448145461,-0.014099087892873285,0.014099087892873285,-0.0019097591291642147,67.61469020970362,67.86945530688817,0.25476509718454565,0.25476509718454565,0.37678956509954314,33.73647311620745,34.74727215698292,1.0107990407754741,1.0107990407754741,2.9961609718173916,14.198473282442748,14.525993883792049,0.32752060134930083,0.32752060134930083,2.3067311170300218,33.76218874420584,34.77381116375808,1.0116224195522463,1.0116224195522463,2.9963176475810025,23.873472608728076,24.58879768159381,0.7153250728657348,0.7153250728657348,2.996317647580997,92.59346612968267,92.77886050109169,0.18539437140901782,0.18539437140901782,0.20022403216806028,0.2578310717442185,0.2650258641762957,0.007194792432077213,0.007194792432077213,2.7905063510789003,1.3339456178801683,1.3428593674399791,0.008913749559810835,0.008913749559810835,0.6682243593990036,1.4563031414739114,1.4536659920557748,-0.0026371494181365307,0.0026371494181365307,-0.1810851973763852,2132.270012813964,2141.9288804515927,9.658867637628646,9.658867637628646,0.45298520260488984,333.99639657832785,328.6777340740476,-5.318662504280269,5.318662504280269,-1.592431103678974,6.384110830710446,6.516805546581501,0.13269471587105475,0.13269471587105475,2.0785152292897777,False
s22_sit,msptdfast,MSPTDfast v2,mid_upslope,none,1.0,100.0,False,False,656,657,0.9891441430302431,0.0,0.02174068349906912,656,0,1,0.9984779299847792,1.0,0.9992383853769992,265.9999999999869,5.642748091604146,7.215758835529883,0.02442748091603175,7.221231984683929,655,738.265243902439,738.2595419847329,-0.005701917706119275,0.005701917706119275,-0.0007723399893484323,67.61469020970362,67.95186142217139,0.3371712124677657,0.3371712124677657,0.4986656175189827,33.73647311620745,35.29690580820307,1.5604326919956222,1.5604326919956222,4.625358100180216,14.198473282442748,15.749235474006115,1.5507621915633667,1.5507621915633667,10.922034790043066,33.76218874420584,35.32386916516525,1.5616804209594122,1.5616804209594122,4.625530746218054,23.873472608728076,24.97774742443474,1.1042748157066633,1.1042748157066633,4.6255307462180575,92.59346612968267,92.79559836046704,0.2021322307843718,0.2021322307843718,0.2183007497540632,0.2578310717442185,0.2691695281430052,0.011338456398786723,0.011338456398786723,4.397629937339378,1.3339456178801683,1.310002409763145,-0.023943208117023218,0.023943208117023218,-1.794916359114581,1.4563031414739114,1.45073820433893,-0.005564937134981296,0.005564937134981296,-0.3821276612332974,2132.270012813964,2147.9243466480743,15.654333834110275,15.654333834110275,0.7341628283488918,333.99639657832785,328.22546376137024,-5.770932816957611,5.770932816957611,-1.7278428378505661,6.384110830710446,6.544051524928851,0.15994069421840518,0.15994069421840518,2.505293195240572,False
s22_sit,msptdfast,MSPTDfast v2,mid_upslope,none,1.0,50.0,True,False,658,657,0.9891441430302431,0.0015220700152207,0.0343233388564927,656,2,1,0.9984779299847792,0.9969604863221885,0.9977186311787073,266.1138058177247,4.538623785881844,6.00444928605814,0.0233980253401595,6.00899949117418,654,738.265243902439,737.821255641461,-0.443988260978017,0.443988260978017,-0.060139396327411235,67.61469020970362,68.52469840040428,0.9100081907006512,0.9100081907006512,1.3458734897376676,33.73647311620745,37.39504211864662,3.6585690024391724,3.6585690024391724,10.844550910336705,14.198473282442748,15.114503816793892,0.9160305343511439,0.9160305343511439,6.451612903225798,33.76218874420584,37.423481410223786,3.6612926660179497,3.6612926660179497,10.844358147977859,23.873472608728076,26.46239748077794,2.5889248720498657,2.5889248720498657,10.844358147977859,92.59346612968267,93.22558715986752,0.6321210301848481,0.6321210301848481,0.6826842720192858,0.2578310717442185,0.2838533742394028,0.026022302495184335,0.026022302495184335,10.092772108165374,1.3339456178801683,1.3405671424006376,0.0066215245204692685,0.0066215245204692685,0.49638639174750054,1.4563031414739114,1.3798358465168934,-0.07646729495701798,0.07646729495701798,-5.250781432746627,2132.270012813964,2177.052304214737,44.78229140077292,44.78229140077292,2.100216723569337,333.99639657832785,358.53004579984616,24.533649221518317,24.533649221518317,7.345483206662308,6.384110830710446,6.072161398239141,-0.31194943247130524,0.31194943247130524,-4.886341116928737,False
s22_sit,msptdfast,MSPTDfast v2,mid_upslope,none,1.0,50.0,False,False,658,657,0.9891441430302431,0.0015220700152207,0.031341056900630854,656,2,1,0.9984779299847792,0.9969604863221885,0.9977186311787073,266.0000000000128,8.122324159021916,10.061584070418512,-6.397057535405917e-14,10.069285245729255,654,738.265243902439,737.8353658536586,-0.4298780487804379,0.4298780487804379,-0.05822813038144944,67.61469020970362,68.88120340456709,1.2665131948634638,1.2665131948634638,1.8731331770291866,33.73647311620745,39.816372404456345,6.079899288248896,6.079899288248896,18.02173946075007,14.198473282442748,16.6412213740458,2.4427480916030504,2.4427480916030504,17.204301075268795,33.76218874420584,39.84675456055368,6.08456581634784,6.08456581634784,18.02183461044733,23.873472608728076,28.175910358043495,4.30243774931542,4.30243774931542,18.021834610447332,92.59346612968267,93.24890584032708,0.6554397106444156,0.6554397106444156,0.707868209325303,0.2578310717442185,0.3021580800775288,0.044327008333310325,0.044327008333310325,17.19226780288334,1.3339456178801683,1.7562527807711452,0.4223071628909769,0.4223071628909769,31.658499209441825,1.4563031414739114,1.357198718284564,-0.09910442318934742,0.09910442318934742,-6.80520561735826,2132.270012813964,2157.1803870619533,24.91037424798924,24.91037424798924,1.1682560885014244,333.99639657832785,362.70762075666727,28.71122417833942,28.71122417833942,8.596267646140952,6.384110830710446,5.947436071405732,-0.4366747593047142,0.4366747593047142,-6.8400247251991955,False
s22_sit,msptdfast,MSPTDfast v2,mid_upslope,none,1.0,30.0,True,False,657,657,0.9891441430302431,0.0,0.045813805978525995,656,1,1,0.9984779299847792,0.9984779299847792,0.9984779299847792,266.72154116680457,4.568160711252712,6.033196645242655,0.01498663024633984,6.037788791189657,655,738.265243902439,738.1619750906314,-0.10326881180765213,0.10326881180765213,-0.013988036503219024,67.61469020970362,67.86385096387795,0.24916075417432637,0.24916075417432637,0.3685009180720441,33.73647311620745,34.81680380346734,1.0803306872598881,1.0803306872598881,3.2022632701960863,14.198473282442748,15.419847328244273,1.2213740458015252,1.2213740458015252,8.602150537634397,33.76218874420584,34.843235024739506,1.0810462805336698,1.0810462805336698,3.2019437149767005,23.873472608728076,24.63788776446993,0.7644151557418546,0.7644151557418546,3.201943714976708,92.59346612968267,92.75763592179493,0.16416979211226135,0.16416979211226135,0.17730170278141633,0.2578310717442185,0.26561573631784263,0.007784664573624145,0.007784664573624145,3.0192887618087116,1.3339456178801683,1.3530866072847505,0.019140989404582198,0.019140989404582198,1.4349152730079047,1.4563031414739114,1.416228311306396,-0.04007483016751534,0.04007483016751534,-2.751819248769591,2132.270012813964,2138.093882011513,5.823869197548902,5.823869197548902,0.27313000523151953,333.99639657832785,328.7359956436453,-5.2604009346825364,5.2604009346825364,-1.5749873317716716,6.384110830710446,6.503984687850363,0.11987385713991738,0.11987385713991738,1.8776907281006179,False
s22_sit,msptdfast,MSPTDfast v2,mid_upslope,none,1.0,30.0,False,False,657,657,0.9891441430302431,0.0,0.04604200153364739,656,1,1,0.9984779299847792,0.9984779299847792,0.9984779299847792,266.00000000002444,11.861577608141895,14.520763992919145,-0.01628498727741629,14.53185211523033,655,738.265243902439,738.160569105691,-0.10467479674798597,0.10467479674798597,-0.014178480920309806,67.61469020970362,68.86012888732905,1.2454386776254296,1.2454386776254296,1.8419646289330958,33.73647311620745,40.417666759220964,6.681193643013515,6.681193643013515,19.80406671438272,14.198473282442748,18.62595419847328,4.427480916030532,4.427480916030532,31.182795698924718,33.76218874420584,40.44852324992253,6.686334505716694,6.686334505716694,19.80420924832423,23.873472608728076,28.601425079001952,4.727952470273877,4.727952470273877,19.804209248324227,92.59346612968267,93.08809367587982,0.494627546197151,0.494627546197151,0.5341927102117504,0.2578310717442185,0.3072511633828087,0.049420091638590236,0.049420091638590236,19.16762448539076,1.3339456178801683,1.3505468099828375,0.016601192102669193,0.016601192102669193,1.2445179083875157,1.4563031414739114,1.3825376115639443,-0.0737655299099671,0.0737655299099671,-5.06525927255157,2132.270012813964,2126.6381716381347,-5.631841175829322,5.631841175829322,-0.26412420293792727,333.99639657832785,349.60283952266593,15.606442944338085,15.606442944338085,4.672638119518786,6.384110830710446,6.083011724223303,-0.30109910648714333,0.30109910648714333,-4.716382820904693,False
s22_sit,msptdfast,MSPTDfast v2,mid_upslope,none,1.0,25.0,True,False,657,657,0.9891441430302431,0.0,0.03408052869692828,656,1,1,0.9984779299847792,0.9984779299847792,0.9984779299847792,267.09533816212206,4.673680692018499,6.160142585563107,0.012519702528705252,6.164837643685535,655,738.265243902439,738.1634010593925,-0.10184284304648372,0.10184284304648372,-0.013794885224197572,67.61469020970362,67.85890806566317,0.2442178559595476,0.2442178559595476,0.3611905270912548,33.73647311620745,34.83091230235971,1.0944391861522575,1.0944391861522575,3.244082991077317,14.198473282442748,14.50381679389313,0.3053435114503813,0.3053435114503813,2.1505376344085994,33.76218874420584,34.85737321436594,1.0951844701601061,1.0951844701601061,3.243819523839545,23.873472608728076,24.647884974228482,0.7744123655004067,0.7744123655004067,3.2438195238395426,92.59346612968267,92.74774700242295,0.15428087274028712,0.15428087274028712,0.16662177061630631,0.2578310717442185,0.26575184595680346,0.007920774212584969,0.007920774212584969,3.072079000797382,1.3339456178801683,1.3461641435837688,0.012218525703600491,0.012218525703600491,0.9159688026126199,1.4563031414739114,1.4152766604399385,-0.041026481033972884,0.041026481033972884,-2.817166279848188,2132.270012813964,2139.0656693526525,6.79565653868849,6.79565653868849,0.31870525298624064,333.99639657832785,327.17155919648957,-6.824837381838279,6.824837381838279,-2.0433865310393364,6.384110830710446,6.5380550638510515,0.15394423314060557,0.15394423314060557,2.4113652977336253,False
s22_sit,msptdfast,MSPTDfast v2,mid_upslope,none,1.0,25.0,False,False,657,657,0.9891441430302431,0.0,0.03141677588468423,656,1,1,0.9984779299847792,0.9984779299847792,0.9984779299847792,267.99999999998624,14.259541984731108,17.62995369181287,0.024427480916018384,17.643410165366483,655,738.265243902439,738.170731707317,-0.09451219512197895,0.09451219512197895,-0.012801929374650155,67.61469020970362,70.29061677195084,2.675926562247213,2.675926562247213,3.957611214290798,33.73647311620745,45.72736999229203,11.990896876084584,11.990896876084584,35.54282877994143,14.198473282442748,16.6412213740458,2.4427480916030504,2.4427480916030504,17.204301075268795,33.76218874420584,45.76215316274944,11.999964418543605,11.999964418543605,35.542613985898655,23.873472608728076,32.35872882307755,8.485256214349473,8.485256214349473,35.54261398589867,92.59346612968267,93.99177773250723,1.3983116028245632,1.3983116028245632,1.5101622838766446,0.2578310717442185,0.34427190977457406,0.08644083803035557,0.08644083803035557,33.52615239334275,1.3339456178801683,1.2996151180940116,-0.034330499786156654,0.034330499786156654,-2.573605649735014,1.4563031414739114,1.3218556952051723,-0.13444744626873906,0.13444744626873906,-9.232105764234362,2132.270012813964,2155.673530054853,23.40351724088896,23.40351724088896,1.097586942565649,333.99639657832785,414.34612535313124,80.3497287748034,80.3497287748034,24.0570645665514,6.384110830710446,5.20259125922236,-1.181519571488086,1.181519571488086,-18.50719078692126,False
s22_sit,msptdfast,MSPTDfast v2,mid_upslope,none,1.0,500.0,True,False,657,657,0.9891441430302431,0.001524390243902439,0.021764868072197487,656,1,1,0.9984779299847792,0.9984779299847792,0.9984779299847792,265.7544823417165,4.55914907192385,6.014871608350645,0.004072265796805572,6.019474034728149,654,738.265243902439,738.1004307450979,-0.16481315734108648,0.16481315734108648,-0.02232438255793962,67.61469020970362,68.08838356189995,0.4736933521963209,0.4736933521963209,0.700577567873467,33.73647311620745,34.89153717215503,1.1550640559475838,1.1550640559475838,3.4237842585645852,14.198473282442748,14.831804281345565,0.6333309989028173,0.6333309989028173,4.4605570352832835,33.76218874420584,34.91818439788842,1.1559956536825808,1.1559956536825808,3.4239357597364575,23.873472608728076,24.690884974469206,0.8174123657411307,0.8174123657411307,3.423935759736466,92.59346612968267,93.07210189590833,0.47863576622566484,0.47863576622566484,0.5169217507802407,0.2578310717442185,0.2652877121232681,0.007456640379049639,0.007456640379049639,2.892064299545326,1.3339456178801683,1.3445479385236347,0.010602320643466445,0.010602320643466445,0.7948090612805535,1.4563031414739114,1.4455237169690882,-0.010779424504823165,0.010779424504823165,-0.7401909806987992,2132.270012813964,2141.9267712228702,9.656758408906171,9.656758408906171,0.4528862832039791,333.99639657832785,328.5957264387723,-5.40067013955553,5.40067013955553,-1.6169845527926168,6.384110830710446,6.518425526821264,0.1343146961108177,0.1343146961108177,2.103890419080815,True
s22_sit,msptdfast,MSPTDfast v2,mid_upslope,none,1.0,500.0,False,False,657,657,0.9891441430302431,0.001524390243902439,0.024455327777247998,656,1,1,0.9984779299847792,0.9984779299847792,0.9984779299847792,265.9999999999915,4.581039755352471,6.075971625398442,0.006116207951099714,6.080619116836857,654,738.265243902439,738.1007633587786,-0.16448054366037468,0.16448054366037468,-0.022279329146112508,67.61469020970362,68.09677128436603,0.48208107466240335,0.48208107466240335,0.712982745564984,33.73647311620745,34.900382479962104,1.1639093637546551,1.1639093637546551,3.450003086408868,14.198473282442748,14.831804281345565,0.6333309989028173,0.6333309989028173,4.4605570352832835,33.76218874420584,34.92703623647143,1.1648474922655936,1.1648474922655936,3.4501539609617318,23.873472608728076,24.697144169557223,0.8236715608291476,0.8236715608291476,3.4501539609617393,92.59346612968267,93.08271369367473,0.48924756399206615,0.48924756399206615,0.5283823842460393,0.2578310717442185,0.2653247116412279,0.007493639897009408,0.007493639897009408,2.906414593987911,1.3339456178801683,1.3806141969886732,0.04666857910850486,0.04666857910850486,3.4985368580968057,1.4563031414739114,1.4452058620439845,-0.011097279429926887,0.011097279429926887,-0.7620171318655147,2132.270012813964,2143.6774401345356,11.407427320571514,11.407427320571514,0.5349898114224799,333.99639657832785,327.56871498140407,-6.427681596923776,6.427681596923776,-1.924476330515253,6.384110830710446,6.544206885740695,0.16009605503024904,0.16009605503024904,2.5077267496691156,True
