record,detector,detector_label,fiducial,correction,coverage_target,fs,sub_sample,failed,n_detected,n_ref,analysable_fraction,fraction_corrected,detect_s_per_min,tp,fp,fn,sensitivity,ppv,f1,lag_ms,ibi_mae,ibi_rmse,ibi_bias,ibi_sd,n_ibi,mean_nn_ref,mean_nn_test,mean_nn_err,mean_nn_abserr,mean_nn_pcterr,sdnn_ref,sdnn_test,sdnn_err,sdnn_abserr,sdnn_pcterr,rmssd_ref,rmssd_test,rmssd_err,rmssd_abserr,rmssd_pcterr,pnn50_ref,pnn50_test,pnn50_err,pnn50_abserr,pnn50_pcterr,sdsd_ref,sdsd_test,sdsd_err,sdsd_abserr,sdsd_pcterr,sd1_ref,sd1_test,sd1_err,sd1_abserr,sd1_pcterr,sd2_ref,sd2_test,sd2_err,sd2_abserr,sd2_pcterr,sd1_sd2_ref,sd1_sd2_test,sd1_sd2_err,sd1_sd2_abserr,sd1_sd2_pcterr,sampen_ref,sampen_test,sampen_err,sampen_abserr,sampen_pcterr,dfa_a1_ref,dfa_a1_test,dfa_a1_err,dfa_a1_abserr,dfa_a1_pcterr,lf_ref,lf_test,lf_err,lf_abserr,lf_pcterr,hf_ref,hf_test,hf_err,hf_abserr,hf_pcterr,lf_hf_ref,lf_hf_test,lf_hf_err,lf_hf_abserr,lf_hf_pcterr
s1_sit,msptdfast,MSPTDfast v2,mid_upslope,none,1.0,100.0,True,False,612,613,0.9841512286143937,0.0,0.021741207592875646,612,0,1,0.99836867862969,1.0,0.9991836734693879,314.2833363053641,4.915138760045764,6.958672536648322,0.01755308976177779,6.964351874070565,611,828.437908496732,828.387438523477,-0.0504699732549625,0.0504699732549625,-0.006092185393416432,46.977980713169195,47.81982431715919,0.841843603989993,0.841843603989993,1.7919961463009446,30.45299025358163,32.492268179563794,2.039277925982166,2.039277925982166,6.696478437753162,9.00163666121113,11.80327868852459,2.801642027313461,2.801642027313461,31.123695976154995,30.477600635297417,32.518469778362025,2.040869143064608,2.040869143064608,6.696292032585367,21.550918083514233,22.994030494089596,1.4431124105753632,1.4431124105753632,6.6962920325853705,62.844405268340736,63.59831567804933,0.7539104097085954,0.7539104097085954,1.1996460249555332,0.3429250064742197,0.36155093494128304,0.018625928467063346,0.018625928467063346,5.431487385118297,1.6764542772105453,1.7514783105883347,0.0750240333777894,0.0750240333777894,4.4751613209888434,1.1460653887927263,1.130106628686738,-0.01595876010598829,0.01595876010598829,-1.3924825112116304,570.2327955867494,600.8345753179418,30.601779731192437,30.601779731192437,5.366541519188543,327.28840925752615,330.36001877787953,3.071609520353377,3.071609520353377,0.938502383057656,1.7422945006832276,1.818726665353286,0.07643216467005853,0.07643216467005853,4.386868272848605
s1_sit,msptd,MSPTD,mid_upslope,none,1.0,100.0,True,False,612,613,0.9841512286143937,0.0,0.8590007755116702,612,0,1,0.99836867862969,1.0,0.9991836734693879,314.2833363053641,4.9369030667170515,7.000914395016204,0.01755308976177798,7.006628476423112,611,828.437908496732,828.387438523477,-0.0504699732549625,0.0504699732549625,-0.006092185393416432,46.977980713169195,47.82941736258255,0.8514366494133512,0.8514366494133512,1.812416448063019,30.45299025358163,32.54765800061918,2.094667747037551,2.094667747037551,6.878364750375191,9.00163666121113,11.967213114754099,2.965576453542969,2.965576453542969,32.944858420268254,30.477600635297417,32.573905846794794,2.096305211497377,2.096305211497377,6.878183215871515,21.550918083514233,23.03322971400073,1.482311630486496,1.482311630486496,6.878183215871519,62.844405268340736,63.59855862698697,0.754153358646235,0.754153358646235,1.2000326129685828,0.3429250064742197,0.3621659077070179,0.019240901232798202,0.019240901232798202,5.610818945699922,1.6764542772105453,1.751268107873318,0.0748138306627728,0.0748138306627728,4.462622791434291,1.1460653887927263,1.1296446936645057,-0.01642069512822064,0.01642069512822064,-1.4327886775743504,570.2327955867494,600.633418503848,30.400622917098644,30.400622917098644,5.331265257344148,327.28840925752615,330.4948366399759,3.2064273824497604,3.2064273824497604,0.9796947559871545,1.7422945006832276,1.8173761036943135,0.0750816030110859,0.0750816030110859,4.309352005739743
s1_sit,qppg,qppg (slope-sum),mid_upslope,none,1.0,100.0,True,False,589,613,0.9841512286143937,0.01020408163265306,0.0031713367921550667,588,1,25,0.9592169657422512,0.99830220713073,0.978369384359401,314.4970592353347,4.259434930910766,5.719707213127332,-0.18201193795222806,5.72176226100343,578,828.437908496732,833.4060014623873,4.9680929656552735,4.9680929656552735,0.5996940645401274,46.977980713169195,76.32111646446138,29.343135751292188,29.343135751292188,62.46146663997952,30.45299025358163,88.2943333809591,57.84134312737747,57.84134312737747,189.93649768293164,9.00163666121113,11.53184165232358,2.5302049911124502,2.5302049911124502,28.108277264903762,30.477600635297417,88.36888840462856,57.89128776933114,57.89128776933114,189.94699898483725,21.550918083514233,62.48624023683013,40.935322153315894,40.935322153315894,189.94699898483728,62.844405268340736,88.00736002078979,25.162954752449053,25.162954752449053,40.04008733156944,0.3429250064742197,0.7100115288320106,0.3670865223577909,0.3670865223577909,107.04571420206057,1.6764542772105453,1.2977122715497338,-0.3787420056608115,0.3787420056608115,-22.591848212585962,1.1460653887927263,0.8086961872333288,-0.33736920155939754,0.33736920155939754,-29.43716866930121,570.2327955867494,1113.2310485420157,542.9982529552664,542.9982529552664,95.22396066268696,327.28840925752615,986.6554494553927,659.3670401978666,659.3670401978666,201.4636087155305,1.7422945006832276,1.1282875386301159,-0.6140069620531117,0.6140069620531117,-35.24128451374515
s1_sit,terma,TERMA,mid_upslope,none,1.0,100.0,True,False,612,613,0.9841512286143937,0.0,0.00039897097103329913,611,1,2,0.9967373572593801,0.9983660130718954,0.9975510204081632,314.29716253855,4.946618855333395,7.379484570821854,0.22394221802909067,7.382159199334437,608,828.437908496732,830.9120752557743,2.474166759042305,2.474166759042305,0.2986544596361943,46.977980713169195,65.2362313617334,18.258250648564207,18.258250648564207,38.865550139420804,30.45299025358163,56.022202486620834,25.569212233039206,25.569212233039206,83.96289500677841,9.00163666121113,12.295081967213115,3.293445306001985,3.293445306001985,36.58718330849477,30.477600635297417,56.065303522301306,25.58770288700389,25.58770288700389,83.95576539371565,21.550918083514233,39.644156309901284,18.09323822638705,18.09323822638705,83.95576539371565,62.844405268340736,83.30589796070463,20.46149269236389,20.46149269236389,32.55897260065539,0.3429250064742197,0.4758865492164963,0.13296154274227662,0.13296154274227662,38.77277545586993,1.6764542772105453,1.4386089968786016,-0.23784528033194374,0.23784528033194374,-14.187400370244205,1.1460653887927263,0.9016018401798712,-0.24446354861285513,0.24446354861285513,-21.330680692693704,570.2327955867494,3015.6568295545303,2445.424033967781,2445.424033967781,428.8466136802121,327.28840925752615,1380.235352582328,1052.9469433248019,1052.9469433248019,321.71837240233367,1.7422945006832276,2.1848859500029745,0.4425914493197469,0.4425914493197469,25.40279207368146
s1_sit,heartpy,HeartPy,mid_upslope,none,1.0,100.0,True,False,611,613,0.9841512286143937,0.001639344262295082,0.030741987041081446,611,0,2,0.9967373572593801,1.0,0.9983660130718954,314.29716253855,4.944686274804373,7.375005532924034,0.21738455049019467,7.377860885320648,609,828.437908496732,828.6541661596856,0.21625766295358062,0.21625766295358062,0.02610426934059521,46.977980713169195,48.08401911070299,1.1060383975337942,1.1060383975337942,2.3543762008138884,30.45299025358163,32.814797610281005,2.3618073566993765,2.3618073566993765,7.7555843844320025,9.00163666121113,11.842105263157894,2.840468601946764,2.840468601946764,31.55502392344496,30.477600635297417,32.84073415172291,2.3631335164254956,2.3631335164254956,7.75367308176041,21.550918083514233,23.221905817827913,1.6709877343136803,1.6709877343136803,7.7536730817604145,62.844405268340736,63.91313540943545,1.0687301410947114,1.0687301410947114,1.7005971120759542,0.3429250064742197,0.36333541875336756,0.02041041227914786,0.02041041227914786,5.951858830301507,1.6764542772105453,1.737909577843667,0.06145530063312177,0.06145530063312177,3.6657904404871293,1.1460653887927263,1.147390479721058,0.0013250909283315515,0.0013250909283315515,0.1156208835280692,570.2327955867494,597.3535507341929,27.12075514744356,27.12075514744356,4.756084770525565,327.28840925752615,335.3816738497402,8.093264592214041,8.093264592214041,2.4728234680152923,1.7422945006832276,1.7811156581018885,0.03882115741866099,0.03882115741866099,2.22816277061298
s1_sit,findpeaks,find_peaks baseline,mid_upslope,none,1.0,100.0,True,False,613,613,0.9841512286143937,0.0,0.0001503507517855614,612,1,1,0.99836867862969,0.99836867862969,0.99836867862969,314.286926765631,4.951601615500913,7.3782913414813445,0.23204956614462666,7.380693653390349,610,828.437908496732,829.5543757864021,1.1164672896701404,1.1164672896701404,0.13476776934267304,46.977980713169195,59.28613388172941,12.308153168560217,12.308153168560217,26.19983443671071,30.45299025358163,58.50645053077456,28.05346027719293,28.05346027719293,92.12054397151857,9.00163666121113,12.274959083469723,3.273322422258593,3.273322422258593,36.36363636363636,30.477600635297417,58.55164276590458,28.074042130607165,28.074042130607165,92.11368856278473,21.550918083514233,41.40226364938339,19.85134556586916,19.85134556586916,92.11368856278474,62.844405268340736,72.907776718205,10.063371449864263,10.063371449864263,16.013154085704922,0.3429250064742197,0.5678717074230202,0.22494670094880048,0.22494670094880048,65.59647056993246,1.6764542772105453,1.5266793222240869,-0.14977495498645843,0.14977495498645843,-8.934031606019653,1.1460653887927263,0.8453283348081863,-0.3007370539845401,0.3007370539845401,-26.24082857098919,570.2327955867494,1313.660138815385,743.4273432286356,743.4273432286356,130.37260378257886,327.28840925752615,1305.220988632765,977.9325793752389,977.9325793752389,298.79841501070536,1.7422945006832276,1.0064656868500559,-0.7358288138331717,0.7358288138331717,-42.23332011577963
s1_sit,msptdfast,MSPTDfast v2,mid_upslope,median_mad,1.0,100.0,True,False,612,613,0.9841512286143937,0.006546644844517185,0.025267476557530182,612,0,1,0.99836867862969,1.0,0.9991836734693879,314.2833363053641,4.915138760045764,6.958672536648322,0.01755308976177779,6.964351874070565,611,828.437908496732,828.0659795842229,-0.3719289125091336,0.3719289125091336,-0.044895206833790224,46.977980713169195,47.709090232155575,0.7311095189863792,0.7311095189863792,1.5562812787766962,30.45299025358163,32.40605188877091,1.9530616351892824,1.9530616351892824,6.413365711958548,9.00163666121113,11.55115511551155,2.5495184543004203,2.5495184543004203,28.322832283228305,30.477600635297417,32.432351091654375,1.9547504563569582,1.9547504563569582,6.4137281662949475,21.550918083514233,22.93313538673174,1.3822173032175051,1.3822173032175051,6.413728166294954,62.844405268340736,63.45380904952639,0.6094037811856552,0.6094037811856552,0.9697025193946037,0.3429250064742197,0.3614146373597868,0.0184896308855671,0.0184896308855671,5.391741790914599,1.6764542772105453,1.7466143392359568,0.07016006202541147,0.07016006202541147,4.1850268736318235,1.1460653887927263,1.0928287706608715,-0.053236618131854874,0.053236618131854874,-4.6451641112672215,570.2327955867494,590.3071859013926,20.07439031464321,20.07439031464321,3.5203850900906835,327.28840925752615,327.5519870781804,0.2635778206542341,0.2635778206542341,0.08053380846947086,1.7422945006832276,1.802178613437926,0.059884112754698515,0.059884112754698515,3.4370832675655816
s1_sit,msptd,MSPTD,mid_upslope,median_mad,1.0,100.0,True,False,612,613,0.9841512286143937,0.006546644844517185,0.8762964027304038,612,0,1,0.99836867862969,1.0,0.9991836734693879,314.2833363053641,4.9369030667170515,7.000914395016204,0.01755308976177798,7.006628476423112,611,828.437908496732,828.0659795842229,-0.3719289125091336,0.3719289125091336,-0.044895206833790224,46.977980713169195,47.718768999748875,0.7407882865796793,0.7407882865796793,1.5768840536222035,30.45299025358163,32.46115961907049,2.0081693654888646,2.0081693654888646,6.594325709123689,9.00163666121113,11.716171617161717,2.7145349559505867,2.7145349559505867,30.15601560156015,30.477600635297417,32.4875051473533,2.0099045120558863,2.0099045120558863,6.594694038113123,21.550918083514233,22.97213519352639,1.421217110012158,1.421217110012158,6.594694038113132,62.844405268340736,63.45425781106524,0.6098525427245036,0.6098525427245036,0.9704166029107613,0.3429250064742197,0.3620266942830821,0.0191016878088624,0.0191016878088624,5.57022306575313,1.6764542772105453,1.743689045982972,0.06723476877242662,0.06723476877242662,4.0105339994299545,1.1460653887927263,1.092612740723423,-0.05345264806930339,0.05345264806930339,-4.664013815617519,570.2327955867494,590.1085252668986,19.87572968014922,19.87572968014922,3.4855465757099777,327.28840925752615,327.7011982068745,0.41278894934833943,0.41278894934833943,0.1261239132436057,1.7422945006832276,1.800751808342089,0.05845730765886148,0.05845730765886148,3.3551909643253706
s1_sit,qppg,qppg (slope-sum),mid_upslope,median_mad,1.0,100.0,True,False,589,613,0.9841512286143937,0.02040816326530612,0.003171868234428069,588,1,25,0.9592169657422512,0.99830220713073,0.978369384359401,314.4970592353347,4.259434930910766,5.719707213127332,-0.18201193795222806,5.72176226100343,578,828.437908496732,828.8988315203005,0.4609230235685118,0.4609230235685118,0.055637606493031455,46.977980713169195,48.21547653109378,1.2374958179245823,1.2374958179245823,2.6342039379689193,30.45299025358163,32.85094008173711,2.397949828155479,2.397949828155479,7.874267217070586,9.00163666121113,10.608695652173914,1.6070589909627842,1.6070589909627842,17.852964426877474,30.477600635297417,32.87535015903828,2.3977495237408597,2.3977495237408597,7.867251600389838,21.550918083514233,23.246383031338212,1.6954649478239787,1.6954649478239787,7.8672516003898485,62.844405268340736,64.10202828461217,1.2576230162714381,1.2576230162714381,2.0011694134131517,0.3429250064742197,0.3626466065648434,0.01972160009062368,0.01972160009062368,5.750995033401364,1.6764542772105453,1.6973022588751683,0.020847981664622983,0.020847981664622983,1.2435759178181687,1.1460653887927263,1.158042942591172,0.011977553798445673,0.011977553798445673,1.04510213078356,570.2327955867494,575.0021445931156,4.769349006366269,4.769349006366269,0.8363863045545772,327.28840925752615,304.81017329196,-22.47823596556617,22.47823596556617,-6.868020782208399,1.7422945006832276,1.8864270125339762,0.1441325118507486,0.1441325118507486,8.272568833468057
s1_sit,terma,TERMA,mid_upslope,median_mad,1.0,100.0,True,False,612,613,0.9841512286143937,0.008183306055646482,0.00038233094252750966,611,1,2,0.9967373572593801,0.9983660130718954,0.9975510204081632,314.29716253855,4.946618855333395,7.379484570821854,0.22394221802909067,7.382159199334437,608,828.437908496732,828.180734603276,-0.2571738934559562,0.2571738934559562,-0.03104323097944892,46.977980713169195,48.69543181648267,1.717451103313472,1.717451103313472,3.6558640393669033,30.45299025358163,33.38952003874383,2.936529785162204,2.936529785162204,9.642829031598412,9.00163666121113,11.735537190082644,2.733900528871514,2.733900528871514,30.371149511645363,30.477600635297417,33.412244248604246,2.9346436133068288,2.9346436133068288,9.62885382095365,21.550918083514233,23.626024482849285,2.075106399335052,2.075106399335052,9.628853820953653,62.844405268340736,64.68617415432166,1.841768885980926,1.841768885980926,2.9306807473421315,0.3429250064742197,0.36524071475435743,0.022315708280137736,0.022315708280137736,6.507460190662817,1.6764542772105453,1.719382499756863,0.042928222546317674,0.042928222546317674,2.5606557321531014,1.1460653887927263,1.178838098254712,0.03277270946198563,0.03277270946198563,2.8595846085630976,570.2327955867494,593.1850043369125,22.952208750163095,22.952208750163095,4.025059401668766,327.28840925752615,329.44410805204393,2.1556987945177752,2.1556987945177752,0.6586541819211106,1.7422945006832276,1.800563403134847,0.05826890245161942,0.05826890245161942,3.344377338548088
s1_sit,heartpy,HeartPy,mid_upslope,median_mad,1.0,100.0,True,False,611,613,0.9841512286143937,0.006557377049180328,0.019528438033440666,611,0,2,0.9967373572593801,1.0,0.9983660130718954,314.29716253855,4.944686274804373,7.375005532924034,0.21738455049019467,7.377860885320648,609,828.437908496732,828.3952518781758,-0.04265661855617964,0.04265661855617964,-0.0051490423263686165,46.977980713169195,47.96157972821551,0.9835990150463161,0.9835990150463161,2.0937447717300177,30.45299025358163,32.694890445435675,2.2419001918540467,2.2419001918540467,7.361839258430042,9.00163666121113,11.570247933884298,2.5686112726731682,2.5686112726731682,28.53493613824192,30.477600635297417,32.720847134377145,2.243246499079728,2.243246499079728,7.360312007244192,21.550918083514233,23.13713289488649,1.5862148113722583,1.5862148113722583,7.360312007244193,62.844405268340736,63.75969997934673,0.9152947110059912,0.9152947110059912,1.4564458158172615,0.3429250064742197,0.3628802033632711,0.019955196889051396,0.019955196889051396,5.819113949787614,1.6764542772105453,1.7327436997278522,0.05628942251730695,0.05628942251730695,3.357647344308549,1.1460653887927263,1.1554957126473262,0.009430323854599854,0.009430323854599854,0.822843438674457,570.2327955867494,586.8272572903005,16.594461703551133,16.594461703551133,2.910120538836427,327.28840925752615,332.58329179654703,5.294882539020875,5.294882539020875,1.617803255248984,1.7422945006832276,1.7644520087596087,0.02215750807638117,0.02215750807638117,1.2717429841908054
s1_sit,findpeaks,find_peaks baseline,mid_upslope,median_mad,1.0,100.0,True,False,613,613,0.9841512286143937,0.006535947712418301,0.0001412453840278323,612,1,1,0.99836867862969,0.99836867862969,0.99836867862969,314.286926765631,4.951601615500913,7.3782913414813445,0.23204956614462666,7.380693653390349,610,828.437908496732,827.9390107506117,-0.49889774612029214,0.49889774612029214,-0.06022150133443105,46.977980713169195,48.8208319642015,1.8428512510323074,1.8428512510323074,3.9227979216137454,30.45299025358163,33.29830807954779,2.845317825966159,2.845317825966159,9.343311780791433,9.00163666121113,11.86161449752883,2.8599778363177,2.8599778363177,31.77175378163845,30.477600635297417,33.32088485074117,2.843284215443756,2.843284215443756,9.329094666825007,21.550918083514233,23.561423633095185,2.0105055495809516,2.0105055495809516,9.329094666825004,62.844405268340736,64.89843282957935,2.0540275612386125,2.0540275612386125,3.2684334468089467,0.3429250064742197,0.3630507333661897,0.02012572689197001,0.02012572689197001,5.868842024351762,1.6764542772105453,1.7180717534368959,0.04161747622635059,0.04161747622635059,2.4824701032465954,1.1460653887927263,1.1493311990981396,0.003265810305413286,0.003265810305413286,0.28495846199958225,570.2327955867494,588.4303242560204,18.197528669271037,18.197528669271037,3.1912455421906105,327.28840925752615,331.45791593359417,4.169506676068011,4.169506676068011,1.2739548844784307,1.7422945006832276,1.7752791409389943,0.03298464025576675,0.03298464025576675,1.8931724942500865
s1_sit,msptdfast,MSPTDfast v2,mid_upslope,lipponen_tarvainen,1.0,100.0,True,False,612,613,0.9841512286143937,0.0,0.021736330139196212,612,0,1,0.99836867862969,1.0,0.9991836734693879,314.00000000000585,5.003273322423064,7.18187844987188,0.018003273322441796,7.187740241343785,611,828.437908496732,828.3878887070376,-0.050019789694374595,0.050019789694374595,-0.006037844137907641,46.977980713169195,47.75942221649211,0.7814415033229167,0.7814415033229167,1.6634208015327863,30.45299025358163,32.22706326299912,1.7740730094174886,1.7740730094174886,5.8256118517255855,9.00163666121113,10.98360655737705,1.9819698961659196,1.9819698961659196,22.01788375558867,30.477600635297417,32.2530425323083,1.7754418970108823,1.7754418970108823,5.825399178420452,21.550918083514233,22.806345088493337,1.2554270049791043,1.2554270049791043,5.825399178420459,62.844405268340736,63.57511655208252,0.7307112837417833,0.7307112837417833,1.162730843933844,0.3429250064742197,0.3587306846666925,0.015805678192472805,0.015805678192472805,4.609077172580308,1.6764542772105453,1.7360774790207016,0.059623201810156345,0.059623201810156345,3.556506289534092,1.1460653887927263,1.134574319055397,-0.011491069737329385,0.011491069737329385,-1.002653936651395,570.2327955867494,599.6515429379017,29.41874735115232,29.41874735115232,5.159076710219985,327.28840925752615,328.24775381373945,0.9593445562132956,0.9593445562132956,0.29311901340766316,1.7422945006832276,1.826826036037911,0.08453153535468338,0.08453153535468338,4.851736335133641
s1_sit,msptd,MSPTD,mid_upslope,lipponen_tarvainen,1.0,100.0,True,False,612,613,0.9841512286143937,0.0,0.8806564564262641,612,0,1,0.99836867862969,1.0,0.9991836734693879,314.00000000000585,5.026186579378892,7.224820828680755,0.018003273322441796,7.230717938640576,611,828.437908496732,828.3878887070376,-0.050019789694374595,0.050019789694374595,-0.006037844137907641,46.977980713169195,47.77174331792249,0.7937626047532973,0.7937626047532973,1.689648198375594,30.45299025358163,32.291957076077274,1.838966822495646,1.838966822495646,6.038706896047301,9.00163666121113,11.147540983606557,2.1459043223954275,2.1459043223954275,23.83904619970193,30.477600635297417,32.3179905447969,1.840389909499482,1.840389909499482,6.038499984044175,21.550918083514233,22.852270268548615,1.301352185034382,1.301352185034382,6.038499984044184,62.844405268340736,63.577139467265695,0.732734198924959,0.732734198924959,1.1659497703832835,0.3429250064742197,0.35944162414407915,0.016516617669859457,0.016516617669859457,4.8163934848831556,1.6764542772105453,1.7316555451583495,0.05520126794780422,0.05520126794780422,3.292739247243515,1.1460653887927263,1.1339018626356745,-0.012163526157051852,0.012163526157051852,-1.06132915940032,570.2327955867494,599.4188706075953,29.18607502084592,29.18607502084592,5.118273667654362,327.28840925752615,328.70303295273965,1.4146236952134927,1.4146236952134927,0.4322254180716798,1.7422945006832276,1.823587890939171,0.0812933902559434,0.0812933902559434,4.665881125381778
s1_sit,qppg,qppg (slope-sum),mid_upslope,lipponen_tarvainen,1.0,100.0,True,False,589,613,0.9841512286143937,0.01870748299319728,0.0031510357206987146,588,4,25,0.9592169657422512,0.9932432432432432,0.9759336099585062,314.9999999999953,4.36851211072728,6.158095917465698,-0.053633217993061096,6.163196149469653,578,828.437908496732,832.8902229845626,4.452314487830563,4.452314487830563,0.5374349051589937,46.977980713169195,70.84345762622073,23.86547691305153,23.86547691305153,50.801410683795936,30.45299025358163,85.10797669780689,54.65498644422526,54.65498644422526,179.47329963039408,9.00163666121113,10.652920962199312,1.6512843009881824,1.6512843009881824,18.344267416432352,30.477600635297417,85.17960464006129,54.702004004763864,54.702004004763864,179.4826458268212,21.550918083514233,60.23107605977645,38.680157976262215,38.680157976262215,179.48264582682123,62.844405268340736,80.06127936498197,17.216874096641234,17.216874096641234,27.396033144281525,0.3429250064742197,0.7523121855846953,0.40938717911047556,0.40938717911047556,119.38096417044241,1.6764542772105453,1.3327780790754284,-0.34367619813511685,0.34367619813511685,-20.50018320254819,1.1460653887927263,0.9667553539491377,-0.17931003484358865,0.17931003484358865,-15.64570718189781,570.2327955867494,4485.283651948324,3915.050856361575,3915.050856361575,686.5706228511683,327.28840925752615,759.2166951911004,431.9282859335742,431.9282859335742,131.97176365439586,1.7422945006832276,5.907777951088583,4.165483450405356,4.165483450405356,239.08033049360446
s1_sit,terma,TERMA,mid_upslope,lipponen_tarvainen,1.0,100.0,True,False,612,613,0.9841512286143937,0.0016366612111292963,0.00037810302844921485,611,2,2,0.9967373572593801,0.9967373572593801,0.9967373572593801,314.00000000000585,5.0952380952388445,7.710590247863331,0.10673234811168142,7.716189235073882,609,828.437908496732,829.5539215686274,1.1160130718953951,1.1160130718953951,0.13471294112077653,46.977980713169195,51.51808702438172,4.540106311212526,4.540106311212526,9.664328356156465,30.45299025358163,38.9768070698674,8.52381681628577,8.52381681628577,27.990081582491786,9.00163666121113,11.292962356792144,2.2913256955810137,2.2913256955810137,25.454545454545443,30.477600635297417,39.00462489320612,8.527024257908703,8.527024257908703,27.978003780367114,21.550918083514233,27.580434759623667,6.029516676109434,6.029516676109434,27.978003780367125,62.844405268340736,67.43549658580174,4.591091317461007,4.591091317461007,7.305489323763036,0.3429250064742197,0.4089898667021992,0.06606486022797953,0.06606486022797953,19.26510431747885,1.6764542772105453,1.6518397234755766,-0.02461455373496868,0.02461455373496868,-1.468250823751953,1.1460653887927263,1.0702123578880338,-0.07585303090469253,0.07585303090469253,-6.618560480619406,570.2327955867494,877.5116649114733,307.2788693247239,307.2788693247239,53.8865655751253,327.28840925752615,504.3207195060808,177.03231024855467,177.03231024855467,54.090614039819904,1.7422945006832276,1.7399873353823068,-0.002307165300920788,0.002307165300920788,-0.13242108610318468
s1_sit,heartpy,HeartPy,mid_upslope,lipponen_tarvainen,1.0,100.0,True,False,611,613,0.9841512286143937,0.001639344262295082,0.01966956532014036,610,2,3,0.9951060358890701,0.9967320261437909,0.9959183673469387,314.0000000000104,5.559210526316565,12.259394893627011,0.43421052631578594,12.261790776615927,608,828.437908496732,829.9328968903437,1.4949883936117203,1.4949883936117203,0.18045871371633612,46.977980713169195,49.80483630431074,2.8268555911415447,2.8268555911415447,6.017405491311593,30.45299025358163,38.05095806725558,7.59796781367395,7.59796781367395,24.94982512523656,9.00163666121113,11.311475409836065,2.3098387486249354,2.3098387486249354,25.66020864381519,30.477600635297417,38.081258229262254,7.6036575939648365,7.6036575939648365,24.948347099078116,21.550918083514233,26.927515930027358,5.376597846513125,5.376597846513125,24.94834709907812,62.844405268340736,65.08419412143398,2.239788853093245,2.239788853093245,3.564022673982704,0.3429250064742197,0.4137335691640591,0.07080856268983943,0.07080856268983943,20.648410396738637,1.6764542772105453,1.724378559958914,0.047924282748368796,0.047924282748368796,2.858669240184115,1.1460653887927263,1.0711353966211048,-0.07492999217162155,0.07492999217162155,-6.538020684016411,570.2327955867494,815.6226840476754,245.38988846092604,245.38988846092604,43.03328225947239,327.28840925752615,397.10781982885703,69.81941057133088,69.81941057133088,21.33268658359167,1.7422945006832276,2.053907385654574,0.31161288497134665,0.31161288497134665,17.88520166074966
s1_sit,findpeaks,find_peaks baseline,mid_upslope,lipponen_tarvainen,1.0,100.0,True,False,613,613,0.9841512286143937,0.0016339869281045752,0.00014383173424627497,613,1,0,1.0,0.998371335504886,0.9991850040749797,314.00000000000585,5.1160130718962495,7.725795007423842,0.13888888888892845,7.730865131826553,612,828.437908496732,828.2006525285482,-0.2372559681838311,0.2372559681838311,-0.028638956009914052,46.977980713169195,48.79817578924255,1.8201950760733538,1.8201950760733538,3.8745706998068226,30.45299025358163,32.98484500494095,2.5318547513593224,2.5318547513593224,8.313977478981876,9.00163666121113,11.11111111111111,2.109474449899981,2.109474449899981,23.434343434343422,30.477600635297417,33.006977034122635,2.5293763988252174,2.5293763988252174,8.29913230077514,21.550918083514233,23.339457287296753,1.7885392037825198,1.7885392037825198,8.299132300775137,62.844405268340736,64.94454291355115,2.1001376452104097,2.1001376452104097,3.34180526690162,0.3429250064742197,0.3593751875098163,0.01645018103559659,0.01645018103559659,4.797019967930882,1.6764542772105453,1.7226565322520264,0.04620225504148112,0.04620225504148112,2.7559507986318077,1.1460653887927263,1.180820085261959,0.03475469646923268,0.03475469646923268,3.03252299642724,570.2327955867494,598.498413829949,28.265618243199583,28.265618243199583,4.956855947598605,327.28840925752615,330.046529945631,2.758120688104839,2.758120688104839,0.8427187184421853,1.7422945006832276,1.8133758713613515,0.07108137067812392,0.07108137067812392,4.079756358655205
s2_sit,msptdfast,MSPTDfast v2,mid_upslope,none,1.0,100.0,True,False,990,991,0.9951016628351869,0.0,0.02294311673955949,990,0,1,0.9989909182643795,1.0,0.999495204442201,234.15886216055213,2.75903524815756,3.318860401887974,0.006369729660233134,3.3205334466736507,989,496.8181818181818,496.8213343403781,0.0031525221962738215,0.0031525221962738215,0.0006345424365784454,17.9894720567605,19.083251846662886,1.093779789902385,1.093779789902385,6.080110558282554,4.648624180821078,5.869396455291478,1.2207722744704004,1.2207722744704004,26.260937150113467,0.0,0.0,0.0,0.0,,4.650954564424282,5.8723502315567,1.221395667132418,1.221395667132418,26.261182521003803,3.2887215114949355,4.152378670236136,0.8636571587412001,0.8636571587412001,26.261182521003803,25.22749532913968,26.666434959800924,1.4389396306612454,1.4389396306612454,5.703854512259727,0.13036258528987663,0.15571555314745886,0.02535296785758223,0.02535296785758223,19.448040096172463,0.745467018693734,0.8497665325336436,0.10429951383990965,0.10429951383990965,13.99116409236608,1.6151323746822592,1.5412477230907988,-0.0738846515914604,0.0738846515914604,-4.574526072885855,99.94805062404777,119.81888477651788,19.87083415247011,19.87083415247011,19.881162292212966,19.90885704317436,38.50340685075841,18.59454980758405,18.59454980758405,93.39837926034576,5.020280692522949,3.1119034541785693,-1.9083772383443796,1.9083772383443796,-38.01335732455473
s2_sit,msptd,MSPTD,mid_upslope,none,1.0,100.0,True,False,990,991,0.9951016628351869,0.0,0.8918769973112141,990,0,1,0.9989909182643795,1.0,0.999495204442201,234.15886216055213,2.75903524815756,3.3188604995207105,0.006369729660233134,3.320533544355964,989,496.8181818181818,496.8213343403781,0.0031525221962738215,0.0031525221962738215,0.0006345424365784454,17.9894720567605,19.08325184629241,1.093779789531908,1.093779789531908,6.0801105562231434,4.648624180821078,5.869396343962104,1.2207721631410262,1.2207721631410262,26.260934755224792,0.0,0.0,0.0,0.0,,4.650954564424282,5.872350120170586,1.2213955557463043,1.2213955557463043,26.26118012609514,3.2887215114949355,4.1523785914742595,0.863657079979324,0.863657079979324,26.261180126095145,25.22749532913968,26.666434971535125,1.4389396423954466,1.4389396423954466,5.703854558773267,0.13036258528987663,0.15571555012534233,0.025352964835465702,0.025352964835465702,19.44803777793328,0.745467018693734,0.8497665325336436,0.10429951383990965,0.10429951383990965,13.99116409236608,1.6151323746822592,1.5412477411916998,-0.0738846334905594,0.0738846334905594,-4.574524952178891,99.94805062404777,119.8188845981689,19.87083397412114,19.87083397412114,19.881162113771296,19.90885704317436,38.503407974282304,18.594550931107943,18.594550931107943,93.39838490368275,5.020280692522949,3.1119033587416443,-1.9083773337813046,1.9083773337813046,-38.013359225582406
s2_sit,qppg,qppg (slope-sum),mid_upslope,none,1.0,100.0,True,False,991,991,0.9951016628351869,0.0,0.004419737942910658,991,0,0,1.0,1.0,1.0,234.45150869761875,3.0053320356728817,3.8119909917628245,0.002768979996383648,3.813916693304738,990,496.8181818181818,496.8209507981782,0.0027689799964036865,0.0027689799964036865,0.0005573427257171189,17.9894720567605,19.165331057078042,1.1758590003175406,1.1758590003175406,6.536373033113271,4.648624180821078,6.548125946690146,1.8995017658690676,1.8995017658690676,40.86159026805996,0.0,0.0,0.0,0.0,,4.650954564424282,6.551415071677711,1.9004605072534293,1.9004605072534293,40.86173023039793,3.2887215114949355,4.632550023551062,1.3438285120561262,1.3438285120561262,40.86173023039794,25.22749532913968,26.705042769748513,1.4775474406088343,1.4775474406088343,5.8568931292285455,0.13036258528987663,0.1734709831207916,0.04310839783091497,0.04310839783091497,33.06807527256256,0.745467018693734,0.8767555443074964,0.13128852561376236,0.13128852561376236,17.611580703304146,1.6151323746822592,1.5122152658867538,-0.10291710879550542,0.10291710879550542,-6.3720541058284486,99.94805062404777,119.7960576003969,19.84800697634914,19.84800697634914,19.858323251352797,19.90885704317436,39.22511831165456,19.3162612684802,19.3162612684802,97.0234565780996,5.020280692522949,3.0540649144403758,-1.966215778082573,1.966215778082573,-39.16545505136783
s2_sit,terma,TERMA,mid_upslope,none,1.0,100.0,True,False,991,991,0.9951016628351869,0.0,0.0007395636173713977,991,0,0,1.0,1.0,1.0,234.19045941926385,2.7574598599511764,3.317402804214585,0.005151779505184559,3.3190755282636215,990,496.8181818181818,496.823333597687,0.00515177950518364,0.00515177950518364,0.0010369547036966156,17.9894720567605,19.07370538650957,1.0842333297490683,1.0842333297490683,6.0270436304527895,4.648624180821078,5.866437483056157,1.2178133022350792,1.2178133022350792,26.19728450536905,0.0,0.0,0.0,0.0,,4.650954564424282,5.869385940965132,1.2184313765408499,1.2184313765408499,26.19744741995073,3.2887215114949355,4.15028260025743,0.8615610887624947,0.8615610887624947,26.197447419950734,25.22749532913968,26.653097919017384,1.4256025898777054,1.4256025898777054,5.650987429699475,0.13036258528987663,0.15571482958069732,0.025352244290820697,0.025352244290820697,19.447485054432594,0.745467018693734,0.8516844736502427,0.1062174549565087,0.1062174549565087,14.248444571381748,1.6151323746822592,1.538948746369844,-0.07618362831241532,0.07618362831241532,-4.71686590564459,99.94805062404777,119.81888477651788,19.87083415247011,19.87083415247011,19.881162292212966,19.90885704317436,38.50340685075841,18.59454980758405,18.59454980758405,93.39837926034576,5.020280692522949,3.1119034541785693,-1.9083772383443796,1.9083772383443796,-38.01335732455473
s2_sit,heartpy,HeartPy,mid_upslope,none,1.0,100.0,True,False,991,991,0.9951016628351869,0.0,0.029861688991753666,991,0,0,1.0,1.0,1.0,234.19045941926385,2.7574598599511764,3.317402804214585,0.005151779505184559,3.3190755282636215,990,496.8181818181818,496.823333597687,0.00515177950518364,0.00515177950518364,0.0010369547036966156,17.9894720567605,19.07370538650957,1.0842333297490683,1.0842333297490683,6.0270436304527895,4.648624180821078,5.866437483056157,1.2178133022350792,1.2178133022350792,26.19728450536905,0.0,0.0,0.0,0.0,,4.650954564424282,5.869385940965132,1.2184313765408499,1.2184313765408499,26.19744741995073,3.2887215114949355,4.15028260025743,0.8615610887624947,0.8615610887624947,26.197447419950734,25.22749532913968,26.653097919017384,1.4256025898777054,1.4256025898777054,5.650987429699475,0.13036258528987663,0.15571482958069732,0.025352244290820697,0.025352244290820697,19.447485054432594,0.745467018693734,0.8516844736502427,0.1062174549565087,0.1062174549565087,14.248444571381748,1.6151323746822592,1.538948746369844,-0.07618362831241532,0.07618362831241532,-4.71686590564459,99.94805062404777,119.81888477651788,19.87083415247011,19.87083415247011,19.881162292212966,19.90885704317436,38.50340685075841,18.59454980758405,18.59454980758405,93.39837926034576,5.020280692522949,3.1119034541785693,-1.9083772383443796,1.9083772383443796,-38.01335732455473
s2_sit,findpeaks,find_peaks baseline,mid_upslope,none,1.0,100.0,True,False,991,991,0.9951016628351869,0.0,0.00015295727941624766,991,0,0,1.0,1.0,1.0,234.19045941926385,2.7574598599511764,3.317402804214585,0.005151779505184559,3.3190755282636215,990,496.8181818181818,496.823333597687,0.00515177950518364,0.00515177950518364,0.0010369547036966156,17.9894720567605,19.07370538650957,1.0842333297490683,1.0842333297490683,6.0270436304527895,4.648624180821078,5.866437483056157,1.2178133022350792,1.2178133022350792,26.19728450536905,0.0,0.0,0.0,0.0,,4.650954564424282,5.869385940965132,1.2184313765408499,1.2184313765408499,26.19744741995073,3.2887215114949355,4.15028260025743,0.8615610887624947,0.8615610887624947,26.197447419950734,25.22749532913968,26.653097919017384,1.4256025898777054,1.4256025898777054,5.650987429699475,0.13036258528987663,0.15571482958069732,0.025352244290820697,0.025352244290820697,19.447485054432594,0.745467018693734,0.8516844736502427,0.1062174549565087,0.1062174549565087,14.248444571381748,1.6151323746822592,1.538948746369844,-0.07618362831241532,0.07618362831241532,-4.71686590564459,99.94805062404777,119.81888477651788,19.87083415247011,19.87083415247011,19.881162292212966,19.90885704317436,38.50340685075841,18.59454980758405,18.59454980758405,93.39837926034576,5.020280692522949,3.1119034541785693,-1.9083772383443796,1.9083772383443796,-38.01335732455473
s2_sit,msptdfast,MSPTDfast v2,mid_upslope,median_mad,1.0,100.0,True,False,990,991,0.9951016628351869,0.0,0.02247960244665694,990,0,1,0.9989909182643795,1.0,0.999495204442201,234.15886216055213,2.75903524815756,3.318860401887974,0.006369729660233134,3.3205334466736507,989,496.8181818181818,496.8213343403781,0.0031525221962738215,0.0031525221962738215,0.0006345424365784454,17.9894720567605,19.083251846662886,1.093779789902385,1.093779789902385,6.080110558282554,4.648624180821078,5.869396455291478,1.2207722744704004,1.2207722744704004,26.260937150113467,0.0,0.0,0.0,0.0,,4.650954564424282,5.8723502315567,1.221395667132418,1.221395667132418,26.261182521003803,3.2887215114949355,4.152378670236136,0.8636571587412001,0.8636571587412001,26.261182521003803,25.22749532913968,26.666434959800924,1.4389396306612454,1.4389396306612454,5.703854512259727,0.13036258528987663,0.15571555314745886,0.02535296785758223,0.02535296785758223,19.448040096172463,0.745467018693734,0.8497665325336436,0.10429951383990965,0.10429951383990965,13.99116409236608,1.6151323746822592,1.5412477230907988,-0.0738846515914604,0.0738846515914604,-4.574526072885855,99.94805062404777,119.81888477651788,19.87083415247011,19.87083415247011,19.881162292212966,19.90885704317436,38.50340685075841,18.59454980758405,18.59454980758405,93.39837926034576,5.020280692522949,3.1119034541785693,-1.9083772383443796,1.9083772383443796,-38.01335732455473
s2_sit,msptd,MSPTD,mid_upslope,median_mad,1.0,100.0,True,False,990,991,0.9951016628351869,0.0,0.9044883755884234,990,0,1,0.9989909182643795,1.0,0.999495204442201,234.15886216055213,2.75903524815756,3.3188604995207105,0.006369729660233134,3.320533544355964,989,496.8181818181818,496.8213343403781,0.0031525221962738215,0.0031525221962738215,0.0006345424365784454,17.9894720567605,19.08325184629241,1.093779789531908,1.093779789531908,6.0801105562231434,4.648624180821078,5.869396343962104,1.2207721631410262,1.2207721631410262,26.260934755224792,0.0,0.0,0.0,0.0,,4.650954564424282,5.872350120170586,1.2213955557463043,1.2213955557463043,26.26118012609514,3.2887215114949355,4.1523785914742595,0.863657079979324,0.863657079979324,26.261180126095145,25.22749532913968,26.666434971535125,1.4389396423954466,1.4389396423954466,5.703854558773267,0.13036258528987663,0.15571555012534233,0.025352964835465702,0.025352964835465702,19.44803777793328,0.745467018693734,0.8497665325336436,0.10429951383990965,0.10429951383990965,13.99116409236608,1.6151323746822592,1.5412477411916998,-0.0738846334905594,0.0738846334905594,-4.574524952178891,99.94805062404777,119.8188845981689,19.87083397412114,19.87083397412114,19.881162113771296,19.90885704317436,38.503407974282304,18.594550931107943,18.594550931107943,93.39838490368275,5.020280692522949,3.1119033587416443,-1.9083773337813046,1.9083773337813046,-38.013359225582406
s2_sit,qppg,qppg (slope-sum),mid_upslope,median_mad,1.0,100.0,True,False,991,991,0.9951016628351869,0.0,0.007188663152335556,991,0,0,1.0,1.0,1.0,234.45150869761875,3.0053320356728817,3.8119909917628245,0.002768979996383648,3.813916693304738,990,496.8181818181818,496.8209507981782,0.0027689799964036865,0.0027689799964036865,0.0005573427257171189,17.9894720567605,19.165331057078042,1.1758590003175406,1.1758590003175406,6.536373033113271,4.648624180821078,6.548125946690146,1.8995017658690676,1.8995017658690676,40.86159026805996,0.0,0.0,0.0,0.0,,4.650954564424282,6.551415071677711,1.9004605072534293,1.9004605072534293,40.86173023039793,3.2887215114949355,4.632550023551062,1.3438285120561262,1.3438285120561262,40.86173023039794,25.22749532913968,26.705042769748513,1.4775474406088343,1.4775474406088343,5.8568931292285455,0.13036258528987663,0.1734709831207916,0.04310839783091497,0.04310839783091497,33.06807527256256,0.745467018693734,0.8767555443074964,0.13128852561376236,0.13128852561376236,17.611580703304146,1.6151323746822592,1.5122152658867538,-0.10291710879550542,0.10291710879550542,-6.3720541058284486,99.94805062404777,119.7960576003969,19.84800697634914,19.84800697634914,19.858323251352797,19.90885704317436,39.22511831165456,19.3162612684802,19.3162612684802,97.0234565780996,5.020280692522949,3.0540649144403758,-1.966215778082573,1.966215778082573,-39.16545505136783
s2_sit,terma,TERMA,mid_upslope,median_mad,1.0,100.0,True,False,991,991,0.9951016628351869,0.0,0.0004943177669150993,991,0,0,1.0,1.0,1.0,234.19045941926385,2.7574598599511764,3.317402804214585,0.005151779505184559,3.3190755282636215,990,496.8181818181818,496.823333597687,0.00515177950518364,0.00515177950518364,0.0010369547036966156,17.9894720567605,19.07370538650957,1.0842333297490683,1.0842333297490683,6.0270436304527895,4.648624180821078,5.866437483056157,1.2178133022350792,1.2178133022350792,26.19728450536905,0.0,0.0,0.0,0.0,,4.650954564424282,5.869385940965132,1.2184313765408499,1.2184313765408499,26.19744741995073,3.2887215114949355,4.15028260025743,0.8615610887624947,0.8615610887624947,26.197447419950734,25.22749532913968,26.653097919017384,1.4256025898777054,1.4256025898777054,5.650987429699475,0.13036258528987663,0.15571482958069732,0.025352244290820697,0.025352244290820697,19.447485054432594,0.745467018693734,0.8516844736502427,0.1062174549565087,0.1062174549565087,14.248444571381748,1.6151323746822592,1.538948746369844,-0.07618362831241532,0.07618362831241532,-4.71686590564459,99.94805062404777,119.81888477651788,19.87083415247011,19.87083415247011,19.881162292212966,19.90885704317436,38.50340685075841,18.59454980758405,18.59454980758405,93.39837926034576,5.020280692522949,3.1119034541785693,-1.9083772383443796,1.9083772383443796,-38.01335732455473
s2_sit,heartpy,HeartPy,mid_upslope,median_mad,1.0,100.0,True,False,991,991,0.9951016628351869,0.0,0.02706620066114993,991,0,0,1.0,1.0,1.0,234.19045941926385,2.7574598599511764,3.317402804214585,0.005151779505184559,3.3190755282636215,990,496.8181818181818,496.823333597687,0.00515177950518364,0.00515177950518364,0.0010369547036966156,17.9894720567605,19.07370538650957,1.0842333297490683,1.0842333297490683,6.0270436304527895,4.648624180821078,5.866437483056157,1.2178133022350792,1.2178133022350792,26.19728450536905,0.0,0.0,0.0,0.0,,4.650954564424282,5.869385940965132,1.2184313765408499,1.2184313765408499,26.19744741995073,3.2887215114949355,4.15028260025743,0.8615610887624947,0.8615610887624947,26.197447419950734,25.22749532913968,26.653097919017384,1.4256025898777054,1.4256025898777054,5.650987429699475,0.13036258528987663,0.15571482958069732,0.025352244290820697,0.025352244290820697,19.447485054432594,0.745467018693734,0.8516844736502427,0.1062174549565087,0.1062174549565087,14.248444571381748,1.6151323746822592,1.538948746369844,-0.07618362831241532,0.07618362831241532,-4.71686590564459,99.94805062404777,119.81888477651788,19.87083415247011,19.87083415247011,19.881162292212966,19.90885704317436,38.50340685075841,18.59454980758405,18.59454980758405,93.39837926034576,5.020280692522949,3.1119034541785693,-1.9083772383443796,1.9083772383443796,-38.01335732455473
s2_sit,findpeaks,find_peaks baseline,mid_upslope,median_mad,1.0,100.0,True,False,991,991,0.9951016628351869,0.0,0.00015420014079642913,991,0,0,1.0,1.0,1.0,234.19045941926385,2.7574598599511764,3.317402804214585,0.005151779505184559,3.3190755282636215,990,496.8181818181818,496.823333597687,0.00515177950518364,0.00515177950518364,0.0010369547036966156,17.9894720567605,19.07370538650957,1.0842333297490683,1.0842333297490683,6.0270436304527895,4.648624180821078,5.866437483056157,1.2178133022350792,1.2178133022350792,26.19728450536905,0.0,0.0,0.0,0.0,,4.650954564424282,5.869385940965132,1.2184313765408499,1.2184313765408499,26.19744741995073,3.2887215114949355,4.15028260025743,0.8615610887624947,0.8615610887624947,26.197447419950734,25.22749532913968,26.653097919017384,1.4256025898777054,1.4256025898777054,5.650987429699475,0.13036258528987663,0.15571482958069732,0.025352244290820697,0.025352244290820697,19.447485054432594,0.745467018693734,0.8516844736502427,0.1062174549565087,0.1062174549565087,14.248444571381748,1.6151323746822592,1.538948746369844,-0.07618362831241532,0.07618362831241532,-4.71686590564459,99.94805062404777,119.81888477651788,19.87083415247011,19.87083415247011,19.881162292212966,19.90885704317436,38.50340685075841,18.59454980758405,18.59454980758405,93.39837926034576,5.020280692522949,3.1119034541785693,-1.9083772383443796,1.9083772383443796,-38.01335732455473
s2_sit,msptdfast,MSPTDfast v2,mid_upslope,lipponen_tarvainen,1.0,100.0,True,False,990,991,0.9951016628351869,0.0,0.027470849614020895,990,0,1,0.9989909182643795,1.0,0.999495204442201,234.00000000000574,2.760364004043972,3.35285821958554,0.006066734074812995,3.35454908962852,989,496.8181818181818,496.82103134479274,0.0028495266109302975,0.0028495266109302975,0.0005735552190344606,17.9894720567605,19.0897974570566,1.1003254002961,1.1003254002961,6.11649634199573,4.648624180821078,5.908718597597268,1.26009441677619,1.26009441677619,27.106824896170075,0.0,0.0,0.0,0.0,,4.650954564424282,5.9116889080349075,1.2607343436106255,1.2607343436106255,27.10700193147738,3.2887215114949355,4.18019531513678,0.8914738036418446,0.8914738036418446,27.107001931477388,25.22749532913968,26.67145854710983,1.4439632179701505,1.4439632179701505,5.723767655611308,0.13036258528987663,0.15672916079011187,0.026366575500235245,0.026366575500235245,20.225569661422444,0.745467018693734,0.9290648567347047,0.18359783804097074,0.18359783804097074,24.628566178914973,1.6151323746822592,1.5393332557824133,-0.07579911889984592,0.07579911889984592,-4.693059224619758,99.94805062404777,119.87365928156653,19.925608657518765,19.925608657518765,19.935965267065058,19.90885704317436,38.54597279798683,18.637115754812466,18.637115754812466,93.61218333325718,5.020280692522949,3.109888026689711,-1.9103926658332377,1.9103926658332377,-38.05350303775878
s2_sit,msptd,MSPTD,mid_upslope,lipponen_tarvainen,1.0,100.0,True,False,990,991,0.9951016628351869,0.0,0.9133386960507883,990,0,1,0.9989909182643795,1.0,0.999495204442201,234.00000000000574,2.760364004043972,3.35285821958554,0.006066734074812995,3.35454908962852,989,496.8181818181818,496.82103134479274,0.0028495266109302975,0.0028495266109302975,0.0005735552190344606,17.9894720567605,19.0897974570566,1.1003254002961,1.1003254002961,6.11649634199573,4.648624180821078,5.908718597597268,1.26009441677619,1.26009441677619,27.106824896170075,0.0,0.0,0.0,0.0,,4.650954564424282,5.9116889080349075,1.2607343436106255,1.2607343436106255,27.10700193147738,3.2887215114949355,4.18019531513678,0.8914738036418446,0.8914738036418446,27.107001931477388,25.22749532913968,26.67145854710983,1.4439632179701505,1.4439632179701505,5.723767655611308,0.13036258528987663,0.15672916079011187,0.026366575500235245,0.026366575500235245,20.225569661422444,0.745467018693734,0.9290648567347047,0.18359783804097074,0.18359783804097074,24.628566178914973,1.6151323746822592,1.5393332557824133,-0.07579911889984592,0.07579911889984592,-4.693059224619758,99.94805062404777,119.87365928156653,19.925608657518765,19.925608657518765,19.935965267065058,19.90885704317436,38.54597279798683,18.637115754812466,18.637115754812466,93.61218333325718,5.020280692522949,3.109888026689711,-1.9103926658332377,1.9103926658332377,-38.05350303775878
s2_sit,qppg,qppg (slope-sum),mid_upslope,lipponen_tarvainen,1.0,100.0,True,False,991,991,0.9951016628351869,0.0,0.0046300252633715575,991,0,0,1.0,1.0,1.0,234.9999999999298,2.9848484848481824,3.780732653062565,0.0030303030303168105,3.782642346752194,990,496.8181818181818,496.8212121212121,0.0030303030303002743,0.0030303030303002743,0.0006099420555041724,17.9894720567605,19.159047857561863,1.1695758008013613,1.1695758008013613,6.501445940776405,4.648624180821078,6.433685994060867,1.785061813239789,1.785061813239789,38.39978763188589,0.0,0.0,0.0,0.0,,4.650954564424282,6.436918110617743,1.7859635461934609,1.7859635461934609,38.39993535637853,3.2887215114949355,4.551588445960306,1.2628669344653702,1.2628669344653702,38.399935356378535,25.22749532913968,26.70994706537795,1.4824517362382714,1.4824517362382714,5.876333408833999,0.13036258528987663,0.1704079920046034,0.04004540671472678,0.04004540671472678,30.718481553339167,0.745467018693734,0.9543396542121744,0.20887263551844037,0.20887263551844037,28.0190310611519,1.6151323746822592,1.5147124782234598,-0.10041989645879945,0.10041989645879945,-6.217440627958113,99.94805062404777,119.98966602533437,20.041615401286606,20.041615401286606,20.0520323069358,19.90885704317436,39.238917450415855,19.330060407241493,19.330060407241493,97.0927681349176,5.020280692522949,3.0579249842190213,-1.9623557083039276,1.9623557083039276,-39.088565530341754
s2_sit,terma,TERMA,mid_upslope,lipponen_tarvainen,1.0,100.0,True,False,991,991,0.9951016628351869,0.0,0.000490101784990167,991,0,0,1.0,1.0,1.0,234.00000000000574,2.7585858585853176,3.351315134586464,0.005050505050518888,3.353005193791906,990,496.8181818181818,496.82323232323233,0.005050505050519405,0.005050505050519405,0.0010165700925107678,17.9894720567605,19.080269632219164,1.0907975754586623,1.0907975754586623,6.06353300428701,4.648624180821078,5.905730623399828,1.25710644257875,1.25710644257875,27.042548368724216,0.0,0.0,0.0,0.0,,4.650954564424282,5.908696427671396,1.257741863247114,1.257741863247114,27.042660723192927,3.2887215114949355,4.1780793119791735,0.889357800484238,0.889357800484238,27.042660723192935,25.22749532913968,26.658151318858952,1.4306559897192734,1.4306559897192734,5.671018747813449,0.13036258528987663,0.15672802145974193,0.02636543616986531,0.02636543616986531,20.224695691051725,0.745467018693734,0.9305285145369274,0.18506149584319342,0.18506149584319342,24.824907232981648,1.6151323746822592,1.537156854270568,-0.0779755204116912,0.0779755204116912,-4.827809883201129,99.94805062404777,119.87365928156653,19.925608657518765,19.925608657518765,19.935965267065058,19.90885704317436,38.545972797986835,18.637115754812474,18.637115754812474,93.6121833332572,5.020280692522949,3.10988802668971,-1.9103926658332386,1.9103926658332386,-38.053503037758794
s2_sit,heartpy,HeartPy,mid_upslope,lipponen_tarvainen,1.0,100.0,True,False,991,991,0.9951016628351869,0.0,0.029676514788562394,991,0,0,1.0,1.0,1.0,234.00000000000574,2.7585858585853176,3.351315134586464,0.005050505050518888,3.353005193791906,990,496.8181818181818,496.82323232323233,0.005050505050519405,0.005050505050519405,0.0010165700925107678,17.9894720567605,19.080269632219164,1.0907975754586623,1.0907975754586623,6.06353300428701,4.648624180821078,5.905730623399828,1.25710644257875,1.25710644257875,27.042548368724216,0.0,0.0,0.0,0.0,,4.650954564424282,5.908696427671396,1.257741863247114,1.257741863247114,27.042660723192927,3.2887215114949355,4.1780793119791735,0.889357800484238,0.889357800484238,27.042660723192935,25.22749532913968,26.658151318858952,1.4306559897192734,1.4306559897192734,5.671018747813449,0.13036258528987663,0.15672802145974193,0.02636543616986531,0.02636543616986531,20.224695691051725,0.745467018693734,0.9305285145369274,0.18506149584319342,0.18506149584319342,24.824907232981648,1.6151323746822592,1.537156854270568,-0.0779755204116912,0.0779755204116912,-4.827809883201129,99.94805062404777,119.87365928156653,19.925608657518765,19.925608657518765,19.935965267065058,19.90885704317436,38.545972797986835,18.637115754812474,18.637115754812474,93.6121833332572,5.020280692522949,3.10988802668971,-1.9103926658332386,1.9103926658332386,-38.053503037758794
s2_sit,findpeaks,find_peaks baseline,mid_upslope,lipponen_tarvainen,1.0,100.0,True,False,991,991,0.9951016628351869,0.0,0.00015126357617155497,991,0,0,1.0,1.0,1.0,234.00000000000574,2.7585858585853176,3.351315134586464,0.005050505050518888,3.353005193791906,990,496.8181818181818,496.82323232323233,0.005050505050519405,0.005050505050519405,0.0010165700925107678,17.9894720567605,19.080269632219164,1.0907975754586623,1.0907975754586623,6.06353300428701,4.648624180821078,5.905730623399828,1.25710644257875,1.25710644257875,27.042548368724216,0.0,0.0,0.0,0.0,,4.650954564424282,5.908696427671396,1.257741863247114,1.257741863247114,27.042660723192927,3.2887215114949355,4.1780793119791735,0.889357800484238,0.889357800484238,27.042660723192935,25.22749532913968,26.658151318858952,1.4306559897192734,1.4306559897192734,5.671018747813449,0.13036258528987663,0.15672802145974193,0.02636543616986531,0.02636543616986531,20.224695691051725,0.745467018693734,0.9305285145369274,0.18506149584319342,0.18506149584319342,24.824907232981648,1.6151323746822592,1.537156854270568,-0.0779755204116912,0.0779755204116912,-4.827809883201129,99.94805062404777,119.87365928156653,19.925608657518765,19.925608657518765,19.935965267065058,19.90885704317436,38.545972797986835,18.637115754812474,18.637115754812474,93.6121833332572,5.020280692522949,3.10988802668971,-1.9103926658332386,1.9103926658332386,-38.053503037758794
s3_sit,msptdfast,MSPTDfast v2,mid_upslope,none,1.0,100.0,True,False,603,603,0.9953320956006322,0.0,0.030663463999274693,602,1,1,0.9983416252072969,0.9983416252072969,0.9983416252072969,289.24661553110786,4.919892123916876,6.0847888640892185,0.01622562954778323,6.089835758861297,601,815.7774086378738,815.9541181953628,0.17670955748894812,0.17670955748894812,0.02166149192388215,61.9273119712334,64.10188358198448,2.17457161075108,2.17457161075108,3.5114903933844515,38.473190094833306,42.187044715340946,3.7138546205076395,3.7138546205076395,9.653097680107336,19.30116472545757,24.126455906821963,4.825291181364392,4.825291181364392,24.999999999999996,38.504571690160056,42.22119837485794,3.7166266846978857,3.7166266846978857,9.652429624733832,27.22684374879574,29.854895680684493,2.628051931888752,2.628051931888752,9.652429624733834,83.23871043837475,85.59665975616122,2.3579493177864634,2.3579493177864634,2.832755703888705,0.3270935314279401,0.3487857559597768,0.021692224531836668,0.021692224531836668,6.631810918772493,1.4540556028720704,1.5080329362718567,0.05397733339978639,0.05397733339978639,3.712191837311422,1.077286974252094,1.0422754342906169,-0.03501153996147721,0.03501153996147721,-3.249973386690576,901.0824037873131,943.9306667292743,42.84826294196125,42.84826294196125,4.755199165122632,679.6120627362407,836.5816727899504,156.96961005370974,156.96961005370974,23.096942897352616,1.3258775898700104,1.128318605858674,-0.1975589840113363,0.1975589840113363,-14.90024309338429
s3_sit,msptd,MSPTD,mid_upslope,none,1.0,100.0,True,False,603,603,0.9953320956006322,0.0,0.9098594672334182,602,1,1,0.9983416252072969,0.9983416252072969,0.9983416252072969,289.24661553110786,4.9113545549210365,6.077764086512961,0.01622562954778323,6.082805104715499,601,815.7774086378738,815.9541181953628,0.17670955748894812,0.17670955748894812,0.02166149192388215,61.9273119712334,64.1089376761083,2.1816257048748966,2.1816257048748966,3.5228813191315487,38.473190094833306,42.2053475666454,3.7321574718120942,3.7321574718120942,9.700670681616542,19.30116472545757,24.292845257903494,4.991680532445923,4.991680532445923,25.86206896551724,38.504571690160056,42.23951690047228,3.734945210312226,3.734945210312226,9.700004561449779,27.22684374879574,29.86784883436773,2.64100508557199,2.64100508557199,9.700004561449777,83.23871043837475,85.60270665069903,2.363996212324281,2.363996212324281,2.8400202260154552,0.3270935314279401,0.3489124351668363,0.021818903738896167,0.021818903738896167,6.670539659908545,1.4540556028720704,1.510223697624968,0.056168094752897746,0.056168094752897746,3.8628574204420905,1.077286974252094,1.0419999167242415,-0.03528705752785255,0.03528705752785255,-3.2755485187547704,901.0824037873131,943.9993064851375,42.91690269782441,42.91690269782441,4.762816643343786,679.6120627362407,837.2706164748292,157.65855373858858,157.65855373858858,23.198315978063548,1.3258775898700104,1.1274721552509144,-0.198405434619096,0.198405434619096,-14.964083874330187
s3_sit,qppg,qppg (slope-sum),mid_upslope,none,1.0,100.0,True,False,603,603,0.9953320956006322,0.0,0.0031336507560760516,602,1,1,0.9983416252072969,0.9983416252072969,0.9983416252072969,289.277729039109,4.920297472667524,6.0840399309886966,0.01544447057149916,6.089088234082671,601,815.7774086378738,815.9710902133436,0.19368157546978182,0.19368157546978182,0.023741963606613882,61.9273119712334,64.14342304501872,2.2161110737853207,2.2161110737853207,3.578568168459747,38.473190094833306,42.144390367634685,3.6712002728013786,3.6712002728013786,9.542229962610758,19.30116472545757,24.126455906821963,4.825291181364392,4.825291181364392,24.999999999999996,38.504571690160056,42.178367075962804,3.673795385802748,3.673795385802748,9.541192706583452,27.22684374879574,29.82460937878871,2.5977656299929706,2.5977656299929706,9.541192706583448,83.23871043837475,85.66942345590488,2.430713017530124,2.430713017530124,2.9201714018980227,0.3270935314279401,0.3481359880300795,0.02104245660213938,0.02104245660213938,6.433161949206908,1.4540556028720704,1.5058438215850625,0.05178821871299211,0.05178821871299211,3.561639500628402,1.077286974252094,1.042898348762217,-0.03438862548987709,0.03438862548987709,-3.1921508671123937,901.0824037873131,944.1752062440328,43.09280245671971,43.09280245671971,4.782337583732366,679.6120627362407,836.0091692574492,156.39710652120857,156.39710652120857,23.012703142955647,1.3258775898700104,1.1293837926235397,-0.19649379724647065,0.19649379724647065,-14.819904850019752
s3_sit,terma,TERMA,mid_upslope,none,1.0,100.0,True,False,603,603,0.9953320956006322,0.0,0.00047221398401128215,602,1,1,0.9983416252072969,0.9983416252072969,0.9983416252072969,289.24661553110786,4.910689792397963,6.077773248002884,0.01622562954778342,6.082814273869492,601,815.7774086378738,815.9541181953628,0.17670955748894812,0.17670955748894812,0.02166149192388215,61.9273119712334,64.10626404118386,2.178952069950462,2.178952069950462,3.5185639430993443,38.473190094833306,42.19993346483949,3.726743370006183,3.726743370006183,9.686598280049202,19.30116472545757,24.292845257903494,4.991680532445923,4.991680532445923,25.86206896551724,38.504571690160056,42.23409816214282,3.7295264719827657,3.7295264719827657,9.685931587536281,27.22684374879574,29.864017207749495,2.637173458953754,2.637173458953754,9.685931587536281,83.23871043837475,85.60003887178561,2.3613284334108613,2.3613284334108613,2.8368152521524896,0.3270935314279401,0.34887854726889483,0.021785015840954713,0.021785015840954713,6.660179351713665,1.4540556028720704,1.5083051562272605,0.054249553355190105,0.054249553355190105,3.730913264116974,1.077286974252094,1.0421975163280908,-0.03508945792400331,0.03508945792400331,-3.257206182072715,901.0824037873131,943.941382224135,42.858978436821985,42.858978436821985,4.756388345470143,679.6120627362407,836.9243436746516,157.31228093841094,157.31228093841094,23.14736443980163,1.3258775898700104,1.1278694297259988,-0.19800816014401157,0.19800816014401157,-14.934120740620134
s3_sit,heartpy,HeartPy,mid_upslope,none,1.0,100.0,True,False,592,603,0.9953320956006322,0.0,0.01614203998417494,591,1,12,0.9800995024875622,0.9983108108108109,0.9891213389121339,289.268057045471,4.945584605349522,6.102371358854778,-0.10052147830129379,6.106819252039662,579,815.7774086378738,831.1410814781867,15.363672840312915,15.363672840312915,1.8833167819596852,61.9273119712334,149.73231202807767,87.80500005684428,87.80500005684428,141.78719738010207,38.473190094833306,191.1047432441401,152.6315531493068,152.6315531493068,396.72185429147504,19.30116472545757,26.440677966101696,7.139513240644124,7.139513240644124,36.990064289888956,38.504571690160056,191.26667636361952,152.76210467345948,152.76210467345948,396.73757678104033,27.22684374879574,135.24596387172812,108.01912012293238,108.01912012293238,396.73757678104033,83.23871043837475,162.935753556285,79.69704311791024,79.69704311791024,95.74516796114163,0.3270935314279401,0.8300570066410156,0.5029634752130754,0.5029634752130754,153.7674783776273,1.4540556028720704,0.8924493039003615,-0.5616062989717089,0.5616062989717089,-38.623440387177524,1.077286974252094,0.5783175764368612,-0.49896939781523286,0.49896939781523286,-46.31722184904743,901.0824037873131,8369.016231448262,7467.933827660949,7467.933827660949,828.7736833249318,679.6120627362407,9712.124035125209,9032.51197238897,9032.51197238897,1329.0688125844101,1.3258775898700104,0.8617081290540137,-0.46416946081599664,0.46416946081599664,-35.00847019078918
s3_sit,findpeaks,find_peaks baseline,mid_upslope,none,1.0,100.0,True,False,603,603,0.9953320956006322,0.0,0.00013160321597461338,602,1,1,0.9983416252072969,0.9983416252072969,0.9983416252072969,289.24661553110786,4.910689792397963,6.077773248002884,0.01622562954778342,6.082814273869492,601,815.7774086378738,815.9541181953628,0.17670955748894812,0.17670955748894812,0.02166149192388215,61.9273119712334,64.10626404118386,2.178952069950462,2.178952069950462,3.5185639430993443,38.473190094833306,42.19993346483949,3.726743370006183,3.726743370006183,9.686598280049202,19.30116472545757,24.292845257903494,4.991680532445923,4.991680532445923,25.86206896551724,38.504571690160056,42.23409816214282,3.7295264719827657,3.7295264719827657,9.685931587536281,27.22684374879574,29.864017207749495,2.637173458953754,2.637173458953754,9.685931587536281,83.23871043837475,85.60003887178561,2.3613284334108613,2.3613284334108613,2.8368152521524896,0.3270935314279401,0.34887854726889483,0.021785015840954713,0.021785015840954713,6.660179351713665,1.4540556028720704,1.5083051562272605,0.054249553355190105,0.054249553355190105,3.730913264116974,1.077286974252094,1.0421975163280908,-0.03508945792400331,0.03508945792400331,-3.257206182072715,901.0824037873131,943.941382224135,42.858978436821985,42.858978436821985,4.756388345470143,679.6120627362407,836.9243436746516,157.31228093841094,157.31228093841094,23.14736443980163,1.3258775898700104,1.1278694297259988,-0.19800816014401157,0.19800816014401157,-14.934120740620134
s3_sit,msptdfast,MSPTDfast v2,mid_upslope,median_mad,1.0,100.0,True,False,603,603,0.9953320956006322,0.0016611295681063123,0.021918882465026483,602,1,1,0.9983416252072969,0.9983416252072969,0.9983416252072969,289.24661553110786,4.919892123916876,6.0847888640892185,0.01622562954778323,6.089835758861297,601,815.7774086378738,816.016518689296,0.2391100514222444,0.2391100514222444,0.029310697855864026,61.9273119712334,64.13697771535034,2.20966574411694,2.20966574411694,3.56816027335948,38.473190094833306,42.17522441469009,3.7020343198567858,3.7020343198567858,9.622374205860158,19.30116472545757,24.166666666666668,4.8655019412090965,4.8655019412090965,25.208333333333336,38.504571690160056,42.20942327988449,3.7048515897244343,3.7048515897244343,9.621848593815727,27.22684374879574,29.84656943117965,2.6197256823839083,2.6197256823839083,9.621848593815729,83.23871043837475,85.6521226480025,2.413412209627751,2.413412209627751,2.899386832061154,0.3270935314279401,0.3484626943086705,0.021369162880730375,0.021369162880730375,6.533043557126436,1.4540556028720704,1.5044863111144193,0.050430708242348965,0.050430708242348965,3.4682792145456847,1.077286974252094,1.0237287246837186,-0.053558249568375516,0.053558249568375516,-4.971586109222039,901.0824037873131,941.5902981481026,40.50789436078958,40.50789436078958,4.495470579664194,679.6120627362407,830.7944660288133,151.18240329257264,151.18240329257264,22.24539727618798,1.3258775898700104,1.1333613025239466,-0.19251628734606374,0.19251628734606374,-14.51991411702932
s3_sit,msptd,MSPTD,mid_upslope,median_mad,1.0,100.0,True,False,603,603,0.9953320956006322,0.0016611295681063123,0.8971070205448166,602,1,1,0.9983416252072969,0.9983416252072969,0.9983416252072969,289.24661553110786,4.9113545549210365,6.077764086512961,0.01622562954778323,6.082805104715499,601,815.7774086378738,816.016518689296,0.2391100514222444,0.2391100514222444,0.029310697855864026,61.9273119712334,64.14403969982087,2.2167277285874647,2.2167277285874647,3.5795639404099817,38.473190094833306,42.19356290011128,3.720372805277975,3.720372805277975,9.670039828014149,19.30116472545757,24.333333333333336,5.032168607875764,5.032168607875764,26.071839080459778,38.504571690160056,42.227777497296714,3.723205807136658,3.723205807136658,9.669516225493123,27.22684374879574,29.859547822775205,2.6327040739794647,2.6327040739794647,9.669516225493126,83.23871043837475,85.6581756859425,2.419465247567743,2.419465247567743,2.906658734650843,0.3270935314279401,0.3485895839324477,0.02149605250450759,0.02149605250450759,6.571836627482573,1.4540556028720704,1.5066707238285448,0.05261512095647447,0.05261512095647447,3.6185081817055944,1.077286974252094,1.023260561202839,-0.05402641304925515,0.05402641304925515,-5.0150437479078365,901.0824037873131,941.6590713065915,40.57666751927843,40.57666751927843,4.503102862594123,679.6120627362407,831.4834621036201,151.87139936737947,151.87139936737947,22.34677806569793,1.3258775898700104,1.1325048713828072,-0.19337271848720317,0.19337271848720317,-14.584507647207577
s3_sit,qppg,qppg (slope-sum),mid_upslope,median_mad,1.0,100.0,True,False,603,603,0.9953320956006322,0.0016611295681063123,0.0031469841431250073,602,1,1,0.9983416252072969,0.9983416252072969,0.9983416252072969,289.277729039109,4.920297472667524,6.0840399309886966,0.01544447057149916,6.089088234082671,601,815.7774086378738,816.0328329359368,0.2554242980629624,0.2554242980629624,0.03131053831086735,61.9273119712334,64.17894725160485,2.2516352803714526,2.2516352803714526,3.635932529119602,38.473190094833306,42.13406706533522,3.660876970501917,3.660876970501917,9.51539750532293,19.30116472545757,24.166666666666668,4.8655019412090965,4.8655019412090965,25.208333333333336,38.504571690160056,42.168089697272734,3.6635180071126783,3.6635180071126783,9.514501385945556,27.22684374879574,29.81734217462414,2.5904984258284003,2.5904984258284003,9.51450138594555,83.23871043837475,85.725145939158,2.4864355007832444,2.4864355007832444,2.9871143938781475,0.3270935314279401,0.3478249217071792,0.020731390279239093,0.020731390279239093,6.3380618347098965,1.4540556028720704,1.5006882523405949,0.04663264946852452,0.04663264946852452,3.2070747072130583,1.077286974252094,1.0240141479178402,-0.0532728263342539,0.0532728263342539,-4.94509147585661,901.0824037873131,941.865925127062,40.78352133974897,40.78352133974897,4.526059011732218,679.6120627362407,830.3167416154064,150.70467887916573,150.70467887916573,22.17510358371238,1.3258775898700104,1.1343453382556556,-0.19153225161435472,0.19153225161435472,-14.445696426103154
s3_sit,terma,TERMA,mid_upslope,median_mad,1.0,100.0,True,False,603,603,0.9953320956006322,0.0016611295681063123,0.0004696301829774134,602,1,1,0.9983416252072969,0.9983416252072969,0.9983416252072969,289.24661553110786,4.910689792397963,6.077773248002884,0.01622562954778342,6.082814273869492,601,815.7774086378738,816.016518689296,0.2391100514222444,0.2391100514222444,0.029310697855864026,61.9273119712334,64.14136307435817,2.214051103124767,2.214051103124767,3.575241735267377,38.473190094833306,42.1881382593482,3.714948164514894,3.714948164514894,9.655940033456666,19.30116472545757,24.333333333333336,5.032168607875764,5.032168607875764,26.071839080459778,38.504571690160056,42.22234820294952,3.717776512789463,3.717776512789463,9.655415836607139,27.22684374879574,29.855708731925244,2.6288649831295032,2.6288649831295032,9.655415836607133,83.23871043837475,85.65550519486601,2.4167947564912566,2.4167947564912566,2.9034505024924853,0.3270935314279401,0.3485556318184523,0.021462100390512162,0.021462100390512162,6.561456686966108,1.4540556028720704,1.5047588278077533,0.05070322493568291,0.05070322493568291,3.4870210489566706,1.077286974252094,1.0234229764525296,-0.05386399779956452,0.05386399779956452,-4.999967426224528,901.0824037873131,941.6011372772057,40.51873348989261,40.51873348989261,4.49667348064833,679.6120627362407,831.1371870741802,151.5251243379396,151.5251243379396,22.295826199416197,1.3258775898700104,1.1329070000969244,-0.192970589773086,0.192970589773086,-14.55417839832446
s3_sit,heartpy,HeartPy,mid_upslope,median_mad,1.0,100.0,True,False,592,603,0.9953320956006322,0.02030456852791878,0.015971643190967597,591,1,12,0.9800995024875622,0.9983108108108109,0.9891213389121339,289.268057045471,4.945584605349522,6.102371358854778,-0.10052147830129379,6.106819252039662,579,815.7774086378738,812.445551283199,-3.331857354674753,3.331857354674753,-0.4084272645203607,61.9273119712334,62.53382964300274,0.606517671769339,0.606517671769339,0.9794025486704151,38.473190094833306,42.08417063990494,3.6109805450716337,3.6109805450716337,9.38570608824186,19.30116472545757,23.70242214532872,4.401257419871147,4.401257419871147,22.80306645984965,38.504571690160056,42.11955255700362,3.614980866843567,3.614980866843567,9.388445860228552,27.22684374879574,29.78302123360045,2.55617748480471,2.55617748480471,9.388445860228552,83.23871043837475,83.27023085016086,0.03152041178610432,0.03152041178610432,0.0378674917236257,0.3270935314279401,0.3576670909822861,0.030573559554345986,0.030573559554345986,9.347038879330896,1.4540556028720704,1.5476794062554529,0.0936238033833825,0.0936238033833825,6.438804898413478,1.077286974252094,1.0488775027403026,-0.028409471511791518,0.028409471511791518,-2.6371312557190048,901.0824037873131,870.3673476371093,-30.715056150203736,30.715056150203736,-3.4086844911304652,679.6120627362407,743.1099175138114,63.49785477757075,63.49785477757075,9.343250106820786,1.3258775898700104,1.1712498072277884,-0.154627782642222,0.154627782642222,-11.662297019243063
s3_sit,findpeaks,find_peaks baseline,mid_upslope,median_mad,1.0,100.0,True,False,603,603,0.9953320956006322,0.0016611295681063123,0.00012738625776714596,602,1,1,0.9983416252072969,0.9983416252072969,0.9983416252072969,289.24661553110786,4.910689792397963,6.077773248002884,0.01622562954778342,6.082814273869492,601,815.7774086378738,816.016518689296,0.2391100514222444,0.2391100514222444,0.029310697855864026,61.9273119712334,64.14136307435817,2.214051103124767,2.214051103124767,3.575241735267377,38.473190094833306,42.1881382593482,3.714948164514894,3.714948164514894,9.655940033456666,19.30116472545757,24.333333333333336,5.032168607875764,5.032168607875764,26.071839080459778,38.504571690160056,42.22234820294952,3.717776512789463,3.717776512789463,9.655415836607139,27.22684374879574,29.855708731925244,2.6288649831295032,2.6288649831295032,9.655415836607133,83.23871043837475,85.65550519486601,2.4167947564912566,2.4167947564912566,2.9034505024924853,0.3270935314279401,0.3485556318184523,0.021462100390512162,0.021462100390512162,6.561456686966108,1.4540556028720704,1.5047588278077533,0.05070322493568291,0.05070322493568291,3.4870210489566706,1.077286974252094,1.0234229764525296,-0.05386399779956452,0.05386399779956452,-4.999967426224528,901.0824037873131,941.6011372772057,40.51873348989261,40.51873348989261,4.49667348064833,679.6120627362407,831.1371870741802,151.5251243379396,151.5251243379396,22.295826199416197,1.3258775898700104,1.1329070000969244,-0.192970589773086,0.192970589773086,-14.55417839832446
s3_sit,msptdfast,MSPTDfast v2,mid_upslope,lipponen_tarvainen,1.0,100.0,True,False,603,603,0.9953320956006322,0.0,0.02192163689483207,602,1,1,0.9983416252072969,0.9983416252072969,0.9983416252072969,288.9999999999967,4.915141430948457,6.08481375250394,0.016638935108171615,6.089859551014323,601,815.7774086378738,815.953488372093,0.17607973421922907,0.17607973421922907,0.021584286639321663,61.9273119712334,64.09465101688056,2.167339045647161,2.167339045647161,3.4998112733424267,38.473190094833306,42.18635859983039,3.7131685049970855,3.7131685049970855,9.651314320035393,19.30116472545757,24.292845257903494,4.991680532445923,4.991680532445923,25.86206896551724,38.504571690160056,42.220516366081206,3.7159446759211505,3.7159446759211505,9.65065838369206,27.22684374879574,29.854413427653633,2.627569678857892,2.627569678857892,9.650658383692054,83.23871043837475,85.58599521441667,2.347284776041917,2.347284776041917,2.8199437060953922,0.3270935314279401,0.34882358209260805,0.021730050664667933,0.021730050664667933,6.643375235763457,1.4540556028720704,1.5384349900191248,0.0843793871470544,0.0843793871470544,5.803037172745463,1.077286974252094,1.0424029870607228,-0.03488398719137131,0.03488398719137131,-3.2381332017487265,901.0824037873131,944.0210498764415,42.93864608912838,42.93864608912838,4.7652296736296496,679.6120627362407,835.5662188246745,155.95415608843382,155.95415608843382,22.94752619024069,1.3258775898700104,1.1297980083545287,-0.19607958151548166,0.19607958151548166,-14.788663977245848
s3_sit,msptd,MSPTD,mid_upslope,lipponen_tarvainen,1.0,100.0,True,False,603,603,0.9953320956006322,0.0,0.902674855473606,602,1,1,0.9983416252072969,0.9983416252072969,0.9983416252072969,288.9999999999967,4.908485856905447,6.079615978764796,0.016638935108171236,6.084657428134239,601,815.7774086378738,815.9534883720929,0.17607973421911538,0.17607973421911538,0.021584286639307726,61.9273119712334,64.1015300327257,2.1742180614923043,2.1742180614923043,3.5109194833166284,38.473190094833306,42.20260537178231,3.7294152769490054,3.7294152769490054,9.693543134209296,19.30116472545757,24.292845257903494,4.991680532445923,4.991680532445923,25.86206896551724,38.504571690160056,42.236777049768584,3.7322053596085283,3.7322053596085283,9.69288891106482,27.22684374879574,29.86591146735571,2.639067718559968,2.639067718559968,9.692888911064822,83.23871043837475,85.59228725356591,2.353576815191161,2.353576815191161,2.827502736162181,0.3270935314279401,0.3489322744569073,0.021838743028967156,0.021838743028967156,6.676604986234131,1.4540556028720704,1.5414033543889605,0.08734775151689012,0.08734775151689012,6.007180973297007,1.077286974252094,1.0422299504935104,-0.03505702375858366,0.03505702375858366,-3.2541954554794446,901.0824037873131,944.1501524570548,43.06774866974172,43.06774866974172,4.779557173542057,679.6120627362407,836.1316423618754,156.51957962563472,156.51957962563472,23.030724174532555,1.3258775898700104,1.129188401230759,-0.19668918863925144,0.19668918863925144,-14.834641609602507
s3_sit,qppg,qppg (slope-sum),mid_upslope,lipponen_tarvainen,1.0,100.0,True,False,603,603,0.9953320956006322,0.0,0.003148739178626102,602,1,1,0.9983416252072969,0.9983416252072969,0.9983416252072969,289.00000000000205,4.930116472546355,6.097515928571177,0.014975041597395464,6.102576672279824,601,815.7774086378738,815.9717607973423,0.19435215946850803,0.19435215946850803,0.023824165441529356,61.9273119712334,64.15030862275924,2.2229966515258397,2.2229966515258397,3.589686974558932,38.473190094833306,42.163417126229604,3.6902270313962973,3.6902270313962973,9.591684553061977,19.30116472545757,23.960066555740433,4.658901830282861,4.658901830282861,24.137931034482754,38.504571690160056,42.1974018935629,3.692830203402842,3.692830203402842,9.590627921064643,27.22684374879574,29.83806902739239,2.611225278596649,2.611225278596649,9.590627921064648,83.23871043837475,85.675047881557,2.4363374431822535,2.4363374431822535,2.926928385064279,0.3270935314279401,0.3482702346270359,0.02117670319909576,0.02117670319909576,6.474204215120977,1.4540556028720704,1.5406357532582067,0.08658015038613631,0.08658015038613631,5.954390617189743,1.077286974252094,1.0429044581226448,-0.034382516129449314,0.034382516129449314,-3.19158376098619,901.0824037873131,944.5542615470277,43.47185775971468,43.47185775971468,4.824404247269659,679.6120627362407,835.7334019254503,156.1213391892096,156.1213391892096,22.97212597443267,1.3258775898700104,1.1302100159822075,-0.19566757388780287,0.19566757388780287,-14.757589643474269
s3_sit,terma,TERMA,mid_upslope,lipponen_tarvainen,1.0,100.0,True,False,603,603,0.9953320956006322,0.0,0.00047155584636345276,602,1,1,0.9983416252072969,0.9983416252072969,0.9983416252072969,288.9999999999967,4.908485856905447,6.080163322090595,0.016638935108171236,6.085205229441,601,815.7774086378738,815.9534883720929,0.17607973421911538,0.17607973421911538,0.021584286639307726,61.9273119712334,64.09981683743722,2.172504866203816,2.172504866203816,3.508153021744255,38.473190094833306,42.19897799426413,3.725787899430827,3.725787899430827,9.68411480890215,19.30116472545757,24.292845257903494,4.991680532445923,4.991680532445923,25.86206896551724,38.504571690160056,42.23314656623611,3.7285748760760526,3.7285748760760526,9.683460203321518,27.22684374879574,29.86334432783091,2.636500579035168,2.636500579035168,9.683460203321518,83.23871043837475,85.59061690830022,2.351906469925467,2.351906469925467,2.8254960432942866,0.3270935314279401,0.3489090908157117,0.021815559387771577,0.021815559387771577,6.669517215010296,1.4540556028720704,1.539296935195317,0.0852413323232466,0.0852413323232466,5.862315867073911,1.077286974252094,1.042341015386681,-0.034945958865413074,0.034945958865413074,-3.243885770518509,901.0824037873131,944.1158607267859,43.033456939472785,43.033456939472785,4.7757515581926935,679.6120627362407,835.9173121474191,156.30524941117847,156.30524941117847,22.999187033535772,1.3258775898700104,1.1294369036351353,-0.1964406862348751,0.1964406862348751,-14.81589912490596
s3_sit,heartpy,HeartPy,mid_upslope,lipponen_tarvainen,1.0,100.0,True,False,592,603,0.9953320956006322,0.018612521150592216,0.018006118246009947,602,1,1,0.9983416252072969,0.9983416252072969,0.9983416252072969,289.00000000001546,5.178036605657561,6.557057901183251,0.016638935108171236,6.562498712463391,601,815.7774086378738,815.953488372093,0.17607973421922907,0.17607973421922907,0.021584286639321663,61.9273119712334,64.0559070713968,2.128595100163402,2.128595100163402,3.4372476899242472,38.473190094833306,42.28323403193848,3.8100439371051706,3.8100439371051706,9.903114162651239,19.30116472545757,23.960066555740433,4.658901830282861,4.658901830282861,24.137931034482754,38.504571690160056,42.31747474608102,3.8129030559209625,3.8129030559209625,9.902468430509408,27.22684374879574,29.922973355644363,2.696129606848622,2.696129606848622,9.902468430509405,83.23871043837475,85.50400064930437,2.2652902109296207,2.2652902109296207,2.7214383776484787,0.3270935314279401,0.3499599215055887,0.02286639007764857,0.02286639007764857,6.990780275545166,1.4540556028720704,1.5473641719111353,0.09330856903906493,0.09330856903906493,6.417125236116183,1.077286974252094,1.0440624345510592,-0.033224539701034894,0.033224539701034894,-3.0840936997405928,901.0824037873131,940.0851825128398,39.002778725526696,39.002778725526696,4.3284363962269445,679.6120627362407,819.6247275776615,140.01266484142081,140.01266484142081,20.601851043918288,1.3258775898700104,1.1469702546568965,-0.17890733521311386,0.17890733521311386,-13.493503214776714
s3_sit,findpeaks,find_peaks baseline,mid_upslope,lipponen_tarvainen,1.0,100.0,True,False,603,603,0.9953320956006322,0.0,0.00012621623469093274,602,1,1,0.9983416252072969,0.9983416252072969,0.9983416252072969,288.9999999999967,4.908485856905447,6.080163322090595,0.016638935108171236,6.085205229441,601,815.7774086378738,815.9534883720929,0.17607973421911538,0.17607973421911538,0.021584286639307726,61.9273119712334,64.09981683743722,2.172504866203816,2.172504866203816,3.508153021744255,38.473190094833306,42.19897799426413,3.725787899430827,3.725787899430827,9.68411480890215,19.30116472545757,24.292845257903494,4.991680532445923,4.991680532445923,25.86206896551724,38.504571690160056,42.23314656623611,3.7285748760760526,3.7285748760760526,9.683460203321518,27.22684374879574,29.86334432783091,2.636500579035168,2.636500579035168,9.683460203321518,83.23871043837475,85.59061690830022,2.351906469925467,2.351906469925467,2.8254960432942866,0.3270935314279401,0.3489090908157117,0.021815559387771577,0.021815559387771577,6.669517215010296,1.4540556028720704,1.539296935195317,0.0852413323232466,0.0852413323232466,5.862315867073911,1.077286974252094,1.042341015386681,-0.034945958865413074,0.034945958865413074,-3.243885770518509,901.0824037873131,944.1158607267859,43.033456939472785,43.033456939472785,4.7757515581926935,679.6120627362407,835.9173121474191,156.30524941117847,156.30524941117847,22.999187033535772,1.3258775898700104,1.1294369036351353,-0.1964406862348751,0.1964406862348751,-14.81589912490596
s4_sit,msptdfast,MSPTDfast v2,mid_upslope,none,1.0,100.0,True,False,679,681,0.9920795607314664,0.0,0.021748469363344486,679,0,2,0.9970631424375918,1.0,0.9985294117647059,265.69425089327103,5.127860668814889,7.385192105144843,0.019915647783454143,7.390625633540537,677,724.3264705882353,725.3999897505577,1.0735191623223272,1.0735191623223272,0.14820929593398785,47.66481403611934,53.00843335796926,5.343619321849921,5.343619321849921,11.21082590986434,25.291933202608096,44.07737582397567,18.785442621367576,18.785442621367576,74.27444343965936,4.860088365243005,6.794682422451995,1.9345940572089901,1.9345940572089901,39.80573832863346,25.31055348154773,44.10975538026389,18.799201898716163,18.799201898716163,74.27416359117328,17.89726400238718,31.1903071458644,13.29304314347722,13.29304314347722,74.27416359117329,64.98889855524969,68.16856133350018,3.1796627782504885,3.1796627782504885,4.892624508087837,0.2753895572975743,0.4575468006911934,0.1821572433936191,0.1821572433936191,66.1452980211547,1.4191767991993267,1.3737545265479403,-0.04542227265138643,0.04542227265138643,-3.200607047480824,1.2617883725140517,1.2082276060368893,-0.05356076647716246,0.05356076647716246,-4.244829611993115,966.4383586160568,995.8542059740021,29.415847357945268,29.415847357945268,3.0437375643976785,276.63397826643387,307.8909629748853,31.256984708451455,31.256984708451455,11.299040307458899,3.4935634612652433,3.234437920333615,-0.25912554093162843,0.25912554093162843,-7.417227246754591
s4_sit,msptd,MSPTD,mid_upslope,none,1.0,100.0,True,False,680,681,0.9920795607314664,0.0,0.8931273182265,680,0,1,0.9985315712187959,1.0,0.9992652461425422,265.72273315080486,5.172904840358727,7.4542884946351196,0.019430119113557284,7.459758390329544,679,724.3264705882353,724.3316539777292,0.005183389493822688,0.005183389493822688,0.0007156150857793705,47.66481403611934,48.62608397397147,0.9612699378521299,0.9612699378521299,2.0167286022005686,25.291933202608096,27.466660000686733,2.1747267980786376,2.1747267980786376,8.598499690226845,4.860088365243005,6.637168141592921,1.7770797763499164,1.7770797763499164,36.564762670957364,25.31055348154773,27.486602068723506,2.176048587175778,2.176048587175778,8.597396294641257,17.89726400238718,19.43596271457058,1.5386987121834004,1.5386987121834004,8.597396294641266,64.98889855524969,65.96389496266326,0.9749964074135704,0.9749964074135704,1.500250702948422,0.2753895572975743,0.294645468184856,0.01925591088728168,0.01925591088728168,6.992244395990134,1.4191767991993267,1.4575280560581692,0.03835125685884244,0.03835125685884244,2.7023593452542003,1.2617883725140517,1.2327112730666645,-0.029077099447387234,0.029077099447387234,-2.3044355203125333,966.4383586160568,992.1148665121492,25.676507896092403,25.676507896092403,2.6568179612470324,276.63397826643387,301.44147305076746,24.807494784333585,24.807494784333585,8.967623912215439,3.4935634612652433,3.2912354642888224,-0.2023279969764209,0.2023279969764209,-5.791450455093349
s4_sit,qppg,qppg (slope-sum),mid_upslope,none,1.0,100.0,True,False,614,681,0.9920795607314664,0.02936378466557912,0.0034196982452106865,612,2,69,0.8986784140969163,0.996742671009772,0.9451737451737452,265.5365304094156,4.696428443791915,6.494726676846971,-0.6852463572656634,6.4639842801530705,587,724.3264705882353,731.8600790327883,7.5336084445530105,7.5336084445530105,1.0400846511152444,47.66481403611934,92.74690870625805,45.082094670138716,45.082094670138716,94.5814970262477,25.291933202608096,111.22890317416787,85.93696997155978,85.93696997155978,339.7801555268143,4.860088365243005,9.25925925925926,4.399170894016255,4.399170894016255,90.51627384960716,25.31055348154773,111.31971422181279,86.00916074026506,86.00916074026506,339.8154086316947,17.89726400238718,78.71492480599238,60.81766080360521,60.81766080360521,339.81540863169477,64.98889855524969,104.91872455344135,39.92982599819166,39.92982599819166,61.440995132800566,0.2753895572975743,0.7502466803806616,0.47485712308308725,0.47485712308308725,172.43105647974036,1.4191767991993267,0.9282874481617865,-0.49088935103754017,0.49088935103754017,-34.58972492465286,1.2617883725140517,0.6970371937832712,-0.5647511787307805,0.5647511787307805,-44.757995162496336,966.4383586160568,2918.1659352012925,1951.7275765852357,1951.7275765852357,201.95054958084617,276.63397826643387,3840.6714678100548,3564.0374895436207,3564.0374895436207,1288.3585421711996,3.4935634612652433,0.7598061848453876,-2.7337572764198557,2.7337572764198557,-78.25125568006104
s4_sit,terma,TERMA,mid_upslope,none,1.0,100.0,True,False,680,681,0.9920795607314664,0.0014727540500736377,0.0004191515897040338,679,1,2,0.9970631424375918,0.9985294117647059,0.9977957384276267,265.7512154083387,5.13040074222936,7.4003406463315775,0.01520694302257115,7.405796612371459,677,724.3264705882353,724.4796857526618,0.15321516442645589,0.15321516442645589,0.021152777186512012,47.66481403611934,49.0795916661585,1.4147776300391612,1.4147776300391612,2.9681803205338726,25.291933202608096,28.70762304009961,3.415689837491513,3.415689837491513,13.505056375600772,4.860088365243005,7.0901033973412115,2.2300150320982066,2.2300150320982066,45.884248690747945,25.31055348154773,28.72775987254221,3.417206390994483,3.417206390994483,13.50111285984222,17.89726400238718,20.313593814173387,2.416329811786209,2.416329811786209,13.501112859842229,64.98889855524969,66.36995210625427,1.3810535510045838,1.3810535510045838,2.12506071299315,0.2753895572975743,0.3060661213323245,0.03067656403475022,0.03067656403475022,11.139334525165898,1.4191767991993267,1.4511512093289698,0.03197441012964308,0.03197441012964308,2.2530251444134692,1.2617883725140517,1.2466587410227987,-0.015129631491253015,0.015129631491253015,-1.1990625227515739,966.4383586160568,989.5357855033969,23.097426887340134,23.097426887340134,2.3899534493245627,276.63397826643387,301.76169816624656,25.12771989981269,25.12771989981269,9.083381606727821,3.4935634612652433,3.2791961057902115,-0.21436735547503183,0.21436735547503183,-6.136065878058951
s4_sit,heartpy,HeartPy,mid_upslope,none,1.0,100.0,True,False,672,681,0.9920795607314664,0.005961251862891207,0.03522985876023755,670,2,11,0.9838472834067548,0.9970238095238095,0.9903917220990393,265.7648651593997,5.002393861359425,6.986578975530208,-0.039024404564676665,6.991728903656454,665,724.3264705882353,726.9707454892458,2.6442749010104762,2.6442749010104762,0.36506672175918475,47.66481403611934,70.95903569529406,23.294221659174724,23.294221659174724,48.870895922352446,25.291933202608096,78.32331883156155,53.03138562895346,53.03138562895346,209.6770745206811,4.860088365243005,7.3573573573573565,2.4972689921143516,2.4972689921143516,51.383201383201346,25.31055348154773,78.37994025506946,53.06938677352173,53.06938677352173,209.6729603807801,17.89726400238718,55.42298726335607,37.52572326096889,37.52572326096889,209.6729603807801,64.98889855524969,83.65800605093277,18.66910749568308,18.66910749568308,28.726610099125953,0.2753895572975743,0.6624947196280698,0.3871051623304955,0.3871051623304955,140.56639116210425,1.4191767991993267,1.1273205689151515,-0.2918562302841752,0.2918562302841752,-20.565177675454887,1.2617883725140517,1.2975948647622466,0.03580649224819488,0.03580649224819488,2.8377573472841715,966.4383586160568,2227.8313721659297,1261.3930135498729,1261.3930135498729,130.51975868964806,276.63397826643387,2131.4879458108426,1854.8539675444088,1854.8539675444088,670.5083660250684,3.4935634612652433,1.04520008032156,-2.4483633809436833,2.4483633809436833,-70.08212125212043
s4_sit,findpeaks,find_peaks baseline,mid_upslope,none,1.0,100.0,True,False,682,681,0.9920795607314664,0.0,0.0001599880143043509,681,1,0,1.0,0.998533724340176,0.9992663242846662,265.7512154083387,5.16814658404004,7.4489901044693205,0.016062956417623047,7.454456019717209,680,724.3264705882353,724.6018423645263,0.2753717762909673,0.2753717762909673,0.038017632583182304,47.66481403611934,49.02455389336805,1.3597398572487123,1.3597398572487123,2.8527119736968483,25.291933202608096,28.52636025846459,3.234427055856493,3.234427055856493,12.788374182179792,4.860088365243005,6.911764705882353,2.0516763406393483,2.0516763406393483,42.214795008912645,25.31055348154773,28.546272648175492,3.2357191666277636,3.2357191666277636,12.784071154298205,17.89726400238718,20.185262967124956,2.2879989647377776,2.2879989647377776,12.784071154298216,64.98889855524969,66.32773875111009,1.3388401958603993,1.3388401958603993,2.060105995983602,0.2753895572975743,0.30432611373755186,0.028936556439977557,0.028936556439977557,10.50749953045966,1.4191767991993267,1.4454211952967357,0.02624439609740903,0.02624439609740903,1.8492689643894709,1.2617883725140517,1.2759904874164294,0.01420211490237766,0.01420211490237766,1.125554428281871,966.4383586160568,992.1399639873263,25.701605371269466,25.701605371269466,2.6594148651212746,276.63397826643387,301.3806912397886,24.746712973354704,24.746712973354704,8.945651986944446,3.4935634612652433,3.2919825085872754,-0.20158095267796794,0.20158095267796794,-5.770067007884339
s4_sit,msptdfast,MSPTDfast v2,mid_upslope,median_mad,1.0,100.0,True,False,679,681,0.9920795607314664,0.004424778761061947,0.021778353228806547,679,0,2,0.9970631424375918,1.0,0.9985294117647059,265.69425089327103,5.127860668814889,7.385192105144843,0.019915647783454143,7.390625633540537,677,724.3264705882353,724.4266807211064,0.10021013287109781,0.10021013287109781,0.013834940036046978,47.66481403611934,48.42423847543133,0.7594244393119922,0.7594244393119922,1.5932600486734665,25.291933202608096,27.379764071267847,2.0878308686597506,2.0878308686597506,8.254927972229716,4.860088365243005,6.528189910979229,1.6681015457362243,1.6681015457362243,34.32245301681503,25.31055348154773,27.399757002637852,2.0892035210901234,2.0892035210901234,8.254278289936352,17.89726400238718,19.374553979428818,1.4772899770416394,1.4772899770416394,8.254278289936355,64.98889855524969,65.68439998925992,0.6955014340102252,0.6955014340102252,1.0701849846231066,0.2753895572975743,0.29496431394055145,0.019574756642977142,0.019574756642977142,7.108024296587793,1.4191767991993267,1.4576292787085254,0.03845247950919872,0.03845247950919872,2.7094918357524516,1.2617883725140517,1.202033614896128,-0.059754757617923815,0.059754757617923815,-4.73571946925342,966.4383586160568,976.3640367558141,9.925678139757338,9.925678139757338,1.0270368566465993,276.63397826643387,293.0698350736917,16.435856807257835,16.435856807257835,5.9413731134025785,3.4935634612652433,3.3315064189745414,-0.16205704229070195,0.16205704229070195,-4.638731887584223
s4_sit,msptd,MSPTD,mid_upslope,median_mad,1.0,100.0,True,False,680,681,0.9920795607314664,0.0029455081001472753,0.8853620442506617,680,0,1,0.9985315712187959,1.0,0.9992652461425422,265.72273315080486,5.172904840358727,7.4542884946351196,0.019430119113557284,7.459758390329544,679,724.3264705882353,724.1857010990776,-0.14076948915771936,0.14076948915771936,-0.01943453606540136,47.66481403611934,48.584413426111986,0.9195993899926478,0.9195993899926478,1.929304474566492,25.291933202608096,27.240991080178038,1.9490578775699419,1.9490578775699419,7.706243180212716,4.860088365243005,6.508875739644971,1.6487873744019659,1.6487873744019659,33.925049309664686,25.31055348154773,27.260821316808624,1.9502678352608953,1.9502678352608953,7.705354356168893,17.89726400238718,19.276311613830167,1.3790476114429886,1.3790476114429886,7.705354356168898,64.98889855524969,65.949331054115,0.9604324988653161,0.9604324988653161,1.4778408623879256,0.2753895572975743,0.29228972160480154,0.01690016430722724,0.01690016430722724,6.1368210447303335,1.4191767991993267,1.4541007582734704,0.034923959074143696,0.034923959074143696,2.460860344803209,1.2617883725140517,1.2068208072627407,-0.05496756525131108,0.05496756525131108,-4.356322062295668,966.4383586160568,976.348765848249,9.910407232192142,9.910407232192142,1.0254567343936845,276.63397826643387,293.05991207904435,16.42593381261048,16.42593381261048,5.937786065018451,3.4935634612652433,3.331567115139608,-0.16199634612563552,0.16199634612563552,-4.636994516394623
s4_sit,qppg,qppg (slope-sum),mid_upslope,median_mad,1.0,100.0,True,False,614,681,0.9920795607314664,0.04241435562805873,0.003501150002414988,612,2,69,0.8986784140969163,0.996742671009772,0.9451737451737452,265.5365304094156,4.696428443791915,6.494726676846971,-0.6852463572656634,6.4639842801530705,587,724.3264705882353,723.9336845257268,-0.39278606250854864,0.39278606250854864,-0.05422776585668086,47.66481403611934,50.98256301076703,3.3177489746476923,3.3177489746476923,6.960583066858449,25.291933202608096,32.53017197436337,7.238238771755274,7.238238771755274,28.618764385352993,4.860088365243005,7.337883959044368,2.477795593801363,2.477795593801363,50.98252146033713,25.31055348154773,32.54765292475663,7.237099443208905,7.237099443208905,28.59320894932227,17.89726400238718,23.014666094801584,5.117402092414405,5.117402092414405,28.59320894932228,64.98889855524969,68.32838800117014,3.3394894459204494,3.3394894459204494,5.138553691722309,0.2753895572975743,0.33682436785143316,0.061434810553858854,0.061434810553858854,22.30832975539265,1.4191767991993267,1.4228519568536881,0.0036751576543614384,0.0036751576543614384,0.2589640456661139,1.2617883725140517,1.2580579494743733,-0.00373042303967841,0.00373042303967841,-0.2956456978792509,966.4383586160568,962.965819529996,-3.472539086060806,3.472539086060806,-0.35931304413801357,276.63397826643387,243.47685735134215,-33.157120915091724,33.157120915091724,-11.985917681868125,3.4935634612652433,3.955060986106028,0.46149752484078466,0.46149752484078466,13.209936786825873
s4_sit,terma,TERMA,mid_upslope,median_mad,1.0,100.0,True,False,680,681,0.9920795607314664,0.004418262150220913,0.0004267561836879872,679,1,2,0.9970631424375918,0.9985294117647059,0.9977957384276267,265.7512154083387,5.13040074222936,7.4003406463315775,0.01520694302257115,7.405796612371459,677,724.3264705882353,724.3339549312161,0.007484342980774272,0.007484342980774272,0.001033283096045922,47.66481403611934,49.04002612956364,1.3752120934443042,1.3752120934443042,2.8851724720927243,25.291933202608096,28.495088396394294,3.2031551937861984,3.2031551937861984,12.66473056103078,4.860088365243005,6.962962962962963,2.102874597719958,2.102874597719958,43.26823793490458,25.31055348154773,28.515115947950544,3.204562466402816,3.204562466402816,12.660973489730493,17.89726400238718,20.1632318531165,2.2659678507293215,2.2659678507293215,12.660973489730507,64.98889855524969,66.35730861641419,1.3684100611644965,1.3684100611644965,2.105605867440815,0.2753895572975743,0.3038584938649683,0.02846893656739402,0.02846893656739402,10.337696478676456,1.4191767991993267,1.4479310822084406,0.028754283009113868,0.028754283009113868,2.0261240900595685,1.2617883725140517,1.2488393544139267,-0.012949018100125054,0.012949018100125054,-1.0262432577599971,966.4383586160568,973.5984471620144,7.160088545957592,7.160088545957592,0.7408737952217527,276.63397826643387,293.4377002151628,16.803721948728935,16.803721948728935,6.07435212913173,3.4935634612652433,3.317905117331974,-0.1756583439332693,0.1756583439332693,-5.0280564781740695
s4_sit,heartpy,HeartPy,mid_upslope,median_mad,1.0,100.0,True,False,672,681,0.9920795607314664,0.00894187779433681,0.03312215941247739,670,2,11,0.9838472834067548,0.9970238095238095,0.9903917220990393,265.7648651593997,5.002393861359425,6.986578975530208,-0.039024404564676665,6.991728903656454,665,724.3264705882353,724.9495754390108,0.6231048507754622,0.6231048507754622,0.0860254147925079,47.66481403611934,51.37590042917451,3.7110863930551687,3.7110863930551687,7.785798535252838,25.291933202608096,30.631951479582924,5.340018276974828,5.340018276974828,21.113523565783286,4.860088365243005,6.927710843373494,2.067622478130489,2.067622478130489,42.542898868200055,25.31055348154773,30.6492654084714,5.338711926923672,5.338711926923672,21.09282964047301,17.89726400238718,21.67230340871641,3.775039406329231,3.775039406329231,21.09282964047302,64.98889855524969,69.34895496528729,4.3600564100376005,4.3600564100376005,6.708924919432109,0.2753895572975743,0.31251088671147975,0.037121329413905446,0.037121329413905446,13.479570459454171,1.4191767991993267,1.3893972769002951,-0.02977952229903158,0.02977952229903158,-2.0983659200060654,1.2617883725140517,1.2076371575049203,-0.05415121500913145,0.05415121500913145,-4.291624189026072,966.4383586160568,974.1230810717504,7.684722455693645,7.684722455693645,0.7951590897838736,276.63397826643387,298.76963758278885,22.135659316354975,22.135659316354975,8.001786134541835,3.4935634612652433,3.2604487154482746,-0.23311474581696867,0.23311474581696867,-6.672692464345356
s4_sit,findpeaks,find_peaks baseline,mid_upslope,median_mad,1.0,100.0,True,False,682,681,0.9920795607314664,0.002936857562408223,0.00015520173638073983,681,1,0,1.0,0.998533724340176,0.9992663242846662,265.7512154083387,5.16814658404004,7.4489901044693205,0.016062956417623047,7.454456019717209,680,724.3264705882353,724.457115233343,0.13064464510762264,0.13064464510762264,0.018036707260128758,47.66481403611934,48.98532057842721,1.320506542307875,1.320506542307875,2.770401120850329,25.291933202608096,28.312874514647532,3.0209413120394366,3.0209413120394366,11.944287879614985,4.860088365243005,6.784660766961652,1.9245724017186472,1.9245724017186472,39.599535174756404,25.31055348154773,28.332676646046195,3.022123164498467,3.022123164498467,11.94017020094681,17.89726400238718,20.034227785584992,2.136963783197814,2.136963783197814,11.940170200946808,64.98889855524969,66.31555610396299,1.3266575487132997,1.3266575487132997,2.041360260299618,0.2753895572975743,0.30210449798803324,0.026714940690458933,0.026714940690458933,9.700782031321507,1.4191767991993267,1.4438277903666525,0.02465099116732583,0.02465099116732583,1.7369922606706554,1.2617883725140517,1.2476707132927787,-0.01411765922127306,0.01411765922127306,-1.11886109658344,966.4383586160568,976.3115722505345,9.873213634477679,9.873213634477679,1.0216082118901155,276.63397826643387,292.96417956222183,16.33020129578796,16.33020129578796,5.903179861752156,3.4935634612652433,3.332528822156493,-0.16103463910875027,0.16103463910875027,-4.609466548818017
s4_sit,msptdfast,MSPTDfast v2,mid_upslope,lipponen_tarvainen,1.0,100.0,True,False,679,681,0.9920795607314664,0.0014749262536873156,0.023527033155299828,680,0,1,0.9985315712187959,1.0,0.9992652461425422,266.00000000000057,5.123711340205976,7.125531269756633,0.019145802650952937,7.130758409415537,679,724.3264705882353,724.3313696612665,0.0048990730311970765,0.0048990730311970765,0.000676362556130038,47.66481403611934,48.53190480915013,0.8670907730307889,0.8670907730307889,1.8191422552781318,25.291933202608096,27.187646856483433,1.8957136538753367,1.8957136538753367,7.4953291972155425,4.860088365243005,6.1946902654867255,1.3346019002437206,1.3346019002437206,27.460445159560187,25.31055348154773,27.207380076217067,1.8968265946693386,1.8968265946693386,7.494212230689427,17.89726400238718,19.238522950212854,1.3412589478256756,1.3412589478256756,7.494212230689426,64.98889855524969,65.88300845819772,0.8941099029480313,0.8941099029480313,1.3757886697955226,0.2753895572975743,0.29201038933156115,0.016620832033986843,0.016620832033986843,6.035389357929457,1.4191767991993267,1.4936606359180185,0.07448383671869174,0.07448383671869174,5.2483832007903555,1.2617883725140517,1.2363078467778856,-0.025480525736166104,0.025480525736166104,-2.019397728748871,966.4383586160568,990.8793472145431,24.440988598486342,24.440988598486342,2.528975426170576,276.63397826643387,301.2995554814973,24.665577215063422,24.665577215063422,8.916322343926717,3.4935634612652433,3.2886850617188936,-0.20487839954634968,0.20487839954634968,-5.864453353085794
s4_sit,msptd,MSPTD,mid_upslope,lipponen_tarvainen,1.0,100.0,True,False,680,681,0.9920795607314664,0.0,0.8950690892303497,680,0,1,0.9985315712187959,1.0,0.9992652461425422,266.00000000000057,5.141384388806777,7.16962583470784,0.019145802650952937,7.174885638811781,679,724.3264705882353,724.3313696612665,0.0048990730311970765,0.0048990730311970765,0.000676362556130038,47.66481403611934,48.56514102777295,0.9003269916536141,0.9003269916536141,1.8888712981684272,25.291933202608096,27.176197723629258,1.8842645210211622,1.8842645210211622,7.450061274188632,4.860088365243005,6.1946902654867255,1.3346019002437206,1.3346019002437206,27.460445159560187,25.31055348154773,27.195922347931347,1.8853688663836188,1.8853688663836188,7.448943650158097,17.89726400238718,19.23042111284503,1.3331571104578508,1.3331571104578508,7.448943650158097,64.98889855524969,65.93433665335229,0.9454380981025992,0.9454380981025992,1.4547686129790982,0.2753895572975743,0.2916601893479018,0.01627063205032747,0.01627063205032747,5.908224048142143,1.4191767991993267,1.4931662664641052,0.07398946726477851,0.07398946726477851,5.213548256039839,1.2617883725140517,1.2364610165607304,-0.025327355953321362,0.025327355953321362,-2.0072586263303283,966.4383586160568,990.8950725743412,24.456713958284354,24.456713958284354,2.5306025718294602,276.63397826643387,301.3468351169008,24.71285685046695,24.71285685046695,8.933413388092664,3.4935634612652433,3.288221268990416,-0.20534219227482753,0.20534219227482753,-5.8777289879388634
s4_sit,qppg,qppg (slope-sum),mid_upslope,lipponen_tarvainen,1.0,100.0,True,False,614,681,0.9920795607314664,0.022838499184339316,0.0033934101628569843,608,12,73,0.8928046989720999,0.9806451612903225,0.9346656418139893,264.9999999999994,4.777586206895593,6.9791561588521915,-0.36379310344820803,6.975684347503395,580,724.3264705882353,767.3011456628478,42.97467507461249,42.97467507461249,5.93305323215817,47.66481403611934,202.0151292386494,154.35031520253006,154.35031520253006,323.8244359572384,25.291933202608096,213.71410349527048,188.42217029266237,188.42217029266237,744.9891978729105,4.860088365243005,11.311475409836065,6.45138704459306,6.45138704459306,132.74217585692992,25.31055348154773,213.88804483334448,188.57749135179677,188.57749135179677,745.0547910351953,17.89726400238718,151.2416869163902,133.34442291400302,133.34442291400302,745.0547910351953,64.98889855524969,242.37610653961136,177.38720798436168,177.38720798436168,272.95001442986086,0.2753895572975743,0.6239958594750051,0.3486063021774308,0.3486063021774308,126.58660901972458,1.4191767991993267,0.44047600363661943,-0.9787007955627073,0.9787007955627073,-68.9625701403005,1.2617883725140517,0.8187837490934254,-0.4430046234206263,0.4430046234206263,-35.10926499805678,966.4383586160568,24657.10988630022,23690.67152768416,23690.67152768416,2451.338082400753,276.63397826643387,9650.829593459965,9374.19561519353,9374.19561519353,3388.6638488656595,3.4935634612652433,2.554921278789286,-0.9386421824759572,0.9386421824759572,-26.867758175373595
s4_sit,terma,TERMA,mid_upslope,lipponen_tarvainen,1.0,100.0,True,False,680,681,0.9920795607314664,0.0014727540500736377,0.00042288099910501654,679,2,2,0.9970631424375918,0.9970631424375918,0.9970631424375918,265.999999999996,5.180206794682075,7.420379936682173,-0.12555391432785717,7.424803298380147,677,724.3264705882353,725.6676470588235,1.3411764705881524,1.3411764705881524,0.185161874520334,47.66481403611934,52.80900211443963,5.1441880783202905,5.1441880783202905,10.792422423849466,25.291933202608096,34.84717318011468,9.555239977506584,9.555239977506584,37.77979287293567,4.860088365243005,6.774668630338733,1.9145802650957284,1.9145802650957284,39.39393939393938,25.31055348154773,34.87197268389715,9.56141920234942,9.56141920234942,37.77641294695521,17.89726400238718,24.658208358135724,6.760944355748546,6.760944355748546,37.77641294695521,64.98889855524969,70.4950648571412,5.506166301891511,5.506166301891511,8.472472105694324,0.2753895572975743,0.3497863064330216,0.0743967491354473,0.0743967491354473,27.015094495779056,1.4191767991993267,1.3960189110118855,-0.023157888187441245,0.023157888187441245,-1.6317831718011806,1.2617883725140517,1.1497101406475077,-0.11207823186654409,0.11207823186654409,-8.882490464168225,966.4383586160568,1155.4043985760343,188.96603995997748,188.96603995997748,19.55282903201168,276.63397826643387,518.1847436671235,241.5507654006896,241.5507654006896,87.31782224092709,3.4935634612652433,2.229715198481903,-1.2638482627833403,1.2638482627833403,-36.17647931105908
s4_sit,heartpy,HeartPy,mid_upslope,lipponen_tarvainen,1.0,100.0,True,False,672,681,0.9920795607314664,0.0014903129657228018,0.03898578694165811,670,2,11,0.9838472834067548,0.9970238095238095,0.9903917220990393,266.0,4.999999999999583,6.8724053004903665,-0.11951588502278215,6.876569599897499,661,724.3264705882353,733.6492537313433,9.322783143107927,9.322783143107927,1.287096843987597,47.66481403611934,93.22294808023207,45.558134044112734,45.558134044112734,95.58021984432749,25.291933202608096,96.2947642104694,71.0028310078613,71.0028310078613,280.73311138011195,4.860088365243005,7.623318385650224,2.763230020407219,2.763230020407219,56.8555510259546,25.31055348154773,96.36501183628546,71.05445835473773,71.05445835473773,280.7305593160533,17.89726400238718,68.14035333855936,50.24308933617219,50.24308933617219,280.7305593160533,64.98889855524969,112.86243105850401,47.873532503254324,47.873532503254324,73.66416967746437,0.2753895572975743,0.603746992683843,0.3283574353862687,0.3283574353862687,119.23380051461413,1.4191767991993267,0.9089263352054313,-0.5102504639938954,0.5102504639938954,-35.95397446475797,1.2617883725140517,0.9190472584271853,-0.34274111408686647,0.34274111408686647,-27.16312192701313,966.4383586160568,3385.6531806588996,2419.2148220428426,2419.2148220428426,250.32272368691645,276.63397826643387,2954.2183962732975,2677.5844180068634,2677.5844180068634,967.9159569573943,3.4935634612652433,1.146040247034495,-2.3475232142307485,2.3475232142307485,-67.195665407508
s4_sit,findpeaks,find_peaks baseline,mid_upslope,lipponen_tarvainen,1.0,100.0,True,False,682,681,0.9920795607314664,0.0,0.00015897973691980053,681,1,0,1.0,0.998533724340176,0.9992663242846662,266.00000000000057,5.136764705882076,7.164762628964182,0.016176470588216904,7.170018379496813,680,724.3264705882353,724.6020558002937,0.2755852120583313,0.2755852120583313,0.038047099374198604,47.66481403611934,48.96477060574587,1.2999565696265307,1.2999565696265307,2.7272876143845908,25.291933202608096,28.248034809313022,2.9561016067049266,2.9561016067049266,11.68792271837921,4.860088365243005,6.470588235294119,1.6104998700511137,1.6104998700511137,33.137254901960794,25.31055348154773,28.267734239098704,2.957180757550976,2.957180757550976,11.68358787454752,17.89726400238718,19.988306569245847,2.0910425668586683,2.0910425668586683,11.68358787454753,64.98889855524969,66.29905822438562,1.3101596691359276,1.3101596691359276,2.0159745714448567,0.2753895572975743,0.30148703623506223,0.026097478937487928,0.026097478937487928,9.476568099961792,1.4191767991993267,1.4931662664641052,0.07398946726477851,0.07398946726477851,5.213548256039839,1.2617883725140517,1.2758132669270215,0.014024894412969724,0.014024894412969724,1.1115092450111745,966.4383586160568,990.8441040485706,24.405745432513754,24.405745432513754,2.525328720133053,276.63397826643387,301.35508608910277,24.7211078226689,24.7211078226689,8.936396019602233,3.4935634612652433,3.287962107782724,-0.2056013534825194,0.2056013534825194,-5.885147236113409
s5_sit,msptdfast,MSPTDfast v2,mid_upslope,none,1.0,100.0,True,False,637,638,0.9911163611061667,0.0,0.02348274648423664,637,0,1,0.9984326018808778,1.0,0.9992156862745099,267.50521200942336,3.509940134539909,4.497123597609184,-0.00670493446300115,4.50065824453837,636,774.7158555729984,774.5813453800025,-0.13451019299589007,0.13451019299589007,-0.01736251969393386,49.02100643708726,50.04676108025908,1.0257546431718225,1.0257546431718225,2.092479770867738,26.212124517066584,27.61717999956035,1.4050554824937649,1.4050554824937649,5.360326598398921,5.345911949685535,6.929133858267717,1.583221908582182,1.583221908582182,29.615562760537284,26.232755677027686,27.638936540182396,1.4061808631547095,1.4061808631547095,5.3604008685451126,18.54935942843618,19.54367945234763,0.9943200239114489,0.9943200239114489,5.360400868545119,66.79849855351979,68.02500409932333,1.2265055458035334,1.2265055458035334,1.836127416577847,0.2776912629791252,0.2873014079324699,0.009610144953344668,0.009610144953344668,3.460730038909106,1.5491181222005777,1.5039708607936453,-0.04514726140693237,0.04514726140693237,-2.9143846915172014,1.2379608927180985,1.2197242599870333,-0.01823663273106524,0.01823663273106524,-1.473118645212162,886.7114917235966,928.6211207179989,41.90962899440228,41.90962899440228,4.726410944887838,287.29067184026013,331.89715566758525,44.60648382732512,44.60648382732512,15.526603610759523,3.086461130268189,2.79791828541028,-0.28854284485790904,0.28854284485790904,-9.348662843288002
s5_sit,msptd,MSPTD,mid_upslope,none,1.0,100.0,True,False,637,638,0.9911163611061667,0.0,0.9143348800136532,637,0,1,0.9984326018808778,1.0,0.9992156862745099,267.50521200942336,3.5100960276224806,4.497354434980261,-0.00670493446300115,4.500889263856406,636,774.7158555729984,774.5813453800025,-0.13451019299589007,0.13451019299589007,-0.01736251969393386,49.02100643708726,50.046734847440376,1.0257284103531177,1.0257284103531177,2.0924262574443886,26.212124517066584,27.617082051656173,1.4049575345895882,1.4049575345895882,5.359952924360737,5.345911949685535,6.929133858267717,1.583221908582182,1.583221908582182,29.615562760537284,26.232755677027686,27.638838515009514,1.4060828379818275,1.4060828379818275,5.360027193838236,18.54935942843618,19.543610138083157,0.9942507096469768,0.9942507096469768,5.36002719383824,66.79849855351979,68.02498541382143,1.226486860301634,1.226486860301634,1.8360994436408735,0.2776912629791252,0.2873004678970832,0.00960920491795797,0.00960920491795797,3.4603915207373013,1.5491181222005777,1.5037577547725935,-0.045360367427984105,0.045360367427984105,-2.9281412939349054,1.2379608927180985,1.2197278866188963,-0.018233006099202198,0.018233006099202198,-1.4728256931581534,886.7114917235966,928.6219597730015,41.910468049404926,41.910468049404926,4.726505570367543,287.29067184026013,331.8943516221608,44.60367978190067,44.60367978190067,15.52562757996587,3.086461130268189,2.79794445200494,-0.2885166782632491,0.2885166782632491,-9.347815056986619
s5_sit,qppg,qppg (slope-sum),mid_upslope,none,1.0,100.0,True,False,638,638,0.9911163611061667,0.0,0.005807691063120094,638,0,0,1.0,1.0,1.0,267.56576734029215,3.4976068606033843,4.482008315049483,0.0006194417148849303,4.485530479681408,637,774.7158555729984,774.7164750147134,0.000619441715002722,0.000619441715002722,7.995727860049645e-05,49.02100643708726,50.12289756867698,1.1018911315897242,1.1018911315897242,2.2477937759272097,26.212124517066584,27.600014010771893,1.387889493705309,1.387889493705309,5.2948378633012405,5.345911949685535,6.918238993710692,1.5723270440251573,1.5723270440251573,29.411764705882355,26.232755677027686,27.621737342874447,1.3889816658467602,1.3889816658467602,5.29483704627763,18.54935942843618,19.53151778330021,0.9821583548640298,0.9821583548640298,5.294837046277622,66.79849855351979,68.14051316537612,1.342014611856328,1.342014611856328,2.0090490668455505,0.2776912629791252,0.2866359068341249,0.008944643854999657,0.008944643854999657,3.2210750021588,1.5491181222005777,1.5035466393730177,-0.04557148282755996,0.04557148282755996,-2.941769396049931,1.2379608927180985,1.2205955360770298,-0.017365356641068752,0.017365356641068752,-1.4027387087277798,886.7114917235966,928.62921371081,41.917721987213326,41.917721987213326,4.727323642296925,287.29067184026013,331.8152652989828,44.52459345872268,44.52459345872268,15.498099250322795,3.086461130268189,2.7986331878796076,-0.28782794238858145,0.28782794238858145,-9.325500313803449
s5_sit,terma,TERMA,mid_upslope,none,1.0,100.0,True,False,638,638,0.9911163611061667,0.0,0.0004098488650712008,638,0,0,1.0,1.0,1.0,267.5186670266659,3.51192773705333,4.497640727796028,0.0006194417148856443,4.501175177382476,637,774.7158555729984,774.7164750147134,0.000619441715002722,0.000619441715002722,7.995727860049645e-05,49.02100643708726,50.12355501687647,1.1025485797892145,1.1025485797892145,2.2491349319892215,26.212124517066584,27.60843236565969,1.396307848593107,1.396307848593107,5.326954126453878,5.345911949685535,6.918238993710692,1.5723270440251573,1.5723270440251573,29.411764705882355,26.232755677027686,27.63016230488371,1.397406627856025,1.397406627856025,5.326953237626308,18.54935942843618,19.537475131068202,0.9881157026320224,0.9881157026320224,5.326953237626311,66.79849855351979,68.13977253089841,1.34127397737862,1.34127397737862,2.007940307676189,0.2776912629791252,0.2867264507260985,0.009035187746973261,0.009035187746973261,3.2536809585011897,1.5491181222005777,1.5057755504426895,-0.04334257175788814,0.04334257175788814,-2.7978868193936344,1.2379608927180985,1.2209025267898097,-0.0170583659282888,0.0170583659282888,-1.3779406141687573,886.7114917235966,928.6218464429924,41.91035471939574,41.91035471939574,4.726492789433695,287.29067184026013,331.89419359365974,44.603521753399605,44.603521753399605,15.525572573480607,3.086461130268189,2.797945442757309,-0.2885156875108801,0.2885156875108801,-9.3477829570402
s5_sit,heartpy,HeartPy,mid_upslope,none,1.0,100.0,True,False,638,638,0.9911163611061667,0.0,0.02266387401026912,638,0,0,1.0,1.0,1.0,267.5186670266659,3.51192773705333,4.497640727796028,0.0006194417148856443,4.501175177382476,637,774.7158555729984,774.7164750147134,0.000619441715002722,0.000619441715002722,7.995727860049645e-05,49.02100643708726,50.12355501687647,1.1025485797892145,1.1025485797892145,2.2491349319892215,26.212124517066584,27.60843236565969,1.396307848593107,1.396307848593107,5.326954126453878,5.345911949685535,6.918238993710692,1.5723270440251573,1.5723270440251573,29.411764705882355,26.232755677027686,27.63016230488371,1.397406627856025,1.397406627856025,5.326953237626308,18.54935942843618,19.537475131068202,0.9881157026320224,0.9881157026320224,5.326953237626311,66.79849855351979,68.13977253089841,1.34127397737862,1.34127397737862,2.007940307676189,0.2776912629791252,0.2867264507260985,0.009035187746973261,0.009035187746973261,3.2536809585011897,1.5491181222005777,1.5057755504426895,-0.04334257175788814,0.04334257175788814,-2.7978868193936344,1.2379608927180985,1.2209025267898097,-0.0170583659282888,0.0170583659282888,-1.3779406141687573,886.7114917235966,928.6218464429924,41.91035471939574,41.91035471939574,4.726492789433695,287.29067184026013,331.89419359365974,44.603521753399605,44.603521753399605,15.525572573480607,3.086461130268189,2.797945442757309,-0.2885156875108801,0.2885156875108801,-9.3477829570402
s5_sit,findpeaks,find_peaks baseline,mid_upslope,none,1.0,100.0,True,False,638,638,0.9911163611061667,0.0,0.00014324260929532087,638,0,0,1.0,1.0,1.0,267.5186670266659,3.51192773705333,4.497640727796028,0.0006194417148856443,4.501175177382476,637,774.7158555729984,774.7164750147134,0.000619441715002722,0.000619441715002722,7.995727860049645e-05,49.02100643708726,50.12355501687647,1.1025485797892145,1.1025485797892145,2.2491349319892215,26.212124517066584,27.60843236565969,1.396307848593107,1.396307848593107,5.326954126453878,5.345911949685535,6.918238993710692,1.5723270440251573,1.5723270440251573,29.411764705882355,26.232755677027686,27.63016230488371,1.397406627856025,1.397406627856025,5.326953237626308,18.54935942843618,19.537475131068202,0.9881157026320224,0.9881157026320224,5.326953237626311,66.79849855351979,68.13977253089841,1.34127397737862,1.34127397737862,2.007940307676189,0.2776912629791252,0.2867264507260985,0.009035187746973261,0.009035187746973261,3.2536809585011897,1.5491181222005777,1.5057755504426895,-0.04334257175788814,0.04334257175788814,-2.7978868193936344,1.2379608927180985,1.2209025267898097,-0.0170583659282888,0.0170583659282888,-1.3779406141687573,886.7114917235966,928.6218464429924,41.91035471939574,41.91035471939574,4.726492789433695,287.29067184026013,331.89419359365974,44.603521753399605,44.603521753399605,15.525572573480607,3.086461130268189,2.797945442757309,-0.2885156875108801,0.2885156875108801,-9.3477829570402
s5_sit,msptdfast,MSPTDfast v2,mid_upslope,median_mad,1.0,100.0,True,False,637,638,0.9911163611061667,0.0015723270440251573,0.021718009191836432,637,0,1,0.9984326018808778,1.0,0.9992156862745099,267.50521200942336,3.509940134539909,4.497123597609184,-0.00670493446300115,4.50065824453837,636,774.7158555729984,774.6418497717731,-0.07400580122532574,0.07400580122532574,-0.009552638001785735,49.02100643708726,50.06293001801591,1.0419235809286533,1.0419235809286533,2.1254634628235154,26.212124517066584,27.62114807351404,1.4090235564474547,1.4090235564474547,5.3754649133077566,5.345911949685535,6.940063091482649,1.5941511417971146,1.5941511417971146,29.82000371126367,26.232755677027686,27.64294208269405,1.4101864056663622,1.4101864056663622,5.375670108883293,18.54935942843618,19.54651179861995,0.9971523701837697,0.9971523701837697,5.375670108883299,66.79849855351979,68.04798160477597,1.2494830512561776,1.2494830512561776,1.8705256529906524,0.2776912629791252,0.28724601873052574,0.009554755751400523,0.009554755751400523,3.4407837138609505,1.5491181222005777,1.5055720057872877,-0.04354611641328998,0.04354611641328998,-2.811026208345634,1.2379608927180985,1.242959981726127,0.004999089008028479,0.004999089008028479,0.4038163917320806,886.7114917235966,926.072786456138,39.36129473254141,39.36129473254141,4.4390193540889635,287.29067184026013,332.4443787385163,45.15370689825619,45.15370689825619,15.717080756232361,3.086461130268189,2.7856473012724314,-0.3008138289957576,0.3008138289957576,-9.746237399387539
s5_sit,msptd,MSPTD,mid_upslope,median_mad,1.0,100.0,True,False,637,638,0.9911163611061667,0.0015723270440251573,0.8989911729969414,637,0,1,0.9984326018808778,1.0,0.9992156862745099,267.50521200942336,3.5100960276224806,4.497354434980261,-0.00670493446300115,4.500889263856406,636,774.7158555729984,774.6418497717731,-0.07400580122532574,0.07400580122532574,-0.009552638001785735,49.02100643708726,50.06290375230636,1.041897315219103,1.041897315219103,2.1254098823047554,26.212124517066584,27.621049985211133,1.4089254681445489,1.4089254681445489,5.375090703644431,5.345911949685535,6.940063091482649,1.5941511417971146,1.5941511417971146,29.82000371126367,26.232755677027686,27.642843916889422,1.4100882398617358,1.4100882398617358,5.3752958980842624,18.54935942843618,19.546442384913817,0.9970829564776373,0.9970829564776373,5.375295898084268,66.79849855351979,68.0479628961707,1.24946434265091,1.24946434265091,1.8704976454670212,0.2776912629791252,0.2872450776335255,0.009553814654400306,0.009553814654400306,3.44044481338921,1.5491181222005777,1.5053586269323227,-0.043759495268254955,0.043759495268254955,-2.824800422971815,1.2379608927180985,1.2429634115016823,0.00500251878358382,0.00500251878358382,0.4040934421280597,886.7114917235966,926.0736249490508,39.36213322545416,39.36213322545416,4.439113916178276,287.29067184026013,332.44157510276045,45.15090326250032,45.15090326250032,15.716104868035956,3.086461130268189,2.785673316169296,-0.3007878140988929,0.3007878140988929,-9.74539452802883
s5_sit,qppg,qppg (slope-sum),mid_upslope,median_mad,1.0,100.0,True,False,638,638,0.9911163611061667,0.0015698587127158557,0.003294567873166168,638,0,0,1.0,1.0,1.0,267.56576734029215,3.4976068606033843,4.482008315049483,0.0006194417148849303,4.485530479681408,637,774.7158555729984,774.7771892886927,0.06133371569433166,0.06133371569433166,0.007916930478848632,49.02100643708726,50.138901307886044,1.1178948707987857,1.1178948707987857,2.280440472460461,26.212124517066584,27.603607399206773,1.3914828821401883,1.3914828821401883,5.308546742306984,5.345911949685535,6.929133858267717,1.583221908582182,1.583221908582182,29.615562760537284,26.232755677027686,27.625367813933607,1.392612136905921,1.392612136905921,5.308676503724872,18.54935942843618,19.534084914005046,0.9847254855688661,0.9847254855688661,5.308676503724874,66.79849855351979,68.16332133410397,1.364822780584177,1.364822780584177,2.043193799469406,0.2776912629791252,0.2865776568934825,0.008886393914357305,0.008886393914357305,3.2000984903242413,1.5491181222005777,1.5071679304878467,-0.041950191712730955,0.041950191712730955,-2.7080047100048903,1.2379608927180985,1.2439479789039782,0.005987086185879731,0.005987086185879731,0.483624823780526,886.7114917235966,926.0625731630175,39.35108143942091,39.35108143942091,4.437867537154613,287.29067184026013,332.36699220615026,45.076320365890126,45.076320365890126,15.690144088964203,3.086461130268189,2.786265167356415,-0.30019596291177386,0.30019596291177386,-9.726218806639862
s5_sit,terma,TERMA,mid_upslope,median_mad,1.0,100.0,True,False,638,638,0.9911163611061667,0.0015698587127158557,0.0004141693235574464,638,0,0,1.0,1.0,1.0,267.5186670266659,3.51192773705333,4.497640727796028,0.0006194417148856443,4.501175177382476,637,774.7158555729984,774.7770967417715,0.06124116877310826,0.06124116877310826,0.00790498456079911,49.02100643708726,50.139631024906365,1.118624587819106,1.118624587819106,2.28192905271076,26.212124517066584,27.612381670226622,1.4002571531600374,1.4002571531600374,5.342020835618788,5.345911949685535,6.929133858267717,1.583221908582182,1.583221908582182,29.615562760537284,26.232755677027686,27.634148983050753,1.401393306023067,1.401393306023067,5.3421505665540225,18.54935942843618,19.540294138234525,0.9909347097983456,0.9909347097983456,5.342150566554024,66.79849855351979,68.16261514656537,1.3641165930455799,1.3641165930455799,2.0421366087332524,0.2776912629791252,0.2866717202122949,0.008980457233169703,0.008980457233169703,3.233971835060863,1.5491181222005777,1.5071620133793948,-0.041956108821182836,0.041956108821182836,-2.7083866762582756,1.2379608927180985,1.2442261821485496,0.006265289430451126,0.006265289430451126,0.5060975243486809,886.7114917235966,926.0735121811315,39.36202045753487,39.36202045753487,4.43910119863482,287.29067184026013,332.4414166645909,45.150744824330786,45.150744824330786,15.716049718953487,3.086461130268189,2.785674304581225,-0.30078682568696413,0.30078682568696413,-9.745362503911661
s5_sit,heartpy,HeartPy,mid_upslope,median_mad,1.0,100.0,True,False,638,638,0.9911163611061667,0.0015698587127158557,0.02061876810288165,638,0,0,1.0,1.0,1.0,267.5186670266659,3.51192773705333,4.497640727796028,0.0006194417148856443,4.501175177382476,637,774.7158555729984,774.7770967417715,0.06124116877310826,0.06124116877310826,0.00790498456079911,49.02100643708726,50.139631024906365,1.118624587819106,1.118624587819106,2.28192905271076,26.212124517066584,27.612381670226622,1.4002571531600374,1.4002571531600374,5.342020835618788,5.345911949685535,6.929133858267717,1.583221908582182,1.583221908582182,29.615562760537284,26.232755677027686,27.634148983050753,1.401393306023067,1.401393306023067,5.3421505665540225,18.54935942843618,19.540294138234525,0.9909347097983456,0.9909347097983456,5.342150566554024,66.79849855351979,68.16261514656537,1.3641165930455799,1.3641165930455799,2.0421366087332524,0.2776912629791252,0.2866717202122949,0.008980457233169703,0.008980457233169703,3.233971835060863,1.5491181222005777,1.5071620133793948,-0.041956108821182836,0.041956108821182836,-2.7083866762582756,1.2379608927180985,1.2442261821485496,0.006265289430451126,0.006265289430451126,0.5060975243486809,886.7114917235966,926.0735121811315,39.36202045753487,39.36202045753487,4.43910119863482,287.29067184026013,332.4414166645909,45.150744824330786,45.150744824330786,15.716049718953487,3.086461130268189,2.785674304581225,-0.30078682568696413,0.30078682568696413,-9.745362503911661
s5_sit,findpeaks,find_peaks baseline,mid_upslope,median_mad,1.0,100.0,True,False,638,638,0.9911163611061667,0.0015698587127158557,0.00014395863957014014,638,0,0,1.0,1.0,1.0,267.5186670266659,3.51192773705333,4.497640727796028,0.0006194417148856443,4.501175177382476,637,774.7158555729984,774.7770967417715,0.06124116877310826,0.06124116877310826,0.00790498456079911,49.02100643708726,50.139631024906365,1.118624587819106,1.118624587819106,2.28192905271076,26.212124517066584,27.612381670226622,1.4002571531600374,1.4002571531600374,5.342020835618788,5.345911949685535,6.929133858267717,1.583221908582182,1.583221908582182,29.615562760537284,26.232755677027686,27.634148983050753,1.401393306023067,1.401393306023067,5.3421505665540225,18.54935942843618,19.540294138234525,0.9909347097983456,0.9909347097983456,5.342150566554024,66.79849855351979,68.16261514656537,1.3641165930455799,1.3641165930455799,2.0421366087332524,0.2776912629791252,0.2866717202122949,0.008980457233169703,0.008980457233169703,3.233971835060863,1.5491181222005777,1.5071620133793948,-0.041956108821182836,0.041956108821182836,-2.7083866762582756,1.2379608927180985,1.2442261821485496,0.006265289430451126,0.006265289430451126,0.5060975243486809,886.7114917235966,926.0735121811315,39.36202045753487,39.36202045753487,4.43910119863482,287.29067184026013,332.4414166645909,45.150744824330786,45.150744824330786,15.716049718953487,3.086461130268189,2.785674304581225,-0.30078682568696413,0.30078682568696413,-9.745362503911661
s5_sit,msptdfast,MSPTDfast v2,mid_upslope,lipponen_tarvainen,1.0,100.0,True,False,637,638,0.9911163611061667,0.0,0.021957345588740004,637,0,1,0.9984326018808778,1.0,0.9992156862745099,267.9999999999635,3.5566037735853704,4.562631922793291,-0.006289308176105991,4.566218794921836,636,774.7158555729984,774.5817610062893,-0.13409456670910913,0.13409456670910913,-0.017308870825927473,49.02100643708726,50.04263927447649,1.0216328373892338,1.0216328373892338,2.0840715269695256,26.212124517066584,27.573723655329875,1.3615991382632906,1.3615991382632906,5.1945394100991695,5.345911949685535,6.6141732283464565,1.2682612786609218,1.2682612786609218,23.723946271421948,26.232755677027686,27.595444678941423,1.3626890019137363,1.3626890019137363,5.194608674326419,18.54935942843618,19.512926062337712,0.9635666339015323,0.9635666339015323,5.194608674326425,66.79849855351979,68.02776791573052,1.2292693622107294,1.2292693622107294,1.8402649592877052,0.2776912629791252,0.28683766438595154,0.009146401406826321,0.009146401406826321,3.293730349562305,1.5491181222005777,1.444252637883133,-0.10486548431744458,0.10486548431744458,-6.769366571509693,1.2379608927180985,1.2195621876392049,-0.01839870507889363,0.01839870507889363,-1.4862105246714994,886.7114917235966,928.3490857596898,41.63759403609322,41.63759403609322,4.695731861460117,287.29067184026013,332.5441514018338,45.25347956157367,45.25347956157367,15.751809577282616,3.086461130268189,2.7916566321983147,-0.2948044980698743,0.2948044980698743,-9.55153768757354
s5_sit,msptd,MSPTD,mid_upslope,lipponen_tarvainen,1.0,100.0,True,False,637,638,0.9911163611061667,0.0,0.8866813742942677,637,0,1,0.9984326018808778,1.0,0.9992156862745099,267.9999999999635,3.5566037735853704,4.562631922793291,-0.006289308176105991,4.566218794921836,636,774.7158555729984,774.5817610062893,-0.13409456670910913,0.13409456670910913,-0.017308870825927473,49.02100643708726,50.04263927447649,1.0216328373892338,1.0216328373892338,2.0840715269695256,26.212124517066584,27.573723655329875,1.3615991382632906,1.3615991382632906,5.1945394100991695,5.345911949685535,6.6141732283464565,1.2682612786609218,1.2682612786609218,23.723946271421948,26.232755677027686,27.595444678941423,1.3626890019137363,1.3626890019137363,5.194608674326419,18.54935942843618,19.512926062337712,0.9635666339015323,0.9635666339015323,5.194608674326425,66.79849855351979,68.02776791573052,1.2292693622107294,1.2292693622107294,1.8402649592877052,0.2776912629791252,0.28683766438595154,0.009146401406826321,0.009146401406826321,3.293730349562305,1.5491181222005777,1.444252637883133,-0.10486548431744458,0.10486548431744458,-6.769366571509693,1.2379608927180985,1.2195621876392049,-0.01839870507889363,0.01839870507889363,-1.4862105246714994,886.7114917235966,928.3490857596898,41.63759403609322,41.63759403609322,4.695731861460117,287.29067184026013,332.5441514018338,45.25347956157367,45.25347956157367,15.751809577282616,3.086461130268189,2.7916566321983147,-0.2948044980698743,0.2948044980698743,-9.55153768757354
s5_sit,qppg,qppg (slope-sum),mid_upslope,lipponen_tarvainen,1.0,100.0,True,False,638,638,0.9911163611061667,0.0,0.0032676742341894572,638,0,0,1.0,1.0,1.0,267.9999999999635,3.5400313971755466,4.548189558215543,0.0015698587127033626,4.551763503389895,637,774.7158555729984,774.7174254317111,0.001569858712741734,0.001569858712741734,0.00020263670885896983,49.02100643708726,50.11956045827813,1.0985540211908713,1.0985540211908713,2.2409862649408008,26.212124517066584,27.568068987018144,1.3559444699515595,1.3559444699515595,5.172966689780185,5.345911949685535,6.446540880503145,1.10062893081761,1.10062893081761,20.588235294117645,26.232755677027686,27.58976718469434,1.3570115076666553,1.3570115076666553,5.172965907104473,18.54935942843618,19.50891146765545,0.9595520392192718,0.9595520392192718,5.172965907104468,66.79849855351979,68.142079909621,1.343581356101211,1.343581356101211,2.011394545080556,0.2776912629791252,0.28629756375987847,0.008606300780753251,0.008606300780753251,3.0992335475099946,1.5491181222005777,1.4505494538019243,-0.0985686683986533,0.0985686683986533,-6.36288911646279,1.2379608927180985,1.2196363613438792,-0.0183245313742193,0.0183245313742193,-1.4802189214544161,886.7114917235966,927.8581058848868,41.14661416129013,41.14661416129013,4.640360990620413,287.29067184026013,332.51645035238204,45.225778512121906,45.225778512121906,15.74216740920444,3.086461130268189,2.790412639439629,-0.2960484908285599,0.2960484908285599,-9.59184251262013
s5_sit,terma,TERMA,mid_upslope,lipponen_tarvainen,1.0,100.0,True,False,638,638,0.9911163611061667,0.0,0.00040034628417349533,638,0,0,1.0,1.0,1.0,267.9999999999635,3.5588697017273017,4.563351380748043,0.0015698587127033626,4.566937241813341,637,774.7158555729984,774.7174254317111,0.001569858712741734,0.001569858712741734,0.00020263670885896983,49.02100643708726,50.12037611129091,1.0993696742036505,1.0993696742036505,2.24265014961405,26.212124517066584,27.565844557414657,1.3537200403480725,1.3537200403480725,5.164480427622996,5.345911949685535,6.60377358490566,1.2578616352201255,1.2578616352201255,23.529411764705877,26.232755677027686,27.587541004227923,1.3547853272002364,1.3547853272002364,5.1644796447619745,18.54935942843618,19.507337320351503,0.9579778919153235,0.9579778919153235,5.164479644761979,66.79849855351979,68.14373040672592,1.3452318532061298,1.3452318532061298,2.013865404666713,0.2776912629791252,0.28626752899964647,0.00857626602052125,0.00857626602052125,3.0884176651845006,1.5491181222005777,1.4455635756226148,-0.10355454657796281,0.10355454657796281,-6.684741795600447,1.2379608927180985,1.2207460080406103,-0.017214884677488218,0.017214884677488218,-1.3905838850604382,886.7114917235966,928.3490857596901,41.63759403609345,41.63759403609345,4.6957318614601435,287.29067184026013,332.5441514018338,45.25347956157367,45.25347956157367,15.751809577282616,3.086461130268189,2.7916566321983156,-0.2948044980698734,0.2948044980698734,-9.55153768757351
s5_sit,heartpy,HeartPy,mid_upslope,lipponen_tarvainen,1.0,100.0,True,False,638,638,0.9911163611061667,0.0,0.02234628392011558,638,0,0,1.0,1.0,1.0,267.9999999999635,3.5588697017273017,4.563351380748043,0.0015698587127033626,4.566937241813341,637,774.7158555729984,774.7174254317111,0.001569858712741734,0.001569858712741734,0.00020263670885896983,49.02100643708726,50.12037611129091,1.0993696742036505,1.0993696742036505,2.24265014961405,26.212124517066584,27.565844557414657,1.3537200403480725,1.3537200403480725,5.164480427622996,5.345911949685535,6.60377358490566,1.2578616352201255,1.2578616352201255,23.529411764705877,26.232755677027686,27.587541004227923,1.3547853272002364,1.3547853272002364,5.1644796447619745,18.54935942843618,19.507337320351503,0.9579778919153235,0.9579778919153235,5.164479644761979,66.79849855351979,68.14373040672592,1.3452318532061298,1.3452318532061298,2.013865404666713,0.2776912629791252,0.28626752899964647,0.00857626602052125,0.00857626602052125,3.0884176651845006,1.5491181222005777,1.4455635756226148,-0.10355454657796281,0.10355454657796281,-6.684741795600447,1.2379608927180985,1.2207460080406103,-0.017214884677488218,0.017214884677488218,-1.3905838850604382,886.7114917235966,928.3490857596901,41.63759403609345,41.63759403609345,4.6957318614601435,287.29067184026013,332.5441514018338,45.25347956157367,45.25347956157367,15.751809577282616,3.086461130268189,2.7916566321983156,-0.2948044980698734,0.2948044980698734,-9.55153768757351
s5_sit,findpeaks,find_peaks baseline,mid_upslope,lipponen_tarvainen,1.0,100.0,True,False,638,638,0.9911163611061667,0.0,0.0001386672921416388,638,0,0,1.0,1.0,1.0,267.9999999999635,3.5588697017273017,4.563351380748043,0.0015698587127033626,4.566937241813341,637,774.7158555729984,774.7174254317111,0.001569858712741734,0.001569858712741734,0.00020263670885896983,49.02100643708726,50.12037611129091,1.0993696742036505,1.0993696742036505,2.24265014961405,26.212124517066584,27.565844557414657,1.3537200403480725,1.3537200403480725,5.164480427622996,5.345911949685535,6.60377358490566,1.2578616352201255,1.2578616352201255,23.529411764705877,26.232755677027686,27.587541004227923,1.3547853272002364,1.3547853272002364,5.1644796447619745,18.54935942843618,19.507337320351503,0.9579778919153235,0.9579778919153235,5.164479644761979,66.79849855351979,68.14373040672592,1.3452318532061298,1.3452318532061298,2.013865404666713,0.2776912629791252,0.28626752899964647,0.00857626602052125,0.00857626602052125,3.0884176651845006,1.5491181222005777,1.4455635756226148,-0.10355454657796281,0.10355454657796281,-6.684741795600447,1.2379608927180985,1.2207460080406103,-0.017214884677488218,0.017214884677488218,-1.3905838850604382,886.7114917235966,928.3490857596901,41.63759403609345,41.63759403609345,4.6957318614601435,287.29067184026013,332.5441514018338,45.25347956157367,45.25347956157367,15.751809577282616,3.086461130268189,2.7916566321983156,-0.2948044980698734,0.2948044980698734,-9.55153768757351
s6_sit,msptdfast,MSPTDfast v2,mid_upslope,none,1.0,100.0,True,False,642,643,0.9819560564644773,0.0,0.025138980849856735,642,0,1,0.9984447900466563,1.0,0.9992217898832686,255.53519065637974,5.489471039510473,7.180552179467543,0.0027886024861068824,7.186159254330854,641,775.2523364485982,775.3257215198028,0.07338507120459781,0.07338507120459781,0.009465959372760109,51.22403640488481,54.4810083564969,3.256971951612094,3.256971951612094,6.358288374364625,35.84713601790884,39.075121370142675,3.227985352233837,3.227985352233837,9.004862621720104,15.912636505460217,18.125,2.212363494539783,2.212363494539783,13.903186274509816,35.874867571113896,39.105546573083636,3.2306790019697402,3.2306790019697402,9.005410251523974,25.367362133704006,27.651797163833795,2.2844350301297887,2.2844350301297887,9.005410251523964,67.85499797063919,71.91480137420643,4.059803403567244,4.059803403567244,5.983057291260871,0.3738466272547889,0.3845077318638277,0.010661104609038796,0.010661104609038796,2.8517321895679157,1.3101181359021097,1.374603481302107,0.0644853453999974,0.0644853453999974,4.922101574877798,1.1426386974928542,1.1105957390299164,-0.03204295846293781,0.03204295846293781,-2.804294877571149,1408.848534609433,1541.1280332987599,132.27949868932683,132.27949868932683,9.389192339685962,565.6118790702247,745.5065692118405,179.8946901416158,179.8946901416158,31.80532389760516,2.4908397202077053,2.0672226066740915,-0.42361711353361375,0.42361711353361375,-17.00700009305654
s6_sit,msptd,MSPTD,mid_upslope,none,1.0,100.0,True,False,642,643,0.9819560564644773,0.0,0.8876020673181463,642,0,1,0.9984447900466563,1.0,0.9992217898832686,255.53519065637974,5.489474945578806,7.180553133556993,0.0027886024861068824,7.186160209165468,641,775.2523364485982,775.3257215198028,0.07338507120459781,0.07338507120459781,0.009465959372760109,51.22403640488481,54.48100876438674,3.256972359501937,3.256972359501937,6.358289170650648,35.84713601790884,39.07512273793352,3.2279867200246812,3.2279867200246812,9.004866437341088,15.912636505460217,18.125,2.212363494539783,2.212363494539783,13.903186274509816,35.874867571113896,39.105547941949155,3.230680370835259,3.230680370835259,9.005414067191072,25.367362133704006,27.651798131767887,2.2844359980638806,2.2844359980638806,9.005414067191069,67.85499797063919,71.91480162004432,4.059803649405126,4.059803649405126,5.983057653559728,0.3738466272547889,0.3845077440088591,0.010661116754070221,0.010661116754070221,2.8517354382347593,1.3101181359021097,1.374603481302107,0.0644853453999974,0.0644853453999974,4.922101574877798,1.1426386974928542,1.1105957543738647,-0.032042943118989475,0.032042943118989475,-2.8042935347189974,1408.848534609433,1541.1280333680547,132.27949875862168,132.27949875862168,9.389192344604508,565.6118790702247,745.5065691236285,179.8946900534038,179.8946900534038,31.805323882009308,2.4908397202077053,2.0672226070116455,-0.42361711319605977,0.42361711319605977,-17.007000079504728
s6_sit,qppg,qppg (slope-sum),mid_upslope,none,1.0,100.0,True,False,644,643,0.9819560564644773,0.0,0.003269324494568653,643,1,0,1.0,0.9984472049689441,0.9992229992229993,255.68369147445057,5.561133504840824,7.256778011827074,-0.005560031773751692,7.262434187462158,642,775.2523364485982,775.4083958594149,0.1560594108167379,0.1560594108167379,0.02013014388729742,51.22403640488481,54.59920518196588,3.375168777081072,3.375168777081072,6.589033223393559,35.84713601790884,39.109008696186585,3.261872678277747,3.261872678277747,9.099395490474192,15.912636505460217,18.38006230529595,2.467425799835734,2.467425799835734,15.506077820536332,35.874867571113896,39.13876354594672,3.2638959748328276,3.2638959748328276,9.098001458438512,25.367362133704006,27.675285110595773,2.307922976891767,2.307922976891767,9.098001458438503,67.85499797063919,72.08484589046476,4.229847919825573,4.229847919825573,6.233657131131042,0.3738466272547889,0.3839265350258119,0.010079907771023022,0.010079907771023022,2.696268211657084,1.3101181359021097,1.3651122174734616,0.05499408157135188,0.05499408157135188,4.197642950227885,1.1426386974928542,1.157768227869645,0.015129530376790878,0.015129530376790878,1.324086993551651,1408.848534609433,1540.4232398839374,131.57470527450437,131.57470527450437,9.33916613761323,565.6118790702247,748.8886872844005,183.27680821417573,183.27680821417573,32.40328129519723,2.4908397202077053,2.056945532813131,-0.4338941873945741,0.4338941873945741,-17.41959484082712
s6_sit,terma,TERMA,mid_upslope,none,1.0,100.0,True,False,644,643,0.9819560564644773,0.0,0.000392233328685084,643,1,0,1.0,0.9984472049689441,0.9992229992229993,255.52540630882535,5.488784848193561,7.177724176131043,-0.005080127757722639,7.183319043840364,642,775.2523364485982,775.4083958594149,0.1560594108167379,0.1560594108167379,0.02013014388729742,51.22403640488481,54.585494512791264,3.361458107906458,3.361458107906458,6.562267138295849,35.84713601790884,39.09595425930833,3.2488182413994906,3.2488182413994906,9.0629785313293,15.912636505460217,18.22429906542056,2.311662559960343,2.311662559960343,14.527212754260589,35.874867571113896,39.12570284464559,3.250835273531692,3.250835273531692,9.061595188017456,25.367362133704006,27.66604980013869,2.2986876664346845,2.2986876664346845,9.061595188017456,67.85499797063919,72.06762179278692,4.212623822147734,4.212623822147734,6.208273447993519,0.3738466272547889,0.38389014528168763,0.010043518026898735,0.010043518026898735,2.686534341810109,1.3101181359021097,1.3731765516791046,0.06305841577699489,0.06305841577699489,4.81318547152045,1.1426386974928542,1.1578940347724602,0.01525533727960604,0.01525533727960604,1.3350972020358556,1408.848534609433,1541.5515687542227,132.70303414478963,132.70303414478963,9.419254865575605,565.6118790702247,745.7370734178141,180.1251943475894,180.1251943475894,31.846076967776266,2.4908397202077053,2.0671515788923873,-0.42368814131531796,0.42368814131531796,-17.009851652758595
s6_sit,heartpy,HeartPy,mid_upslope,none,1.0,100.0,True,False,644,643,0.9819560564644773,0.0,0.02011932970520523,643,1,0,1.0,0.9984472049689441,0.9992229992229993,255.52540630882535,5.488784848193561,7.177724176131043,-0.005080127757722639,7.183319043840364,642,775.2523364485982,775.4083958594149,0.1560594108167379,0.1560594108167379,0.02013014388729742,51.22403640488481,54.585494512791264,3.361458107906458,3.361458107906458,6.562267138295849,35.84713601790884,39.09595425930833,3.2488182413994906,3.2488182413994906,9.0629785313293,15.912636505460217,18.22429906542056,2.311662559960343,2.311662559960343,14.527212754260589,35.874867571113896,39.12570284464559,3.250835273531692,3.250835273531692,9.061595188017456,25.367362133704006,27.66604980013869,2.2986876664346845,2.2986876664346845,9.061595188017456,67.85499797063919,72.06762179278692,4.212623822147734,4.212623822147734,6.208273447993519,0.3738466272547889,0.38389014528168763,0.010043518026898735,0.010043518026898735,2.686534341810109,1.3101181359021097,1.3731765516791046,0.06305841577699489,0.06305841577699489,4.81318547152045,1.1426386974928542,1.1578940347724602,0.01525533727960604,0.01525533727960604,1.3350972020358556,1408.848534609433,1541.5515687542227,132.70303414478963,132.70303414478963,9.419254865575605,565.6118790702247,745.7370734178141,180.1251943475894,180.1251943475894,31.846076967776266,2.4908397202077053,2.0671515788923873,-0.42368814131531796,0.42368814131531796,-17.009851652758595
s6_sit,findpeaks,find_peaks baseline,mid_upslope,none,1.0,100.0,True,False,645,643,0.9819560564644773,0.0,0.00015467611416774594,643,2,0,1.0,0.9968992248062015,0.998447204968944,255.52540630882535,5.494184839756087,7.182874493648871,-0.0019251977595060124,7.188483665815457,641,775.2523364485982,774.2043455552854,-1.0479908933127717,1.0479908933127717,-0.13518061720569313,51.22403640488481,59.40435066556154,8.180314260676731,8.180314260676731,15.96967914831609,35.84713601790884,44.411105469084625,8.563969451175787,8.563969451175787,23.89024731821622,15.912636505460217,18.506998444790046,2.594361939329829,2.594361939329829,16.30378434421981,35.874867571113896,44.44503455607941,8.570166984965518,8.570166984965518,23.889055389478663,25.367362133704006,31.42738532467419,6.060023190970185,6.060023190970185,23.889055389478656,67.85499797063919,77.9106745423787,10.055676571739511,10.055676571739511,14.819360212921376,0.3738466272547889,0.40337714323830676,0.029530515983517858,0.029530515983517858,7.899099210915665,1.3101181359021097,1.2964789819192069,-0.01363915398290283,0.01363915398290283,-1.0410629094536807,1.1426386974928542,1.1243368230429045,-0.018301874449949684,0.018301874449949684,-1.6017201666727325,1408.848534609433,1558.2727228353024,149.42418822586933,149.42418822586933,10.606121563471927,565.6118790702247,772.630815418597,207.01893634837222,207.01893634837222,36.60088198442334,2.4908397202077053,2.0168399858489456,-0.47399973435875964,0.47399973435875964,-19.029716384931984
s6_sit,msptdfast,MSPTDfast v2,mid_upslope,median_mad,1.0,100.0,True,False,642,643,0.9819560564644773,0.0015600624024961,0.024920493623611113,642,0,1,0.9984447900466563,1.0,0.9992217898832686,255.53519065637974,5.489471039510473,7.180552179467543,0.0027886024861068824,7.186159254330854,641,775.2523364485982,775.4662709964321,0.21393454783390098,0.21393454783390098,0.027595472825522476,51.22403640488481,54.407196964247845,3.1831605593630385,3.1831605593630385,6.214193145972947,35.84713601790884,39.10282420711145,3.2556881892026155,3.2556881892026155,9.082143096664987,15.912636505460217,18.153364632237874,2.2407281267776575,2.2407281267776575,14.08143852220077,35.874867571113896,39.13331866378919,3.258451092675294,3.258451092675294,9.082824030544906,25.367362133704006,27.67143499749942,2.3040728637954153,2.3040728637954153,9.0828240305449,67.85499797063919,71.79538876691235,3.9403907962731637,3.9403907962731637,5.807075254763353,0.3738466272547889,0.38542078360124554,0.011574156346456643,0.011574156346456643,3.095963826515538,1.3101181359021097,1.376991968457577,0.06687383255546742,0.06687383255546742,5.104412397849909,1.1426386974928542,1.081131037545971,-0.06150765994688312,0.06150765994688312,-5.382949140602493,1408.848534609433,1540.344973440812,131.496438831379,131.496438831379,9.333610789312637,565.6118790702247,743.6790283114385,178.06714924121377,178.06714924121377,31.48221524871925,2.4908397202077053,2.0712497123096836,-0.4195900078980217,0.4195900078980217,-16.84532346637836
s6_sit,msptd,MSPTD,mid_upslope,median_mad,1.0,100.0,True,False,642,643,0.9819560564644773,0.0015600624024961,0.8899889660202182,642,0,1,0.9984447900466563,1.0,0.9992217898832686,255.53519065637974,5.489474945578806,7.180553133556993,0.0027886024861068824,7.186160209165468,641,775.2523364485982,775.4662709964321,0.21393454783390098,0.21393454783390098,0.027595472825522476,51.22403640488481,54.407197373330234,3.183160968445428,3.183160968445428,6.214193944587071,35.84713601790884,39.10282557607227,3.255689558163432,3.255689558163432,9.082146915549753,15.912636505460217,18.153364632237874,2.2407281267776575,2.2407281267776575,14.08143852220077,35.874867571113896,39.13332003382729,3.258452462713393,3.258452462713393,9.082827849480532,25.367362133704006,27.671435966262653,2.3040738325586467,2.3040738325586467,9.082827849480532,67.85499797063919,71.79538901354356,3.9403910429043663,3.9403910429043663,5.807075618231351,0.3738466272547889,0.3854207957706404,0.011574168515851524,0.011574168515851524,3.095967081699347,1.3101181359021097,1.376991968457577,0.06687383255546742,0.06687383255546742,5.104412397849909,1.1426386974928542,1.0811310065044184,-0.06150769098843578,0.06150769098843578,-5.382951857257612,1408.848534609433,1540.3449735101071,131.4964389006741,131.4964389006741,9.333610794231198,565.6118790702247,743.6790282232269,178.0671491530021,178.0671491530021,31.482215233123455,2.4908397202077053,2.071249712648544,-0.4195900075591612,0.4195900075591612,-16.845323452774096
s6_sit,qppg,qppg (slope-sum),mid_upslope,median_mad,1.0,100.0,True,False,644,643,0.9819560564644773,0.0015552099533437014,0.0032823945298673194,643,1,0,1.0,0.9984472049689441,0.9992229992229993,255.68369147445057,5.561133504840824,7.256778011827074,-0.005560031773751692,7.262434187462158,642,775.2523364485982,775.5481843700505,0.2958479214523777,0.2958479214523777,0.038161500139121916,51.22403640488481,54.52650284695192,3.3024664420671144,3.3024664420671144,6.447103105978946,35.84713601790884,39.13698838310603,3.2898523651971914,3.2898523651971914,9.177448272446695,15.912636505460217,18.408736349453978,2.496099843993761,2.496099843993761,15.686274509803932,35.874867571113896,39.16681093257399,3.291943361460092,3.291943361460092,9.17618261568367,25.367362133704006,27.695117607874472,2.3277554741704662,2.3277554741704662,9.17618261568366,67.85499797063919,71.96707223531685,4.112074264677659,4.112074264677659,6.060090468880348,0.3738466272547889,0.38483040573496435,0.010983778480175455,0.010983778480175455,2.9380440211085936,1.3101181359021097,1.3680541015415726,0.057935965639462905,0.057935965639462905,4.4221940031056715,1.1426386974928542,1.1326952178341554,-0.009943479658698795,0.009943479658698795,-0.8702208038740942,1408.848534609433,1539.6746153196716,130.82608071023856,130.82608071023856,9.28602880269927,565.6118790702247,747.1460803702164,181.53420129999165,181.53420129999165,32.095188948012336,2.4908397202077053,2.0607410729595896,-0.43009864724811564,0.43009864724811564,-17.26721489780365
s6_sit,terma,TERMA,mid_upslope,median_mad,1.0,100.0,True,False,644,643,0.9819560564644773,0.0015552099533437014,0.00039404894609570425,643,1,0,1.0,0.9984472049689441,0.9992229992229993,255.52540630882535,5.488784848193561,7.177724176131043,-0.005080127757722639,7.183319043840364,642,775.2523364485982,775.5486362634373,0.2962998148391307,0.2962998148391307,0.038219789984312594,51.22403640488481,54.51200498781045,3.287968582925643,3.287968582925643,6.418800261925663,35.84713601790884,39.123588454041155,3.276452436132317,3.276452436132317,9.140067520304655,15.912636505460217,18.252730109204368,2.340093603744151,2.340093603744151,14.705882352941186,35.874867571113896,39.153404456462695,3.2785368853487995,3.2785368853487995,9.13881250948128,25.367362133704006,27.685637797704363,2.318275664000357,2.318275664000357,9.138812509481271,67.85499797063919,71.94875145071293,4.093753480073744,4.093753480073744,6.033090564449075,0.3738466272547889,0.3847966398231366,0.010950012568347711,0.010950012568347711,2.9290119985180216,1.3101181359021097,1.3753076542537395,0.06518951835162978,0.06518951835162978,4.975850388235574,1.1426386974928542,1.1326905570198167,-0.009948140473037492,0.009948140473037492,-0.8706287030944623,1408.848534609433,1540.7549748670406,131.90644025760753,131.90644025760753,9.362712670469945,565.6118790702247,743.8801539570408,178.26827488681602,178.26827488681602,31.51777419877752,2.4908397202077053,2.0712408667862103,-0.41959885342149494,0.41959885342149494,-16.845678588524578
s6_sit,heartpy,HeartPy,mid_upslope,median_mad,1.0,100.0,True,False,644,643,0.9819560564644773,0.0015552099533437014,0.01982334810887582,643,1,0,1.0,0.9984472049689441,0.9992229992229993,255.52540630882535,5.488784848193561,7.177724176131043,-0.005080127757722639,7.183319043840364,642,775.2523364485982,775.5486362634373,0.2962998148391307,0.2962998148391307,0.038219789984312594,51.22403640488481,54.51200498781045,3.287968582925643,3.287968582925643,6.418800261925663,35.84713601790884,39.123588454041155,3.276452436132317,3.276452436132317,9.140067520304655,15.912636505460217,18.252730109204368,2.340093603744151,2.340093603744151,14.705882352941186,35.874867571113896,39.153404456462695,3.2785368853487995,3.2785368853487995,9.13881250948128,25.367362133704006,27.685637797704363,2.318275664000357,2.318275664000357,9.138812509481271,67.85499797063919,71.94875145071293,4.093753480073744,4.093753480073744,6.033090564449075,0.3738466272547889,0.3847966398231366,0.010950012568347711,0.010950012568347711,2.9290119985180216,1.3101181359021097,1.3753076542537395,0.06518951835162978,0.06518951835162978,4.975850388235574,1.1426386974928542,1.1326905570198167,-0.009948140473037492,0.009948140473037492,-0.8706287030944623,1408.848534609433,1540.7549748670406,131.90644025760753,131.90644025760753,9.362712670469945,565.6118790702247,743.8801539570408,178.26827488681602,178.26827488681602,31.51777419877752,2.4908397202077053,2.0712408667862103,-0.41959885342149494,0.41959885342149494,-16.845678588524578
s6_sit,findpeaks,find_peaks baseline,mid_upslope,median_mad,1.0,100.0,True,False,645,643,0.9819560564644773,0.0015527950310559005,0.00015367812645021144,643,2,0,1.0,0.9968992248062015,0.998447204968944,255.52540630882535,5.494184839756087,7.182874493648871,-0.0019251977595060124,7.188483665815457,641,775.2523364485982,774.3424953050182,-0.9098411435799107,0.9098411435799107,-0.11736064514785713,51.22403640488481,59.3469751426801,8.122938737795295,8.122938737795295,15.857670164041735,35.84713601790884,44.44317512794401,8.596039110035171,8.596039110035171,23.979709580538554,15.912636505460217,18.53582554517134,2.6231890397111215,2.6231890397111215,16.48494288681205,35.874867571113896,44.47718159196445,8.602314020850557,8.602314020850557,23.97866418265766,25.367362133704006,31.45011671174355,6.082754578039545,6.082754578039545,23.978664182657663,67.85499797063919,77.81399023305184,9.95899226241265,9.95899226241265,14.676873569021252,0.3738466272547889,0.40417046623044106,0.030323838975652162,0.030323838975652162,8.11130468083251,1.3101181359021097,1.2981553764182236,-0.011962759483886032,0.011962759483886032,-0.9131054029451183,1.1426386974928542,1.1008090062262033,-0.041829691266650926,0.041829691266650926,-3.660797709585056,1408.848534609433,1557.4761289481207,148.6275943386877,148.6275943386877,10.549579368366299,565.6118790702247,770.7738959578234,205.1620168875986,205.1620168875986,36.27257921542456,2.4908397202077053,2.0206653820478446,-0.47017433815986065,0.47017433815986065,-18.87613780788167
s6_sit,msptdfast,MSPTDfast v2,mid_upslope,lipponen_tarvainen,1.0,100.0,True,False,642,643,0.9819560564644773,0.0,0.022192655770374537,642,0,1,0.9984447900466563,1.0,0.9992217898832686,255.50000000000327,5.664586583464432,7.800256006039141,0.001560062402518447,7.806347421323355,641,775.2523364485982,775.3244929797191,0.07215653112098153,0.07215653112098153,0.009307489668657807,51.22403640488481,54.39715792007484,3.173121515190033,3.173121515190033,6.194594838464231,35.84713601790884,38.73788116946965,2.8907451515608145,2.8907451515608145,8.064089555485353,15.912636505460217,17.34375,1.4311134945397832,1.4311134945397832,8.9935661764706,35.874867571113896,38.76803908327369,2.893171512159796,2.893171512159796,8.064619350649117,25.367362133704006,27.413143329087934,2.0457811953839276,2.0457811953839276,8.064619350649107,67.85499797063919,71.87921224096716,4.024214270327974,4.024214270327974,5.930608489693344,0.3738466272547889,0.38137790432633545,0.007531277071546549,0.007531277071546549,2.0145365833175575,1.3101181359021097,1.4075438177014954,0.09742568179938571,0.09742568179938571,7.436404330995783,1.1426386974928542,1.1139067479336155,-0.028731949559238634,0.028731949559238634,-2.514526212203514,1408.848534609433,1542.0867957426324,133.23826113319933,133.23826113319933,9.45724525100466,565.6118790702247,737.6298109944465,172.01793192422178,172.01793192422178,30.412715554523302,2.4908397202077053,2.090597170501617,-0.4002425497060882,0.4002425497060882,-16.068579060266188
s6_sit,msptd,MSPTD,mid_upslope,lipponen_tarvainen,1.0,100.0,True,False,642,643,0.9819560564644773,0.0,0.9120264166220207,642,0,1,0.9984447900466563,1.0,0.9992217898832686,255.50000000000327,5.664586583464432,7.800256006039141,0.001560062402518447,7.806347421323355,641,775.2523364485982,775.3244929797191,0.07215653112098153,0.07215653112098153,0.009307489668657807,51.22403640488481,54.39715792007484,3.173121515190033,3.173121515190033,6.194594838464231,35.84713601790884,38.73788116946965,2.8907451515608145,2.8907451515608145,8.064089555485353,15.912636505460217,17.34375,1.4311134945397832,1.4311134945397832,8.9935661764706,35.874867571113896,38.76803908327369,2.893171512159796,2.893171512159796,8.064619350649117,25.367362133704006,27.413143329087934,2.0457811953839276,2.0457811953839276,8.064619350649107,67.85499797063919,71.87921224096716,4.024214270327974,4.024214270327974,5.930608489693344,0.3738466272547889,0.38137790432633545,0.007531277071546549,0.007531277071546549,2.0145365833175575,1.3101181359021097,1.4075438177014954,0.09742568179938571,0.09742568179938571,7.436404330995783,1.1426386974928542,1.1139067479336155,-0.028731949559238634,0.028731949559238634,-2.514526212203514,1408.848534609433,1542.0867957426324,133.23826113319933,133.23826113319933,9.45724525100466,565.6118790702247,737.6298109944465,172.01793192422178,172.01793192422178,30.412715554523302,2.4908397202077053,2.090597170501617,-0.4002425497060882,0.4002425497060882,-16.068579060266188
s6_sit,qppg,qppg (slope-sum),mid_upslope,lipponen_tarvainen,1.0,100.0,True,False,644,643,0.9819560564644773,0.0,0.0032567835127994956,643,1,0,1.0,0.9984472049689441,0.9992229992229993,255.99999999996302,5.735202492212934,7.88013789274796,-0.00623052959498618,7.886279785668853,642,775.2523364485982,775.4074650077761,0.15512855917791057,0.15512855917791057,0.020010073092916907,51.22403640488481,54.520013247415235,3.295976842530429,3.295976842530429,6.434434054509845,35.84713601790884,38.77181829732619,2.924682279417354,2.924682279417354,8.158761352528176,15.912636505460217,17.601246105919003,1.6886096004587863,1.6886096004587863,10.611752489157668,35.874867571113896,38.80129744122653,2.926429870112635,2.926429870112635,8.157325917124691,25.367362133704006,27.436660539527516,2.0692984058235098,2.0692984058235098,8.157325917124682,67.85499797063919,72.0561818821633,4.201183911524112,4.201183911524112,6.191414099432972,0.3738466272547889,0.3807676152532744,0.006920987998485506,0.006920987998485506,1.851290741689271,1.3101181359021097,1.420605530627867,0.11048739472575742,0.11048739472575742,8.433391745216852,1.1426386974928542,1.160272932875924,0.01763423538306985,0.01763423538306985,1.543290580107465,1408.848534609433,1541.676668655471,132.82813404603803,132.82813404603803,9.428134450440494,565.6118790702247,741.5377178148891,175.92583874466436,175.92583874466436,31.103632235210164,2.4908397202077053,2.0790266383190525,-0.41181308188865273,0.41181308188865273,-16.533102413121654
s6_sit,terma,TERMA,mid_upslope,lipponen_tarvainen,1.0,100.0,True,False,644,643,0.9819560564644773,0.0,0.000393916681619755,643,1,0,1.0,0.9984472049689441,0.9992229992229993,255.0000000000435,5.663551401870244,7.7966763427609775,-0.00623052959498618,7.802753132052311,642,775.2523364485982,775.4074650077761,0.15512855917791057,0.15512855917791057,0.020010073092916907,51.22403640488481,54.50241133549125,3.2783749306064465,3.2783749306064465,6.400071452186098,35.84713601790884,38.75990477372826,2.912768755819421,2.912768755819421,8.125527111466406,15.912636505460217,17.445482866043612,1.5328463605833953,1.5328463605833953,9.632887422881925,35.874867571113896,38.78938407591792,2.914516504804027,2.914516504804027,8.12411780761741,25.367362133704006,27.428236518131047,2.0608743844270414,2.0608743844270414,8.124117807617404,67.85499797063919,72.03275313544272,4.1777551648035285,4.1777551648035285,6.156886433938499,0.3738466272547889,0.3807745133183777,0.006927886063588795,0.006927886063588795,1.853135900800092,1.3101181359021097,1.4100936757360045,0.09997553983389484,0.09997553983389484,7.631032430907809,1.1426386974928542,1.1605487907281526,0.017910093235298463,0.017910093235298463,1.56743275670571,1408.848534609433,1542.5479260598938,133.69939145046078,133.69939145046078,9.489976258343875,565.6118790702247,737.7663881922061,172.1545091219814,172.1545091219814,30.436862359569925,2.4908397202077053,2.0908351894963566,-0.40000453071134867,0.40000453071134867,-16.059023287054107
s6_sit,heartpy,HeartPy,mid_upslope,lipponen_tarvainen,1.0,100.0,True,False,644,643,0.9819560564644773,0.0,0.022965134547591592,643,1,0,1.0,0.9984472049689441,0.9992229992229993,255.0000000000435,5.663551401870244,7.7966763427609775,-0.00623052959498618,7.802753132052311,642,775.2523364485982,775.4074650077761,0.15512855917791057,0.15512855917791057,0.020010073092916907,51.22403640488481,54.50241133549125,3.2783749306064465,3.2783749306064465,6.400071452186098,35.84713601790884,38.75990477372826,2.912768755819421,2.912768755819421,8.125527111466406,15.912636505460217,17.445482866043612,1.5328463605833953,1.5328463605833953,9.632887422881925,35.874867571113896,38.78938407591792,2.914516504804027,2.914516504804027,8.12411780761741,25.367362133704006,27.428236518131047,2.0608743844270414,2.0608743844270414,8.124117807617404,67.85499797063919,72.03275313544272,4.1777551648035285,4.1777551648035285,6.156886433938499,0.3738466272547889,0.3807745133183777,0.006927886063588795,0.006927886063588795,1.853135900800092,1.3101181359021097,1.4100936757360045,0.09997553983389484,0.09997553983389484,7.631032430907809,1.1426386974928542,1.1605487907281526,0.017910093235298463,0.017910093235298463,1.56743275670571,1408.848534609433,1542.5479260598938,133.69939145046078,133.69939145046078,9.489976258343875,565.6118790702247,737.7663881922061,172.1545091219814,172.1545091219814,30.436862359569925,2.4908397202077053,2.0908351894963566,-0.40000453071134867,0.40000453071134867,-16.059023287054107
s6_sit,findpeaks,find_peaks baseline,mid_upslope,lipponen_tarvainen,1.0,100.0,True,False,645,643,0.9819560564644773,0.0015527950310559005,0.00015430337232586502,643,1,0,1.0,0.9984472049689441,0.9992229992229993,255.99999999996302,5.7476635514030905,7.985578902308198,-0.00623052959498618,7.991803043001989,642,775.2523364485982,775.4074650077761,0.15512855917791057,0.15512855917791057,0.020010073092916907,51.22403640488481,54.47837097131652,3.254334566431716,3.254334566431716,6.353139648560333,35.84713601790884,38.76689662770611,2.9197606097972724,2.9197606097972724,8.145031749087547,15.912636505460217,17.289719626168225,1.3770831207080079,1.3770831207080079,8.654022356606207,35.874867571113896,38.796381515614904,2.921513944501008,2.921513944501008,8.143622938007397,25.367362133704006,27.433184455191725,2.065822321487719,2.065822321487719,8.143622938007384,67.85499797063919,71.99448727523651,4.139489304597319,4.139489304597319,6.100492857414089,0.3738466272547889,0.38104562576179,0.00719899850700112,0.00719899850700112,1.9256555983571206,1.3101181359021097,1.4072076708468697,0.09708953494476003,0.09708953494476003,7.410746579575204,1.1426386974928542,1.159194703706706,0.016556006213851893,0.016556006213851893,1.4489274912689916,1408.848534609433,1542.0763719508095,133.22783734137647,133.22783734137647,9.45650537077149,565.6118790702247,737.1219121902818,171.51003312005707,171.51003312005707,30.322919207777616,2.4908397202077053,2.092023512594665,-0.39881620761304015,0.39881620761304015,-16.01131555665829
s7_sit,msptdfast,MSPTDfast v2,mid_upslope,none,1.0,100.0,True,False,543,544,0.9881188588412922,0.0,0.022005723184383312,543,0,1,0.9981617647058824,1.0,0.9990800367985281,257.5972485304309,4.638482770450324,6.029418282906084,-0.001252404867949739,6.03498805531769,542,929.9779005524862,929.8695963036192,-0.10830424886694345,0.10830424886694345,-0.011645894897352023,51.70095202801028,52.32145472487973,0.6205026968694511,0.6205026968694511,1.2001765393667767,50.56879425129114,51.44540640257966,0.8766121512885192,0.8766121512885192,1.7335041585772777,33.025830258302584,34.195933456561924,1.1701031982593406,1.1701031982593406,3.5429940416567742,50.615449655065476,51.492981546970796,0.8775318919053205,0.8775318919053205,1.7337233945080623,35.7905276839031,36.41103643537681,0.6205087514737073,0.6205087514737073,1.7337233945080475,63.757470223598155,64.41510439917754,0.657634175579382,0.657634175579382,1.0314621538041764,0.561354262620291,0.5652561891344495,0.003901926514158549,0.003901926514158549,0.6950916335693481,1.8267763094653138,1.881768374600193,0.0549920651348792,0.0549920651348792,3.010333824121851,0.8630132618839237,0.864508905145508,0.0014956432615843562,0.0014956432615843562,0.1733047830944598,657.0905559531319,677.4671846831363,20.376628730004427,20.376628730004427,3.101038136280538,815.9542415345144,828.3259284320401,12.371686897525706,12.371686897525706,1.516223124750114,0.8053031928817266,0.8178751400013903,0.012571947119663696,0.012571947119663696,1.5611445764514824
s7_sit,msptd,MSPTD,mid_upslope,none,1.0,100.0,True,False,544,544,0.9881188588412922,0.0,0.8757144494600035,543,1,1,0.9981617647058824,0.9981617647058824,0.9981617647058824,257.63209657645837,4.635358615329706,6.026722953178761,-0.001252404867949739,6.032290235619622,542,929.9779005524862,929.6256070770844,-0.3522934754017797,0.3522934754017797,-0.03788191904264471,51.70095202801028,52.5822253050458,0.8812732770355254,0.8812732770355254,1.7045590892757132,50.56879425129114,51.82955441079632,1.2607601595051818,1.2607601595051818,2.4931584352992395,33.025830258302584,34.50184501845018,1.4760147601475992,1.4760147601475992,4.469273743016753,50.615449655065476,51.87695117094582,1.2615015158803473,1.2615015158803473,2.492325020279849,35.7905276839031,36.6825439602592,0.8920162763561024,0.8920162763561024,2.4923250202798473,63.757470223598155,64.6851745353203,0.9277043117221453,0.9277043117221453,1.4550519468050975,0.561354262620291,0.5670935299127823,0.005739267292491301,0.005739267292491301,1.0223966708120347,1.8267763094653138,1.8814946669828005,0.05471835751748677,0.05471835751748677,2.9953507298056925,0.8630132618839237,0.853628346841394,-0.009384915042529696,0.009384915042529696,-1.087458960021402,657.0905559531319,678.5317862225876,21.441230269455673,21.441230269455673,3.2630556131421566,815.9542415345144,831.1549695751125,15.200728040598165,15.200728040598165,1.8629387858822941,0.8053031928817266,0.8163721701254507,0.011068977243724132,0.011068977243724132,1.3745105373436428
s7_sit,qppg,qppg (slope-sum),mid_upslope,none,1.0,100.0,True,False,536,544,0.9881188588412922,0.003738317757009346,0.0029319383730713796,536,0,8,0.9852941176470589,1.0,0.9925925925925926,257.7086103221474,4.29604838070897,5.423137503661204,-0.05837017843728765,5.427936830569392,531,929.9779005524862,933.8396035532321,3.8617030007459334,3.8617030007459334,0.41524674924551996,51.70095202801028,75.71359076357243,24.01263873556215,24.01263873556215,46.445254475300004,50.56879425129114,91.08143174832364,40.5126374970325,40.5126374970325,80.11390838332697,33.025830258302584,33.64661654135339,0.6207862830508049,0.6207862830508049,1.879699248120314,50.615449655065476,91.16710116088768,40.55165150582221,40.55165150582221,80.11714166756175,35.7905276839031,64.46487545198366,28.67434776808056,28.67434776808056,80.11714166756175,63.757470223598155,85.49488572767189,21.73741550407373,21.73741550407373,34.0939115492512,0.561354262620291,0.7540202539988716,0.19266599137858065,0.19266599137858065,34.321640398570025,1.8267763094653138,1.5911435068055169,-0.2356328026597969,0.2356328026597969,-12.898831752901657,0.8630132618839237,0.7413495093293163,-0.12166375255460737,0.12166375255460737,-14.097553065293601,657.0905559531319,2058.728567403847,1401.638011450715,1401.638011450715,213.30971793036838,815.9542415345144,2178.2486297212695,1362.294388186755,1362.294388186755,166.9572040736957,0.8053031928817266,0.9451302019950237,0.13982700911329715,0.13982700911329715,17.36327514273662
s7_sit,terma,TERMA,mid_upslope,none,1.0,100.0,True,False,543,544,0.9881188588412922,0.0,0.0004279108002843923,543,0,1,0.9981617647058824,1.0,0.9990800367985281,257.63209657645837,4.63534456210211,6.027028881724241,-0.001252404867949739,6.032596446784749,542,929.9779005524862,929.8695963036192,-0.10830424886694345,0.10830424886694345,-0.011645894897352023,51.70095202801028,52.32246252132226,0.6215104933119804,0.6215104933119804,1.2021258196082378,50.56879425129114,51.449369172698546,0.8805749214074083,0.8805749214074083,1.7413405528942887,33.025830258302584,34.380776340110906,1.3549460818083219,1.3549460818083219,4.102685901341399,50.615449655065476,51.49694798750929,0.8814983324438117,0.8814983324438117,1.7415598171132585,35.7905276839031,36.41384113237875,0.6233134484756491,0.6233134484756491,1.7415598171132476,63.757470223598155,64.415156155801,0.6576859322028454,0.6576859322028454,1.0315433311521514,0.561354262620291,0.5652992759080574,0.003945013287766419,0.003945013287766419,0.7027671384112905,1.8267763094653138,1.8839791913248232,0.05720288185950939,0.05720288185950939,3.1313566725776254,0.8630132618839237,0.8644108135704808,0.0013975516865570858,0.0013975516865570858,0.16193861071222543,657.0905559531319,677.4193302444875,20.328774291355558,20.328774291355558,3.0937553594676137,815.9542415345144,828.3771468968046,12.42290536229018,12.42290536229018,1.5225002493923183,0.8053031928817266,0.8177668019719975,0.012463609090270888,0.012463609090270888,1.547691503081051
s7_sit,heartpy,HeartPy,mid_upslope,none,1.0,100.0,True,False,538,544,0.9881188588412922,0.0,0.0185174699413128,537,1,7,0.9871323529411765,0.9981412639405205,0.9926062846580406,257.5972485304309,4.619497573926992,6.025886645401612,-0.01500473890569469,6.031560802391955,530,929.9779005524862,940.0124853684486,10.034584815962376,10.034584815962376,1.0790132550462732,51.70095202801028,108.673081491116,56.972129463105716,56.972129463105716,110.19551329004474,50.56879425129114,145.52490437601702,94.95611012472588,94.95611012472588,187.77610091484715,33.025830258302584,36.007462686567166,2.9816324282645823,2.9816324282645823,9.028183106812312,50.615449655065476,145.6606696605761,95.04522000551063,95.04522000551063,187.77906874921683,35.7905276839031,102.99764726916698,67.20711958526388,67.20711958526388,187.77906874921683,63.757470223598155,114.06648034618118,50.309010122583025,50.309010122583025,78.9068480072198,0.561354262620291,0.9029615620345143,0.3416072994142233,0.3416072994142233,60.85413831537821,1.8267763094653138,1.2666313915002554,-0.5601449179650584,0.5601449179650584,-30.6630272717413,0.8630132618839237,0.5941454897779437,-0.26886777210598,0.26886777210598,-31.1545353913858,657.0905559531319,3471.1260100586264,2814.0354541054944,2814.0354541054944,428.2568709306195,815.9542415345144,3856.347183081856,3040.3929415473417,3040.3929415473417,372.6180693453427,0.8053031928817266,0.9001072375658421,0.09480404468411552,0.09480404468411552,11.772466013063381
s7_sit,findpeaks,find_peaks baseline,mid_upslope,none,1.0,100.0,True,False,544,544,0.9881188588412922,0.0,0.00014391358322463893,543,1,1,0.9981617647058824,0.9981617647058824,0.9981617647058824,257.63209657645837,4.63534456210211,6.027028881724241,-0.001252404867949739,6.032596446784749,542,929.9779005524862,929.6256070770844,-0.3522934754017797,0.3522934754017797,-0.03788191904264471,51.70095202801028,52.58245221646443,0.8815001884541545,0.8815001884541545,1.7049979814232044,50.56879425129114,51.829939116884226,1.2611448655930886,1.2611448655930886,2.493919193180859,33.025830258302584,34.50184501845018,1.4760147601475992,1.4760147601475992,4.469273743016753,50.615449655065476,51.87733623600369,1.2618865809382172,1.2618865809382172,2.493085786133939,35.7905276839031,36.682816242372816,0.8922885584697156,0.8922885584697156,2.493085786133925,63.757470223598155,64.68538903586992,0.9279188122717628,0.9279188122717628,1.4553883788323803,0.561354262620291,0.567095858726785,0.005741596106494051,0.005741596106494051,1.0228115271973555,1.8267763094653138,1.8814946669828005,0.05471835751748677,0.05471835751748677,2.9953507298056925,0.8630132618839237,0.8536220924212218,-0.00939116946270191,0.00939116946270191,-1.0881836789160526,657.0905559531319,678.5366407246034,21.446084771471533,21.446084771471533,3.2637944005089627,815.9542415345144,831.1748477934517,15.220606258937323,15.220606258937323,1.8653749786645972,0.8053031928817266,0.816358486455573,0.011055293573846381,0.011055293573846381,1.3728113425560518
s7_sit,msptdfast,MSPTDfast v2,mid_upslope,median_mad,1.0,100.0,True,False,543,544,0.9881188588412922,0.007380073800738007,0.024407101016793557,543,0,1,0.9981617647058824,1.0,0.9990800367985281,257.5972485304309,4.638482770450324,6.029418282906084,-0.001252404867949739,6.03498805531769,542,929.9779005524862,929.9183932480955,-0.05950730439064955,0.05950730439064955,-0.006398786934108556,51.70095202801028,52.43331953663334,0.7323675086230637,0.7323675086230637,1.4165454984780268,50.56879425129114,51.24994154987206,0.6811472985809246,0.6811472985809246,1.3469716030722512,33.025830258302584,33.70577281191806,0.6799425536154757,0.6799425536154757,2.058820469606636,50.615449655065476,51.297688889665054,0.682239234599578,0.682239234599578,1.3478873333120753,35.7905276839031,36.27294367307998,0.48241598917687867,0.48241598917687867,1.3478873333120671,63.757470223598155,64.67441188407481,0.9169416604766596,0.9169416604766596,1.4381713346858573,0.561354262620291,0.5608546350308861,-0.0004996275894049163,0.0004996275894049163,-0.08900397176512978,1.8267763094653138,1.865653193925146,0.03887688445983217,0.03887688445983217,2.1281688545222703,0.8630132618839237,0.812188286235374,-0.05082497564854971,0.05082497564854971,-5.889246190446808,657.0905559531319,673.8999230821307,16.809367128998815,16.809367128998815,2.558150771869832,815.9542415345144,811.8867046455896,-4.067536888924792,4.067536888924792,-0.4985006121513908,0.8053031928817266,0.8300418263115987,0.024738633429872148,0.024738633429872148,3.0719651490945306
s7_sit,msptd,MSPTD,mid_upslope,median_mad,1.0,100.0,True,False,544,544,0.9881188588412922,0.007366482504604052,0.8894421713321219,543,1,1,0.9981617647058824,0.9981617647058824,0.9981617647058824,257.63209657645837,4.635358615329706,6.026722953178761,-0.001252404867949739,6.032290235619622,542,929.9779005524862,929.67250280848,-0.3053977440061999,0.3053977440061999,-0.03283924745144671,51.70095202801028,52.69548316188432,0.994531133874041,0.994531133874041,1.9236224766910075,50.56879425129114,51.638761177671384,1.0699669263802463,1.0699669263802463,2.1158640268606512,33.025830258302584,34.014869888475836,0.9890396301732522,0.9890396301732522,2.994745695831859,50.615449655065476,51.68632783292731,1.070878177861836,1.070878177861836,2.115714046125569,35.7905276839031,36.5477529052939,0.7572252213907973,0.7572252213907973,2.1157140461255666,63.757470223598155,64.94528196029677,1.1878117366986132,1.1878117366986132,1.8630157886329934,0.561354262620291,0.5627468509203912,0.0013925883001002504,0.0013925883001002504,0.24807655215797647,1.8267763094653138,1.8655029434736041,0.03872663400829035,0.03872663400829035,2.119943958525792,0.8630132618839237,0.8719242414399367,0.008910979556013054,0.008910979556013054,1.032542598077895,657.0905559531319,675.0496929186125,17.95913696548064,17.95913696548064,2.733129673341646,815.9542415345144,815.401531093587,-0.5527104409273988,0.5527104409273988,-0.06773792117165182,0.8053031928817266,0.8278739580158261,0.022570765134099502,0.022570765134099502,2.8027661300250712
s7_sit,qppg,qppg (slope-sum),mid_upslope,median_mad,1.0,100.0,True,False,536,544,0.9881188588412922,0.018691588785046728,0.002924503766244883,536,0,8,0.9852941176470589,1.0,0.9925925925925926,257.7086103221474,4.29604838070897,5.423137503661204,-0.05837017843728765,5.427936830569392,531,929.9779005524862,930.6264321348517,0.6485315823655355,0.6485315823655355,0.06973623588047119,51.70095202801028,52.64807009447584,0.9471180664655634,0.9471180664655634,1.8319161046636794,50.56879425129114,50.83297399366238,0.2641797423712404,0.2641797423712404,0.5224165343125524,33.025830258302584,32.63358778625955,-0.3922424720430371,0.3922424720430371,-1.1876839097615983,50.615449655065476,50.88144797389872,0.26599831883324754,0.26599831883324754,0.5255279181474722,35.7905276839031,35.978616898934305,0.18808921503120501,0.18808921503120501,0.5255279181474565,63.757470223598155,65.18571695843654,1.428246734838389,1.428246734838389,2.2401245372965892,0.561354262620291,0.5519401883985543,-0.009414074221736679,0.009414074221736679,-1.6770290792473255,1.8267763094653138,1.8736368527806102,0.04686054331529643,0.04686054331529643,2.56520423833459,0.8630132618839237,0.9405113815994196,0.07749811971549592,0.07749811971549592,8.979945400412573,657.0905559531319,710.0119913133346,52.921435360202736,52.921435360202736,8.053902902840907,815.9542415345144,781.3664409641028,-34.58780057041156,34.58780057041156,-4.238938755360158,0.8053031928817266,0.9086799151973737,0.1033767223156471,0.1033767223156471,12.836993970646017
s7_sit,terma,TERMA,mid_upslope,median_mad,1.0,100.0,True,False,543,544,0.9881188588412922,0.007380073800738007,0.00037688829547506605,543,0,1,0.9981617647058824,1.0,0.9990800367985281,257.63209657645837,4.63534456210211,6.027028881724241,-0.001252404867949739,6.032596446784749,542,929.9779005524862,929.9183932480955,-0.05950730439064955,0.05950730439064955,-0.006398786934108556,51.70095202801028,52.43433267379156,0.7333806457812813,0.7333806457812813,1.4185051087336922,50.56879425129114,51.25394906189123,0.6851548106000891,0.6851548106000891,1.3548964746822998,33.025830258302584,33.89199255121043,0.8661622929078447,0.8661622929078447,2.6226813561790605,50.615449655065476,51.30170014127699,0.6862504862115131,0.6862504862115131,1.3558122883194317,35.7905276839031,36.27578005629582,0.485252372392722,0.485252372392722,1.3558122883194197,63.757470223598155,64.67446379521782,0.9169935716196633,0.9169935716196633,1.4382527543890256,0.561354262620291,0.5608980411674961,-0.00045622145279489157,0.00045622145279489157,-0.0812715753979207,1.8267763094653138,1.867829187964816,0.04105287849950212,0.04105287849950212,2.2472854660304877,0.8630132618839237,0.8121240369522661,-0.050889224931657595,0.050889224931657595,-5.896690952415775,657.0905559531319,673.8525997385799,16.762043785447986,16.762043785447986,2.550948820308957,815.9542415345144,811.9388301300995,-4.015411404414863,4.015411404414863,-0.4921123268951122,0.8053031928817266,0.8299302542663298,0.024627061384603244,0.024627061384603244,3.0581104858751225
s7_sit,heartpy,HeartPy,mid_upslope,median_mad,1.0,100.0,True,False,538,544,0.9881188588412922,0.020484171322160148,0.01841717983034626,537,1,7,0.9871323529411765,0.9981412639405205,0.9926062846580406,257.5972485304309,4.619497573926992,6.025886645401612,-0.01500473890569469,6.031560802391955,530,929.9779005524862,930.1417787307281,0.16387817824193007,0.16387817824193007,0.017621728230807685,51.70095202801028,51.7394183140338,0.03846628602352098,0.03846628602352098,0.07440150425601623,50.56879425129114,52.058611756325725,1.489817505034587,1.489817505034587,2.9461202844411276,33.025830258302584,34.476190476190474,1.4503602178878907,1.4503602178878907,4.391593508911937,50.615449655065476,52.107750059847014,1.4923004047815382,1.4923004047815382,2.9483100811141214,35.7905276839031,36.84574341969155,1.055215735788451,1.055215735788451,2.948310081114109,63.757470223598155,63.21650106419533,-0.5409691594028274,0.5409691594028274,-0.8484796487464803,0.561354262620291,0.5828500913436399,0.021495828723348875,0.021495828723348875,3.829280394703086,1.8267763094653138,1.897547244025045,0.07077093455973116,0.07077093455973116,3.8740886989302687,0.8630132618839237,0.85501640152688,-0.007996860357043722,0.007996860357043722,-0.9266207960219399,657.0905559531319,693.6730038631842,36.58244791005234,36.58244791005234,5.567337344696465,815.9542415345144,804.0126661516418,-11.941575382872543,11.941575382872543,-1.463510424360901,0.8053031928817266,0.8627637760775688,0.05746058319584224,0.05746058319584224,7.135273236682841
s7_sit,findpeaks,find_peaks baseline,mid_upslope,median_mad,1.0,100.0,True,False,544,544,0.9881188588412922,0.007366482504604052,0.000139324759675004,543,1,1,0.9981617647058824,0.9981617647058824,0.9981617647058824,257.63209657645837,4.63534456210211,6.027028881724241,-0.001252404867949739,6.032596446784749,542,929.9779005524862,929.67250280848,-0.3053977440061999,0.3053977440061999,-0.03283924745144671,51.70095202801028,52.69571126905078,0.9947592410405051,0.9947592410405051,1.924063681654391,50.56879425129114,51.63915017597381,1.0703559246826728,1.0703559246826728,2.116633272614255,33.025830258302584,34.014869888475836,0.9890396301732522,0.9890396301732522,2.994745695831859,50.615449655065476,51.68671719696158,1.0712675418961055,1.0712675418961055,2.1164833053871637,35.7905276839031,36.54802822724288,0.7575005433397806,0.7575005433397806,2.1164833053871646,63.757470223598155,64.94549718804984,1.1880269644516872,1.1880269644516872,1.8633533612379278,0.561354262620291,0.5627492252683505,0.0013949626480594945,0.0013949626480594945,0.24849951999083147,1.8267763094653138,1.8655029434736041,0.03872663400829035,0.03872663400829035,2.119943958525792,0.8630132618839237,0.8719282293404804,0.008914967456556733,0.008914967456556733,1.0330046883747432,657.0905559531319,675.0546644162627,17.964108463130742,17.964108463130742,2.73388626580901,815.9542415345144,815.4211900039959,-0.5330515305184917,0.5330515305184917,-0.06532860586838973,0.8053031928817266,0.827860095729122,0.02255690284739542,0.02255690284739542,2.8010447551656874
s7_sit,msptdfast,MSPTDfast v2,mid_upslope,lipponen_tarvainen,1.0,100.0,True,False,543,544,0.9881188588412922,0.0,0.024436709011417004,543,0,1,0.9981617647058824,1.0,0.9990800367985281,257.99999999998624,4.880073800738742,6.68271438763374,-0.0018450184501566046,6.688887542231308,542,929.9779005524862,929.869003690037,-0.10889686244922814,0.10889686244922814,-0.011709618302169773,51.70095202801028,52.21899887366494,0.5180468456546592,0.5180468456546592,1.002006395112404,50.56879425129114,51.26665456814983,0.6978603168586943,0.6978603168586943,1.38002166591282,33.025830258302584,34.380776340110906,1.3549460818083219,1.3549460818083219,4.102685901341399,50.615449655065476,51.31406317989386,0.6986135248283816,0.6986135248283816,1.3802377131672205,35.7905276839031,36.284522044737884,0.4939943608347832,0.4939943608347832,1.3802377131672152,63.757470223598155,64.32014572993884,0.562675506340689,0.562675506340689,0.8825248310000063,0.561354262620291,0.5641237536538831,0.002769491033592142,0.002769491033592142,0.49335886765421605,1.8267763094653138,1.8745597126257074,0.047783403160393645,0.047783403160393645,2.615722730408057,0.8630132618839237,0.8657600319948278,0.002746770110904073,0.002746770110904073,0.3182766977309228,657.0905559531319,673.4740715159645,16.3835155628326,16.3835155628326,2.4933421146295065,815.9542415345144,816.9268906406978,0.9726491061834395,0.9726491061834395,0.11920387892760247,0.8053031928817266,0.8243994404294533,0.019096247547726763,0.019096247547726763,2.3713115403643252
s7_sit,msptd,MSPTD,mid_upslope,lipponen_tarvainen,1.0,100.0,True,False,544,544,0.9881188588412922,0.0,0.898374844865677,543,1,1,0.9981617647058824,0.9981617647058824,0.9981617647058824,257.99999999998624,4.87269372693776,6.676914018599917,-0.0018450184501566046,6.683081814666304,542,929.9779005524862,929.6261510128913,-0.35174953959483446,0.35174953959483446,-0.03782342993160001,51.70095202801028,52.477285697001854,0.7763336689915761,0.7763336689915761,1.5015848616694292,50.56879425129114,51.64729232426489,1.0784980729737512,1.0784980729737512,2.132734404570492,33.025830258302584,34.31734317343174,1.2915129151291538,1.2915129151291538,3.9106145251396724,50.615449655065476,51.69452846362368,1.079078808558208,1.079078808558208,2.131915879265959,35.7905276839031,36.55355162686931,0.7630239429662069,0.7630239429662069,2.1319158792659523,63.757470223598155,64.58768374629416,0.8302135226960061,0.8302135226960061,1.302143136771955,0.561354262620291,0.5659523535548159,0.004598090934524901,0.004598090934524901,0.8191067995212007,1.8267763094653138,1.8633930142162298,0.03661670475091605,0.03661670475091605,2.0044438151069266,0.8630132618839237,0.8579095746063743,-0.005103687277549396,0.005103687277549396,-0.5913799362026314,657.0905559531319,674.5329535220119,17.442397568879983,17.442397568879983,2.6544891584355828,815.9542415345144,819.8651316291115,3.9108900945971072,3.9108900945971072,0.4793026245248924,0.8053031928817266,0.822736481281601,0.017433288399874458,0.017433288399874458,2.164810540175625
s7_sit,qppg,qppg (slope-sum),mid_upslope,lipponen_tarvainen,1.0,100.0,True,False,536,544,0.9881188588412922,0.007476635514018692,0.002940961874180405,538,1,6,0.9889705882352942,0.9981447124304267,0.9935364727608494,257.99999999998624,4.767354596624229,7.540634139578797,0.21200750469030843,7.54473415326988,533,929.9779005524862,935.3836126629423,5.405712110456079,5.405712110456079,0.5812731794212126,51.70095202801028,79.56550591150805,27.864553883497777,27.864553883497777,53.8956301392699,50.56879425129114,79.72006760599653,29.151273354705395,29.151273354705395,57.646763752847626,33.025830258302584,32.83582089552239,-0.1900093627801951,0.1900093627801951,-0.5753356124405907,50.615449655065476,79.79447617881401,29.179026523748533,29.179026523748533,57.64845856867413,35.7905276839031,56.42321520726782,20.632687523364723,20.632687523364723,57.64845856867412,63.757470223598155,97.35378907665992,33.59631885306177,33.59631885306177,52.69393333085379,0.561354262620291,0.5795687640142915,0.018214501394000493,0.018214501394000493,3.2447426886862485,1.8267763094653138,1.5665285457529223,-0.26024776371239144,0.26024776371239144,-14.246285238314941,0.8630132618839237,0.8276986094381509,-0.03531465244577281,0.03531465244577281,-4.092017354250423,657.0905559531319,5234.761548888238,4577.670992935106,4577.670992935106,696.6575537362642,815.9542415345144,1411.9102447945195,595.9560032600051,595.9560032600051,73.03791964353634,0.8053031928817266,3.707573883104781,2.9022706902230544,2.9022706902230544,360.3947824716132
s7_sit,terma,TERMA,mid_upslope,lipponen_tarvainen,1.0,100.0,True,False,543,544,0.9881188588412922,0.0,0.0004189347292417444,543,0,1,0.9981617647058824,1.0,0.9990800367985281,257.99999999998624,4.87269372693776,6.676914018599917,-0.0018450184501566046,6.683081814666304,542,929.9779005524862,929.869003690037,-0.10889686244922814,0.10889686244922814,-0.011709618302169773,51.70095202801028,52.21945904083598,0.518507012825701,0.518507012825701,1.0028964506200715,50.56879425129114,51.26925047591703,0.7004562246258956,0.7004562246258956,1.3851550842701996,33.025830258302584,34.195933456561924,1.1701031982593406,1.1701031982593406,3.5429940416567742,50.615449655065476,51.316661492119856,0.7012118370543803,0.7012118370543803,1.3853711501784607,35.7905276839031,36.28635932893253,0.4958316450294262,0.4958316450294262,1.3853711501784536,63.757470223598155,64.31985643397134,0.5623862103731838,0.5623862103731838,0.8820710865736817,0.561354262620291,0.5641548557587798,0.002800593138488794,0.002800593138488794,0.4988994161042222,1.8267763094653138,1.8633930142162298,0.03661670475091605,0.03661670475091605,2.0044438151069266,0.8630132618839237,0.8656074793890888,0.002594217505165086,0.002594217505165086,0.3005999582789739,657.0905559531319,673.3552016335661,16.264645680434228,16.264645680434228,2.4752517796944766,815.9542415345144,817.0778159987642,1.1235744642498275,1.1235744642498275,0.13770067082889242,0.8053031928817266,0.8241016809524842,0.01879848807075757,0.01879848807075757,2.3343367115543607
s7_sit,heartpy,HeartPy,mid_upslope,lipponen_tarvainen,1.0,100.0,True,False,538,544,0.9881188588412922,0.0111731843575419,0.018582152201709907,543,1,1,0.9981617647058824,0.9981617647058824,0.9981617647058824,257.99999999998624,5.197416974170799,7.436198489178507,-0.0018450184501566046,7.443067728971802,542,929.9779005524862,929.6261510128913,-0.35174953959483446,0.35174953959483446,-0.03782342993160001,51.70095202801028,52.35782204107525,0.6568700130649745,0.6568700130649745,1.2705182154268626,50.56879425129114,51.67893359118212,1.110139339890985,1.110139339890985,2.1953051409024655,33.025830258302584,34.132841328413285,1.1070110701107012,1.1070110701107012,3.3519553072625703,50.615449655065476,51.72619925118123,1.1107495961157525,1.1107495961157525,2.194487263642419,35.7905276839031,36.57594625551677,0.7854185716136683,0.7854185716136683,2.1944872636424213,63.757470223598155,64.38076741763304,0.6232971940348833,0.6232971940348833,0.9776065327701571,0.561354262620291,0.5681191405851292,0.006764877964838267,0.006764877964838267,1.2050995984712312,1.8267763094653138,1.8739100630897525,0.04713375362443872,0.04713375362443872,2.5801601093805777,0.8630132618839237,0.8549027760369193,-0.008110485847004356,0.008110485847004356,-0.9397869308867267,657.0905559531319,673.6586428420351,16.568086888903167,16.568086888903167,2.521431291136212,815.9542415345144,806.760947193653,-9.193294340861371,9.193294340861371,-1.1266923894619525,0.8053031928817266,0.835016426099182,0.029713233217455448,0.029713233217455448,3.689695195560882
s7_sit,findpeaks,find_peaks baseline,mid_upslope,lipponen_tarvainen,1.0,100.0,True,False,544,544,0.9881188588412922,0.0,0.0001406172177681554,543,1,1,0.9981617647058824,0.9981617647058824,0.9981617647058824,257.99999999998624,4.87269372693776,6.676914018599917,-0.0018450184501566046,6.683081814666304,542,929.9779005524862,929.6261510128913,-0.35174953959483446,0.35174953959483446,-0.03782342993160001,51.70095202801028,52.477285697001854,0.7763336689915761,0.7763336689915761,1.5015848616694292,50.56879425129114,51.64729232426489,1.0784980729737512,1.0784980729737512,2.132734404570492,33.025830258302584,34.31734317343174,1.2915129151291538,1.2915129151291538,3.9106145251396724,50.615449655065476,51.69452846362368,1.079078808558208,1.079078808558208,2.131915879265959,35.7905276839031,36.55355162686931,0.7630239429662069,0.7630239429662069,2.1319158792659523,63.757470223598155,64.58768374629416,0.8302135226960061,0.8302135226960061,1.302143136771955,0.561354262620291,0.5659523535548159,0.004598090934524901,0.004598090934524901,0.8191067995212007,1.8267763094653138,1.8633930142162298,0.03661670475091605,0.03661670475091605,2.0044438151069266,0.8630132618839237,0.8579095746063743,-0.005103687277549396,0.005103687277549396,-0.5913799362026314,657.0905559531319,674.5329535220119,17.442397568879983,17.442397568879983,2.6544891584355828,815.9542415345144,819.8651316291115,3.9108900945971072,3.9108900945971072,0.4793026245248924,0.8053031928817266,0.822736481281601,0.017433288399874458,0.017433288399874458,2.164810540175625
s8_sit,msptdfast,MSPTDfast v2,mid_upslope,none,1.0,100.0,True,False,697,698,0.9805123176859909,0.0,0.02178578257189411,697,0,1,0.998567335243553,1.0,0.9992831541218639,237.37716352499348,3.3000415969478563,4.7545417741171345,0.019526860925918165,4.757920950915248,696,700.8493543758967,700.8040096195466,-0.04534475635011859,0.04534475635011859,-0.006469971908656161,51.82554154129068,51.855057299956776,0.02951575866609346,0.02951575866609346,0.056952147123397696,23.21872510286055,23.12928966082654,-0.08943544203400933,0.08943544203400933,-0.385186704428448,3.5919540229885056,3.4532374100719423,-0.13871661291656334,0.13871661291656334,-3.8618705035971237,23.235293495142578,23.145822686212608,-0.0894708089299705,0.0894708089299705,-0.38506425128081423,16.429833593274996,16.366568177562367,-0.06326541571262823,0.06326541571262823,-0.38506425128081523,71.42712426097935,71.48446951088609,0.05734524990673151,0.05734524990673151,0.08028497647084921,0.23002233063792288,0.2289527821853664,-0.001069548452556468,0.001069548452556468,-0.46497592194213505,1.0827239482177928,1.180095447058858,0.09737149884106522,0.09737149884106522,8.993197111908591,1.3180806021470912,1.3219981827982619,0.003917580651170649,0.003917580651170649,0.2972185953415212,492.87552988095445,480.0420218595205,-12.833508021433943,12.833508021433943,-2.6038030381694246,142.84777245208284,143.64000719742378,0.7922347453409486,0.7922347453409486,0.5546006995710749,3.4503550277361565,3.341979934599517,-0.1083750931366394,0.1083750931366394,-3.140983819504115
s8_sit,msptd,MSPTD,mid_upslope,none,1.0,100.0,True,False,697,698,0.9805123176859909,0.0,0.8716150508644394,697,0,1,0.998567335243553,1.0,0.9992831541218639,237.37716352499348,3.3000789259296925,4.7545752692559295,0.019526860925918328,4.757954470425297,696,700.8493543758967,700.8040096195466,-0.04534475635011859,0.04534475635011859,-0.006469971908656161,51.82554154129068,51.85505709074279,0.029515549452106882,0.029515549452106882,0.05695174343444365,23.21872510286055,23.129302389175844,-0.089422713684705,0.089422713684705,-0.3851318850994455,3.5919540229885056,3.4532374100719423,-0.13871661291656334,0.13871661291656334,-3.8618705035971237,23.235293495142578,23.145835405465267,-0.08945808967731139,0.08945808967731139,-0.385009510191954,16.429833593274996,16.366577171432173,-0.06325642184282287,0.06325642184282287,-0.38500951019196433,71.42712426097935,71.48446714818502,0.05734288720566383,0.05734288720566383,0.08028166862233631,0.23002233063792288,0.22895291556842384,-0.0010694150694990356,0.0010694150694990356,-0.4649179349384113,1.0827239482177928,1.180095447058858,0.09737149884106522,0.09737149884106522,8.993197111908591,1.3180806021470912,1.3219989475554104,0.003918345408319146,0.003918345408319146,0.29727661585614307,492.87552988095445,480.0416941341502,-12.833835746804255,12.833835746804255,-2.6038695306914597,142.84777245208284,143.63981228962194,0.7920398375391073,0.7920398375391073,0.5544642551600102,3.4503550277361565,3.341982187822961,-0.10837283991319557,0.10837283991319557,-3.140918515399879
s8_sit,qppg,qppg (slope-sum),mid_upslope,none,1.0,100.0,True,False,699,698,0.9805123176859909,0.0,0.0034874249293500507,698,1,0,1.0,0.9985693848354793,0.9992841803865427,237.45226762066494,3.2919908172046286,4.7555545932336365,0.014949965328919115,4.758946197745041,697,700.8493543758967,700.7957482915339,-0.053606084362854745,0.053606084362854745,-0.007648731361191126,51.82554154129068,51.83659442156344,0.011052880272757193,0.011052880272757193,0.0213270907433762,23.21872510286055,23.15359287978041,-0.06513222308014122,0.06513222308014122,-0.28051593182485685,3.5919540229885056,3.1563845050215207,-0.43556951796698495,0.43556951796698495,-12.126255380200863,23.235293495142578,23.169861381280477,-0.06543211386210146,0.06543211386210146,-0.28160657353340635,16.429833593274996,16.383566101855735,-0.04626749141926112,0.04626749141926112,-0.28160657353339946,71.42712426097935,71.45378789285735,0.026663631877994476,0.026663631877994476,0.03732984094469672,0.23002233063792288,0.22928897942292945,-0.0007333512149934329,0.0007333512149934329,-0.31881740044961016,1.0827239482177928,1.184270891382356,0.10154694316456325,0.10154694316456325,9.378839669309393,1.3180806021470912,1.3498149947110758,0.03173439256398458,0.03173439256398458,2.407621545472314,492.87552988095445,478.9069637172927,-13.968566163661762,13.968566163661762,-2.8340960986713273,142.84777245208284,142.6880009764856,-0.15977147559723903,0.15977147559723903,-0.11184736930415427,3.4503550277361565,3.356322609048357,-0.09403241868779944,0.09403241868779944,-2.7252969022580813
s8_sit,terma,TERMA,mid_upslope,none,1.0,100.0,True,False,699,698,0.9805123176859909,0.0,0.0005983086160121809,698,1,0,1.0,0.9985693848354793,0.9992841803865427,237.38494018492105,3.3001223589017004,4.752830393814657,0.014683446952169206,4.756220859968058,697,700.8493543758967,700.7959781674443,-0.05337620845239144,0.05337620845239144,-0.007615931743266385,51.82554154129068,51.83601419772059,0.010472656429904248,0.010472656429904248,0.020207519532739325,23.21872510286055,23.137553848680394,-0.08117125418015547,0.08117125418015547,-0.34959393257192733,3.5919540229885056,3.443328550932568,-0.14862547205593746,0.14862547205593746,-4.137733142037299,23.235293495142578,23.153814824593418,-0.08147867054915992,0.08147867054915992,-0.35066770542921405,16.429833593274996,16.37221947280762,-0.05761412046737746,0.05761412046737746,-0.35066770542922526,71.42712426097935,71.45554677802697,0.028422517047616225,0.028422517047616225,0.039792330073049643,0.23002233063792288,0.2291245426148244,-0.000897788023098478,0.000897788023098478,-0.39030472415814366,1.0827239482177928,1.1854107864658765,0.10268683824808367,0.10268683824808367,9.4841199750971,1.3180806021470912,1.349988500628824,0.0319078984817327,0.0319078984817327,2.420785074126441,492.87552988095445,478.9325127604307,-13.943017120523734,13.943017120523734,-2.8289124282334384,142.84777245208284,142.984383879387,0.13661142730416032,0.13661142730416032,0.09563427203597841,3.4503550277361565,3.3495441933325343,-0.10081083440362226,0.10081083440362226,-2.9217525035319674
s8_sit,heartpy,HeartPy,mid_upslope,none,1.0,100.0,True,False,699,698,0.9805123176859909,0.0,0.020762617968018027,698,1,0,1.0,0.9985693848354793,0.9992841803865427,237.38494018492105,3.3001223589017004,4.752830393814657,0.014683446952169206,4.756220859968058,697,700.8493543758967,700.7959781674443,-0.05337620845239144,0.05337620845239144,-0.007615931743266385,51.82554154129068,51.83601419772059,0.010472656429904248,0.010472656429904248,0.020207519532739325,23.21872510286055,23.137553848680394,-0.08117125418015547,0.08117125418015547,-0.34959393257192733,3.5919540229885056,3.443328550932568,-0.14862547205593746,0.14862547205593746,-4.137733142037299,23.235293495142578,23.153814824593418,-0.08147867054915992,0.08147867054915992,-0.35066770542921405,16.429833593274996,16.37221947280762,-0.05761412046737746,0.05761412046737746,-0.35066770542922526,71.42712426097935,71.45554677802697,0.028422517047616225,0.028422517047616225,0.039792330073049643,0.23002233063792288,0.2291245426148244,-0.000897788023098478,0.000897788023098478,-0.39030472415814366,1.0827239482177928,1.1854107864658765,0.10268683824808367,0.10268683824808367,9.4841199750971,1.3180806021470912,1.349988500628824,0.0319078984817327,0.0319078984817327,2.420785074126441,492.87552988095445,478.9325127604307,-13.943017120523734,13.943017120523734,-2.8289124282334384,142.84777245208284,142.984383879387,0.13661142730416032,0.13661142730416032,0.09563427203597841,3.4503550277361565,3.3495441933325343,-0.10081083440362226,0.10081083440362226,-2.9217525035319674
s8_sit,findpeaks,find_peaks baseline,mid_upslope,none,1.0,100.0,True,False,699,698,0.9805123176859909,0.0,0.0001453854633622599,698,1,0,1.0,0.9985693848354793,0.9992841803865427,237.38494018492105,3.3001223589017004,4.752830393814657,0.014683446952169206,4.756220859968058,697,700.8493543758967,700.7959781674443,-0.05337620845239144,0.05337620845239144,-0.007615931743266385,51.82554154129068,51.83601419772059,0.010472656429904248,0.010472656429904248,0.020207519532739325,23.21872510286055,23.137553848680394,-0.08117125418015547,0.08117125418015547,-0.34959393257192733,3.5919540229885056,3.443328550932568,-0.14862547205593746,0.14862547205593746,-4.137733142037299,23.235293495142578,23.153814824593418,-0.08147867054915992,0.08147867054915992,-0.35066770542921405,16.429833593274996,16.37221947280762,-0.05761412046737746,0.05761412046737746,-0.35066770542922526,71.42712426097935,71.45554677802697,0.028422517047616225,0.028422517047616225,0.039792330073049643,0.23002233063792288,0.2291245426148244,-0.000897788023098478,0.000897788023098478,-0.39030472415814366,1.0827239482177928,1.1854107864658765,0.10268683824808367,0.10268683824808367,9.4841199750971,1.3180806021470912,1.349988500628824,0.0319078984817327,0.0319078984817327,2.420785074126441,492.87552988095445,478.9325127604307,-13.943017120523734,13.943017120523734,-2.8289124282334384,142.84777245208284,142.984383879387,0.13661142730416032,0.13661142730416032,0.09563427203597841,3.4503550277361565,3.3495441933325343,-0.10081083440362226,0.10081083440362226,-2.9217525035319674
s8_sit,msptdfast,MSPTDfast v2,mid_upslope,median_mad,1.0,100.0,True,False,697,698,0.9805123176859909,0.008620689655172414,0.02183305552080295,697,0,1,0.998567335243553,1.0,0.9992831541218639,237.37716352499348,3.3000415969478563,4.7545417741171345,0.019526860925918165,4.757920950915248,696,700.8493543758967,700.5733673327422,-0.27598704315448686,0.27598704315448686,-0.03937893948696751,51.82554154129068,51.29229660882136,-0.5332449324693229,0.5332449324693229,-1.0289230302484607,23.21872510286055,21.257221695139595,-1.9615034077209543,1.9615034077209543,-8.44793759791444,3.5919540229885056,2.9027576197387517,-0.689196403249754,0.689196403249754,-19.187227866473147,23.235293495142578,21.272526558911608,-1.9627669362309703,1.9627669362309703,-8.447351597436434,16.429833593274996,15.041947782777331,-1.3878858104976644,1.3878858104976644,-8.447351597436441,71.42712426097935,70.961533169139,-0.4655910918403521,0.4655910918403521,-0.6518407350955112,0.23002233063792288,0.21197326369660566,-0.01804906694131722,0.01804906694131722,-7.84665857930471,1.0827239482177928,1.1746297750920256,0.09190582687423277,0.09190582687423277,8.488389586792964,1.3180806021470912,1.370558040210085,0.052477438062993764,0.052477438062993764,3.9813527319581588,492.87552988095445,475.177200546368,-17.698329334586447,17.698329334586447,-3.590831409070191,142.84777245208284,139.3012278689006,-3.546544583182225,3.546544583182225,-2.482744058449974,3.4503550277361565,3.4111486870278522,-0.03920634070830431,0.03920634070830431,-1.136298740075694
s8_sit,msptd,MSPTD,mid_upslope,median_mad,1.0,100.0,True,False,697,698,0.9805123176859909,0.008620689655172414,0.8930209216816191,697,0,1,0.998567335243553,1.0,0.9992831541218639,237.37716352499348,3.3000789259296925,4.7545752692559295,0.019526860925918328,4.757954470425297,696,700.8493543758967,700.5733673327422,-0.27598704315448686,0.27598704315448686,-0.03937893948696751,51.82554154129068,51.29229639547007,-0.5332451458206151,0.5332451458206151,-1.0289234419205548,23.21872510286055,21.257235665044114,-1.9614894378164358,1.9614894378164358,-8.447877431370166,3.5919540229885056,2.9027576197387517,-0.689196403249754,0.689196403249754,-19.187227866473147,23.235293495142578,21.272540518759932,-1.962752976382646,1.962752976382646,-8.447291517074946,16.429833593274996,15.041957653880747,-1.3878759393942488,1.3878759393942488,-8.447291517074948,71.42712426097935,70.96153076829982,-0.4655934926795311,0.4655934926795311,-0.6518440963384619,0.23002233063792288,0.2119734099732857,-0.018048920664637175,0.018048920664637175,-7.846594986922335,1.0827239482177928,1.1746297750920256,0.09190582687423277,0.09190582687423277,8.488389586792964,1.3180806021470912,1.3705585589886453,0.052477956841554096,0.052477956841554096,3.9813920905952167,492.87552988095445,475.1768851320313,-17.69864474892313,17.69864474892313,-3.5908954037945304,142.84777245208284,139.30099178835806,-3.5467806637247747,3.5467806637247747,-2.482909325670104,3.4503550277361565,3.4111522038118305,-0.03920282392432606,0.03920282392432606,-1.1361968147969914
s8_sit,qppg,qppg (slope-sum),mid_upslope,median_mad,1.0,100.0,True,False,699,698,0.9805123176859909,0.008595988538681949,0.0034875597499285514,698,1,0,1.0,0.9985693848354793,0.9992841803865427,237.45226762066494,3.2919908172046286,4.7555545932336365,0.014949965328919115,4.758946197745041,697,700.8493543758967,700.5246727915201,-0.3246815843766626,0.3246815843766626,-0.046326872151546766,51.82554154129068,51.19748064717492,-0.6280608941157624,0.6280608941157624,-1.2118752171945388,23.21872510286055,21.09366517165196,-2.1250599312085896,2.1250599312085896,-9.15235406679061,3.5919540229885056,2.460202604920405,-1.1317514180681005,1.1317514180681005,-31.507959479015916,23.235293495142578,21.108544127750516,-2.126749367392062,2.126749367392062,-9.153098788430052,16.429833593274996,14.925994693707867,-1.5038388995671284,1.5038388995671284,-9.153098788430059,71.42712426097935,70.84898539597519,-0.5781388650041634,0.5781388650041634,-0.8094108099491285,0.23002233063792288,0.21067337253012783,-0.01934895810779505,0.01934895810779505,-8.411773784803596,1.0827239482177928,1.176121641913002,0.09339769369520923,0.09339769369520923,8.626177877467805,1.3180806021470912,1.2993772755011914,-0.018703326645899798,0.018703326645899798,-1.4189820118309122,492.87552988095445,472.99560738778416,-19.879922493170284,19.879922493170284,-4.033456986183091,142.84777245208284,137.94952124837087,-4.898251203711965,4.898251203711965,-3.429000760480913,3.4503550277361565,3.4287586003011956,-0.02159642743496093,0.02159642743496093,-0.6259189927226346
s8_sit,terma,TERMA,mid_upslope,median_mad,1.0,100.0,True,False,699,698,0.9805123176859909,0.008595988538681949,0.001302206152755852,698,1,0,1.0,0.9985693848354793,0.9992841803865427,237.38494018492105,3.3001223589017004,4.752830393814657,0.014683446952169206,4.756220859968058,697,700.8493543758967,700.5659328399767,-0.2834215359200698,0.2834215359200698,-0.04043972276645035,51.82554154129068,51.27448075884677,-0.551060782443912,0.551060782443912,-1.0632996126145027,23.21872510286055,21.271945312505306,-1.9467797903552437,1.9467797903552437,-8.384524911384563,3.5919540229885056,2.894356005788712,-0.6975980171997938,0.6975980171997938,-19.42112879884226,23.235293495142578,21.286961463108614,-1.9483320320339637,1.9483320320339637,-8.385226691633008,16.429833593274996,15.052154801420814,-1.3776787918541817,1.3776787918541817,-8.38522669163301,71.42712426097935,70.93361255436494,-0.493511706614413,0.493511706614413,-0.6909303877490957,0.23002233063792288,0.2122005951675525,-0.017821735470370387,0.017821735470370387,-7.7478284047228,1.0827239482177928,1.1801803473022523,0.09745639908445947,0.09745639908445947,9.001038468288858,1.3180806021470912,1.3141496846073832,-0.003930917539707979,0.003930917539707979,-0.2982304369933598,492.87552988095445,474.1519887909367,-18.72354109001776,18.72354109001776,-3.7988376283440384,142.84777245208284,138.73645160756763,-4.111320844515205,4.111320844515205,-2.878113374777556,3.4503550277361565,3.4176453505682223,-0.03270967716793427,0.03270967716793427,-0.9480090282012431
s8_sit,heartpy,HeartPy,mid_upslope,median_mad,1.0,100.0,True,False,699,698,0.9805123176859909,0.008595988538681949,0.02098776810938753,698,1,0,1.0,0.9985693848354793,0.9992841803865427,237.38494018492105,3.3001223589017004,4.752830393814657,0.014683446952169206,4.756220859968058,697,700.8493543758967,700.5659328399767,-0.2834215359200698,0.2834215359200698,-0.04043972276645035,51.82554154129068,51.27448075884677,-0.551060782443912,0.551060782443912,-1.0632996126145027,23.21872510286055,21.271945312505306,-1.9467797903552437,1.9467797903552437,-8.384524911384563,3.5919540229885056,2.894356005788712,-0.6975980171997938,0.6975980171997938,-19.42112879884226,23.235293495142578,21.286961463108614,-1.9483320320339637,1.9483320320339637,-8.385226691633008,16.429833593274996,15.052154801420814,-1.3776787918541817,1.3776787918541817,-8.38522669163301,71.42712426097935,70.93361255436494,-0.493511706614413,0.493511706614413,-0.6909303877490957,0.23002233063792288,0.2122005951675525,-0.017821735470370387,0.017821735470370387,-7.7478284047228,1.0827239482177928,1.1801803473022523,0.09745639908445947,0.09745639908445947,9.001038468288858,1.3180806021470912,1.3141496846073832,-0.003930917539707979,0.003930917539707979,-0.2982304369933598,492.87552988095445,474.1519887909367,-18.72354109001776,18.72354109001776,-3.7988376283440384,142.84777245208284,138.73645160756763,-4.111320844515205,4.111320844515205,-2.878113374777556,3.4503550277361565,3.4176453505682223,-0.03270967716793427,0.03270967716793427,-0.9480090282012431
s8_sit,findpeaks,find_peaks baseline,mid_upslope,median_mad,1.0,100.0,True,False,699,698,0.9805123176859909,0.008595988538681949,0.00014496874691300273,698,1,0,1.0,0.9985693848354793,0.9992841803865427,237.38494018492105,3.3001223589017004,4.752830393814657,0.014683446952169206,4.756220859968058,697,700.8493543758967,700.5659328399767,-0.2834215359200698,0.2834215359200698,-0.04043972276645035,51.82554154129068,51.27448075884677,-0.551060782443912,0.551060782443912,-1.0632996126145027,23.21872510286055,21.271945312505306,-1.9467797903552437,1.9467797903552437,-8.384524911384563,3.5919540229885056,2.894356005788712,-0.6975980171997938,0.6975980171997938,-19.42112879884226,23.235293495142578,21.286961463108614,-1.9483320320339637,1.9483320320339637,-8.385226691633008,16.429833593274996,15.052154801420814,-1.3776787918541817,1.3776787918541817,-8.38522669163301,71.42712426097935,70.93361255436494,-0.493511706614413,0.493511706614413,-0.6909303877490957,0.23002233063792288,0.2122005951675525,-0.017821735470370387,0.017821735470370387,-7.7478284047228,1.0827239482177928,1.1801803473022523,0.09745639908445947,0.09745639908445947,9.001038468288858,1.3180806021470912,1.3141496846073832,-0.003930917539707979,0.003930917539707979,-0.2982304369933598,492.87552988095445,474.1519887909367,-18.72354109001776,18.72354109001776,-3.7988376283440384,142.84777245208284,138.73645160756763,-4.111320844515205,4.111320844515205,-2.878113374777556,3.4503550277361565,3.4176453505682223,-0.03270967716793427,0.03270967716793427,-0.9480090282012431
s8_sit,msptdfast,MSPTDfast v2,mid_upslope,lipponen_tarvainen,1.0,100.0,True,False,697,698,0.9805123176859909,0.0,0.02456843975943477,697,0,1,0.998567335243553,1.0,0.9992831541218639,237.00000000000517,3.8563218390815743,7.907693038770596,0.020114942528768952,7.9133543798281085,696,700.8493543758967,700.8045977011494,-0.044756674747304714,0.044756674747304714,-0.006386062064244939,51.82554154129068,51.59520675533425,-0.23033478595642976,0.23033478595642976,-0.44444260321508916,23.21872510286055,21.073321809490334,-2.145403293370215,2.145403293370215,-9.239970256187327,3.5919540229885056,2.7338129496402876,-0.858141073348218,0.858141073348218,-23.89064748201439,23.235293495142578,21.08836077195451,-2.146932723188069,2.146932723188069,-9.239963866335035,16.429833593274996,14.91172290595741,-1.518110687317586,1.518110687317586,-9.239963866335044,71.42712426097935,71.42668437095007,-0.000439890029284129,0.000439890029284129,-0.0006158585185046306,0.23002233063792288,0.20876963612806523,-0.021252694509857645,0.021252694509857645,-9.239404909478731,1.0827239482177928,1.1735135968412274,0.09078964862343453,0.09078964862343453,8.385299759267165,1.3180806021470912,1.3540060990611973,0.03592549691410607,0.03592549691410607,2.7255918079353516,492.87552988095445,481.8889016299009,-10.98662825105356,10.98662825105356,-2.22908778890021,142.84777245208284,138.64352191471247,-4.2042505373703705,4.2042505373703705,-2.9431684269215004,3.4503550277361565,3.4757404815952255,0.025385453859068985,0.025385453859068985,0.7357345448513124
s8_sit,msptd,MSPTD,mid_upslope,lipponen_tarvainen,1.0,100.0,True,False,697,698,0.9805123176859909,0.0,0.9031053805617244,697,0,1,0.998567335243553,1.0,0.9992831541218639,237.00000000000517,3.8563218390815743,7.907693038770596,0.020114942528768952,7.9133543798281085,696,700.8493543758967,700.8045977011494,-0.044756674747304714,0.044756674747304714,-0.006386062064244939,51.82554154129068,51.59520675533425,-0.23033478595642976,0.23033478595642976,-0.44444260321508916,23.21872510286055,21.073321809490334,-2.145403293370215,2.145403293370215,-9.239970256187327,3.5919540229885056,2.7338129496402876,-0.858141073348218,0.858141073348218,-23.89064748201439,23.235293495142578,21.08836077195451,-2.146932723188069,2.146932723188069,-9.239963866335035,16.429833593274996,14.91172290595741,-1.518110687317586,1.518110687317586,-9.239963866335044,71.42712426097935,71.42668437095007,-0.000439890029284129,0.000439890029284129,-0.0006158585185046306,0.23002233063792288,0.20876963612806523,-0.021252694509857645,0.021252694509857645,-9.239404909478731,1.0827239482177928,1.1735135968412274,0.09078964862343453,0.09078964862343453,8.385299759267165,1.3180806021470912,1.3540060990611973,0.03592549691410607,0.03592549691410607,2.7255918079353516,492.87552988095445,481.8889016299009,-10.98662825105356,10.98662825105356,-2.22908778890021,142.84777245208284,138.64352191471247,-4.2042505373703705,4.2042505373703705,-2.9431684269215004,3.4503550277361565,3.4757404815952255,0.025385453859068985,0.025385453859068985,0.7357345448513124
s8_sit,qppg,qppg (slope-sum),mid_upslope,lipponen_tarvainen,1.0,100.0,True,False,699,698,0.9805123176859909,0.0,0.003485623238515668,698,1,0,1.0,0.9985693848354793,0.9992841803865427,237.0000000000104,3.7546628407469673,7.955128823939133,0.015781922525160776,7.960825998166197,697,700.8493543758967,700.7965616045846,-0.05279277131216986,0.05279277131216986,-0.007532684589426724,51.82554154129068,51.59636846946217,-0.22917307182851232,0.22917307182851232,-0.44220101712960297,23.21872510286055,21.256782190542143,-1.9619429123184062,1.9619429123184062,-8.44983048650115,3.5919540229885056,2.582496413199426,-1.0094576097890795,1.0094576097890795,-28.103299856527975,23.235293495142578,21.27165491504923,-1.963638580093349,1.963638580093349,-8.45110297618515,16.429833593274996,15.041331437491465,-1.3885021557835309,1.3885021557835309,-8.45110297618515,71.42712426097935,71.40118225254082,-0.025942008438534003,0.025942008438534003,-0.03631954766056027,0.23002233063792288,0.21065941715490596,-0.019362913483016914,0.019362913483016914,-8.417840750207851,1.0827239482177928,1.1784974192467266,0.09577347102893374,0.09577347102893374,8.845603829727857,1.3180806021470912,1.3890293612141282,0.07094875906703701,0.07094875906703701,5.382732964240945,492.87552988095445,480.58838980117105,-12.287140079783399,12.287140079783399,-2.4929499102443056,142.84777245208284,137.89402754396042,-4.953744908122417,4.953744908122417,-3.467848901727965,3.4503550277361565,3.4852009065291836,0.03484587879302703,0.03484587879302703,1.0099215446791303
s8_sit,terma,TERMA,mid_upslope,lipponen_tarvainen,1.0,100.0,True,False,699,698,0.9805123176859909,0.0,0.00041706091443963417,698,1,0,1.0,0.9985693848354793,0.9992841803865427,237.0000000000104,3.8005738880927353,7.821814031855844,0.015781922525161102,7.827415201328987,697,700.8493543758967,700.7965616045847,-0.052792771312056175,0.052792771312056175,-0.007532684589410503,51.82554154129068,51.586829919651315,-0.23871162163936788,0.23871162163936788,-0.4606061307611816,23.21872510286055,21.16912833021501,-2.0495967726455397,2.0495967726455397,-8.82734415247041,3.5919540229885056,2.72596843615495,-0.8659855868335558,0.8659855868335558,-24.109038737446195,23.235293495142578,21.18393648248297,-2.051357012659608,2.051357012659608,-8.828625354306162,16.429833593274996,14.979305138988808,-1.4505284542861876,1.4505284542861876,-8.828625354306162,71.42712426097935,71.4004373927158,-0.026686868263553265,0.026686868263553265,-0.037362372543580484,0.23002233063792288,0.20979290444118456,-0.020229426196738315,0.020229426196738315,-8.794548833861423,1.0827239482177928,1.178467513917574,0.09574356569978115,0.09574356569978115,8.84284178412964,1.3180806021470912,1.3900296331467075,0.07194903099961625,0.07194903099961625,5.458621489642945,492.87552988095445,480.75800089566536,-12.117528985289084,12.117528985289084,-2.4585373488141853,142.84777245208284,138.1443499288955,-4.703422523187328,4.703422523187328,-3.2926117379709607,3.4503550277361565,3.4801133824374073,0.029758354701250767,0.029758354701250767,0.8624722517547937
s8_sit,heartpy,HeartPy,mid_upslope,lipponen_tarvainen,1.0,100.0,True,False,699,698,0.9805123176859909,0.0,0.02542420639845539,698,1,0,1.0,0.9985693848354793,0.9992841803865427,237.0000000000104,3.8005738880927353,7.821814031855844,0.015781922525161102,7.827415201328987,697,700.8493543758967,700.7965616045847,-0.052792771312056175,0.052792771312056175,-0.007532684589410503,51.82554154129068,51.586829919651315,-0.23871162163936788,0.23871162163936788,-0.4606061307611816,23.21872510286055,21.16912833021501,-2.0495967726455397,2.0495967726455397,-8.82734415247041,3.5919540229885056,2.72596843615495,-0.8659855868335558,0.8659855868335558,-24.109038737446195,23.235293495142578,21.18393648248297,-2.051357012659608,2.051357012659608,-8.828625354306162,16.429833593274996,14.979305138988808,-1.4505284542861876,1.4505284542861876,-8.828625354306162,71.42712426097935,71.4004373927158,-0.026686868263553265,0.026686868263553265,-0.037362372543580484,0.23002233063792288,0.20979290444118456,-0.020229426196738315,0.020229426196738315,-8.794548833861423,1.0827239482177928,1.178467513917574,0.09574356569978115,0.09574356569978115,8.84284178412964,1.3180806021470912,1.3900296331467075,0.07194903099961625,0.07194903099961625,5.458621489642945,492.87552988095445,480.75800089566536,-12.117528985289084,12.117528985289084,-2.4585373488141853,142.84777245208284,138.1443499288955,-4.703422523187328,4.703422523187328,-3.2926117379709607,3.4503550277361565,3.4801133824374073,0.029758354701250767,0.029758354701250767,0.8624722517547937
s8_sit,findpeaks,find_peaks baseline,mid_upslope,lipponen_tarvainen,1.0,100.0,True,False,699,698,0.9805123176859909,0.0,0.00014526290017282761,698,1,0,1.0,0.9985693848354793,0.9992841803865427,237.0000000000104,3.8005738880927353,7.821814031855844,0.015781922525161102,7.827415201328987,697,700.8493543758967,700.7965616045847,-0.052792771312056175,0.052792771312056175,-0.007532684589410503,51.82554154129068,51.586829919651315,-0.23871162163936788,0.23871162163936788,-0.4606061307611816,23.21872510286055,21.16912833021501,-2.0495967726455397,2.0495967726455397,-8.82734415247041,3.5919540229885056,2.72596843615495,-0.8659855868335558,0.8659855868335558,-24.109038737446195,23.235293495142578,21.18393648248297,-2.051357012659608,2.051357012659608,-8.828625354306162,16.429833593274996,14.979305138988808,-1.4505284542861876,1.4505284542861876,-8.828625354306162,71.42712426097935,71.4004373927158,-0.026686868263553265,0.026686868263553265,-0.037362372543580484,0.23002233063792288,0.20979290444118456,-0.020229426196738315,0.020229426196738315,-8.794548833861423,1.0827239482177928,1.178467513917574,0.09574356569978115,0.09574356569978115,8.84284178412964,1.3180806021470912,1.3900296331467075,0.07194903099961625,0.07194903099961625,5.458621489642945,492.87552988095445,480.75800089566536,-12.117528985289084,12.117528985289084,-2.4585373488141853,142.84777245208284,138.1443499288955,-4.703422523187328,4.703422523187328,-3.2926117379709607,3.4503550277361565,3.4801133824374073,0.029758354701250767,0.029758354701250767,0.8624722517547937
s9_sit,msptdfast,MSPTDfast v2,mid_upslope,none,1.0,100.0,True,False,549,557,0.9859623608868732,0.0,0.024815193680267994,535,14,22,0.9605026929982047,0.9744990892531876,0.9674502712477396,312.9926290929579,15.053868167335127,24.155571775385948,-0.46156918103838,24.174462189540325,519,875.4604316546763,885.1100935537149,9.64966189903862,9.64966189903862,1.1022384964675263,126.45211413916228,149.7547107869449,23.302596647782636,23.302596647782636,18.42800083368935,62.185482503830606,128.94514825013493,66.75966574630434,66.75966574630434,107.35570917567772,36.03603603603604,44.424131627056674,8.388095591020637,8.388095591020637,23.276965265082264,62.239444175113725,129.06203366306949,66.82258948795575,66.82258948795575,107.36373110908113,44.00993303350448,91.2606391968829,47.250706163378425,47.250706163378425,107.36373110908114,173.33032087581762,191.11369008822834,17.78336921241072,17.78336921241072,10.259814395169556,0.2539078726164441,0.47752015648252144,0.22361228386607734,0.22361228386607734,88.06827514319275,1.1901059154575024,1.2251453801519572,0.035039464694454736,0.035039464694454736,2.9442307814245936,1.2065278691742076,0.9379348254156485,-0.2685930437585591,0.2685930437585591,-22.26165268294997,3436.4082964011973,6412.308967382478,2975.9006709812807,2975.9006709812807,86.59915860690401,1115.4182136210668,3466.8391240078568,2351.4209103867897,2351.4209103867897,210.8106969809282,3.080824980654856,1.849612496575698,-1.2312124840791583,1.2312124840791583,-39.96372698255171
s9_sit,msptd,MSPTD,mid_upslope,none,1.0,100.0,True,False,549,557,0.9859623608868732,0.0,0.9177171027492517,533,16,24,0.9569120287253142,0.970856102003643,0.9638336347197106,313.07999907563766,14.599655905180466,22.00882602402826,-0.44583213119640663,22.025580440030417,518,875.4604316546763,883.6899410712538,8.229509416577457,8.229509416577457,0.9400207158447078,126.45211413916228,147.2175345125242,20.76542037336192,20.76542037336192,16.421568365799953,62.185482503830606,135.87232337140108,73.68684086757048,73.68684086757048,118.49524664061487,36.03603603603604,43.69287020109689,7.65683416506085,7.65683416506085,21.247714808043856,62.239444175113725,135.99573263018792,73.75628845507418,73.75628845507418,118.50409243301925,44.00993303350448,96.16350475523852,52.15357172173404,52.15357172173404,118.5040924330193,173.33032087581762,184.6580225418915,11.327701666073892,11.327701666073892,6.535326080766686,0.2539078726164441,0.5207653771631984,0.2668575045467543,0.2668575045467543,105.10013013652083,1.1901059154575024,1.2255065220077535,0.03540060655025101,0.03540060655025101,2.9745761356578297,1.2065278691742076,0.8798389039518272,-0.32668896522238045,0.32668896522238045,-27.076785673088384,3436.4082964011973,4200.426693258954,764.0183968577571,764.0183968577571,22.233050643542004,1115.4182136210668,3274.315255454151,2158.8970418330846,2158.8970418330846,193.55045627455672,3.080824980654856,1.2828412555150712,-1.797983725139785,1.797983725139785,-58.360463071732426
s9_sit,qppg,qppg (slope-sum),mid_upslope,none,1.0,100.0,True,False,519,557,0.9859623608868732,0.015444015444015444,0.003024809277849057,517,2,40,0.9281867145421903,0.9961464354527938,0.9609665427509293,310.66648215368343,10.346049331865721,13.485902068061232,-0.46118738045650615,13.491325599924565,507,875.4604316546763,876.5225082891402,1.0620766344638923,1.0620766344638923,0.12131634921026635,126.45211413916228,133.12215313849651,6.670038999334238,6.670038999334238,5.274754830902842,62.185482503830606,93.59366153959958,31.408179035768974,31.408179035768974,50.50725309373332,36.03603603603604,37.13163064833006,1.0955946122940219,1.0955946122940219,3.0402750491159107,62.239444175113725,93.68478737463816,31.445343199524437,31.445343199524437,50.52317483917662,44.00993303350448,66.2451484466265,22.23521541312202,22.23521541312202,50.523174839176626,173.33032087581762,176.22314155565113,2.8928206798335054,2.8928206798335054,1.6689640134607866,0.2539078726164441,0.37591628353593015,0.12200841091948605,0.12200841091948605,48.052236294300826,1.1901059154575024,1.2637315280397456,0.0736256125822432,0.0736256125822432,6.186475642711172,1.2065278691742076,1.1109793606448435,-0.09554850852936414,0.09554850852936414,-7.919295606056832,3436.4082964011973,5900.007304578255,2463.5990081770574,2463.5990081770574,71.69110290989225,1115.4182136210668,2138.958336343795,1023.5401227227283,1023.5401227227283,91.76290204191056,3.080824980654856,2.7583554126927816,-0.3224695679620746,0.3224695679620746,-10.466987575955413
s9_sit,terma,TERMA,mid_upslope,none,1.0,100.0,True,False,551,557,0.9859623608868732,0.0036363636363636364,0.00041950233565258524,532,19,25,0.9551166965888689,0.9655172413793104,0.9602888086642599,312.87147732517195,14.125407204551244,21.25938057054252,-0.27376230175214317,21.2783671109206,513,875.4604316546763,886.3441105804916,10.883678925815275,10.883678925815275,1.2431948415126455,126.45211413916228,162.95012827509441,36.49801413593214,36.49801413593214,28.863111055435244,62.185482503830606,144.93618872515466,82.75070622132407,82.75070622132407,133.07077936755843,36.03603603603604,44.05850091407678,8.022464878040743,8.022464878040743,22.262340036563064,62.239444175113725,145.06877153878227,82.82932736366854,82.82932736366854,133.08172728956924,44.00993303350448,102.57911209347498,58.569179059970494,58.569179059970494,133.08172728956927,173.33032087581762,206.35652248439771,33.026201608580095,33.026201608580095,19.053908999707957,0.2539078726164441,0.4970965339912181,0.24318866137477402,0.24318866137477402,95.77830685940854,1.1901059154575024,1.15423332606407,-0.03587258939343241,0.03587258939343241,-3.014235029631141,1.2065278691742076,0.9728063018790634,-0.23372156729514426,0.23372156729514426,-19.37141886785524,3436.4082964011973,9249.38584871755,5812.977552316352,5812.977552316352,169.1585239857567,1115.4182136210668,3305.069373808967,2189.6511601879,2189.6511601879,196.30763900469847,3.080824980654856,2.7985451446236915,-0.2822798360311647,0.2822798360311647,-9.16247556429394
s9_sit,heartpy,HeartPy,mid_upslope,none,1.0,100.0,True,False,483,557,0.9859623608868732,0.056016597510373446,0.012065048866257299,477,6,80,0.8563734290843806,0.9875776397515528,0.9173076923076923,311.41767154622113,11.732451313000718,16.507013764791385,-0.5287510156915737,16.517805895528262,429,875.4604316546763,883.4982864842443,8.037854829568005,8.037854829568005,0.9181288541363251,126.45211413916228,186.7845274994375,60.332413360275226,60.332413360275226,47.71166838213443,62.185482503830606,243.64279350958375,181.45731100575316,181.45731100575316,291.8001174865459,36.03603603603604,46.91629955947136,10.880263523435325,10.880263523435325,30.19273127753302,62.239444175113725,243.9113864754304,181.67194230031666,181.67194230031666,291.8919741461279,44.00993303350448,172.4713953853896,128.46146235188513,128.46146235188513,291.89197414612795,173.33032087581762,200.07632843540702,26.7460075595894,26.7460075595894,15.43065715475803,0.2539078726164441,0.8620279906879167,0.6081201180714726,0.6081201180714726,239.50423900014522,1.1901059154575024,1.1237708483042648,-0.06633506715323767,0.06633506715323767,-5.573879290208976,1.2065278691742076,0.6745236610003008,-0.5320042081739068,0.5320042081739068,-44.09381844930198,3436.4082964011973,9427.726517721456,5991.318221320258,5991.318221320258,174.34826436645227,1115.4182136210668,12011.684118226585,10896.265904605518,10896.265904605518,976.8771723058154,3.080824980654856,0.7848796575840502,-2.2959453230708062,2.2959453230708062,-74.5237180783565
s9_sit,findpeaks,find_peaks baseline,mid_upslope,none,1.0,100.0,True,False,564,557,0.9859623608868732,0.008880994671403197,0.00014873242209493984,536,28,21,0.9622980251346499,0.950354609929078,0.9562890276538806,312.8559247909497,14.320476534278525,21.45563399804691,-0.21067573623612598,21.475541183611917,513,875.4604316546763,869.6606346031392,-5.799797051537098,5.799797051537098,-0.6624853439206967,126.45211413916228,159.14914035487203,32.697026215709755,32.697026215709755,25.857239666017946,62.185482503830606,159.2999739868719,97.11449148304129,97.11449148304129,156.16907286529306,36.03603603603604,45.24236983842011,9.206333802384073,9.206333802384073,25.547576301615802,62.239444175113725,159.44309312556146,97.20364895044773,97.20364895044773,156.1769232336981,44.00993303350448,112.74329236244272,68.73335932893823,68.73335932893823,156.1769232336981,173.33032087581762,194.79693985960427,21.466618983786645,21.466618983786645,12.384803117722486,0.2539078726164441,0.5787734265420188,0.3248655539255747,0.3248655539255747,127.9462312759085,1.1901059154575024,1.1783239879451965,-0.01178192751230589,0.01178192751230589,-0.9899898285756072,1.2065278691742076,0.8350498305831775,-0.3714780385910301,0.3714780385910301,-30.789014334603266,3436.4082964011973,4209.419714268627,773.0114178674298,773.0114178674298,22.494748912024555,1115.4182136210668,3686.176752260112,2570.7585386390456,2570.7585386390456,230.47485752392342,3.080824980654856,1.141947333829746,-1.9388776468251103,1.9388776468251103,-62.93371609876342
s9_sit,msptdfast,MSPTDfast v2,mid_upslope,median_mad,1.0,100.0,True,False,549,557,0.9859623608868732,0.009124087591240875,0.02477341352453225,535,14,22,0.9605026929982047,0.9744990892531876,0.9674502712477396,312.9926290929579,15.053868167335127,24.155571775385948,-0.46156918103838,24.174462189540325,519,875.4604316546763,883.333925754582,7.873494099905656,7.873494099905656,0.8993546498754087,126.45211413916228,146.58872402754085,20.136609888378572,20.136609888378572,15.924296739094421,62.185482503830606,113.18649650665981,51.0010140028292,51.0010140028292,82.01434153009515,36.03603603603604,43.7269372693727,7.69090123333666,7.69090123333666,21.342250922509233,62.239444175113725,113.28973143713908,51.05028726202536,51.05028726202536,82.0224022540961,44.00993303350448,80.10793733800385,36.09800430449937,36.09800430449937,82.02240225409611,173.33032087581762,191.20467148972986,17.87435061391224,17.87435061391224,10.312304577523,0.2539078726164441,0.4189643313307158,0.16505645871427171,0.16505645871427171,65.00643600114272,1.1901059154575024,1.218269538372811,0.028163622915308606,0.028163622915308606,2.366480373680178,1.2065278691742076,1.0340362417483029,-0.17249162742590474,0.17249162742590474,-14.296530717020604,3436.4082964011973,6361.298775898994,2924.8904794977966,2924.8904794977966,85.11475433698925,1115.4182136210668,2725.2999560319668,1609.8817424109,1609.8817424109,144.32987759672838,3.080824980654856,2.334164634545783,-0.7466603461090733,0.7466603461090733,-24.23572746902241
s9_sit,msptd,MSPTD,mid_upslope,median_mad,1.0,100.0,True,False,549,557,0.9859623608868732,0.0072992700729927005,0.9344275872272252,533,16,24,0.9569120287253142,0.970856102003643,0.9638336347197106,313.07999907563766,14.599655905180466,22.00882602402826,-0.44583213119640663,22.025580440030417,518,875.4604316546763,883.9250476652913,8.464616010615032,8.464616010615032,0.9668759094704447,126.45211413916228,142.27693186666164,15.824817727499365,15.824817727499365,12.514474617707014,62.185482503830606,118.50767027479407,56.32218777096346,56.32218777096346,90.57128047128046,36.03603603603604,43.278084714548804,7.2420486785127665,7.2420486785127665,20.096685082872927,62.239444175113725,118.61582849522107,56.37638432010734,56.37638432010734,90.57983256002355,44.00993303350448,83.87405668503133,39.86412365152685,39.86412365152685,90.57983256002355,173.33032087581762,182.89503355197348,9.564712676155864,9.564712676155864,5.518199370904353,0.2539078726164441,0.45859122063692753,0.20468334802048344,0.20468334802048344,80.61323420628247,1.1901059154575024,1.2491795380090756,0.05907362255157311,0.05907362255157311,4.963728167745804,1.2065278691742076,0.9355800759029219,-0.2709477932712857,0.2709477932712857,-22.456820119433495,3436.4082964011973,4233.020895167164,796.6125987659666,796.6125987659666,23.181546837732427,1115.4182136210668,2824.939529544925,1709.521315923858,1709.521315923858,153.26281165645568,3.080824980654856,1.4984465511192977,-1.5823784295355585,1.5823784295355585,-51.362165636530584
s9_sit,qppg,qppg (slope-sum),mid_upslope,median_mad,1.0,100.0,True,False,519,557,0.9859623608868732,0.023166023166023165,0.0030149866274626043,517,2,40,0.9281867145421903,0.9961464354527938,0.9609665427509293,310.66648215368343,10.346049331865721,13.485902068061232,-0.46118738045650615,13.491325599924565,507,875.4604316546763,873.7872911067485,-1.673140547927801,1.673140547927801,-0.19111549619272433,126.45211413916228,124.66916567015704,-1.782948469005234,1.782948469005234,-1.4099791696982424,62.185482503830606,62.50740131126304,0.3219188074324322,0.3219188074324322,0.5176751783064513,36.03603603603604,36.83168316831683,0.7956471322807914,0.7956471322807914,2.207920792079196,62.239444175113725,62.56793889223749,0.32849471712376754,0.32849471712376754,0.5277918552735329,44.00993303350448,44.242213875566655,0.23228084206217403,0.23228084206217403,0.5277918552735359,173.33032087581762,170.6675957795584,-2.6627250962592086,2.6627250962592086,-1.5362142542659434,0.2539078726164441,0.2592303106719321,0.005322438055487988,0.005322438055487988,2.096208361183081,1.1901059154575024,1.3395088752028366,0.14940295974533413,0.14940295974533413,12.55375322522453,1.2065278691742076,1.2040794886136235,-0.0024483805605841624,0.0024483805605841624,-0.20292780822874193,3436.4082964011973,3329.7331522864583,-106.67514411473894,106.67514411473894,-3.104262791661143,1115.4182136210668,924.0680222193031,-191.3501914017637,191.3501914017637,-17.155017648543595,3.080824980654856,3.6033420400043172,0.522517059349461,0.522517059349461,16.96029675916207
s9_sit,terma,TERMA,mid_upslope,median_mad,1.0,100.0,True,False,551,557,0.9859623608868732,0.01818181818181818,0.00041867659216481706,532,19,25,0.9551166965888689,0.9655172413793104,0.9602888086642599,312.87147732517195,14.125407204551244,21.25938057054252,-0.27376230175214317,21.2783671109206,513,875.4604316546763,885.587055607817,10.126623953140665,10.126623953140665,1.156719777043572,126.45211413916228,152.9441888679617,26.492074728799437,26.492074728799437,20.950282175309894,62.185482503830606,119.62148367608215,57.436001172251544,57.436001172251544,92.36239530458496,36.03603603603604,42.857142857142854,6.821106821106817,6.821106821106817,18.928571428571416,62.239444175113725,119.73250222353094,57.49305804841722,57.49305804841722,92.37399017680441,44.00993303350448,84.66366425069212,40.65373121718764,40.65373121718764,92.37399017680444,173.33032087581762,199.0374682631478,25.707147387330167,25.707147387330167,14.831304331195485,0.2539078726164441,0.4253654600286522,0.17145758741220812,0.17145758741220812,67.52747980808526,1.1901059154575024,1.1690798775318825,-0.021026037925619967,0.021026037925619967,-1.7667366956609996,1.2065278691742076,1.0104712940146243,-0.1960565751595833,0.1960565751595833,-16.249651596839755,3436.4082964011973,8376.854296245392,4940.445999844194,4940.445999844194,143.76772413854636,1115.4182136210668,2658.242915224051,1542.8247016029843,1542.8247016029843,138.31804813321054,3.080824980654856,3.151274944915764,0.070449964260908,0.070449964260908,2.28672400098279
s9_sit,heartpy,HeartPy,mid_upslope,median_mad,1.0,100.0,True,False,483,557,0.9859623608868732,0.0954356846473029,0.010019805518397436,477,6,80,0.8563734290843806,0.9875776397515528,0.9173076923076923,311.41767154622113,11.732451313000718,16.507013764791385,-0.5287510156915737,16.517805895528262,429,875.4604316546763,856.5295363424062,-18.93089531227008,18.93089531227008,-2.1623930251752754,126.45211413916228,113.99833815546762,-12.453775983694655,12.453775983694655,-9.848610336391136,62.185482503830606,87.78863918799242,25.60315668416181,25.60315668416181,41.17224093675668,36.03603603603604,42.06896551724138,6.032929481205343,6.032929481205343,16.741379310344826,62.239444175113725,87.88917521937269,25.649731044258964,25.649731044258964,41.211375493798094,44.00993303350448,62.1470317905111,18.13709875700662,18.13709875700662,41.2113754937981,173.33032087581762,148.7581548825001,-24.572165993317526,24.572165993317526,-14.176495992828766,0.2539078726164441,0.4177722682806822,0.1638643956642381,0.1638643956642381,64.5369495540508,1.1901059154575024,1.4993138627602405,0.30920794730273804,0.30920794730273804,25.98154864089318,1.2065278691742076,1.082987806923481,-0.12354006225072656,0.12354006225072656,-10.23930448745307,3436.4082964011973,3167.9585650423983,-268.449731358799,268.449731358799,-7.811927693223615,1115.4182136210668,1221.431950912682,106.01373729161514,106.01373729161514,9.504393598474127,3.080824980654856,2.59364311100199,-0.48718186965286625,0.48718186965286625,-15.8133575490975
s9_sit,findpeaks,find_peaks baseline,mid_upslope,median_mad,1.0,100.0,True,False,564,557,0.9859623608868732,0.021314387211367674,0.00014685909369244814,536,28,21,0.9622980251346499,0.950354609929078,0.9562890276538806,312.8559247909497,14.320476534278525,21.45563399804691,-0.21067573623612598,21.475541183611917,513,875.4604316546763,869.7971055975928,-5.663326057083509,5.663326057083509,-0.6468968616182299,126.45211413916228,148.33137421363622,21.879260074473947,21.879260074473947,17.302407495058187,62.185482503830606,125.16658318820623,62.981100684375626,62.981100684375626,101.2794275263459,36.03603603603604,44.36363636363637,8.32760032760033,8.32760032760033,23.109090909090913,62.239444175113725,125.28043256779709,63.04098839268337,63.04098839268337,101.28783961391824,44.00993303350448,88.58664341867333,44.57671038516885,44.57671038516885,101.28783961391827,173.33032087581762,190.14941430365857,16.819093427840954,16.819093427840954,9.703491773889336,0.2539078726164441,0.4658791284900049,0.2119712558735608,0.2119712558735608,83.48353034085194,1.1901059154575024,1.1922137965488178,0.0021078810913153223,0.0021078810913153223,0.17711710058217864,1.2065278691742076,0.9446185512814382,-0.2619093178927694,0.2619093178927694,-21.707689029349137,3436.4082964011973,3976.9109651732597,540.5026687720624,540.5026687720624,15.728709226377656,1115.4182136210668,3091.000204048296,1975.5819904272291,1975.5819904272291,177.1158087883241,3.080824980654856,1.286609738803861,-1.7942152418509951,1.7942152418509951,-58.23814248187572
s9_sit,msptdfast,MSPTDfast v2,mid_upslope,lipponen_tarvainen,1.0,100.0,True,False,549,557,0.9859623608868732,0.009124087591240875,0.02707110021090868,538,16,19,0.9658886894075404,0.9711191335740073,0.9684968496849685,312.99999999999994,16.17202268431136,25.31364687942881,-0.2589792060492585,25.336280724005942,529,875.4604316546763,877.1066907775769,1.6462591229005739,1.6462591229005739,0.1880449490777143,126.45211413916228,131.13083068400456,4.678716544842288,4.678716544842288,3.6999907646409906,62.185482503830606,76.65303911650942,14.467556612678813,14.467556612678813,23.26516741554207,36.03603603603604,40.39855072463768,4.362514688601642,4.362514688601642,12.105978260869556,62.239444175113725,76.72068834819778,14.481244173084058,14.481244173084058,23.26698826605901,44.00993303350448,54.2497189883104,10.239785954805917,10.239785954805917,23.266988266059013,173.33032087581762,177.3345919482251,4.004271072407477,4.004271072407477,2.3101965381327214,0.2539078726164441,0.30591729674574286,0.052009424129298765,0.052009424129298765,20.48358075445134,1.1901059154575024,1.381116660684719,0.1910107452272165,0.1910107452272165,16.049894614109856,1.2065278691742076,1.117162224680152,-0.0893656444940556,0.0893656444940556,-7.40684461397653,3436.4082964011973,3648.288296122206,211.87999972100852,211.87999972100852,6.165739965850429,1115.4182136210668,1523.6974842609795,408.27927063991274,408.27927063991274,36.60324581884715,3.080824980654856,2.394365242318222,-0.6864597383366342,0.6864597383366342,-22.281685673384835
s9_sit,msptd,MSPTD,mid_upslope,lipponen_tarvainen,1.0,100.0,True,False,549,557,0.9859623608868732,0.005474452554744526,0.9121921270902796,532,20,25,0.9551166965888689,0.9637681159420289,0.9594229035166816,312.99999999999994,16.373563218391872,25.851513810287013,-0.2432950191572214,25.875165452660568,522,875.4604316546763,878.8784029038112,3.4179712491348937,3.4179712491348937,0.39041984372437133,126.45211413916228,131.22411677594366,4.77200263678138,4.77200263678138,3.77376263676361,62.185482503830606,78.04075858165423,15.855276077823625,15.855276077823625,25.496748500499205,36.03603603603604,40.18181818181818,4.145782145782142,4.145782145782142,11.504545454545443,62.239444175113725,78.11013958684181,15.870695411728086,15.870695411728086,25.49941700487412,44.00993303350448,55.23220938128364,11.222276347779157,11.222276347779157,25.499417004874125,173.33032087581762,177.16924308162248,3.838922205804863,3.838922205804863,2.214801303319144,0.2539078726164441,0.3117482945718629,0.05784042195541883,0.05784042195541883,22.780082145303613,1.1901059154575024,1.3649245212572867,0.17481860579978425,0.17481860579978425,14.689331724948211,1.2065278691742076,1.1194832552037515,-0.08704461397045615,0.08704461397045615,-7.214471890320505,3436.4082964011973,3747.034114091637,310.6258176904398,310.6258176904398,9.03925817010001,1115.4182136210668,1566.8383294573546,451.4201158362878,451.4201158362878,40.470929228491656,3.080824980654856,2.3914618653663857,-0.6893631152884705,0.6893631152884705,-22.375925916503714
s9_sit,qppg,qppg (slope-sum),mid_upslope,lipponen_tarvainen,1.0,100.0,True,False,519,557,0.9859623608868732,0.03088803088803089,0.003091435684164529,513,9,44,0.9210053859964094,0.9827586206896551,0.9508804448563485,310.99999999997675,10.752988047809009,14.117887272386588,-0.2111553784861955,14.130389211242449,502,875.4604316546763,873.5748031496062,-1.8856285050701445,1.8856285050701445,-0.21538706226918625,126.45211413916228,131.70184902441716,5.249734885254881,5.249734885254881,4.151559601034014,62.185482503830606,86.43538020215013,24.249897698319522,24.249897698319522,38.99607548566619,36.03603603603604,37.08086785009862,1.044831814062583,1.044831814062583,2.8994082840236675,62.239444175113725,86.51970721186902,24.280263036755294,24.280263036755294,39.011053775547204,44.00993303350448,61.17867167578723,17.168738642282747,17.168738642282747,39.011053775547204,173.33032087581762,175.9202211369886,2.589900261170982,2.589900261170982,1.4941991961270953,0.2539078726164441,0.34776372653685766,0.09385585392041357,0.09385585392041357,36.964530856509995,1.1901059154575024,1.2775718230765616,0.08746590761905915,0.08746590761905915,7.3494221382334155,1.2065278691742076,1.0324788455879883,-0.17404902358621932,0.17404902358621932,-14.425611544749888,3436.4082964011973,4337.040484206838,900.632187805641,900.632187805641,26.208532575969926,1115.4182136210668,1770.5613472108887,655.1431335898219,655.1431335898219,58.73520134326846,3.080824980654856,2.449528501816018,-0.6312964788388382,0.6312964788388382,-20.491150351054692
s9_sit,terma,TERMA,mid_upslope,lipponen_tarvainen,1.0,100.0,True,False,551,557,0.9859623608868732,0.007272727272727273,0.00041697580669585615,537,18,20,0.9640933572710951,0.9675675675675676,0.9658273381294964,312.99999999999994,16.612167300381522,27.087732410599358,-0.5399239543726962,27.10813132611969,526,875.4604316546763,877.6191335740073,2.1587019193309516,2.1587019193309516,0.24657903901503198,126.45211413916228,132.64606154761736,6.193947408455088,6.193947408455088,4.898255320301378,62.185482503830606,87.6026600040382,25.417177500207593,25.417177500207593,40.87316922987918,36.03603603603604,41.22965641952984,5.193620383493801,5.193620383493801,14.412296564195298,62.239444175113725,87.68183936557263,25.442395190458903,25.442395190458903,40.87824936044653,44.00993303350448,62.000423202305974,17.990490168801493,17.990490168801493,40.87824936044653,173.33032087581762,177.04774161486372,3.717420739046105,3.717420739046105,2.1447030849896414,0.2539078726164441,0.35019042116434906,0.09628254854790497,0.09628254854790497,37.92026909435392,1.1901059154575024,1.3633693805367937,0.17326346507929125,0.17326346507929125,14.558659261237686,1.2065278691742076,1.0136275689053689,-0.19290030026883875,0.19290030026883875,-15.988051763849175,3436.4082964011973,3546.6699882006246,110.26169179942735,110.26169179942735,3.20863187051724,1115.4182136210668,1912.8514546045208,797.433240983454,797.433240983454,71.4918611912106,3.080824980654856,1.8541272400756772,-1.226697740579179,1.226697740579179,-39.81718365314065
s9_sit,heartpy,HeartPy,mid_upslope,lipponen_tarvainen,1.0,100.0,True,False,483,557,0.9859623608868732,0.12655601659751037,0.009238109909888704,489,45,68,0.8779174147217235,0.9157303370786517,0.8964252978918423,310.0000000000004,15.259656652361768,24.062106693737093,-0.16523605150230036,24.08739807156749,466,875.4604316546763,878.2198852772467,2.7594536225703905,2.7594536225703905,0.31520026751578556,126.45211413916228,165.45206684638794,38.99995270722566,38.99995270722566,30.841677082840768,62.185482503830606,123.49274413667479,61.30726163284418,61.30726163284418,98.58773971733302,36.03603603603604,39.46360153256705,3.4275654965310096,3.4275654965310096,9.51149425287355,62.239444175113725,123.61111424852929,61.371670073415565,61.371670073415565,98.60574895357895,44.00993303350448,87.40625711516013,43.39632408165565,43.39632408165565,98.60574895357897,173.33032087581762,217.04589160958972,43.7155707337721,43.7155707337721,25.2209599064275,0.2539078726164441,0.40270864593180933,0.14880077331536523,0.14880077331536523,58.60423774261826,1.1901059154575024,1.1321151804909302,-0.057990734966572255,0.057990734966572255,-4.872737309626712,1.2065278691742076,1.0351669028971608,-0.17136096627704678,0.17136096627704678,-14.202818737567378,3436.4082964011973,12063.046786053834,8626.638489652636,8626.638489652636,251.03648186063756,1115.4182136210668,3803.4017550134486,2687.983541392382,2687.983541392382,240.9843687836311,3.080824980654856,3.171646742328219,0.09082176167336264,0.09082176167336264,2.947968879882871
s9_sit,findpeaks,find_peaks baseline,mid_upslope,lipponen_tarvainen,1.0,100.0,True,False,564,557,0.9859623608868732,0.003552397868561279,0.00014814084465748312,536,26,21,0.9622980251346499,0.9537366548042705,0.9579982126899016,312.99999999999994,16.065009560230706,25.05901256830776,-0.9751434034419034,25.06400530260162,523,875.4604316546763,867.174688057041,-8.28574359763536,8.28574359763536,-0.9464440993609241,126.45211413916228,140.57136520395727,14.119251064794994,14.119251064794994,11.165690001241549,62.185482503830606,78.67202488813938,16.48654238430877,16.48654238430877,26.51188303201347,36.03603603603604,39.464285714285715,3.428249678249678,3.428249678249678,9.513392857142854,62.239444175113725,78.7415586971827,16.502114522068972,16.502114522068972,26.51391692322872,44.00993303350448,55.67869011597646,11.668757082471977,11.668757082471977,26.513916923228734,173.33032087581762,190.84155967078482,17.5112387949672,17.5112387949672,10.102813348804167,0.2539078726164441,0.2917534849957532,0.03784561237930911,0.03784561237930911,14.905253621843816,1.1901059154575024,1.2469291654271828,0.056823249969680356,0.056823249969680356,4.774638057977913,1.2065278691742076,1.1943702435332681,-0.012157625640939473,0.012157625640939473,-1.0076539424870976,3436.4082964011973,4023.944781166343,587.5364847651458,587.5364847651458,17.09740036946272,1115.4182136210668,1572.289547444899,456.8713338238322,456.8713338238322,40.959644395679724,3.080824980654856,2.5592899143199084,-0.5215350663349478,0.5215350663349478,-16.92842240665327
s10_sit,msptdfast,MSPTDfast v2,mid_upslope,none,1.0,100.0,True,False,603,604,0.988292847642304,0.0,0.02588886235131284,603,0,1,0.9983443708609272,1.0,0.9991714995857498,274.51405787933516,2.5088331854525543,3.3051621136646254,-0.0057846299384153215,3.3079056234154645,602,804.2719734660033,804.3364080610914,0.06443459508818705,0.06443459508818705,0.008011543012061792,62.96625943969139,63.26441791647754,0.29815847678614915,0.29815847678614915,0.473521024496815,25.937953054122264,25.90185414712617,-0.03609890699609508,0.03609890699609508,-0.13917407792654618,5.813953488372093,4.825291181364393,-0.9886623070076999,0.9886623070076999,-17.004991680532438,25.959318442642765,25.923387567695013,-0.035930874947752045,0.035930874947752045,-0.13841224309159533,18.356010105773706,18.330603140444186,-0.025406965329519693,0.025406965329519693,-0.13841224309158653,87.13527729140354,87.57146873913322,0.43619144772968355,0.43619144772968355,0.5005911053349189,0.2106610626186031,0.2093216364230369,-0.0013394261955662068,0.0013394261955662068,-0.6358204876195875,1.2469920328958066,1.2884172055839236,0.04142517268811696,0.04142517268811696,3.322007807212532,1.4222357628070728,1.4227051064091658,0.00046934360209305304,0.00046934360209305304,0.03300040783440205,703.4768626141686,727.5817507651766,24.104888151008026,24.104888151008026,3.4265360286950446,151.89685797700866,151.56810677538485,-0.32875120162381677,0.32875120162381677,-0.21643054767701453,4.6312798828310715,4.800361805953086,0.16908192312201464,0.16908192312201464,3.650868170348106
s10_sit,msptd,MSPTD,mid_upslope,none,1.0,100.0,True,False,603,604,0.988292847642304,0.0,0.9004946405704888,603,0,1,0.9983443708609272,1.0,0.9991714995857498,274.51405787933516,2.5080354230168513,3.304094193029598,-0.005784629938415132,3.306836813059112,602,804.2719734660033,804.3364080610914,0.06443459508818705,0.06443459508818705,0.008011543012061792,62.96625943969139,63.26444994801785,0.29819050832645644,0.29819050832645644,0.4735718954562658,25.937953054122264,25.90285485417624,-0.03509819994602381,0.03509819994602381,-0.1353159976532756,5.813953488372093,4.825291181364393,-0.9886623070076999,0.9886623070076999,-17.004991680532438,25.959318442642765,25.924389109961265,-0.034929332681500114,0.034929332681500114,-0.13455412074348808,18.356010105773706,18.3313113377723,-0.024698768001407245,0.024698768001407245,-0.13455412074347511,87.13527729140354,87.57136677640798,0.43608948500444455,0.43608948500444455,0.5004740887505819,0.2106610626186031,0.20932996723206124,-0.0013310953865418584,0.0013310953865418584,-0.6318658844666398,1.2469920328958066,1.2866396859395435,0.03964765304373685,0.03964765304373685,3.179463220119037,1.4222357628070728,1.422690993329796,0.0004552305227232267,0.0004552305227232267,0.03200809138878186,703.4768626141686,727.5637947803847,24.086932166216116,24.086932166216116,3.423983565956585,151.89685797700866,151.54916717568037,-0.347690801328298,0.347690801328298,-0.22889927149179412,4.6312798828310715,4.800843240114746,0.16956335728367478,0.16956335728367478,3.661263442796331
s10_sit,qppg,qppg (slope-sum),mid_upslope,none,1.0,100.0,True,False,602,604,0.988292847642304,0.0,0.003207121473372736,602,0,2,0.9966887417218543,1.0,0.9983416252072967,274.5754466277416,2.5057875316226275,3.3043082359573615,-0.009508297046358317,3.307051581208083,600,804.2719734660033,805.6741611419673,1.4021876759640008,1.4021876759640008,0.1743424764537405,62.96625943969139,68.16487412174568,5.198614682054291,5.198614682054291,8.256191059012304,25.937953054122264,48.29246081633795,22.354507762215686,22.354507762215686,86.1845486248304,5.813953488372093,5.0,-0.8139534883720927,0.8139534883720927,-13.999999999999995,25.959318442642765,48.33273261156156,22.373414168918796,22.373414168918796,86.18644676035296,18.356010105773706,34.17640298291137,15.820392877137664,15.820392877137664,86.18644676035296,87.13527729140354,90.13808078285513,3.002803491451587,3.002803491451587,3.4461398239537515,0.2106610626186031,0.37915609791208194,0.16849503529347884,0.16849503529347884,79.98394824321909,1.2469920328958066,1.2239951325159266,-0.022996900379880003,0.022996900379880003,-1.8441898402891823,1.4222357628070728,1.1013834107858964,-0.32085235202117635,0.32085235202117635,-22.559716216663595,703.4768626141686,1211.2456693061142,507.76880669194566,507.76880669194566,72.17988731072714,151.89685797700866,711.3436906043986,559.44683262739,559.44683262739,368.3070473466072,4.6312798828310715,1.7027573102911338,-2.9285225725399378,2.9285225725399378,-63.233547672134016
s10_sit,terma,TERMA,mid_upslope,none,1.0,100.0,True,False,604,604,0.988292847642304,0.0,0.00045372524697102304,603,1,1,0.9983443708609272,0.9983443708609272,0.9983443708609272,274.51405787933516,2.5076636715162404,3.303799220715647,-0.005784629938415132,3.306541594993417,602,804.2719734660033,804.2622296194122,-0.009743846591049987,0.009743846591049987,-0.0012115113932242303,62.96625943969139,63.23808599851064,0.27182655881924944,0.27182655881924944,0.43170193249227845,25.937953054122264,25.99902128482343,0.06106823070116718,0.06106823070116718,0.23543966855727552,5.813953488372093,4.983388704318937,-0.8305647840531556,0.8305647840531556,-14.285714285714278,25.959318442642765,26.020586240991477,0.06126779834871243,0.06126779834871243,0.2360146645763598,18.356010105773706,18.39933298145445,0.04332287568074378,0.04332287568074378,0.23601466457635575,87.13527729140354,87.51900129313415,0.38372400173061294,0.38372400173061294,0.44037732323653234,0.2106610626186031,0.21023243763749247,-0.00042862498111062575,0.00042862498111062575,-0.20346663772727722,1.2469920328958066,1.2872917889949307,0.04029975609912406,0.04029975609912406,3.2317573036564333,1.4222357628070728,1.3882322190802823,-0.034003543726790486,0.034003543726790486,-2.39085140565426,703.4768626141686,726.0568471762766,22.579984562108052,22.579984562108052,3.209769327479979,151.89685797700866,151.27124151069205,-0.6256164663166146,0.6256164663166146,-0.41186926092395465,4.6312798828310715,4.799701780228715,0.16842189739764368,0.16842189739764368,3.636616694707046
s10_sit,heartpy,HeartPy,mid_upslope,none,1.0,100.0,True,False,603,604,0.988292847642304,0.0,0.020481269791619183,602,1,2,0.9966887417218543,0.9983416252072969,0.9975144987572493,274.5132524630859,2.4943177282879687,3.287842777888565,-0.004922627928012465,3.2905823882617153,600,804.2719734660033,805.5982133895441,1.326239923540811,1.326239923540811,0.16489943294000303,62.96625943969139,68.16614019350374,5.199880753812344,5.199880753812344,8.258201773590745,25.937953054122264,48.63205531287147,22.694102258749208,22.694102258749208,87.4938057424793,5.813953488372093,5.324459234608985,-0.48949425376310796,0.48949425376310796,-8.419301164725457,25.959318442642765,48.672535193477465,22.7132167508347,22.7132167508347,87.49542789815402,18.356010105773706,34.4166796928488,16.060669587075097,16.060669587075097,87.49542789815402,87.13527729140354,90.04852856477257,2.9132512733690277,2.9132512733690277,3.3433660440723,0.2106610626186031,0.3822014667135025,0.17154040409489943,0.17154040409489943,81.42957315537201,1.2469920328958066,1.2280626836337356,-0.018929349262071016,0.018929349262071016,-1.5180008181858746,1.4222357628070728,1.066883377362983,-0.35535238544408965,0.35535238544408965,-24.985476721716594,703.4768626141686,881.3267601810651,177.84989756689652,177.84989756689652,25.2815560850138,151.89685797700866,443.4161605229438,291.51930254593515,291.51930254593515,191.91924469567365,4.6312798828310715,1.987583761362397,-2.6436961214686745,2.6436961214686745,-57.083488546423155
s10_sit,findpeaks,find_peaks baseline,mid_upslope,none,1.0,100.0,True,False,604,604,0.988292847642304,0.0,0.00015224651294659186,603,1,1,0.9983443708609272,0.9983443708609272,0.9983443708609272,274.51405787933516,2.5076636715162404,3.303799220715647,-0.005784629938415132,3.306541594993417,602,804.2719734660033,804.2622296194122,-0.009743846591049987,0.009743846591049987,-0.0012115113932242303,62.96625943969139,63.23808599851064,0.27182655881924944,0.27182655881924944,0.43170193249227845,25.937953054122264,25.99902128482343,0.06106823070116718,0.06106823070116718,0.23543966855727552,5.813953488372093,4.983388704318937,-0.8305647840531556,0.8305647840531556,-14.285714285714278,25.959318442642765,26.020586240991477,0.06126779834871243,0.06126779834871243,0.2360146645763598,18.356010105773706,18.39933298145445,0.04332287568074378,0.04332287568074378,0.23601466457635575,87.13527729140354,87.51900129313415,0.38372400173061294,0.38372400173061294,0.44037732323653234,0.2106610626186031,0.21023243763749247,-0.00042862498111062575,0.00042862498111062575,-0.20346663772727722,1.2469920328958066,1.2872917889949307,0.04029975609912406,0.04029975609912406,3.2317573036564333,1.4222357628070728,1.3882322190802823,-0.034003543726790486,0.034003543726790486,-2.39085140565426,703.4768626141686,726.0568471762766,22.579984562108052,22.579984562108052,3.209769327479979,151.89685797700866,151.27124151069205,-0.6256164663166146,0.6256164663166146,-0.41186926092395465,4.6312798828310715,4.799701780228715,0.16842189739764368,0.16842189739764368,3.636616694707046
s10_sit,msptdfast,MSPTDfast v2,mid_upslope,median_mad,1.0,100.0,True,False,603,604,0.988292847642304,0.0016611295681063123,0.028573337506278607,603,0,1,0.9983443708609272,1.0,0.9991714995857498,274.51405787933516,2.5088331854525543,3.3051621136646254,-0.0057846299384153215,3.3079056234154645,602,804.2719734660033,804.425529348047,0.15355588204374726,0.15355588204374726,0.019092531769073027,62.96625943969139,63.27928414608818,0.3130247063967886,0.3130247063967886,0.49713085894295705,25.937953054122264,25.826966825757324,-0.11098622836493988,0.11098622836493988,-0.42789123772934373,5.813953488372093,4.666666666666667,-1.1472868217054257,1.1472868217054257,-19.733333333333324,25.959318442642765,25.848473501637145,-0.11084494100562026,0.11084494100562026,-0.42699480439185133,18.356010105773706,18.27763089632841,-0.07837920944529486,0.07837920944529486,-0.42699480439184023,87.13527729140354,87.6040171048127,0.46873981340915805,0.46873981340915805,0.5379449380089392,0.2106610626186031,0.2086391868818113,-0.0020218757367918005,0.0020218757367918005,-0.9597766723755491,1.2469920328958066,1.2805019732895129,0.03350994039370625,0.03350994039370625,2.6872617875423264,1.4222357628070728,1.4270065663196754,0.004770803512602617,0.004770803512602617,0.3354439283109055,703.4768626141686,723.2615941808067,19.78473156663813,19.78473156663813,2.812421078515177,151.89685797700866,150.99507887074014,-0.9017791062685205,0.9017791062685205,-0.5936785778709229,4.6312798828310715,4.789967988294223,0.1586881054631517,0.1586881054631517,3.4264417067825037
s10_sit,msptd,MSPTD,mid_upslope,median_mad,1.0,100.0,True,False,603,604,0.988292847642304,0.0016611295681063123,0.9033585032306596,603,0,1,0.9983443708609272,1.0,0.9991714995857498,274.51405787933516,2.5080354230168513,3.304094193029598,-0.005784629938415132,3.306836813059112,602,804.2719734660033,804.425529348047,0.15355588204374726,0.15355588204374726,0.019092531769073027,62.96625943969139,63.279316223476656,0.3130567837852638,0.3130567837852638,0.49718180271627416,25.937953054122264,25.827972106971988,-0.10998094715027662,0.10998094715027662,-0.4240155224307401,5.813953488372093,4.666666666666667,-1.1472868217054257,1.1472868217054257,-19.733333333333324,25.959318442642765,25.849479623298205,-0.10983881934456008,0.10983881934456008,-0.4231190413848864,18.356010105773706,18.278342331777644,-0.07766777399606184,0.07766777399606184,-0.4231190413848824,87.13527729140354,87.60391500968353,0.468637718279993,0.468637718279993,0.5378277694724536,0.2106610626186031,0.20864755107984842,-0.0020135115387546754,0.0020135115387546754,-0.9558062195860517,1.2469920328958066,1.278920759729383,0.03192872683357639,0.03192872683357639,2.560459569210754,1.4222357628070728,1.42699187260962,0.004756109802547259,0.004756109802547259,0.3344107866588944,703.4768626141686,723.2436763876087,19.766813773440163,19.766813773440163,2.809874044753273,151.89685797700866,150.9759621176653,-0.9208958593433749,0.9208958593433749,-0.6062639290950725,4.6312798828310715,4.790455819873752,0.15917593704268018,0.15917593704268018,3.436975114217821
s10_sit,qppg,qppg (slope-sum),mid_upslope,median_mad,1.0,100.0,True,False,602,604,0.988292847642304,0.004991680532445923,0.003179498688277843,602,0,2,0.9966887417218543,1.0,0.9983416252072967,274.5754466277416,2.5057875316226275,3.3043082359573615,-0.009508297046358317,3.307051581208083,600,804.2719734660033,804.825308879738,0.5533354137347715,0.5533354137347715,0.0687995394580489,62.96625943969139,63.175219429432985,0.2089599897415937,0.2089599897415937,0.33186025595459423,25.937953054122264,25.955320443862668,0.017367389740403638,0.017367389740403638,0.06695744149187391,5.813953488372093,4.690117252931323,-1.1238362354407698,1.1238362354407698,-19.329983249581243,25.959318442642765,25.977044012073137,0.017725569430371735,0.017725569430371735,0.06828210636398818,18.356010105773706,18.368543976118314,0.012533870344608289,0.012533870344608289,0.06828210636398528,87.13527729140354,87.4346229597373,0.299345668333757,0.299345668333757,0.3435413045541422,0.2106610626186031,0.21008318391876443,-0.0005778786998386631,0.0005778786998386631,-0.27431680665396574,1.2469920328958066,1.2782485007413655,0.03125646784555891,0.03125646784555891,2.506549121486694,1.4222357628070728,1.420376170688541,-0.0018595921185318165,0.0018595921185318165,-0.1307513259870172,703.4768626141686,722.7390108953758,19.26214828120726,19.26214828120726,2.738135296963114,151.89685797700866,150.8914182433863,-1.005439733622353,1.005439733622353,-0.661922667139394,4.6312798828310715,4.789795333022884,0.15851545019181223,0.15851545019181223,3.4227136817935686
s10_sit,terma,TERMA,mid_upslope,median_mad,1.0,100.0,True,False,604,604,0.988292847642304,0.001658374792703151,0.00039945561530994254,603,1,1,0.9983443708609272,0.9983443708609272,0.9983443708609272,274.51405787933516,2.5076636715162404,3.303799220715647,-0.005784629938415132,3.306541594993417,602,804.2719734660033,804.35107964436,0.07910617835671019,0.07910617835671019,0.009835749717325445,62.96625943969139,63.25299458165673,0.28673514196533745,0.28673514196533745,0.45537903079659703,25.937953054122264,25.92470080228105,-0.013252251841215923,0.013252251841215923,-0.051092126713174736,5.813953488372093,4.825291181364393,-0.9886623070076999,0.9886623070076999,-17.004991680532438,25.959318442642765,25.94623952342215,-0.013078919220614438,0.013078919220614438,-0.05038236750904062,18.356010105773706,18.34676191330222,-0.00924819247148534,0.00924819247148534,-0.05038236750902861,87.13527729140354,87.55157893716591,0.41630164576237405,0.41630164576237405,0.47776475694241566,0.2106610626186031,0.20955375261101047,-0.0011073100075926212,0.0011073100075926212,-0.5256358217452742,1.2469920328958066,1.278920759729383,0.03192872683357639,0.03192872683357639,2.560459569210754,1.4222357628070728,1.3875924231329793,-0.0346433396740935,0.0346433396740935,-2.4358366299071115,703.4768626141686,721.6895677060608,18.21270509189219,18.21270509189219,2.588955807901417,151.89685797700866,150.69813266949944,-1.1987253075092212,1.1987253075092212,-0.7891705750033764,4.6312798828310715,4.788974852719772,0.15769496988870024,0.15769496988870024,3.4049976222189
s10_sit,heartpy,HeartPy,mid_upslope,median_mad,1.0,100.0,True,False,603,604,0.988292847642304,0.0033222591362126247,0.024444249988692553,602,1,2,0.9966887417218543,0.9983416252072969,0.9975144987572493,274.5132524630859,2.4943177282879687,3.287842777888565,-0.004922627928012465,3.2905823882617153,600,804.2719734660033,804.6364645272847,0.3644910612814556,0.3644910612814556,0.04531937868115489,62.96625943969139,63.1636201186909,0.19736067899950882,0.19736067899950882,0.31343878571751493,25.937953054122264,25.97084468019133,0.03289162606906615,0.03289162606906615,0.1268088734698313,5.813953488372093,4.841402337228715,-0.972551151143378,0.972551151143378,-16.727879799666102,25.959318442642765,25.99249388515692,0.03317544251415683,0.03317544251415683,0.12779781791058237,18.356010105773706,18.37946868614433,0.02345858037062598,0.02345858037062598,0.12779781791058892,87.13527729140354,87.41556465419433,0.28028736279078714,0.28028736279078714,0.3216692153895737,0.2106610626186031,0.21025396059444726,-0.0004071020241558365,0.0004071020241558365,-0.19324977245219976,1.2469920328958066,1.2852261659003685,0.03823413300456191,0.03823413300456191,3.0661088439974495,1.4222357628070728,1.3981552259193128,-0.024080536887759907,0.024080536887759907,-1.6931466299393323,703.4768626141686,721.4442143250899,17.96735171092132,17.96735171092132,2.5540785583414074,151.89685797700866,150.90382279550514,-0.9930351815035294,0.9930351815035294,-0.653756236125593,4.6312798828310715,4.780821326857593,0.14954144402652148,0.14954144402652148,3.2289442186574946
s10_sit,findpeaks,find_peaks baseline,mid_upslope,median_mad,1.0,100.0,True,False,604,604,0.988292847642304,0.001658374792703151,0.00015792919694663257,603,1,1,0.9983443708609272,0.9983443708609272,0.9983443708609272,274.51405787933516,2.5076636715162404,3.303799220715647,-0.005784629938415132,3.306541594993417,602,804.2719734660033,804.35107964436,0.07910617835671019,0.07910617835671019,0.009835749717325445,62.96625943969139,63.25299458165673,0.28673514196533745,0.28673514196533745,0.45537903079659703,25.937953054122264,25.92470080228105,-0.013252251841215923,0.013252251841215923,-0.051092126713174736,5.813953488372093,4.825291181364393,-0.9886623070076999,0.9886623070076999,-17.004991680532438,25.959318442642765,25.94623952342215,-0.013078919220614438,0.013078919220614438,-0.05038236750904062,18.356010105773706,18.34676191330222,-0.00924819247148534,0.00924819247148534,-0.05038236750902861,87.13527729140354,87.55157893716591,0.41630164576237405,0.41630164576237405,0.47776475694241566,0.2106610626186031,0.20955375261101047,-0.0011073100075926212,0.0011073100075926212,-0.5256358217452742,1.2469920328958066,1.278920759729383,0.03192872683357639,0.03192872683357639,2.560459569210754,1.4222357628070728,1.3875924231329793,-0.0346433396740935,0.0346433396740935,-2.4358366299071115,703.4768626141686,721.6895677060608,18.21270509189219,18.21270509189219,2.588955807901417,151.89685797700866,150.69813266949944,-1.1987253075092212,1.1987253075092212,-0.7891705750033764,4.6312798828310715,4.788974852719772,0.15769496988870024,0.15769496988870024,3.4049976222189
s10_sit,msptdfast,MSPTDfast v2,mid_upslope,lipponen_tarvainen,1.0,100.0,True,False,603,604,0.988292847642304,0.0,0.021954110268818588,603,0,1,0.9983443708609272,1.0,0.9991714995857498,274.9999999999685,2.5481727574771527,3.372745955803908,-0.006644518272392012,3.375544184124906,602,804.2719734660033,804.3355481727575,0.06357470675425247,0.06357470675425247,0.007904627893506946,62.96625943969139,63.2595506428552,0.2932912031638111,0.2932912031638111,0.46579105345256083,25.937953054122264,25.87735054472806,-0.06060250939420442,0.06060250939420442,-0.2336441478930543,5.813953488372093,4.9916805324459235,-0.8222729559261692,0.8222729559261692,-14.143094841930113,25.959318442642765,25.89886405190856,-0.06045439073420411,0.06045439073420411,-0.23288127100785935,18.356010105773706,18.313262396133048,-0.04274770964065766,0.04274770964065766,-0.23288127100786343,87.13527729140354,87.56806447262782,0.4327871812242847,0.4327871812242847,0.4966842301734225,0.2106610626186031,0.20913174804562956,-0.0015293145729735336,0.0015293145729735336,-0.7259597734690637,1.2469920328958066,1.2983003641408615,0.05130833124505485,0.05130833124505485,4.114567687004778,1.4222357628070728,1.4222592715152682,2.3508708195452144e-05,2.3508708195452144e-05,0.0016529403078047275,703.4768626141686,727.2264837448303,23.749621130661694,23.749621130661694,3.37603443593105,151.89685797700866,151.58417500783693,-0.3126829691717319,0.3126829691717319,-0.20585216398555134,4.6312798828310715,4.797509263135367,0.16622938030429513,0.16622938030429513,3.5892752005883994
s10_sit,msptd,MSPTD,mid_upslope,lipponen_tarvainen,1.0,100.0,True,False,603,604,0.988292847642304,0.0,0.9176263141211223,603,0,1,0.9983443708609272,1.0,0.9991714995857498,274.9999999999685,2.5481727574771527,3.372745955803908,-0.006644518272392012,3.375544184124906,602,804.2719734660033,804.3355481727575,0.06357470675425247,0.06357470675425247,0.007904627893506946,62.96625943969139,63.2595506428552,0.2932912031638111,0.2932912031638111,0.46579105345256083,25.937953054122264,25.87735054472806,-0.06060250939420442,0.06060250939420442,-0.2336441478930543,5.813953488372093,4.9916805324459235,-0.8222729559261692,0.8222729559261692,-14.143094841930113,25.959318442642765,25.89886405190856,-0.06045439073420411,0.06045439073420411,-0.23288127100785935,18.356010105773706,18.313262396133048,-0.04274770964065766,0.04274770964065766,-0.23288127100786343,87.13527729140354,87.56806447262782,0.4327871812242847,0.4327871812242847,0.4966842301734225,0.2106610626186031,0.20913174804562956,-0.0015293145729735336,0.0015293145729735336,-0.7259597734690637,1.2469920328958066,1.2983003641408615,0.05130833124505485,0.05130833124505485,4.114567687004778,1.4222357628070728,1.4222592715152682,2.3508708195452144e-05,2.3508708195452144e-05,0.0016529403078047275,703.4768626141686,727.2264837448303,23.749621130661694,23.749621130661694,3.37603443593105,151.89685797700866,151.58417500783693,-0.3126829691717319,0.3126829691717319,-0.20585216398555134,4.6312798828310715,4.797509263135367,0.16622938030429513,0.16622938030429513,3.5892752005883994
s10_sit,qppg,qppg (slope-sum),mid_upslope,lipponen_tarvainen,1.0,100.0,True,False,602,604,0.988292847642304,0.0016638935108153079,0.0031982144845735293,603,0,1,0.9983443708609272,1.0,0.9991714995857498,274.9999999999685,2.568106312293777,3.3943474607622375,-0.006644518272391823,3.3971636946030874,602,804.2719734660033,804.3355481727575,0.06357470675425247,0.06357470675425247,0.007904627893506946,62.96625943969139,63.25586816535632,0.2896087256649267,0.2896087256649267,0.4599427189133122,25.937953054122264,25.9253375700281,-0.012615484094165907,0.012615484094165907,-0.04863716141301657,5.813953488372093,4.9916805324459235,-0.8222729559261692,0.8222729559261692,-14.143094841930113,25.959318442642765,25.946891127440608,-0.012427315202156564,0.012427315202156564,-0.04787227072087726,18.356010105773706,18.34722266692232,-0.008787438851385332,0.008787438851385332,-0.04787227072086503,87.13527729140354,87.55563451381212,0.4203572224085832,0.4203572224085832,0.48241910219990103,0.2106610626186031,0.20954930849171105,-0.001111754126892045,0.001111754126892045,-0.5277454281643161,1.2469920328958066,1.3070361629898528,0.06004413009404619,0.06004413009404619,4.815117379267428,1.4222357628070728,1.4219946451989556,-0.00024111760811718064,0.00024111760811718064,-0.016953420411907363,703.4768626141686,725.764851360156,22.287988745987377,22.287988745987377,3.168261805109506,151.89685797700866,151.7316424154693,-0.16521556153935535,0.16521556153935535,-0.10876825481430473,4.6312798828310715,4.783213572373239,0.1519336895421679,0.1519336895421679,3.280598309452458
s10_sit,terma,TERMA,mid_upslope,lipponen_tarvainen,1.0,100.0,True,False,604,604,0.988292847642304,0.0,0.00045169924558794393,603,1,1,0.9983443708609272,0.9983443708609272,0.9983443708609272,274.9999999999685,2.5481727574771527,3.372745955803908,-0.006644518272392012,3.375544184124906,602,804.2719734660033,804.2620232172471,-0.009950248756126712,0.009950248756126712,-0.0012371746230626685,62.96625943969139,63.232768854679904,0.2665094149885121,0.2665094149885121,0.42325749911152466,25.937953054122264,25.97123376716631,0.03328071304404645,0.03328071304404645,0.12830894162929027,5.813953488372093,5.149501661129568,-0.6644518272425248,0.6644518272425248,-11.428571428571427,25.959318442642765,25.99277702701923,0.033458584376464984,0.033458584376464984,0.12888853168619155,18.356010105773706,18.379668897675206,0.02365879190150011,0.02365879190150011,0.12888853168618852,87.13527729140354,87.51544940906481,0.38017211766127446,0.38017211766127446,0.4363010361347423,0.2106610626186031,0.21001627737480882,-0.0006447852437942714,0.0006447852437942714,-0.30607708694683644,1.2469920328958066,1.2984846789510782,0.051492646055271596,0.051492646055271596,4.129348439836753,1.4222357628070728,1.3888410651210172,-0.03339469768605552,0.03339469768605552,-2.348042325988503,703.4768626141686,725.7155617735141,22.238699159345515,22.238699159345515,3.1612552368396276,151.89685797700866,151.30926306114145,-0.5875949158672142,0.5875949158672142,-0.38683809770189814,4.6312798828310715,4.796240144797117,0.16496026196604507,0.16496026196604507,3.561872012477163
s10_sit,heartpy,HeartPy,mid_upslope,lipponen_tarvainen,1.0,100.0,True,False,603,604,0.988292847642304,0.0016611295681063123,0.020016080348408474,603,1,1,0.9983443708609272,0.9983443708609272,0.9983443708609272,274.9999999999685,2.531561461796081,3.355463636015767,-0.006644518272392012,3.358247458604321,602,804.2719734660033,804.2620232172471,-0.009950248756126712,0.009950248756126712,-0.0012371746230626685,62.96625943969139,63.23211209939909,0.2658526597076971,0.2658526597076971,0.42221447180347244,25.937953054122264,25.972193154907867,0.03424010078560258,0.03424010078560258,0.13200772132695673,5.813953488372093,5.149501661129568,-0.6644518272425248,0.6644518272425248,-11.428571428571427,25.959318442642765,25.993737214599662,0.03441877195689713,0.03441877195689713,0.13258734828861385,18.356010105773706,18.380347852824542,0.024337747050836356,0.024337747050836356,0.1325873482886194,87.13527729140354,87.51435775866217,0.37908046725863187,0.37908046725863187,0.4350482135850512,0.2106610626186031,0.21002665532336898,-0.0006344072952341184,0.0006344072952341184,-0.3011507144928334,1.2469920328958066,1.3019911780671405,0.05499914517133386,0.05499914517133386,4.410545033203862,1.4222357628070728,1.3889891972218962,-0.03324656558517658,0.03324656558517658,-2.3376268868079713,703.4768626141686,725.7232925959643,22.2464299817957,22.2464299817957,3.162354181646633,151.89685797700866,151.28989872553694,-0.6069592514717215,0.6069592514717215,-0.39958644277131244,4.6312798828310715,4.796905138475488,0.1656252556444162,0.1656252556444162,3.5762307576878847
s10_sit,findpeaks,find_peaks baseline,mid_upslope,lipponen_tarvainen,1.0,100.0,True,False,604,604,0.988292847642304,0.0,0.00015392661099681814,603,1,1,0.9983443708609272,0.9983443708609272,0.9983443708609272,274.9999999999685,2.5481727574771527,3.372745955803908,-0.006644518272392012,3.375544184124906,602,804.2719734660033,804.2620232172471,-0.009950248756126712,0.009950248756126712,-0.0012371746230626685,62.96625943969139,63.232768854679904,0.2665094149885121,0.2665094149885121,0.42325749911152466,25.937953054122264,25.97123376716631,0.03328071304404645,0.03328071304404645,0.12830894162929027,5.813953488372093,5.149501661129568,-0.6644518272425248,0.6644518272425248,-11.428571428571427,25.959318442642765,25.99277702701923,0.033458584376464984,0.033458584376464984,0.12888853168619155,18.356010105773706,18.379668897675206,0.02365879190150011,0.02365879190150011,0.12888853168618852,87.13527729140354,87.51544940906481,0.38017211766127446,0.38017211766127446,0.4363010361347423,0.2106610626186031,0.21001627737480882,-0.0006447852437942714,0.0006447852437942714,-0.30607708694683644,1.2469920328958066,1.2984846789510782,0.051492646055271596,0.051492646055271596,4.129348439836753,1.4222357628070728,1.3888410651210172,-0.03339469768605552,0.03339469768605552,-2.348042325988503,703.4768626141686,725.7155617735141,22.238699159345515,22.238699159345515,3.1612552368396276,151.89685797700866,151.30926306114145,-0.5875949158672142,0.5875949158672142,-0.38683809770189814,4.6312798828310715,4.796240144797117,0.16496026196604507,0.16496026196604507,3.561872012477163
s11_sit,msptdfast,MSPTDfast v2,mid_upslope,none,1.0,100.0,True,False,589,588,0.9852742551942427,0.003401360544217687,0.024697919018628868,587,2,1,0.9982993197278912,0.9966044142614601,0.9974511469838572,295.1847545934064,4.934551090366077,7.1747487801709635,-0.022990193217040655,7.180862578992803,584,828.6541737649063,827.7290881879497,-0.925085576956576,0.925085576956576,-0.11163711066023398,79.17687458943618,81.9581364817187,2.781261892282515,2.781261892282515,3.512719978787332,38.07187382821857,44.45138138150028,6.379507553281712,6.379507553281712,16.756484280406685,16.723549488054605,18.632478632478634,1.9089291444240288,1.9089291444240288,11.414617128902869,38.1043998440733,44.48942037403437,6.385020529961068,6.385020529961068,16.75664898565299,26.943879522787856,31.45877083753865,4.514891314750795,4.514891314750795,16.75664898565299,108.68294390457089,111.55544813456349,2.8725042299926002,2.8725042299926002,2.6430129022956943,0.24791267658746843,0.28200120535208273,0.034088528764614295,0.034088528764614295,13.750216097798935,1.2387984281449955,1.216035676775211,-0.022762751369784562,0.022762751369784562,-1.8374862974172492,1.3550773299749495,1.2932403906348957,-0.06183693934005374,0.06183693934005374,-4.563351328532438,2699.726698279838,2867.3346362098914,167.6079379300536,167.6079379300536,6.208329829713761,425.9870128496739,563.6627187311778,137.67570588150397,137.67570588150397,32.31922610985519,6.337579824839734,5.086968750859291,-1.2506110739804432,1.2506110739804432,-19.733259517753986
s11_sit,msptd,MSPTD,mid_upslope,none,1.0,100.0,True,False,586,588,0.9852742551942427,0.0,0.912857595027661,586,0,2,0.9965986394557823,1.0,0.9982964224872232,295.176712063408,4.944561233865045,7.180809684921962,0.0012040369320015804,7.186954907811402,585,828.6541737649063,828.5960758318038,-0.05809793310254463,0.05809793310254463,-0.0070111193477228936,79.17687458943618,81.01010864512278,1.833234055686603,1.833234055686603,2.315365522057616,38.07187382821857,39.90306358522572,1.8311897570071523,1.8311897570071523,4.809823034373183,16.723549488054605,18.15068493150685,1.4271354434522436,1.4271354434522436,8.533687447581785,38.1043998440733,39.93727101367472,1.8328711696014182,1.8328711696014182,4.810130003626078,26.943879522787856,28.239915155854337,1.2960356330664808,1.2960356330664808,4.8101300036260755,108.68294390457089,111.03054803692245,2.347604132351563,2.347604132351563,2.160048346144247,0.24791267658746843,0.2543436527617908,0.006430976174322339,0.006430976174322339,2.5940489461229164,1.2387984281449955,1.2135702074322061,-0.025228220712789406,0.025228220712789406,-2.0365073235172497,1.3550773299749495,1.338004574365864,-0.0170727556090855,0.0170727556090855,-1.259910060586809,2699.726698279838,2852.9224390275435,153.1957407477057,153.1957407477057,5.674490712164166,425.9870128496739,510.51146768978083,84.52445484010696,84.52445484010696,19.842026233305546,6.337579824839734,5.588361123282661,-0.7492187015570728,0.7492187015570728,-11.821842442450327
s11_sit,qppg,qppg (slope-sum),mid_upslope,none,1.0,100.0,True,False,579,588,0.9852742551942427,0.0017301038062283738,0.0030827507217086355,579,0,9,0.9846938775510204,1.0,0.9922879177377892,295.2423063114643,4.715952469408748,6.14357333460225,0.0028052542852900334,6.148903343901484,577,828.6541737649063,828.3494257048919,-0.3047480600143899,0.3047480600143899,-0.036776265619926585,79.17687458943618,80.40119238864878,1.2243177992125993,1.2243177992125993,1.546307309503157,38.07187382821857,40.33779310908341,2.2659192808648356,2.2659192808648356,5.95168835421322,16.723549488054605,17.881944444444446,1.1583949563898415,1.1583949563898415,6.926729024943339,38.1043998440733,40.37285163781199,2.2684517937386914,2.2684517937386914,5.953254225290004,26.943879522787856,28.54791716893527,1.6040376461474146,1.6040376461474146,5.9532542252899985,108.68294390457089,110.06234551538796,1.3794016108170695,1.3794016108170695,1.2691978715889898,0.24791267658746843,0.259379509270443,0.011466832682974576,0.011466832682974576,4.625351491023434,1.2387984281449955,1.2156982920451256,-0.02310013609986994,0.02310013609986994,-1.8647211342091061,1.3550773299749495,1.3562643198561821,0.0011869898812326696,0.0011869898812326696,0.0875957301458665,2699.726698279838,2712.8538469757655,13.127148695927644,13.127148695927644,0.48623991103587483,425.9870128496739,512.0124900213143,86.02547717164043,86.02547717164043,20.194389635535174,6.337579824839734,5.298413417342287,-1.0391664074974472,1.0391664074974472,-16.39689654755119
s11_sit,terma,TERMA,mid_upslope,none,1.0,100.0,True,False,588,588,0.9852742551942427,0.0,0.0004037900217664394,587,1,1,0.9982993197278912,0.9982993197278912,0.9982993197278912,295.1847545934064,4.938967899714406,7.174547674756845,-0.0022508622111477427,7.180676795089995,586,828.6541737649063,828.5573516618224,-0.09682210308392314,0.09682210308392314,-0.011684259387003595,79.17687458943618,80.89198468444977,1.7151100950135856,1.7151100950135856,2.1661755454570777,38.07187382821857,39.886874128850856,1.8150003006322848,1.8150003006322848,4.767299631275361,16.723549488054605,18.088737201365188,1.3651877133105828,1.3651877133105828,8.163265306122465,38.1043998440733,39.92083015466454,1.8164303105912438,1.8164303105912438,4.766983125371987,26.943879522787856,28.22828971295971,1.2844101901718545,1.2844101901718545,4.766983125371984,108.68294390457089,110.86112949207998,2.178185587509091,2.178185587509091,2.0041650596266956,0.24791267658746843,0.2546274771174541,0.0067148005299856595,0.0067148005299856595,2.708534562417403,1.2387984281449955,1.2136614614296852,-0.025136966715310294,0.025136966715310294,-2.029140992126617,1.3550773299749495,1.3948939360922357,0.03981660611728621,0.03981660611728621,2.9383272257991564,2699.726698279838,2844.1195490930727,144.39285081323487,144.39285081323487,5.348424746298818,425.9870128496739,511.18976593075604,85.20275308108216,85.20275308108216,20.00125602682382,6.337579824839734,5.563725525519083,-0.773854299320651,0.773854299320651,-12.210564927128477
s11_sit,heartpy,HeartPy,mid_upslope,none,1.0,100.0,True,False,587,588,0.9852742551942427,0.0017064846416382253,0.02208042711657126,586,1,2,0.9965986394557823,0.9982964224872232,0.9974468085106383,295.19279712340483,4.940950621679084,7.177955256334406,-0.01686202734919282,7.184088846956192,584,828.6541737649063,827.8916871910658,-0.7624865738405333,0.7624865738405333,-0.09201505259742467,79.17687458943618,80.2218726353097,1.0449980458735126,1.0449980458735126,1.3198273502108364,38.07187382821857,40.00354246853573,1.931668640317156,1.931668640317156,5.073741967713232,16.723549488054605,18.32191780821918,1.5983683201645746,1.5983683201645746,9.557590159351438,38.1043998440733,40.037714887230614,1.9333150431573145,1.9333150431573145,5.073731776562856,26.943879522787856,28.310939699974355,1.3670601771864987,1.3670601771864987,5.073731776562853,108.68294390457089,109.86167844856602,1.1787345439951338,1.1787345439951338,1.084562583279049,0.24791267658746843,0.25769622401344155,0.009783547425973121,0.009783547425973121,3.946368358667329,1.2387984281449955,1.2211324246087625,-0.017666003536233044,0.017666003536233044,-1.426059569891973,1.3550773299749495,1.3349109270580404,-0.020166402916909076,0.020166402916909076,-1.4882104859124077,2699.726698279838,2858.175101925598,158.4484036457602,158.4484036457602,5.869053476661821,425.9870128496739,509.09840914922967,83.11139629955579,83.11139629955579,19.51031223782517,6.337579824839734,5.614189811950079,-0.7233900128896549,0.7233900128896549,-11.41429430291946
s11_sit,findpeaks,find_peaks baseline,mid_upslope,none,1.0,100.0,True,False,588,588,0.9852742551942427,0.0,0.00014567279937720685,587,1,1,0.9982993197278912,0.9982993197278912,0.9982993197278912,295.1847545934064,4.938967899714406,7.174547674756845,-0.0022508622111477427,7.180676795089995,586,828.6541737649063,828.5573516618224,-0.09682210308392314,0.09682210308392314,-0.011684259387003595,79.17687458943618,80.89198468444977,1.7151100950135856,1.7151100950135856,2.1661755454570777,38.07187382821857,39.886874128850856,1.8150003006322848,1.8150003006322848,4.767299631275361,16.723549488054605,18.088737201365188,1.3651877133105828,1.3651877133105828,8.163265306122465,38.1043998440733,39.92083015466454,1.8164303105912438,1.8164303105912438,4.766983125371987,26.943879522787856,28.22828971295971,1.2844101901718545,1.2844101901718545,4.766983125371984,108.68294390457089,110.86112949207998,2.178185587509091,2.178185587509091,2.0041650596266956,0.24791267658746843,0.2546274771174541,0.0067148005299856595,0.0067148005299856595,2.708534562417403,1.2387984281449955,1.2136614614296852,-0.025136966715310294,0.025136966715310294,-2.029140992126617,1.3550773299749495,1.3948939360922357,0.03981660611728621,0.03981660611728621,2.9383272257991564,2699.726698279838,2844.1195490930727,144.39285081323487,144.39285081323487,5.348424746298818,425.9870128496739,511.18976593075604,85.20275308108216,85.20275308108216,20.00125602682382,6.337579824839734,5.563725525519083,-0.773854299320651,0.773854299320651,-12.210564927128477
s11_sit,msptdfast,MSPTDfast v2,mid_upslope,median_mad,1.0,100.0,True,False,589,588,0.9852742551942427,0.006802721088435374,0.02184694174993963,587,2,1,0.9982993197278912,0.9966044142614601,0.9974511469838572,295.1847545934064,4.934551090366077,7.1747487801709635,-0.022990193217040655,7.180862578992803,584,828.6541737649063,828.4991455152427,-0.1550282496635873,0.1550282496635873,-0.01870843767783515,79.17687458943618,80.90746302040098,1.7305884309648008,1.7305884309648008,2.185724607012584,38.07187382821857,41.99577920190504,3.923905373686466,3.923905373686466,10.306572750769359,16.723549488054605,18.353344768439108,1.6297952803845028,1.6297952803845028,9.745510554135905,38.1043998440733,42.031839987352186,3.9274401432788864,3.9274401432788864,10.307051572391462,26.943879522787856,29.72099908080462,2.7771195580167642,2.7771195580167642,10.307051572391453,108.68294390457089,110.49297424919793,1.8100303446270374,1.8100303446270374,1.6654226317391028,0.24791267658746843,0.2689854199577795,0.021072743370311092,0.021072743370311092,8.50006690274114,1.2387984281449955,1.2087931007807673,-0.03000532736422823,0.03000532736422823,-2.422131533469806,1.3550773299749495,1.3272735586884519,-0.02780377128649758,0.02780377128649758,-2.0518217426758643,2699.726698279838,2843.427571415102,143.70087313526437,143.70087313526437,5.322793348927692,425.9870128496739,512.7765489309774,86.78953608130348,86.78953608130348,20.373751655177937,6.337579824839734,5.545159148449755,-0.7924206763899795,0.7924206763899795,-12.503521822070594
s11_sit,msptd,MSPTD,mid_upslope,median_mad,1.0,100.0,True,False,586,588,0.9852742551942427,0.0017094017094017094,0.9211113975700244,586,0,2,0.9965986394557823,1.0,0.9982964224872232,295.176712063408,4.944561233865045,7.180809684921962,0.0012040369320015804,7.186954907811402,585,828.6541737649063,828.8514589823984,0.1972852174920945,0.1972852174920945,0.02380790729572375,79.17687458943618,80.84352109466218,1.666646505225998,1.666646505225998,2.1049662718669158,38.07187382821857,39.86687041184911,1.7949965836305424,1.7949965836305424,4.714757649517385,16.723549488054605,18.181818181818183,1.4582686937635785,1.4582686937635785,8.71985157699446,38.1043998440733,39.90110551004896,1.796705665975658,1.796705665975658,4.715218382464866,26.943879522787856,28.214342282995535,1.2704627602076783,1.2704627602076783,4.715218382464861,108.68294390457089,110.7939560423047,2.111012137733809,2.111012137733809,1.942358259624789,0.24791267658746843,0.2546559694305201,0.006743292843051668,0.006743292843051668,2.720027445096178,1.2387984281449955,1.2079398206986798,-0.030858607446315744,0.030858607446315744,-2.4910111883596846,1.3550773299749495,1.3354093247651762,-0.019668005209773298,0.019668005209773298,-1.4514304663437096,2699.726698279838,2843.362070857828,143.63537257798998,143.63537257798998,5.320367156775866,425.9870128496739,511.3870526189899,85.40003976931604,85.40003976931604,20.047568867892405,6.337579824839734,5.560097887296887,-0.7774819375428468,0.7774819375428468,-12.267805045950768
s11_sit,qppg,qppg (slope-sum),mid_upslope,median_mad,1.0,100.0,True,False,579,588,0.9852742551942427,0.005190311418685121,0.003120511357418416,579,0,9,0.9846938775510204,1.0,0.9922879177377892,295.2423063114643,4.715952469408748,6.14357333460225,0.0028052542852900334,6.148903343901484,577,828.6541737649063,828.429141794739,-0.22503197016726517,0.22503197016726517,-0.027156318919490288,79.17687458943618,80.18496133661195,1.008086747175767,1.008086747175767,1.2732085629839531,38.07187382821857,40.16303389395374,2.091160065735167,2.091160065735167,5.492663889280952,16.723549488054605,17.770034843205575,1.0464853551509705,1.0464853551509705,6.257555286923151,38.1043998440733,40.1980622889355,2.093662444862204,2.093662444862204,5.494542502780947,26.943879522787856,28.424322435065527,1.4804429122776703,1.4804429122776703,5.494542502780944,108.68294390457089,109.77847668470963,1.0955327801387398,1.0955327801387398,1.008008010070718,0.24791267658746843,0.25892436562680576,0.01101168903933733,0.01101168903933733,4.441761184185429,1.2387984281449955,1.2054075248015963,-0.033390903343399225,0.033390903343399225,-2.6954266799804962,1.3550773299749495,1.368468006722227,0.013390676747277563,0.013390676747277563,0.9881854305337031,2699.726698279838,2704.396498501965,4.669800222127378,4.669800222127378,0.17297307261149047,425.9870128496739,510.8832019142175,84.89618906454365,84.89618906454365,19.929290448697923,6.337579824839734,5.293570993074188,-1.044008831765546,1.044008831765546,-16.473304646572196
s11_sit,terma,TERMA,mid_upslope,median_mad,1.0,100.0,True,False,588,588,0.9852742551942427,0.0017035775127768314,0.0004320920242917948,587,1,1,0.9982993197278912,0.9982993197278912,0.9982993197278912,295.1847545934064,4.938967899714406,7.174547674756845,-0.0022508622111477427,7.180676795089995,586,828.6541737649063,828.8117971153671,0.15762335046076714,0.15762335046076714,0.019021608223442767,79.17687458943618,80.72564570222751,1.5487711127913286,1.5487711127913286,1.9560902357188603,38.07187382821857,39.85076239057165,1.7788885623530817,1.7788885623530817,4.672448144736663,16.723549488054605,18.11965811965812,1.3961086316035143,1.3961086316035143,8.348159776731219,38.1043998440733,39.88474531454106,1.7803454704677577,1.7803454704677577,4.6722831949934776,26.943879522787856,28.202773877810362,1.2588943550225054,1.2588943550225054,4.672283194993476,108.68294390457089,110.62487646854221,1.9419325639713207,1.9419325639713207,1.7867868629657617,0.24791267658746843,0.2549406135231277,0.007027936935659257,0.007027936935659257,2.834843716908386,1.2387984281449955,1.2044571160938002,-0.03434131205119528,0.03434131205119528,-2.7721468861256735,1.3550773299749495,1.3464125308388588,-0.00866479913609064,0.00866479913609064,-0.6394320784815152,2699.726698279838,2834.2749786501763,134.5482803703385,134.5482803703385,4.983774115212014,425.9870128496739,512.084988316171,86.09797546649713,86.09797546649713,20.211408533452207,6.337579824839734,5.5347745849176135,-0.8028052399221206,0.8028052399221206,-12.667378748833702
s11_sit,heartpy,HeartPy,mid_upslope,median_mad,1.0,100.0,True,False,587,588,0.9852742551942427,0.0034129692832764505,0.01949365113852689,586,1,2,0.9965986394557823,0.9982964224872232,0.9974468085106383,295.19279712340483,4.940950621679084,7.177955256334406,-0.01686202734919282,7.184088846956192,584,828.6541737649063,828.1458641967276,-0.5083095681786745,0.5083095681786745,-0.06134158063420129,79.17687458943618,80.05453277568286,0.877658186246677,0.877658186246677,1.108477937273587,38.07187382821857,39.96761257223391,1.8957387440153397,1.8957387440153397,4.979368109300239,16.723549488054605,18.353344768439108,1.6297952803845028,1.6297952803845028,9.745510554135905,38.1043998440733,40.00181250928843,1.8974126652151284,1.8974126652151284,4.97951069424926,26.943879522787856,28.285552885070715,1.341673362282858,1.341673362282858,4.979510694249261,108.68294390457089,109.62382922454238,0.9408853199714855,0.9408853199714855,0.8657157104592513,0.24791267658746843,0.25802376258115783,0.0101110859936894,0.0101110859936894,4.078486882102623,1.2387984281449955,1.213712453623495,-0.02508597452150063,0.02508597452150063,-2.0250247297346777,1.3550773299749495,1.3684787039321462,0.01340137395719676,0.01340137395719676,0.9889748474682625,2699.726698279838,2848.3257739867054,148.59907570686755,148.59907570686755,5.504226624181966,425.9870128496739,509.98014869136796,83.99313584169408,83.99313584169408,19.717299661277313,6.337579824839734,5.585169895917788,-0.7524099289219466,0.7524099289219466,-11.872196480633262
s11_sit,findpeaks,find_peaks baseline,mid_upslope,median_mad,1.0,100.0,True,False,588,588,0.9852742551942427,0.0017035775127768314,0.00014764334676249302,587,1,1,0.9982993197278912,0.9982993197278912,0.9982993197278912,295.1847545934064,4.938967899714406,7.174547674756845,-0.0022508622111477427,7.180676795089995,586,828.6541737649063,828.8117971153671,0.15762335046076714,0.15762335046076714,0.019021608223442767,79.17687458943618,80.72564570222751,1.5487711127913286,1.5487711127913286,1.9560902357188603,38.07187382821857,39.85076239057165,1.7788885623530817,1.7788885623530817,4.672448144736663,16.723549488054605,18.11965811965812,1.3961086316035143,1.3961086316035143,8.348159776731219,38.1043998440733,39.88474531454106,1.7803454704677577,1.7803454704677577,4.6722831949934776,26.943879522787856,28.202773877810362,1.2588943550225054,1.2588943550225054,4.672283194993476,108.68294390457089,110.62487646854221,1.9419325639713207,1.9419325639713207,1.7867868629657617,0.24791267658746843,0.2549406135231277,0.007027936935659257,0.007027936935659257,2.834843716908386,1.2387984281449955,1.2044571160938002,-0.03434131205119528,0.03434131205119528,-2.7721468861256735,1.3550773299749495,1.3464125308388588,-0.00866479913609064,0.00866479913609064,-0.6394320784815152,2699.726698279838,2834.2749786501763,134.5482803703385,134.5482803703385,4.983774115212014,425.9870128496739,512.084988316171,86.09797546649713,86.09797546649713,20.211408533452207,6.337579824839734,5.5347745849176135,-0.8028052399221206,0.8028052399221206,-12.667378748833702
s11_sit,msptdfast,MSPTDfast v2,mid_upslope,lipponen_tarvainen,1.0,100.0,True,False,589,588,0.9852742551942427,0.003401360544217687,0.02681274862727448,587,0,1,0.9982993197278912,1.0,0.9991489361702128,295.0000000000151,5.213310580207408,8.384835165397828,-0.0017064846416582078,8.391998457376651,586,828.6541737649063,828.6262798634813,-0.027893901425045442,0.027893901425045442,-0.0033661691822913682,79.17687458943618,80.84296432490419,1.666089735468006,1.666089735468006,2.10426307442337,38.07187382821857,39.17562908913859,1.1037552609200176,1.1037552609200176,2.899135634616237,16.723549488054605,17.60683760683761,0.8832881187830033,0.8832881187830033,5.281702424559592,38.1043998440733,39.2091524981158,1.1047526540424997,1.1047526540424997,2.8992784522607598,26.943879522787856,27.725057615995144,0.7811780932072878,0.7811780932072878,2.8992784522607606,108.68294390457089,110.91659452879543,2.2336506242245378,2.2336506242245378,2.0551988600766977,0.24791267658746843,0.24996311628371667,0.0020504396962482407,0.0020504396962482407,0.8270814241823594,1.2387984281449955,1.2034400392627218,-0.03535838888227372,0.03535838888227372,-2.854248768721814,1.3550773299749495,1.337162880559705,-0.01791444941524456,0.01791444941524456,-1.32202413980136,2699.726698279838,2861.618288191917,161.89158991207933,161.89158991207933,5.996591803727037,425.9870128496739,487.6743409618339,61.68732811216,61.68732811216,14.481034926275742,6.337579824839734,5.8678877435872145,-0.4696920812525196,0.4696920812525196,-7.4112215425136245
s11_sit,msptd,MSPTD,mid_upslope,lipponen_tarvainen,1.0,100.0,True,False,586,588,0.9852742551942427,0.0,0.9010142043700927,586,0,2,0.9965986394557823,1.0,0.9982964224872232,295.0000000000151,5.246153846156304,8.409904620537299,0.001709401709398017,8.417101627799635,585,828.6541737649063,828.5965811965812,-0.057592568325162574,0.057592568325162574,-0.006950133137385475,79.17687458943618,80.90890778001348,1.7320331905772974,1.7320331905772974,2.1875493312391825,38.07187382821857,39.216819148286696,1.1449453200681248,1.1449453200681248,3.0073258942655468,16.723549488054605,17.80821917808219,1.0846696900275852,1.0846696900275852,6.4858820240425,38.1043998440733,39.25043822395976,1.1460383798864626,1.1460383798864626,3.007627425116671,26.943879522787856,27.754251032705618,0.8103715099177613,0.8103715099177613,3.007627425116667,108.68294390457089,111.00542448872942,2.3224805841585265,2.3224805841585265,2.1369319791316856,0.24791267658746843,0.2500260790005227,0.0021134024130542717,0.0021134024130542717,0.8524785590415833,1.2387984281449955,1.213627539551767,-0.02517088859322847,0.02517088859322847,-2.031879280870571,1.3550773299749495,1.3374655610595334,-0.01761176891541605,0.01761176891541605,-1.2996873702950684,2699.726698279838,2861.703494626204,161.97679634636597,161.97679634636597,5.999747917060322,425.9870128496739,487.14257364714,61.15556079746614,61.15556079746614,14.356203112475463,6.337579824839734,5.874468070407389,-0.46311175443234553,0.46311175443234553,-7.30739126341587
s11_sit,qppg,qppg (slope-sum),mid_upslope,lipponen_tarvainen,1.0,100.0,True,False,579,588,0.9852742551942427,0.0034602076124567475,0.0030996481748121175,578,1,10,0.9829931972789115,0.998272884283247,0.9905741216795202,295.0000000000151,5.01562500000228,7.534757424393841,0.026041666666680088,7.541261499246242,576,828.6541737649063,828.5850694444446,-0.06910432046174719,0.06910432046174719,-0.008339343799812014,79.17687458943618,80.17402627867853,0.9971516892423438,0.9971516892423438,1.2593976390366186,38.07187382821857,39.366394849898356,1.2945210216797847,1.2945210216797847,3.4002030672845316,16.723549488054605,17.217391304347824,0.49384181629321944,0.49384181629321944,2.9529724933451695,38.1043998440733,39.40066809799733,1.2962682539240333,1.2962682539240333,3.401886026885299,26.943879522787856,27.860479595374386,0.9166000725865295,0.9166000725865295,3.401886026885299,108.68294390457089,109.90697273687506,1.224028832304171,1.224028832304171,1.1262382010731418,0.24791267658746843,0.25349146556947133,0.005578788982002897,0.005578788982002897,2.2503040420503027,1.2387984281449955,1.198956818270533,-0.0398416098744625,0.0398416098744625,-3.216149534038578,1.3550773299749495,1.3832733752139394,0.028196045238989997,0.028196045238989997,2.0807701977798745,2699.726698279838,2695.5883524546675,-4.1383458251702905,4.1383458251702905,-0.15328758380643068,425.9870128496739,492.6078172119732,66.62080436229934,66.62080436229934,15.639163249751252,6.337579824839734,5.472077905119264,-0.8655019197204705,0.8655019197204705,-13.65666301082618
s11_sit,terma,TERMA,mid_upslope,lipponen_tarvainen,1.0,100.0,True,False,588,588,0.9852742551942427,0.0,0.0004092213462343019,587,1,1,0.9982993197278912,0.9982993197278912,0.9982993197278912,295.0000000000151,5.2406143344734595,8.403132034330236,-0.0017064846416582078,8.410310958359656,586,828.6541737649063,828.5587734241908,-0.09540034071551418,0.09540034071551418,-0.011512684511329061,79.17687458943618,80.79047102679742,1.6135964373612381,1.6135964373612381,2.0379642992077955,38.07187382821857,39.201087433546206,1.1292136053276352,1.1292136053276352,2.9660048003486263,16.723549488054605,17.747440273037544,1.0238907849829388,1.0238907849829388,6.1224489795918595,38.1043998440733,39.234457549440016,1.130057705366717,1.130057705366717,2.9656882407045293,26.943879522787856,27.74295098938477,0.7990714665969136,0.7990714665969136,2.965688240704524,108.68294390457089,110.83559485952236,2.1526509549514685,2.1526509549514685,1.980670450776163,0.24791267658746843,0.25030723229795754,0.0023945557104891046,0.0023945557104891046,0.9658867563572364,1.2387984281449955,1.2098614723059635,-0.028936955839031997,0.028936955839031997,-2.3358889696334892,1.3550773299749495,1.4038119278268597,0.048734597851910255,0.048734597851910255,3.596444038570934,2699.726698279838,2852.9195351840635,153.19283690422571,153.19283690422571,5.674383151518052,425.9870128496739,487.4925698128171,61.50555696314325,61.50555696314325,14.438364341602094,6.337579824839734,5.852231832537471,-0.48534799230226344,0.48534799230226344,-7.658254502767339
s11_sit,heartpy,HeartPy,mid_upslope,lipponen_tarvainen,1.0,100.0,True,False,587,588,0.9852742551942427,0.0017064846416382253,0.01939958207960536,587,1,1,0.9982993197278912,0.9982993197278912,0.9982993197278912,295.0000000000151,5.2406143344734595,8.40008532380107,-0.0017064846416582078,8.40726164485338,586,828.6541737649063,828.5587734241908,-0.09540034071551418,0.09540034071551418,-0.011512684511329061,79.17687458943618,80.78994296631056,1.6130683768743808,1.6130683768743808,2.037297361431335,38.07187382821857,39.21088081210713,1.1390069838885566,1.1390069838885566,2.9917281955382338,16.723549488054605,17.747440273037544,1.0238907849829388,1.0238907849829388,6.1224489795918595,38.1043998440733,39.244259325002446,1.1398594809291467,1.1398594809291467,2.991411715165588,26.943879522787856,27.749881891352633,0.8060023685647764,0.8060023685647764,2.9914117151655826,108.68294390457089,110.83308993263432,2.150146028063432,2.150146028063432,1.9783656485707348,0.24791267658746843,0.2503754240562935,0.0024627474688250495,0.0024627474688250495,0.9933931183854344,1.2387984281449955,1.2098614723059635,-0.028936955839031997,0.028936955839031997,-2.3358889696334892,1.3550773299749495,1.4039153664972501,0.048838036522300676,0.048838036522300676,3.604077453144576,2699.726698279838,2852.575980147967,152.8492818681293,152.8492818681293,5.6616576028054615,425.9870128496739,487.69714737952125,61.71013452984738,61.71013452984738,14.486388708668029,6.337579824839734,5.84907251452123,-0.4885073103185045,0.4885073103185045,-7.708105046721962
s11_sit,findpeaks,find_peaks baseline,mid_upslope,lipponen_tarvainen,1.0,100.0,True,False,588,588,0.9852742551942427,0.0,0.00015018042847007022,587,1,1,0.9982993197278912,0.9982993197278912,0.9982993197278912,295.0000000000151,5.2406143344734595,8.403132034330236,-0.0017064846416582078,8.410310958359656,586,828.6541737649063,828.5587734241908,-0.09540034071551418,0.09540034071551418,-0.011512684511329061,79.17687458943618,80.79047102679742,1.6135964373612381,1.6135964373612381,2.0379642992077955,38.07187382821857,39.201087433546206,1.1292136053276352,1.1292136053276352,2.9660048003486263,16.723549488054605,17.747440273037544,1.0238907849829388,1.0238907849829388,6.1224489795918595,38.1043998440733,39.234457549440016,1.130057705366717,1.130057705366717,2.9656882407045293,26.943879522787856,27.74295098938477,0.7990714665969136,0.7990714665969136,2.965688240704524,108.68294390457089,110.83559485952236,2.1526509549514685,2.1526509549514685,1.980670450776163,0.24791267658746843,0.25030723229795754,0.0023945557104891046,0.0023945557104891046,0.9658867563572364,1.2387984281449955,1.2098614723059635,-0.028936955839031997,0.028936955839031997,-2.3358889696334892,1.3550773299749495,1.4038119278268597,0.048734597851910255,0.048734597851910255,3.596444038570934,2699.726698279838,2852.9195351840635,153.19283690422571,153.19283690422571,5.674383151518052,425.9870128496739,487.4925698128171,61.50555696314325,61.50555696314325,14.438364341602094,6.337579824839734,5.852231832537471,-0.48534799230226344,0.48534799230226344,-7.658254502767339
s12_sit,msptdfast,MSPTDfast v2,mid_upslope,none,1.0,100.0,True,False,590,589,0.9878169245966414,0.001697792869269949,0.02444317171519244,588,2,1,0.99830220713073,0.9966101694915255,0.9974554707379135,282.82961614186297,3.091058328345518,3.99746735643223,0.03243122808562328,4.000750865417251,586,824.5136054421769,823.9653226332472,-0.5482828089296845,0.5482828089296845,-0.06649772730380198,41.7104665198361,43.00742601640591,1.296959496569805,1.296959496569805,3.109434165530166,21.879178841546043,27.448965979108067,5.569787137562024,5.569787137562024,25.457020932548158,1.362862010221465,1.8739352640545146,0.5110732538330496,0.5110732538330496,37.500000000000014,21.897806997768605,27.47225239500892,5.574445397240314,5.574445397240314,25.456637725450555,15.484087821236415,19.42581596297918,3.9417281417427645,3.9417281417427645,25.45663772545056,56.91896923652936,57.63605693735232,0.7170877008229652,0.7170877008229652,1.259839576228225,0.2720373898004299,0.3370427644641639,0.06500537466373402,0.06500537466373402,23.895750033266673,1.4161534721948008,1.4271163556401458,0.010962883445345017,0.010962883445345017,0.7741310289169706,1.3409288086865765,1.2075934476044763,-0.1333353610821002,0.1333353610821002,-9.943507829673715,449.15597317788973,484.2177063247713,35.06173314688158,35.06173314688158,7.806137564822111,41.95531463575461,96.21398562689949,54.258670991144875,54.258670991144875,129.32490546717352,10.705579902745287,5.032716430670281,-5.672863472075005,5.672863472075005,-52.989782184711764
s12_sit,msptd,MSPTD,mid_upslope,none,1.0,100.0,True,False,589,589,0.9878169245966414,0.0,0.8792214562068947,588,1,1,0.99830220713073,0.99830220713073,0.99830220713073,282.8796656190443,3.0878960090143552,3.98598295537112,0.032469554993912964,3.989250152596309,587,824.5136054421769,824.455181633045,-0.058423809131909366,0.058423809131909366,-0.007085851433655527,41.7104665198361,41.82654709760478,0.11608057776867753,0.11608057776867753,0.27830083778486026,21.879178841546043,21.321689539489427,-0.5574893020566165,0.5574893020566165,-2.548035765391745,1.362862010221465,1.5332197614991483,0.17035775127768327,0.17035775127768327,12.500000000000009,21.897806997768605,21.33971443452188,-0.5580925632467242,0.5580925632467242,-2.5486230804006724,15.484087821236415,15.089456785234875,-0.3946310360015399,0.3946310360015399,-2.548623080400666,56.91896923652936,57.19465340521639,0.27568416868703594,0.27568416868703594,0.48434497740361016,0.2720373898004299,0.2638263524096931,-0.008211037390736808,0.008211037390736808,-3.0183488368126636,1.4161534721948008,1.4577114762183485,0.0415580040235477,0.0415580040235477,2.9345692285130474,1.3409288086865765,1.3549867243844953,0.01405791569791881,0.01405791569791881,1.0483715173282293,449.15597317788973,455.6260307392553,6.470057561365593,6.470057561365593,1.440492378535753,41.95531463575461,44.45832322936346,2.503008593608847,2.503008593608847,5.965891604768864,10.705579902745287,10.248385401056405,-0.45719450168888187,0.45719450168888187,-4.27061874127567
s12_sit,qppg,qppg (slope-sum),mid_upslope,none,1.0,100.0,True,False,589,589,0.9878169245966414,0.0,0.003134293710582798,588,1,1,0.99830220713073,0.99830220713073,0.99830220713073,282.9449109960743,3.088092383386869,3.9773216018354938,0.030392879048478823,3.98059754939216,587,824.5136054421769,824.4712106874367,-0.04239475474014398,0.04239475474014398,-0.005141789590895614,41.7104665198361,41.81820892479293,0.10774240495682363,0.10774240495682363,0.2583102370854206,21.879178841546043,21.33296534201107,-0.5462134995349714,0.5462134995349714,-2.4964990847726645,1.362862010221465,1.5332197614991483,0.17035775127768327,0.17035775127768327,12.500000000000009,21.897806997768605,21.35106960643891,-0.546737391329696,0.546737391329696,-2.4967677876848984,15.484087821236415,15.097486104298945,-0.38660171693747003,0.38660171693747003,-2.496767787684891,56.91896923652936,57.18033847998595,0.26136924345659196,0.26136924345659196,0.4591953209315162,0.2720373898004299,0.2640328215192939,-0.008004568281135993,0.008004568281135993,-2.94245150896656,1.4161534721948008,1.469793379995871,0.053639907801070086,0.053639907801070086,3.7877185527029926,1.3409288086865765,1.35521574364333,0.014286934956753594,0.014286934956753594,1.0654506685367937,449.15597317788973,455.65815214884765,6.502178970957914,6.502178970957914,1.4476438830265104,41.95531463575461,44.66722043136707,2.7119057956124593,2.7119057956124593,6.463795633894149,10.705579902745287,10.2011754424922,-0.5044044602530864,0.5044044602530864,-4.7116033398969765
s12_sit,terma,TERMA,mid_upslope,none,1.0,100.0,True,False,588,589,0.9878169245966414,0.0,0.00045601333546789013,588,0,1,0.99830220713073,1.0,0.9991503823279524,282.8796656190443,3.0881854708203966,3.9939054984534343,0.032469554993912964,3.9971797152167023,587,824.5136054421769,824.5333213437502,0.019715901573363226,0.019715901573363226,0.002391216038550367,41.7104665198361,41.81857040850699,0.1081038886708896,0.1081038886708896,0.2591768869798639,21.879178841546043,21.285222535280532,-0.5939563062655111,0.5939563062655111,-2.7147102300642856,1.362862010221465,1.5358361774744027,0.17297416725293768,0.17297416725293768,12.691979522184303,21.897806997768605,21.303395712818833,-0.5944112849497714,0.5944112849497714,-2.714478600575583,15.484087821236415,15.063775570834622,-0.42031225040179265,0.42031225040179265,-2.714478600575584,56.91896923652936,57.18975719107434,0.2707879545449856,0.2707879545449856,0.4757428993833567,0.2720373898004299,0.2633998868102493,-0.008637502990180623,0.008637502990180623,-3.1751161105159866,1.4161534721948008,1.4536094881337964,0.03745601593899561,0.03745601593899561,2.6449121987424893,1.3409288086865765,1.3423729370903728,0.0014441284037962632,0.0014441284037962632,0.10769612782133971,449.15597317788973,455.43231014008427,6.276336962194534,6.276336962194534,1.3973624613712463,41.95531463575461,44.51408528285001,2.5587706470954004,2.5587706470954004,6.098799804768472,10.705579902745287,10.231195524881405,-0.4743843778638812,0.4743843778638812,-4.431188054952842
s12_sit,heartpy,HeartPy,mid_upslope,none,1.0,100.0,True,False,588,589,0.9878169245966414,0.0,0.01945709170253494,587,1,2,0.9966044142614601,0.9982993197278912,0.9974511469838572,282.91513427513826,3.089280640823991,3.995419700412672,0.04003307714019451,3.9986382361109585,585,824.5136054421769,825.8597049407673,1.3460994985904335,1.3460994985904335,0.16325982854686022,41.7104665198361,47.696897553726664,5.986431033890561,5.986431033890561,14.352347344385647,21.879178841546043,44.5529695155528,22.67379067400676,22.67379067400676,103.63181743801024,1.362862010221465,1.7064846416382253,0.3436226314167603,0.3436226314167603,25.213310580204787,21.897806997768605,44.5909559240608,22.693148926292196,22.693148926292196,103.6320620078743,15.484087821236415,31.530567313493847,16.046479492257433,16.046479492257433,103.6320620078743,56.91896923652936,59.63062466040941,2.711655423880053,2.711655423880053,4.764062772485647,0.2720373898004299,0.5287646656907814,0.2567272758903515,0.2567272758903515,94.37205528206614,1.4161534721948008,1.3381984003799345,-0.07795507181486627,0.07795507181486627,-5.504705058135328,1.3409288086865765,0.9117714690914175,-0.429157339595159,0.429157339595159,-32.00448352030809,449.15597317788973,464.1193386755204,14.963365497630662,14.963365497630662,3.331440833740036,41.95531463575461,62.55934116040259,20.604026524647978,20.604026524647978,49.10945538968521,10.705579902745287,7.418865513393358,-3.2867143893519284,3.2867143893519284,-30.700946788591054
s12_sit,findpeaks,find_peaks baseline,mid_upslope,none,1.0,100.0,True,False,589,589,0.9878169245966414,0.0,0.00014780210706787208,588,1,1,0.99830220713073,0.99830220713073,0.99830220713073,282.8796656190443,3.0881854708203966,3.9939054984534343,0.032469554993912964,3.9971797152167023,587,824.5136054421769,824.4551816330448,-0.05842380913202305,0.05842380913202305,-0.0070858514336693155,41.7104665198361,41.825875313382824,0.11540879354672029,0.11540879354672029,0.2766902486977357,21.879178841546043,21.31739760931919,-0.5617812322268527,0.5617812322268527,-2.5676522702035545,1.362862010221465,1.5332197614991483,0.17035775127768327,0.17035775127768327,12.500000000000009,21.897806997768605,21.33541881165887,-0.562388186109736,0.562388186109736,-2.56823976102741,15.484087821236415,15.086419321179019,-0.39766850005739585,0.39766850005739585,-2.5682397610274066,56.91896923652936,57.19447214134291,0.2755029048135498,0.2755029048135498,0.4840265178884125,0.2720373898004299,0.26377408089188104,-0.008263308908548872,0.008263308908548872,-3.0375636652781224,1.4161534721948008,1.4542238655000201,0.03807039330521933,0.03807039330521933,2.68829572872611,1.3409288086865765,1.3551705933077025,0.014241784621126019,0.014241784621126019,1.0620835743752626,449.15597317788973,455.65754654979503,6.501573371905295,6.501573371905295,1.4475090525692118,41.95531463575461,44.437062130791695,2.4817474950370837,2.4817474950370837,5.91521602586701,10.705579902745287,10.253998007533829,-0.45158189521145786,0.45158189521145786,-4.21819181505204
s12_sit,msptdfast,MSPTDfast v2,mid_upslope,median_mad,1.0,100.0,True,False,590,589,0.9878169245966414,0.008488964346349746,0.023006206782720574,588,2,1,0.99830220713073,0.9966101694915255,0.9974554707379135,282.82961614186297,3.091058328345518,3.99746735643223,0.03243122808562328,4.000750865417251,586,824.5136054421769,824.527155968005,0.013550525828122773,0.013550525828122773,0.0016434569106783612,41.7104665198361,41.79274373138829,0.08227721155218859,0.08227721155218859,0.19725795086242992,21.879178841546043,21.088752309192284,-0.7904265323537594,0.7904265323537594,-3.6126882918148207,1.362862010221465,1.5437392795883362,0.1808772693668712,0.1808772693668712,13.271869639794174,21.897806997768605,21.106698106498627,-0.7911088912699782,0.7911088912699782,-3.6127311349058493,15.484087821236415,14.924689359562443,-0.5593984616739718,0.5593984616739718,-3.612731134905843,56.91896923652936,57.188464787188984,0.26949555065962727,0.26949555065962727,0.4734722962738947,0.2720373898004299,0.260973771810461,-0.01106361798996891,0.01106361798996891,-4.066947561173603,1.4161534721948008,1.4423838277709342,0.026230355576133402,0.026230355576133402,1.8522254890552745,1.3409288086865765,1.3930213015780442,0.05209249289146767,0.05209249289146767,3.8848067514107356,449.15597317788973,454.5280842492802,5.372111071390464,5.372111071390464,1.1960457819098893,41.95531463575461,43.63465754282764,1.6793429070730284,1.6793429070730284,4.002694108369004,10.705579902745287,10.416675868331465,-0.2889040344138216,0.2889040344138216,-2.698630406184129
s12_sit,msptd,MSPTD,mid_upslope,median_mad,1.0,100.0,True,False,589,589,0.9878169245966414,0.00510204081632653,0.8795365204143847,588,1,1,0.99830220713073,0.99830220713073,0.99830220713073,282.8796656190443,3.0878960090143552,3.98598295537112,0.032469554993912964,3.989250152596309,587,824.5136054421769,824.5981436144242,0.08453817224733484,0.08453817224733484,0.010253096090754988,41.7104665198361,41.793354923419656,0.08288840358355287,0.08288840358355287,0.198723271397921,21.879178841546043,21.083324144696196,-0.7958546968498474,0.7958546968498474,-3.637498018612156,1.362862010221465,1.5410958904109588,0.17823388018949382,0.17823388018949382,13.07791095890411,21.897806997768605,21.101234758008385,-0.79657223976022,0.79657223976022,-3.6376804300147088,15.484087821236415,14.920826188797006,-0.5632616324394082,0.5632616324394082,-3.63768043001471,56.91896923652936,57.190366123618766,0.27139688708940923,0.27139688708940923,0.47681272294585514,0.2720373898004299,0.26089754621512956,-0.011139843585300346,0.011139843585300346,-4.094967825368666,1.4161534721948008,1.4455605946812633,0.02940712248646249,0.02940712248646249,2.0765491215359853,1.3409288086865765,1.3577013157205744,0.016772507033997908,0.016772507033997908,1.250812640115203,449.15597317788973,454.5031762769945,5.3472030991047745,5.3472030991047745,1.1905002757220366,41.95531463575461,43.666015033425104,1.710700397670493,1.710700397670493,4.077434319161612,10.705579902745287,10.408625012588969,-0.29695489015631793,0.29695489015631793,-2.7738328316074523
s12_sit,qppg,qppg (slope-sum),mid_upslope,median_mad,1.0,100.0,True,False,589,589,0.9878169245966414,0.0017006802721088435,0.0031874259137029295,588,1,1,0.99830220713073,0.99830220713073,0.99830220713073,282.9449109960743,3.088092383386869,3.9773216018354938,0.030392879048478823,3.98059754939216,587,824.5136054421769,824.610580197299,0.09697475512211895,0.09697475512211895,0.01176144996056342,41.7104665198361,41.716976330924645,0.0065098110885415394,0.0065098110885415394,0.01560714044146615,21.879178841546043,21.221900447180907,-0.6572783943651359,0.6572783943651359,-3.0041273446562804,1.362862010221465,1.5358361774744027,0.17297416725293768,0.17297416725293768,12.691979522184303,21.897806997768605,21.239940131572233,-0.6578668661963718,0.6578668661963718,-3.0042591308956585,15.484087821236415,15.018905699031018,-0.46518212220539645,0.46518212220539645,-3.004259130895651,56.91896923652936,57.05299904469061,0.13402980816125165,0.13402980816125165,0.23547476343832704,0.2720373898004299,0.26324480659231336,-0.008792583208116544,0.008792583208116544,-3.2321230602039286,1.4161534721948008,1.4685195720115911,0.0523660998167903,0.0523660998167903,3.6977701107233534,1.3409288086865765,1.344914925013814,0.003986116327237443,0.003986116327237443,0.29726532097865777,449.15597317788973,455.651738165433,6.495764987543282,6.495764987543282,1.4462158749852831,41.95531463575461,44.661518629778186,2.706203994023575,2.706203994023575,6.45020545672974,10.705579902745287,10.202334182645236,-0.5032457201000504,0.5032457201000504,-4.700779637084401
s12_sit,terma,TERMA,mid_upslope,median_mad,1.0,100.0,True,False,588,589,0.9878169245966414,0.0034071550255536627,0.0004112652294469191,588,0,1,0.99830220713073,1.0,0.9991503823279524,282.8796656190443,3.0881854708203966,3.9939054984534343,0.032469554993912964,3.9971797152167023,587,824.5136054421769,824.6587656251609,0.14516018298400013,0.14516018298400013,0.01760555338636922,41.7104665198361,41.75152469752594,0.041058177689834,0.041058177689834,0.09843615072084629,21.879178841546043,21.12500429833313,-0.7541745432129119,0.7541745432129119,-3.4469965654324337,1.362862010221465,1.5410958904109588,0.17823388018949382,0.17823388018949382,13.07791095890411,21.897806997768605,21.143102315369838,-0.7547046823987671,0.7547046823987671,-3.446485223272229,15.484087821236415,14.950431022519007,-0.5336567987174075,0.5336567987174075,-3.4464852232722265,56.91896923652936,57.121486687385314,0.2025174508559573,0.2025174508559573,0.35579957538300955,0.2720373898004299,0.2617304256161921,-0.010306964184237821,0.010306964184237821,-3.7888042492243956,1.4161534721948008,1.4396310209590262,0.023477548764225364,0.023477548764225364,1.6578392967422588,1.3409288086865765,1.3577731103161728,0.01684430162959627,0.01684430162959627,1.2561667346154684,449.15597317788973,454.2897123795854,5.1337392016956755,5.1337392016956755,1.1429747144122786,41.95531463575461,43.702160111701716,1.7468454759471044,1.7468454759471044,4.163585688995002,10.705579902745287,10.39513175592308,-0.3104481468222069,0.3104481468222069,-2.8998723062409453
s12_sit,heartpy,HeartPy,mid_upslope,median_mad,1.0,100.0,True,False,588,589,0.9878169245966414,0.0068143100511073255,0.02473439249248737,587,1,2,0.9966044142614601,0.9982993197278912,0.9974511469838572,282.91513427513826,3.089280640823991,3.995419700412672,0.04003307714019451,3.9986382361109585,585,824.5136054421769,825.0159069224421,0.5023014802652597,0.5023014802652597,0.06092094502138401,41.7104665198361,41.2328840020294,-0.47758251780670236,0.47758251780670236,-1.1449944286275966,21.879178841546043,21.189261584365866,-0.689917257180177,0.689917257180177,-3.153305076834527,1.362862010221465,1.5463917525773196,0.18352974235585462,0.18352974235585462,13.466494845360835,21.897806997768605,21.20732521396177,-0.6904817838068347,0.6904817838068347,-3.153200609893014,15.484087821236415,14.99584346962082,-0.4882443516155952,0.4882443516155952,-3.1532006098930054,56.91896923652936,56.35091946795771,-0.5680497685716475,0.5680497685716475,-0.9979972866534018,0.2720373898004299,0.26611532892817774,-0.005922060872252166,0.005922060872252166,-2.176929015749146,1.4161534721948008,1.4548899342305395,0.03873646203573866,0.03873646203573866,2.735329383170853,1.3409288086865765,1.3993703646141786,0.05844155592760214,0.05844155592760214,4.358289235716021,449.15597317788973,454.3831860114054,5.2272128335156935,5.2272128335156935,1.1637856659306718,41.95531463575461,43.640952874958735,1.685638239204124,1.685638239204124,4.017698958614439,10.705579902745287,10.411852997649174,-0.2937269050961131,0.2937269050961131,-2.743680470973751
s12_sit,findpeaks,find_peaks baseline,mid_upslope,median_mad,1.0,100.0,True,False,589,589,0.9878169245966414,0.00510204081632653,0.0003951885078689525,588,1,1,0.99830220713073,0.99830220713073,0.99830220713073,282.8796656190443,3.0881854708203966,3.9939054984534343,0.032469554993912964,3.9971797152167023,587,824.5136054421769,824.5981436144242,0.08453817224733484,0.08453817224733484,0.010253096090754988,41.7104665198361,41.79267915194479,0.08221263210868557,0.08221263210868557,0.19710312295257593,21.879178841546043,21.078961381358482,-0.8002174601875609,0.8002174601875609,-3.6574382703433095,1.362862010221465,1.5410958904109588,0.17823388018949382,0.17823388018949382,13.07791095890411,21.897806997768605,21.09686822080622,-0.8009387769623864,0.8009387769623864,-3.657620952837891,15.484087821236415,14.917738580731053,-0.5663492405053621,0.5663492405053621,-3.657620952837884,56.91896923652936,57.19018392199635,0.2712146854669939,0.2712146854669939,0.47649261591500186,0.2720373898004299,0.26084438897902246,-0.01119300082140745,0.01119300082140745,-4.114508240804243,1.4161534721948008,1.4421228106728325,0.025969338478031734,0.025969338478031734,1.8337940758485454,1.3409288086865765,1.357773110316173,0.016844301629596492,0.016844301629596492,1.256166734615485,449.15597317788973,454.5346968549936,5.378723677103892,5.378723677103892,1.1975180111817483,41.95531463575461,43.644719223339635,1.6894045875850239,1.6894045875850239,4.026676005774251,10.705579902745287,10.414425959049925,-0.2911539436953614,0.2911539436953614,-2.7196466360565794
s12_sit,msptdfast,MSPTDfast v2,mid_upslope,lipponen_tarvainen,1.0,100.0,True,False,590,589,0.9878169245966414,0.001697792869269949,0.0216965344085739,588,1,1,0.99830220713073,0.99830220713073,0.99830220713073,282.99999999999136,3.245315161839509,4.382285853470428,0.03236797274275457,4.385903771363726,587,824.5136054421769,824.4557823129252,-0.05782312925168753,0.05782312925168753,-0.007012998799538023,41.7104665198361,41.7790866217061,0.06862010186999612,0.06862010186999612,0.16451530657745747,21.879178841546043,20.983972142624843,-0.8952066989212,0.8952066989212,-4.0915918527129795,1.362862010221465,1.362862010221465,0.0,0.0,0.0,21.897806997768605,21.001709460627747,-0.8960975371408573,0.8960975371408573,-4.092179354910608,15.484087821236415,14.85045117611955,-0.633636645116864,0.633636645116864,-4.092179354910606,56.91896923652936,57.18783312693123,0.26886389040187453,0.26886389040187453,0.4723625427660126,0.2720373898004299,0.25967850789447183,-0.012358881905958075,0.012358881905958075,-4.543082079645267,1.4161534721948008,1.414839713595047,-0.0013137585997538004,0.0013137585997538004,-0.09276950736968462,1.3409288086865765,1.3589117926066618,0.01798298392008535,0.01798298392008535,1.3410841652137717,449.15597317788973,456.2514434845583,7.095470306668574,7.095470306668574,1.5797341525854292,41.95531463575461,43.249961788985814,1.2946471532312032,1.2946471532312032,3.0857762943050266,10.705579902745287,10.549175643451063,-0.15640425929422364,0.15640425929422364,-1.460960178851368
s12_sit,msptd,MSPTD,mid_upslope,lipponen_tarvainen,1.0,100.0,True,False,589,589,0.9878169245966414,0.0,0.8931281527824165,588,1,1,0.99830220713073,0.99830220713073,0.99830220713073,282.99999999999136,3.238500851788242,4.358898943539597,0.03236797274275457,4.362496273312191,587,824.5136054421769,824.4557823129252,-0.05782312925168753,0.05782312925168753,-0.007012998799538023,41.7104665198361,41.78128845925407,0.07082193941796788,0.07082193941796788,0.16979416757251406,21.879178841546043,20.991602117390805,-0.8875767241552381,0.8875767241552381,-4.056718629996443,1.362862010221465,1.362862010221465,0.0,0.0,0.0,21.897806997768605,21.009346000797777,-0.8884609969708279,0.8884609969708279,-4.05730581633751,15.484087821236415,14.855851025458582,-0.6282367957778323,0.6282367957778323,-4.057305816337505,56.91896923652936,57.18964784766712,0.27067861113776104,0.27067861113776104,0.4755507957513141,0.2720373898004299,0.2597646879209553,-0.012272701879474601,0.012272701879474601,-4.511402601119652,1.4161534721948008,1.4257485140964719,0.009595041901671042,0.009595041901671042,0.6775425185238104,1.3409288086865765,1.3588178053175561,0.017888996630979648,0.017888996630979648,1.3340750467209146,449.15597317788973,456.1926189510954,7.0366457732056915,7.0366457732056915,1.5666374697011554,41.95531463575461,43.36048638541086,1.4051717496562475,1.4051717496562475,3.3492103726443045,10.705579902745287,10.520929467815812,-0.18465043492947508,0.18465043492947508,-1.7248055369903337
s12_sit,qppg,qppg (slope-sum),mid_upslope,lipponen_tarvainen,1.0,100.0,True,False,589,589,0.9878169245966414,0.0,0.003135985347369325,588,1,1,0.99830220713073,0.99830220713073,0.99830220713073,282.99999999997715,3.2282793867118467,4.353032583683886,0.02896081771718425,4.3566487704080465,587,824.5136054421769,824.4710884353741,-0.042517006802768265,0.042517006802768265,-0.0051566167643730875,41.7104665198361,41.77738742029087,0.06692090045476817,0.06692090045476817,0.16044150554619865,21.879178841546043,21.031209063789596,-0.8479697777564468,0.8479697777564468,-3.875692885448926,1.362862010221465,1.362862010221465,0.0,0.0,0.0,21.897806997768605,21.049061538894225,-0.8487454588743795,0.8487454588743795,-3.875938165684203,15.484087821236415,14.883934151765054,-0.6001536694713607,0.6001536694713607,-3.8759381656841962,56.91896923652936,57.17664473800538,0.25767550147602236,0.25767550147602236,0.4527058464555817,0.2720373898004299,0.2603149278864852,-0.011722461913944715,0.011722461913944715,-4.309136300177142,1.4161534721948008,1.4192703810115317,0.003116908816730879,0.003116908816730879,0.2200968241034068,1.3409288086865765,1.358715549892846,0.017786741206269552,0.017786741206269552,1.3264493305719525,449.15597317788973,456.48610056974525,7.3301273918555125,7.3301273918555125,1.6319781611703938,41.95531463575461,43.686118566821705,1.7308039310670935,1.7308039310670935,4.125350855054941,10.705579902745287,10.449225418630638,-0.2563544841146488,0.2563544841146488,-2.3945875556812246
s12_sit,terma,TERMA,mid_upslope,lipponen_tarvainen,1.0,100.0,True,False,588,589,0.9878169245966414,0.0,0.0011625493909951626,588,0,1,0.99830220713073,1.0,0.9991503823279524,282.99999999999136,3.2385008517883875,4.369828410900016,0.03236797274275457,4.373435363029543,587,824.5136054421769,824.5332197614991,0.019614319322272422,0.019614319322272422,0.0023788957747705687,41.7104665198361,41.77319923620573,0.06273271636962363,0.06273271636962363,0.1504004188967535,21.879178841546043,20.949924042968377,-0.9292547985776665,0.9292547985776665,-4.247210580010976,1.362862010221465,1.3651877133105803,0.002325703089115283,0.002325703089115283,0.1706484641638339,21.897806997768605,20.967810559644082,-0.9299964381245225,0.9299964381245225,-4.246984358841456,15.484087821236415,14.82648103335923,-0.6576067878771852,0.6576067878771852,-4.2469843588414555,56.91896923652936,57.18545102578904,0.2664817892596858,0.2664817892596858,0.46817746848560915,0.2720373898004299,0.2592701599340871,-0.012767229866342822,0.012767229866342822,-4.693189372133376,1.4161534721948008,1.4200620947433171,0.003908622548516316,0.003908622548516316,0.27600275148558623,1.3409288086865765,1.3487829736525776,0.00785416496600111,0.00785416496600111,0.5857257234777563,449.15597317788973,456.0110513039419,6.855078126052149,6.855078126052149,1.5262132834504623,41.95531463575461,43.415988932837806,1.4606742970831945,1.4606742970831945,3.481500042996693,10.705579902745287,10.503297575678085,-0.20228232706720206,0.20228232706720206,-1.8895036878416065
s12_sit,heartpy,HeartPy,mid_upslope,lipponen_tarvainen,1.0,100.0,True,False,588,589,0.9878169245966414,0.0017035775127768314,0.025157462133327996,588,1,1,0.99830220713073,0.99830220713073,0.99830220713073,282.99999999999136,3.2862010221461486,4.477656055110102,0.03236797274275476,4.481357860505556,587,824.5136054421769,824.4557823129252,-0.05782312925168753,0.05782312925168753,-0.007012998799538023,41.7104665198361,41.763507344621566,0.05304082478546235,0.05304082478546235,0.1271643048160056,21.879178841546043,21.012691873282215,-0.8664869682638283,0.8664869682638283,-3.960326731360088,1.362862010221465,1.362862010221465,0.0,0.0,0.0,21.897806997768605,21.03045390368215,-0.8673530940864538,0.8673530940864538,-3.960913045652642,15.484087821236415,14.87077656672475,-0.6133112545116646,0.6133112545116646,-3.9609130456526387,56.91896923652936,57.15978565172431,0.24081641519495633,0.24081641519495633,0.4230863953179349,0.2720373898004299,0.26016151735299853,-0.01187587244743138,0.01187587244743138,-4.365529479658539,1.4161534721948008,1.4224626869587986,0.006309214763997817,0.006309214763997817,0.4455177272714369,1.3409288086865765,1.3617210772965933,0.020792268610016817,0.020792268610016817,1.5505870613953467,449.15597317788973,456.1687734335195,7.01280025562977,7.01280025562977,1.5613285082267685,41.95531463575461,43.23151818559654,1.2762035498419309,1.2762035498419309,3.041816182101376,10.705579902745287,10.551763911578321,-0.1538159911669652,0.1538159911669652,-1.4367833649770003
s12_sit,findpeaks,find_peaks baseline,mid_upslope,lipponen_tarvainen,1.0,100.0,True,False,589,589,0.9878169245966414,0.0,0.00014562891035583447,588,1,1,0.99830220713073,0.99830220713073,0.99830220713073,282.99999999999136,3.2385008517883875,4.369828410900016,0.03236797274275457,4.373435363029543,587,824.5136054421769,824.4557823129252,-0.05782312925168753,0.05782312925168753,-0.007012998799538023,41.7104665198361,41.77982058044866,0.06935406061255378,0.06935406061255378,0.16627495782041016,21.879178841546043,20.98186123421347,-0.8973176073325746,0.8973176073325746,-4.1012398766478,1.362862010221465,1.362862010221465,0.0,0.0,0.0,21.897806997768605,20.99959673582459,-0.8982102619440155,0.8982102619440155,-4.101827466264286,15.484087821236415,14.848957254084457,-0.6351305671519576,0.6351305671519576,-4.10182746626428,56.91896923652936,57.189293437979586,0.2703242014502294,0.2703242014502294,0.47492813920590327,0.2720373898004299,0.2596457546758782,-0.012391635124551714,0.012391635124551714,-4.555122049083906,1.4161534721948008,1.4213549197456221,0.005201447550821303,0.005201447550821303,0.36729405766734663,1.3409288086865765,1.3590413184113703,0.018112509724793835,0.018112509724793835,1.3507435747118313,449.15597317788973,456.21986605041883,7.063892872529095,7.063892872529095,1.572703758685497,41.95531463575461,43.31469073356438,1.359376097809772,1.359376097809772,3.240056973977028,10.705579902745287,10.532682060613118,-0.1728978421321692,0.1728978421321692,-1.6150254699218312
s13_sit,msptdfast,MSPTDfast v2,mid_upslope,none,1.0,100.0,True,False,604,603,0.9854401221945752,0.001658374792703151,0.021802911976344957,602,2,1,0.9983416252072969,0.9966887417218543,0.9975144987572493,268.4424355137188,6.015345635880268,10.78660126491045,-0.013685985454255273,10.795592661366651,600,807.3421926910299,806.7191714380192,-0.6230212530107337,0.6230212530107337,-0.0771694157261968,58.78134995052536,60.30695279688813,1.5256028463627729,1.5256028463627729,2.5953858624322694,34.59256554062295,37.36719221155371,2.7746266709307577,2.7746266709307577,8.020875663796723,15.640599001663894,15.806988352745424,0.16638935108153063,0.16638935108153063,1.0638297872340416,34.62087828945272,37.397400412993036,2.7765221235403175,2.7765221235403175,8.019791122359214,24.480657809106138,26.443955430775972,1.9632976216698346,1.9632976216698346,8.019791122359226,79.44300848561632,81.08374888019992,1.6407403945836023,1.6407403945836023,2.065304959945807,0.30815371013471277,0.3261313863255945,0.017977676190881753,0.017977676190881753,5.833996346505974,1.593039902160245,1.5247461314040451,-0.06829377075619991,0.06829377075619991,-4.287009425413011,1.1711667929000436,1.0890452052939952,-0.08212158760604837,0.08212158760604837,-7.011946385766187,797.2031842286465,845.0438315446519,47.8406473160054,47.8406473160054,6.001060741157826,313.4985263042611,384.0187056558048,70.52017935154373,70.52017935154373,22.4945808144251,2.5429248220928904,2.2005277844513724,-0.34239703764151797,0.34239703764151797,-13.46469367347308
s13_sit,msptd,MSPTD,mid_upslope,none,1.0,100.0,True,False,602,603,0.9854401221945752,0.0,0.8758449163603245,602,0,1,0.9983416252072969,1.0,0.9991701244813278,268.4424355137188,6.026274388273266,10.789885357770117,0.007676681741641883,10.798870452392235,601,807.3421926910299,807.165746565269,-0.17644612576089003,0.17644612576089003,-0.021855184500237806,58.78134995052536,59.09491746242046,0.31356751189510135,0.31356751189510135,0.5334472790417751,34.59256554062295,34.88500978591871,0.2924442452957621,0.2924442452957621,0.8453962310263955,15.640599001663894,15.5,-0.14059900166389383,0.14059900166389383,-0.898936170212768,34.62087828945272,34.913553121496854,0.2926748320441348,0.2926748320441348,0.8453709047967696,24.480657809106138,24.68761016752718,0.20695235842104154,0.20695235842104154,0.8453709047967694,79.44300848561632,79.84322415832656,0.40021567271024594,0.40021567271024594,0.5037770854092309,0.30815371013471277,0.30920106781475204,0.0010473576800392737,0.0010473576800392737,0.33988157390070356,1.593039902160245,1.527934679252785,-0.06510522290746001,0.06510522290746001,-4.0868544986961055,1.1711667929000436,1.151640151854354,-0.019526641045689574,0.019526641045689574,-1.6672809683527399,797.2031842286465,803.0996782834952,5.896494054848745,5.896494054848745,0.7396475793751429,313.4985263042611,347.434493205842,33.93596690158091,33.93596690158091,10.824920710678203,2.5429248220928904,2.311513951516865,-0.23141087057602538,0.23141087057602538,-9.100185289220171
s13_sit,qppg,qppg (slope-sum),mid_upslope,none,1.0,100.0,True,False,579,603,0.9854401221945752,0.006920415224913495,0.0031661452048957926,578,1,25,0.9585406301824212,0.998272884283247,0.9780033840947547,268.18918703665696,5.595463246573674,10.21865751266145,-0.21481940862627225,10.22538862137139,569,807.3421926910299,814.0928494785986,6.750656787568687,6.750656787568687,0.8361580564825212,58.78134995052536,90.96186325233063,32.18051330180527,32.18051330180527,54.746128370462266,34.59256554062295,102.70676812921641,68.11420258859346,68.11420258859346,196.90416574799914,15.640599001663894,15.532286212914483,-0.10831278874941042,0.10831278874941042,-0.6925104897701666,34.62087828945272,102.79626744824967,68.17538915879695,68.17538915879695,196.91987184382504,24.480657809106138,72.6879377933233,48.207279984217166,48.207279984217166,196.9198718438251,79.44300848561632,106.134748466397,26.69173998078068,26.69173998078068,33.59860167633681,0.30815371013471277,0.6848646540707336,0.37671094393602084,0.37671094393602084,122.24773921149206,1.593039902160245,1.1552616476845885,-0.43777825447565655,0.43777825447565655,-27.480683558648245,1.1711667929000436,0.826011868859081,-0.3451549240409626,0.3451549240409626,-29.471030610959335,797.2031842286465,5938.068537507776,5140.86535327913,5140.86535327913,644.8626215979432,313.4985263042611,1831.486391884967,1517.9878655807058,1517.9878655807058,484.2089318491553,2.5429248220928904,3.2422127534326437,0.6992879313397533,0.6992879313397533,27.4993552803587
s13_sit,terma,TERMA,mid_upslope,none,1.0,100.0,True,False,600,603,0.9854401221945752,0.001669449081803005,0.0004033652779819721,599,1,4,0.9933665008291874,0.9983333333333333,0.9958437240232751,268.7432117664188,5.911593933007645,10.52537858604967,-0.05547913921998163,10.534058562326484,597,807.3421926910299,807.9427678714114,0.6005751803814974,0.6005751803814974,0.07438917299486882,58.78134995052536,58.93568932207595,0.1543393715505914,0.1543393715505914,0.2625652042365386,34.59256554062295,34.93377273163314,0.3412071910101915,0.3412071910101915,0.986359888830746,15.640599001663894,15.577889447236181,-0.06270955442771253,0.06270955442771253,-0.40094087458569394,34.62087828945272,34.962416767148895,0.34153847769617585,0.34153847769617585,0.9865101481270793,24.480657809106138,24.722161982721236,0.24150417361509824,0.24150417361509824,0.9865101481270869,79.44300848561632,79.5967691469736,0.15376066135728195,0.15376066135728195,0.19354838681005054,0.30815371013471277,0.3105925309238662,0.0024388207891534175,0.0024388207891534175,0.7914299613940264,1.593039902160245,1.5239702037436438,-0.06906969841660127,0.06906969841660127,-4.335716784177167,1.1711667929000436,1.1436355334178465,-0.027531259482197035,0.027531259482197035,-2.3507547899325356,797.2031842286465,821.7788613240082,24.575677095361698,24.575677095361698,3.082736946057296,313.4985263042611,341.9948568523489,28.496330548087826,28.496330548087826,9.089781340927631,2.5429248220928904,2.4028983034642497,-0.14002651862864068,0.14002651862864068,-5.506514286702167
s13_sit,heartpy,HeartPy,mid_upslope,none,1.0,100.0,True,False,597,603,0.9854401221945752,0.0016778523489932886,0.020255561577424197,596,1,7,0.988391376451078,0.998324958123953,0.9933333333333333,268.7093007069721,5.898788589303598,10.521104357110447,-0.004986572651798252,10.529985492869894,593,807.3421926910299,809.664941063717,2.3227483726871014,2.3227483726871014,0.28770308225127256,58.78134995052536,62.075602039438785,3.2942520889134244,3.2942520889134244,5.60424708123598,34.59256554062295,51.74061565225041,17.148050111627462,17.148050111627462,49.57148983786722,15.640599001663894,15.993265993265993,0.35266699160209924,0.35266699160209924,2.254817680349592,34.62087828945272,51.78377975512871,17.162901465675994,17.162901465675994,49.573847671289975,24.480657809106138,36.61666182032217,12.136004011216034,12.136004011216034,49.57384767128999,79.44300848561632,79.78709679048181,0.3440883048654939,0.3440883048654939,0.43312597473922876,0.30815371013471277,0.4589296176106805,0.15077590747596775,0.15077590747596775,48.92879836171838,1.593039902160245,1.4997361700755132,-0.09330373208473186,0.09330373208473186,-5.85696139551854,1.1711667929000436,1.12815316267185,-0.0430136302281936,0.0430136302281936,-3.672716003301565,797.2031842286465,830.4834817992695,33.28029757062302,33.28029757062302,4.1746317913699995,313.4985263042611,376.47271541884294,62.97418911458186,62.97418911458186,20.087555069864425,2.5429248220928904,2.2059592841285167,-0.3369655379643737,0.3369655379643737,-13.251101056422215
s13_sit,findpeaks,find_peaks baseline,mid_upslope,none,1.0,100.0,True,False,603,603,0.9854401221945752,0.0,0.00015337143704674975,602,1,1,0.9983416252072969,0.9983416252072969,0.9983416252072969,268.4424355137188,6.034668346672097,10.80128035038597,0.009612358582183067,10.810288403606313,600,807.3421926910299,808.623968071264,1.2817753802340803,1.2817753802340803,0.15876482015162263,58.78134995052536,64.56665712910822,5.785307178582862,5.785307178582862,9.842079474956249,34.59256554062295,54.70125169299236,20.10868615236941,20.10868615236941,58.13008037451068,15.640599001663894,15.806988352745424,0.16638935108153063,0.16638935108153063,1.0638297872340416,34.62087828945272,54.746407156016986,20.125528866564267,20.125528866564267,58.13119094871584,24.480657809106138,38.71155574561934,14.230897936513205,14.230897936513205,58.13119094871585,79.44300848561632,82.69898353310909,3.2559750474927682,3.2559750474927682,4.098504210200303,0.30815371013471277,0.46810195351580003,0.15994824338108726,0.15994824338108726,51.90534402820077,1.593039902160245,1.4788095700490234,-0.11423033211122169,0.11423033211122169,-7.170588254338099,1.1711667929000436,0.9056370533392653,-0.2655297395607783,0.2655297395607783,-22.672239442793067,797.2031842286465,967.0628930580621,169.85970882941558,169.85970882941558,21.306953131875346,313.4985263042611,729.5906732974921,416.09214699323104,416.09214699323104,132.72539169431354,2.5429248220928904,1.3254869181472393,-1.217437903945651,1.217437903945651,-47.875497276544316
s13_sit,msptdfast,MSPTDfast v2,mid_upslope,median_mad,1.0,100.0,True,False,604,603,0.9854401221945752,0.004975124378109453,0.02184628365836299,602,2,1,0.9983416252072969,0.9966887417218543,0.9975144987572493,268.4424355137188,6.015345635880268,10.78660126491045,-0.013685985454255273,10.795592661366651,600,807.3421926910299,806.6104702208802,-0.731722470149748,0.731722470149748,-0.09063349801040045,58.78134995052536,60.36463586023044,1.5832859097050829,1.5832859097050829,2.6935174354411577,34.59256554062295,37.30841176832149,2.715846227698542,2.715846227698542,7.850953478744595,15.640599001663894,15.692821368948248,0.052222367284354476,0.052222367284354476,0.33388981636060683,34.62087828945272,37.338667300360065,2.717789010907346,2.717789010907346,7.850144609807091,24.480657809106138,26.402424848553004,1.9217670394468662,1.9217670394468662,7.850144609807099,79.44300848561632,81.18306773701613,1.7400592513998134,1.7400592513998134,2.1903239625106377,0.30815371013471277,0.3252208321824058,0.017067122047693006,0.017067122047693006,5.538509349841002,1.593039902160245,1.5155920882141736,-0.07744781394607148,0.07744781394607148,-4.861636788949744,1.1711667929000436,1.1502354586379602,-0.02093133426208338,0.02093133426208338,-1.7872206067466447,797.2031842286465,847.8487907813782,50.64560655273169,50.64560655273169,6.352910720211824,313.4985263042611,375.50704295145374,62.008516647192664,62.008516647192664,19.779524126697574,2.5429248220928904,2.257877200164764,-0.2850476219281264,0.2850476219281264,-11.209439596941175
s13_sit,msptd,MSPTD,mid_upslope,median_mad,1.0,100.0,True,False,602,603,0.9854401221945752,0.0016638935108153079,0.9101434184917456,602,0,1,0.9983416252072969,1.0,0.9991701244813278,268.4424355137188,6.026274388273266,10.789885357770117,0.007676681741641883,10.798870452392235,601,807.3421926910299,807.0754275448885,-0.266765146141438,0.266765146141438,-0.03304238878588241,58.78134995052536,59.102694337025234,0.32134438649987374,0.32134438649987374,0.546677452576949,34.59256554062295,34.81096734686703,0.21840180624408134,0.21840180624408134,0.6313547516087132,15.640599001663894,15.358931552587645,-0.28166744907624874,0.28166744907624874,-1.8008737967534627,34.62087828945272,34.83949436529711,0.21861607584438758,0.21861607584438758,0.6314573362830866,24.480657809106138,24.635242718812098,0.15458490970596017,0.15458490970596017,0.6314573362830912,79.44300848561632,79.8709069184574,0.42789843284107576,0.42789843284107576,0.5386231475845349,0.30815371013471277,0.30843824953637944,0.00028453940166667246,0.00028453940166667246,0.09233684109864618,1.593039902160245,1.5192220307678337,-0.07381787139241136,0.07381787139241136,-4.633774162989294,1.1711667929000436,1.167274727259128,-0.0038920656409155985,0.0038920656409155985,-0.3323237701504552,797.2031842286465,806.4859960009267,9.282811772280184,9.282811772280184,1.1644223149035708,313.4985263042611,338.7521413237201,25.253615019459005,25.253615019459005,8.055417458310314,2.5429248220928904,2.380755418547239,-0.16216940354565157,0.16216940354565157,-6.377278720028464
s13_sit,qppg,qppg (slope-sum),mid_upslope,median_mad,1.0,100.0,True,False,579,603,0.9854401221945752,0.01730103806228374,0.003854647582685593,578,1,25,0.9585406301824212,0.998272884283247,0.9780033840947547,268.18918703665696,5.595463246573674,10.21865751266145,-0.21481940862627225,10.22538862137139,569,807.3421926910299,808.0352165832254,0.6930238921954697,0.6930238921954697,0.08584016770949193,58.78134995052536,56.605134192078,-2.1762157584473627,2.1762157584473627,-3.7022214703796754,34.59256554062295,34.697464317628544,0.10489877700559447,0.10489877700559447,0.3032408130654811,15.640599001663894,14.285714285714285,-1.3548847159496091,1.3548847159496091,-8.662613981762926,34.62087828945272,34.72737635509595,0.10649806564322972,0.10649806564322972,0.3076122585707898,24.480657809106138,24.555963313505718,0.07530550439958006,0.07530550439958006,0.30761225857079894,79.44300848561632,76.19243466087744,-3.250573824738879,3.250573824738879,-4.091705345382806,0.30815371013471277,0.3222887340823416,0.014135023947628833,0.014135023947628833,4.587004304264113,1.593039902160245,1.5541494069792616,-0.03889049518098342,0.03889049518098342,-2.441275647160243,1.1711667929000436,1.159085872931395,-0.012080919968648463,0.012080919968648463,-1.0315285612507579,797.2031842286465,732.2033508934848,-64.99983333516172,64.99983333516172,-8.153483907374744,313.4985263042611,308.10019543527073,-5.398330868990342,5.398330868990342,-1.721963714671844,2.5429248220928904,2.376510504509935,-0.16641431758295555,0.16641431758295555,-6.544209098796417
s13_sit,terma,TERMA,mid_upslope,median_mad,1.0,100.0,True,False,600,603,0.9854401221945752,0.005008347245409015,0.00045186125001167116,599,1,4,0.9933665008291874,0.9983333333333333,0.9958437240232751,268.7432117664188,5.911593933007645,10.52537858604967,-0.05547913921998163,10.534058562326484,597,807.3421926910299,807.8374431442024,0.4952504531725026,0.4952504531725026,0.06134331361051944,58.78134995052536,58.992689145492655,0.21133919496729447,0.21133919496729447,0.35953443591406603,34.59256554062295,34.86198664710036,0.26942110647740947,0.26942110647740947,0.7788410667633808,15.640599001663894,15.46218487394958,-0.17841412771431386,0.17841412771431386,-1.1407116037904534,34.62087828945272,34.89066314428829,0.2697848548355708,0.2697848548355708,0.7792547970042718,24.480657809106138,24.6714245094218,0.19076670031566323,0.19076670031566323,0.7792547970042831,79.44300848561632,79.69689804446189,0.25388955884557163,0.25388955884557163,0.3195870394202657,0.30815371013471277,0.3095656809084078,0.001411970773695037,0.001411970773695037,0.4582033989069217,1.593039902160245,1.5149490169051205,-0.07809088525512453,0.07809088525512453,-4.902004347112036,1.1711667929000436,1.1624560977277967,-0.008710695172246874,0.008710695172246874,-0.7437621374729596,797.2031842286465,825.210108542424,28.006924313777517,28.006924313777517,3.513147572394145,313.4985263042611,333.18859775413625,19.690071449875177,19.690071449875177,6.280754069882066,2.5429248220928904,2.476705727941375,-0.06621909415151528,0.06621909415151528,-2.6040523721426934
s13_sit,heartpy,HeartPy,mid_upslope,median_mad,1.0,100.0,True,False,597,603,0.9854401221945752,0.006711409395973154,0.024537939445115925,596,1,7,0.988391376451078,0.998324958123953,0.9933333333333333,268.7093007069721,5.898788589303598,10.521104357110447,-0.004986572651798252,10.529985492869894,593,807.3421926910299,808.6710812879671,1.3288885969371904,1.3288885969371904,0.16460041466527892,58.78134995052536,58.256012147282725,-0.5253378032426355,0.5253378032426355,-0.893715104679967,34.59256554062295,34.95453121749347,0.3619656768705184,0.3619656768705184,1.0463684066608263,15.640599001663894,15.5668358714044,-0.07376313025949344,0.07376313025949344,-0.4716132051697399,34.62087828945272,34.98347773484963,0.3625994453969099,0.3625994453969099,1.047343289114003,24.480657809106138,24.737054335800774,0.25639652669463686,0.25639652669463686,1.0473432891140055,79.44300848561632,78.58501158233894,-0.8579969032773818,0.8579969032773818,-1.0800156233165916,0.30815371013471277,0.3147808193663248,0.006627109231612027,0.006627109231612027,2.1505855726075516,1.593039902160245,1.5298852807321466,-0.06315462142809847,0.06315462142809847,-3.964409261968737,1.1711667929000436,1.1687629160138404,-0.002403876886203138,0.002403876886203138,-0.20525487067906503,797.2031842286465,835.2293504456322,38.02616621698576,38.02616621698576,4.769946604488153,313.4985263042611,331.5528637263283,18.05433742206725,18.05433742206725,5.758986377034798,2.5429248220928904,2.519143828403336,-0.023780993689554553,0.023780993689554553,-0.9351827267147521
s13_sit,findpeaks,find_peaks baseline,mid_upslope,median_mad,1.0,100.0,True,False,603,603,0.9854401221945752,0.0049833887043189366,0.0001525091766479236,602,1,1,0.9983416252072969,0.9983416252072969,0.9983416252072969,268.4424355137188,6.034668346672097,10.80128035038597,0.009612358582183067,10.810288403606313,600,807.3421926910299,807.4490894410823,0.10689675005232857,0.10689675005232857,0.013240575188572856,58.78134995052536,59.10700704070397,0.3256570901786091,0.3256570901786091,0.5540143097303919,34.59256554062295,34.85356466591118,0.26099912528822955,0.26099912528822955,0.7544948494257574,15.640599001663894,15.384615384615385,-0.2559836170485088,0.2559836170485088,-1.6366612111292955,34.62087828945272,34.8820931872101,0.2612148977573838,0.2612148977573838,0.7545010717910157,24.480657809106138,24.665364634657337,0.18470682555119922,0.18470682555119922,0.7545010717910257,79.44300848561632,79.86799327677548,0.42498479115916155,0.42498479115916155,0.5349555602946581,0.30815371013471277,0.30882664785606534,0.0006729377213525733,0.0006729377213525733,0.2183772900408667,1.593039902160245,1.5180470805680424,-0.07499282159220266,0.07499282159220266,-4.707529390224845,1.1711667929000436,1.1542506461453579,-0.016916146754685668,0.016916146754685668,-1.4443840840806201,797.2031842286465,811.9858725921488,14.782688363502302,14.782688363502302,1.8543187804506396,313.4985263042611,339.3617351592442,25.8632088549831,25.8632088549831,8.249866166797215,2.5429248220928904,2.3926854104842654,-0.15023941160862497,0.15023941160862497,-5.908134220223396
s13_sit,msptdfast,MSPTDfast v2,mid_upslope,lipponen_tarvainen,1.0,100.0,True,False,604,603,0.9854401221945752,0.001658374792703151,0.021851309403612074,602,1,1,0.9983416252072969,0.9983416252072969,0.9983416252072969,268.00000000005673,6.084858569052803,10.93734995143143,0.0083194675540947,10.946457448467713,601,807.3421926910299,807.1196013289036,-0.22259136212630892,0.22259136212630892,-0.027570881856721526,58.78134995052536,59.01968690279284,0.2383369522674812,0.2383369522674812,0.40546355683917235,34.59256554062295,34.6517257363296,0.059160195706652985,0.059160195706652985,0.1710199714362892,15.640599001663894,15.640599001663894,0.0,0.0,0.0,34.62087828945272,34.67959204302502,0.0587137535722988,0.0587137535722988,0.16959059525126488,24.480657809106138,24.522174702406026,0.041516893299888835,0.041516893299888835,0.16959059525126682,79.44300848561632,79.78289185077257,0.33988336515625406,0.33988336515625406,0.4278329479651972,0.30815371013471277,0.3073613168631787,-0.0007923932715340753,0.0007923932715340753,-0.25714221360102135,1.593039902160245,1.560472907806141,-0.03256699435410404,0.03256699435410404,-2.044330108112264,1.1711667929000436,1.1207367015491851,-0.05043009135085841,0.05043009135085841,-4.305970051113164,797.2031842286465,808.8285848610503,11.625400632403853,11.625400632403853,1.4582732310147877,313.4985263042611,344.26447413500546,30.76594783074438,30.76594783074438,9.813745599838953,2.5429248220928904,2.349439589702954,-0.19348523238993653,0.19348523238993653,-7.608767302475477
s13_sit,msptd,MSPTD,mid_upslope,lipponen_tarvainen,1.0,100.0,True,False,602,603,0.9854401221945752,0.0,0.8958294326332322,602,0,1,0.9983416252072969,1.0,0.9991701244813278,268.00000000005673,6.0382695507499715,10.8795400950076,0.0083194675540947,10.888599420392863,601,807.3421926910299,807.1663893510815,-0.17580333994840203,0.17580333994840203,-0.021775566982621706,58.78134995052536,59.06611212679244,0.2847621762670798,0.2847621762670798,0.48444306996480385,34.59256554062295,34.67328462471701,0.08071908409406348,0.08071908409406348,0.23334228853096473,15.640599001663894,15.333333333333332,-0.3072656683305617,0.3072656683305617,-1.9645390070922082,34.62087828945272,34.70163789777005,0.08075960831732942,0.08075960831732942,0.23326851399357165,24.480657809106138,24.53776347579329,0.057105666687153445,0.057105666687153445,0.2332685139935729,79.44300848561632,79.84678683050218,0.4037783448858647,0.4037783448858647,0.5082616489265653,0.30815371013471277,0.3073105938236659,-0.0008431163110468876,0.0008431163110468876,-0.27360251826217186,1.593039902160245,1.550141887410736,-0.04289801474950905,0.04289801474950905,-2.692839940251158,1.1711667929000436,1.1538555928106986,-0.017311200089344947,0.017311200089344947,-1.4781156872181245,797.2031842286465,804.0876673880103,6.884483159363867,6.884483159363867,0.8635794858277088,313.4985263042611,345.1874179226362,31.688891618375123,31.688891618375123,10.108146916014517,2.5429248220928904,2.3294234541544716,-0.21350136793841878,0.21350136793841878,-8.39589775063432
s13_sit,qppg,qppg (slope-sum),mid_upslope,lipponen_tarvainen,1.0,100.0,True,False,579,603,0.9854401221945752,0.01730103806228374,0.003171491217038258,577,6,26,0.956882255389718,0.9897084048027445,0.9730185497470489,268.00000000000244,5.9052631578958446,10.852762604071486,0.07719298245623649,10.86202034410008,570,807.3421926910299,814.1909722222222,6.8487795311922355,6.8487795311922355,0.848311855021959,58.78134995052536,94.24728798363643,35.465938033111065,35.465938033111065,60.33535817561483,34.59256554062295,95.65131422538481,61.05874868476186,61.05874868476186,176.50829804184076,15.640599001663894,14.26086956521739,-1.3797294364465031,1.3797294364465031,-8.821461609620727,34.62087828945272,95.73434269928772,61.113464409835004,61.113464409835004,176.52199317096262,24.480657809106138,67.6944029151032,43.21374510599706,43.21374510599706,176.5219931709626,79.44300848561632,114.81537527051273,35.372366784896414,35.372366784896414,44.5254622894862,0.30815371013471277,0.5895935344513802,0.2814398243166674,0.2814398243166674,91.33098679669732,1.593039902160245,1.1368428437466116,-0.45619705841363345,0.45619705841363345,-28.63688836638721,1.1711667929000436,0.7743825581852327,-0.39678423471481084,0.39678423471481084,-33.87939592551916,797.2031842286465,12376.617866000053,11579.414681771406,11579.414681771406,1452.5048207095854,313.4985263042611,1685.5164049825148,1372.0178786782537,1372.0178786782537,437.6473136421264,2.5429248220928904,7.342923408762934,4.799998586670043,4.799998586670043,188.75896546243646
s13_sit,terma,TERMA,mid_upslope,lipponen_tarvainen,1.0,100.0,True,False,600,603,0.9854401221945752,0.001669449081803005,0.0004030450101923377,599,1,4,0.9933665008291874,0.9983333333333333,0.9958437240232751,268.99999999998994,5.904201680673351,10.594988509319275,-0.0016806722688418349,10.603902966047398,595,807.3421926910299,810.4347826086956,3.0925899176656912,3.0925899176656912,0.38305813144206946,58.78134995052536,67.66919927254307,8.887849322017708,8.887849322017708,15.120185789367486,34.59256554062295,52.883725683909,18.29116014328605,18.29116014328605,52.87598608957252,15.640599001663894,15.577889447236181,-0.06270955442771253,0.06270955442771253,-0.40094087458569394,34.62087828945272,52.92764440597136,18.306766116518638,18.306766116518638,52.87782119061899,24.480657809106138,37.42549627169259,12.94483846258645,12.94483846258645,52.877821190618995,79.44300848561632,88.07708719747612,8.6340787118598,8.6340787118598,10.868267549841162,0.30815371013471277,0.4249175064995227,0.11676379636480994,0.11676379636480994,37.89141344875107,1.593039902160245,1.4418904009114535,-0.15114950124879156,0.15114950124879156,-9.488117720329853,1.1711667929000436,0.9572221247152802,-0.21394466818476332,0.21394466818476332,-18.267651497784826,797.2031842286465,2147.625541007742,1350.4223567790955,1350.4223567790955,169.3950028668952,313.4985263042611,687.0906000737806,373.5920737695195,373.5920737695195,119.16868579054676,2.5429248220928904,3.125680282596105,0.5827554605032148,0.5827554605032148,22.916739631476503
s13_sit,heartpy,HeartPy,mid_upslope,lipponen_tarvainen,1.0,100.0,True,False,597,603,0.9854401221945752,0.003355704697986577,0.019840358700358548,596,2,7,0.988391376451078,0.9966555183946488,0.9925062447960034,268.0000000000136,5.910623946038217,10.60934393598921,-0.005059021922378485,10.618299542482237,593,807.3421926910299,811.9865771812081,4.64438449017814,4.64438449017814,0.5752683969974981,58.78134995052536,80.344258161521,21.562908210995637,21.562908210995637,36.68324771231784,34.59256554062295,69.7063588963619,35.113793355738956,35.113793355738956,101.50676252821988,15.640599001663894,15.630252100840336,-0.010346900823558158,0.010346900823558158,-0.06615412122296227,34.62087828945272,69.76468254087274,35.14380425142002,35.14380425142002,101.51043528588532,24.480657809106138,49.331080111977855,24.850422302871717,24.850422302871717,101.51043528588532,79.44300848561632,102.356456435517,22.913447949900686,22.913447949900686,28.84262364516233,0.30815371013471277,0.4819537704791068,0.17380006034439405,0.17380006034439405,56.400443878613515,1.593039902160245,1.2392951674766324,-0.35374473468361267,0.35374473468361267,-22.20564181750353,1.1711667929000436,0.9810720065403465,-0.190094786359697,0.190094786359697,-16.231230898289407,797.2031842286465,4974.966912131797,4177.76372790315,4177.76372790315,524.0525640832013,313.4985263042611,799.0932717635216,485.5947454592605,485.5947454592605,154.89538377860637,2.5429248220928904,6.22576498629819,3.6828401642052992,3.6828401642052992,144.82693834315677
s13_sit,findpeaks,find_peaks baseline,mid_upslope,lipponen_tarvainen,1.0,100.0,True,False,603,603,0.9854401221945752,0.0016611295681063123,0.000151252740783779,603,1,0,1.0,0.9983443708609272,0.9991714995857498,268.00000000005673,6.0714285714298235,10.903457344338639,-0.011627906976726813,10.912518464697303,602,807.3421926910299,807.2835820895523,-0.05861060147765329,0.05861060147765329,-0.007259697561735582,58.78134995052536,59.10827537981933,0.32692542929397206,0.32692542929397206,0.5561720334240983,34.59256554062295,34.59963224508306,0.007066704460108042,0.007066704460108042,0.020428390752947848,15.640599001663894,15.282392026578073,-0.358206975085821,0.358206975085821,-2.2902382130487067,34.62087828945272,34.62776164112898,0.006883351676258087,0.006883351676258087,0.01988208276725061,24.480657809106138,24.485525073753713,0.004867264647575809,0.004867264647575809,0.019882082767258478,79.44300848561632,79.92518688508454,0.48217839946822494,0.48217839946822494,0.6069488160881099,0.30815371013471277,0.3063555560897055,-0.001798154045007272,0.001798154045007272,-0.5835250350291707,1.593039902160245,1.5485125581169563,-0.04452734404328873,0.04452734404328873,-2.7951179366510113,1.1711667929000436,1.1212497526444298,-0.04991704025561372,0.04991704025561372,-4.262163216906887,797.2031842286465,808.6900767456373,11.486892516990793,11.486892516990793,1.440898975849578,313.4985263042611,346.0637504262023,32.56522412194124,32.56522412194124,10.387680129103884,2.5429248220928904,2.336823997745148,-0.20610082434774224,0.20610082434774224,-8.104872883269751
s14_sit,msptdfast,MSPTDfast v2,mid_upslope,none,1.0,100.0,True,False,443,444,0.987612517283219,0.0022624434389140274,0.0218321340894722,442,1,2,0.9954954954954955,0.9977426636568849,0.9966178128523112,292.06735994727563,12.641828469688905,22.009836580046283,0.07944362927252396,22.0347469335921,440,1116.6365688487585,1119.0044963059806,2.3679274572220947,2.3679274572220947,0.212058920805666,71.62004584881278,76.31471745115411,4.69467160234133,4.69467160234133,6.554968719583907,35.48105096210506,71.4299522186289,35.94890125652384,35.94890125652384,101.31859198567275,12.217194570135746,22.727272727272727,10.51007815713698,10.51007815713698,86.02693602693604,35.52124197797315,71.51121669444673,35.98997471647358,35.98997471647358,101.31958431743772,25.117311078793065,50.56606625554393,25.448755176750865,25.448755176750865,101.31958431743772,98.12228400798276,95.34644798176234,-2.775836026220418,2.775836026220418,-2.8289557813336157,0.25597968221723866,0.5303403254751147,0.274360643257876,0.274360643257876,107.18063280703593,1.3260453518123536,1.511531773448954,0.18548642163660034,0.18548642163660034,13.98793950622348,1.326210862860182,0.9130796911221255,-0.4131311717380566,0.4131311717380566,-31.151243237977578,2019.6338268699633,1945.0676427264934,-74.56618414346985,74.56618414346985,-3.6920645292930567,216.44998851203997,805.7164476130699,589.26645910103,589.26645910103,272.24139079510843,9.330718106079372,2.414084568446808,-6.916633537632563,6.916633537632563,-74.12755866160047
s14_sit,msptd,MSPTD,mid_upslope,none,1.0,100.0,True,False,438,444,0.987612517283219,0.011441647597254004,0.8793166971013668,437,1,7,0.9842342342342343,0.997716894977169,0.9909297052154196,292.15329114552515,12.040078183043143,20.44861067824586,0.015610202871797556,20.472423720109482,430,1116.6365688487585,1116.691827133189,0.05525828443046521,0.05525828443046521,0.004948636465258877,71.62004584881278,75.87908647695522,4.2590406281424436,4.2590406281424436,5.946715863786402,35.48105096210506,51.3616017659356,15.880550803830545,15.880550803830545,44.757836572517256,12.217194570135746,22.041763341067284,9.824568770931538,9.824568770931538,80.41591475466186,35.52124197797315,51.421225309805926,15.899983331832779,15.899983331832779,44.761901460800324,25.117311078793065,36.3602971134851,11.242986034692038,11.242986034692038,44.76190146080033,98.12228400798276,100.96138035394318,2.839096345960428,2.839096345960428,2.8934266814757925,0.25597968221723866,0.36014064968224263,0.10416096746500397,0.10416096746500397,40.691107420239376,1.3260453518123536,1.5001154264589192,0.17407007464656554,0.17407007464656554,13.127007640323745,1.326210862860182,1.229883523739834,-0.09632733912034808,0.09632733912034808,-7.2633501819313295,2019.6338268699633,2144.8186508256795,125.18482395571618,125.18482395571618,6.198392118918315,216.44998851203997,348.93623468297733,132.48624617093736,132.48624617093736,61.20871018829731,9.330718106079372,6.146735241682005,-3.1839828643973673,3.1839828643973673,-34.1236636687466
s14_sit,qppg,qppg (slope-sum),mid_upslope,none,1.0,100.0,True,False,420,444,0.987612517283219,0.014319809069212411,0.0026638328228709087,420,0,24,0.9459459459459459,1.0,0.9722222222222222,291.6202784016253,7.786371036635845,10.040585181510224,-0.15869147964462585,10.051536921640352,412,1116.6365688487585,1120.1954194941347,3.5588506453761966,3.5588506453761966,0.31871163319013784,71.62004584881278,78.35354048836219,6.733494639549406,6.733494639549406,9.401689931564075,35.48105096210506,70.16007588211156,34.6790249200065,34.6790249200065,97.73956514716784,12.217194570135746,17.718446601941746,5.5012520318060005,5.5012520318060005,45.028766630708375,35.52124197797315,70.24535501889315,34.72411304092,34.72411304092,97.75590916120711,25.117311078793065,49.67096688071583,24.553655801922766,24.553655801922766,97.75590916120713,98.12228400798276,99.05225723454087,0.9299732265581184,0.9299732265581184,0.9477696488215259,0.25597968221723866,0.501462240916958,0.24548255869971936,0.24548255869971936,95.89923566331689,1.3260453518123536,1.3320875432834636,0.006042191471109959,0.006042191471109959,0.4556549640517106,1.326210862860182,0.9862686887785258,-0.3399421740816563,0.3399421740816563,-25.63258857256813,2019.6338268699633,2799.577514778426,779.9436879084628,779.9436879084628,38.61807410490954,216.44998851203997,1054.71020896993,838.26022045789,838.26022045789,387.2766296826401,9.330718106079372,2.654357084030314,-6.676361022049058,6.676361022049058,-71.55248873823673
s14_sit,terma,TERMA,mid_upslope,none,1.0,100.0,True,False,441,444,0.987612517283219,0.004545454545454545,0.0004072510907858513,441,0,3,0.9932432432432432,1.0,0.9966101694915254,292.09429994647775,12.5205771617452,21.653062824047208,0.37018179964948456,21.67471191503731,437,1116.6365688487585,1119.1045596358547,2.4679907870961415,2.4679907870961415,0.2210200575502033,71.62004584881278,76.55968786046148,4.939642011648701,4.939642011648701,6.897010401356206,35.48105096210506,71.28092347065724,35.799872508552184,35.799872508552184,100.89856849727377,12.217194570135746,21.96796338672769,9.750768816591943,9.750768816591943,79.81184846173406,35.52124197797315,71.36258769070588,35.84134571273273,35.84134571273273,100.90116143731146,25.117311078793065,50.460969679117774,25.34365860032471,25.34365860032471,100.90116143731146,98.12228400798276,95.79385235820585,-2.3284316497769026,2.3284316497769026,-2.3729896560372286,0.25597968221723866,0.5267662635638352,0.2707865813465965,0.2707865813465965,105.78440405937839,1.3260453518123536,1.50204843730498,0.17600308549262644,0.17600308549262644,13.272780244814154,1.326210862860182,0.9812465348379283,-0.34496432802225374,0.34496432802225374,-26.011272994573723,2019.6338268699633,1937.9958931963354,-81.63793367362791,81.63793367362791,-4.042214612742485,216.44998851203997,818.7238070424015,602.2738185303615,602.2738185303615,278.2507971798114,9.330718106079372,2.367093611455184,-6.963624494624188,6.963624494624188,-74.63117431537323
s14_sit,heartpy,HeartPy,mid_upslope,none,1.0,100.0,True,False,426,444,0.987612517283219,0.018823529411764704,0.011310299791295731,426,0,18,0.9594594594594594,1.0,0.9793103448275862,292.0554083428787,11.154884362754624,18.054588697482643,-0.03628596280541748,18.076291618267923,416,1116.6365688487585,1117.3931240132626,0.7565551645041069,0.7565551645041069,0.06775303492738984,71.62004584881278,75.07618333718919,3.456137488376413,3.456137488376413,4.825656626459287,35.48105096210506,68.48999750348129,33.00894654137623,33.00894654137623,93.03260654998884,12.217194570135746,20.432692307692307,8.21549773755656,8.21549773755656,67.24537037037038,35.52124197797315,68.57242785984899,33.05118588187584,33.05118588187584,93.04625638475986,25.117311078793065,48.488028742124555,23.37071766333149,23.37071766333149,93.04625638475986,98.12228400798276,94.4551622605212,-3.6671217474615503,3.6671217474615503,-3.7372975818247474,0.25597968221723866,0.5133444015308285,0.25736471931358984,0.25736471931358984,100.54107305874994,1.3260453518123536,1.4906860978037135,0.16464074599135992,0.16464074599135992,12.415921202569693,1.326210862860182,1.0243632948874823,-0.30184756797269974,0.30184756797269974,-22.760148964676553,2019.6338268699633,1931.4244726406882,-88.20935422927505,88.20935422927505,-4.367591444335346,216.44998851203997,720.8666536737619,504.41666516172194,504.41666516172194,233.0407447139522,9.330718106079372,2.6793089440294473,-6.651409162049925,6.651409162049925,-71.28507245027839
s14_sit,findpeaks,find_peaks baseline,mid_upslope,none,1.0,100.0,True,False,444,444,0.987612517283219,0.0,0.0001518786811665016,444,0,0,1.0,1.0,1.0,292.06735994727563,12.714920820285784,22.071229747179594,0.012818944494054647,22.096179368910708,443,1116.6365688487585,1116.6493877932526,0.012818944494028983,0.012818944494028983,0.0011479961208188973,71.62004584881278,75.09984316458014,3.4797973157673567,3.4797973157673567,4.858691829258358,35.48105096210506,50.75723538555311,15.27618442344805,15.27618442344805,43.054486857685035,12.217194570135746,22.39819004524887,10.180995475113125,10.180995475113125,83.33333333333336,35.52124197797315,50.81470519195394,15.293463213980793,15.293463213980793,43.05441578721916,25.117311078793065,35.9314226252259,10.814111546432834,10.814111546432834,43.054415787219185,98.12228400798276,99.9445133802575,1.822229372274748,1.822229372274748,1.8571004443052919,0.25597968221723866,0.35951370825648143,0.10353402603924278,0.10353402603924278,40.44618898752207,1.3260453518123536,1.5067374781472358,0.18069212633488219,0.18069212633488219,13.626391140236931,1.326210862860182,1.1993796899240308,-0.12683117293615132,0.12683117293615132,-9.563424376016643,2019.6338268699633,2092.403346822002,72.76951995203854,72.76951995203854,3.6031046313388915,216.44998851203997,355.74489354993915,139.29490503789918,139.29490503789918,64.35431389738834,9.330718106079372,5.881752302730586,-3.448965803348786,3.448965803348786,-36.96356233398192
s14_sit,msptdfast,MSPTDfast v2,mid_upslope,median_mad,1.0,100.0,True,False,443,444,0.987612517283219,0.00904977375565611,0.02177681972664123,442,1,2,0.9954954954954955,0.9977426636568849,0.9966178128523112,292.06735994727563,12.641828469688905,22.009836580046283,0.07944362927252396,22.0347469335921,440,1116.6365688487585,1117.6254783897873,0.9889095410287609,0.9889095410287609,0.08856145039637356,71.62004584881278,72.51137124301425,0.8913253942014734,0.8913253942014734,1.244519440943989,35.48105096210506,50.58803548039492,15.106984518289863,15.106984518289863,42.57761286277745,12.217194570135746,22.42562929061785,10.208434720482103,10.208434720482103,83.55792863802019,35.52124197797315,50.64595229065534,15.12471031268219,15.12471031268219,42.57933977100541,25.117311078793065,35.81209630437275,10.694785225579686,10.694785225579686,42.579339771005415,98.12228400798276,96.09001861468651,-2.0322653932962425,2.0322653932962425,-2.0711558172972278,0.25597968221723866,0.37269319769805087,0.11671351548081221,0.11671351548081221,45.594835679873455,1.3260453518123536,1.5487892518671986,0.222743900054845,0.222743900054845,16.7976079966204,1.326210862860182,1.1484050039820795,-0.17780585887810263,0.17780585887810263,-13.407057946625196,2019.6338268699633,2020.5362209949672,0.9023941250038661,0.9023941250038661,0.04468107599496886,216.44998851203997,360.6461556506007,144.19616713856072,144.19616713856072,66.61869937246028,9.330718106079372,5.602544736266348,-3.7281733698130237,3.7281733698130237,-39.955910439347164
s14_sit,msptd,MSPTD,mid_upslope,median_mad,1.0,100.0,True,False,438,444,0.987612517283219,0.018306636155606407,0.8720714104320819,437,1,7,0.9842342342342343,0.997716894977169,0.9909297052154196,292.15329114552515,12.040078183043143,20.44861067824586,0.015610202871797556,20.472423720109482,430,1116.6365688487585,1116.2278623984798,-0.40870645027871433,0.40870645027871433,-0.03660156416873278,71.62004584881278,75.90913195915364,4.289086110340861,4.289086110340861,5.988667082669788,35.48105096210506,51.22000951141364,15.738958549308585,15.738958549308585,44.35877214042593,12.217194570135746,21.962616822429908,9.745422252294162,9.745422252294162,79.76808584285222,35.52124197797315,51.27988537281515,15.758643394842004,15.758643394842004,44.36399888442526,25.117311078793065,36.26035468558644,11.143043606793377,11.143043606793377,44.36399888442525,98.12228400798276,101.04246289387383,2.920178885891076,2.920178885891076,2.9760608565262343,0.25597968221723866,0.3588625380566104,0.10288285583937173,0.10288285583937173,40.1918054387065,1.3260453518123536,1.5082879293126177,0.18224257750026407,0.18224257750026407,13.743314076791313,1.326210862860182,1.2046960779805806,-0.12151478487960143,0.12151478487960143,-9.162553880574897,2019.6338268699633,2119.522584361019,99.88875749105591,99.88875749105591,4.945884554026505,216.44998851203997,345.7788077068006,129.32881919476063,129.32881919476063,59.74997738914952,9.330718106079372,6.129706439841292,-3.20101166623808,3.20101166623808,-34.30616625479748
s14_sit,qppg,qppg (slope-sum),mid_upslope,median_mad,1.0,100.0,True,False,420,444,0.987612517283219,0.014319809069212411,0.002616983710414179,420,0,24,0.9459459459459459,1.0,0.9722222222222222,291.6202784016253,7.786371036635845,10.040585181510224,-0.15869147964462585,10.051536921640352,412,1116.6365688487585,1120.1954194941347,3.5588506453761966,3.5588506453761966,0.31871163319013784,71.62004584881278,78.35354048836219,6.733494639549406,6.733494639549406,9.401689931564075,35.48105096210506,70.16007588211156,34.6790249200065,34.6790249200065,97.73956514716784,12.217194570135746,17.718446601941746,5.5012520318060005,5.5012520318060005,45.028766630708375,35.52124197797315,70.24535501889315,34.72411304092,34.72411304092,97.75590916120711,25.117311078793065,49.67096688071583,24.553655801922766,24.553655801922766,97.75590916120713,98.12228400798276,99.05225723454087,0.9299732265581184,0.9299732265581184,0.9477696488215259,0.25597968221723866,0.501462240916958,0.24548255869971936,0.24548255869971936,95.89923566331689,1.3260453518123536,1.3320875432834636,0.006042191471109959,0.006042191471109959,0.4556549640517106,1.326210862860182,0.9862686887785258,-0.3399421740816563,0.3399421740816563,-25.63258857256813,2019.6338268699633,2799.577514778426,779.9436879084628,779.9436879084628,38.61807410490954,216.44998851203997,1054.71020896993,838.26022045789,838.26022045789,387.2766296826401,9.330718106079372,2.654357084030314,-6.676361022049058,6.676361022049058,-71.55248873823673
s14_sit,terma,TERMA,mid_upslope,median_mad,1.0,100.0,True,False,441,444,0.987612517283219,0.011363636363636364,0.00033620345663885046,441,0,3,0.9932432432432432,1.0,0.9966101694915254,292.09429994647775,12.5205771617452,21.653062824047208,0.37018179964948456,21.67471191503731,437,1116.6365688487585,1117.7167213432037,1.0801524944452012,1.0801524944452012,0.09673268139147798,71.62004584881278,72.74587254262285,1.125826693810069,1.125826693810069,1.571943553605993,35.48105096210506,50.20114881384454,14.720097851739482,14.720097851739482,41.48720923588491,12.217194570135746,21.658986175115206,9.44179160497946,9.44179160497946,77.28281276668375,35.52124197797315,50.2590366678133,14.73779468984015,14.73779468984015,41.49008837860768,25.117311078793065,35.53850564371413,10.421194564921066,10.421194564921066,41.4900883786077,98.12228400798276,96.54500795269922,-1.5772760552835337,1.5772760552835337,-1.607459580899293,0.25597968221723866,0.36810298530531677,0.11212330308807811,0.11212330308807811,43.80164164471616,1.3260453518123536,1.534633035670025,0.20858768385767146,0.20858768385767146,15.730056560477905,1.326210862860182,1.2370183164329984,-0.08919254642718366,0.08919254642718366,-6.725366902426505,2019.6338268699633,2013.4653925553114,-6.168434314651904,6.168434314651904,-0.30542340064742174,216.44998851203997,373.6532490376857,157.20326052564576,157.20326052564576,72.62798284551602,9.330718106079372,5.388593295363633,-3.9421248107157387,3.9421248107157387,-42.248889805676065
s14_sit,heartpy,HeartPy,mid_upslope,median_mad,1.0,100.0,True,False,426,444,0.987612517283219,0.02588235294117647,0.013890193612872827,426,0,18,0.9594594594594594,1.0,0.9793103448275862,292.0554083428787,11.154884362754624,18.054588697482643,-0.03628596280541748,18.076291618267923,416,1116.6365688487585,1115.922486418647,-0.7140824301116027,0.7140824301116027,-0.06394940395403803,71.62004584881278,70.93135870795464,-0.6886871408581356,0.6886871408581356,-0.961584333961372,35.48105096210506,44.688035830393154,9.206984868288096,9.206984868288096,25.94901959956446,12.217194570135746,20.09685230024213,7.879657730106384,7.879657730106384,64.4964577167967,35.52124197797315,44.742176827580614,9.220934849607467,9.220934849607467,25.958931434113147,25.117311078793065,31.637496639829866,6.520185561036801,6.520185561036801,25.958931434113165,98.12228400798276,95.19235317333961,-2.9299308346431445,2.9299308346431445,-2.98599942333668,0.25597968221723866,0.3323533412628204,0.07637365904558174,0.07637365904558174,29.8358285251588,1.3260453518123536,1.5313660504832793,0.20532069867092573,0.20532069867092573,15.483686013476582,1.326210862860182,1.291510485488668,-0.03470037737151399,0.03470037737151399,-2.616505289111957,2019.6338268699633,2002.9465125319664,-16.687314337996895,16.687314337996895,-0.8262544485036163,216.44998851203997,274.9338722796155,58.48388376757555,58.48388376757555,27.019582754250138,9.330718106079372,7.28519369375816,-2.045524412321212,2.045524412321212,-21.92247573087074
s14_sit,findpeaks,find_peaks baseline,mid_upslope,median_mad,1.0,100.0,True,False,444,444,0.987612517283219,0.004514672686230248,0.000150500053895131,444,0,0,1.0,1.0,1.0,292.06735994727563,12.714920820285784,22.071229747179594,0.012818944494054647,22.096179368910708,443,1116.6365688487585,1116.4233177556866,-0.2132510930719036,0.2132510930719036,-0.01909762755591673,71.62004584881278,75.18916244958085,3.5691166007680692,3.5691166007680692,4.983404518201985,35.48105096210506,50.57563081436158,15.094579852256523,15.094579852256523,42.54265148001967,12.217194570135746,22.272727272727273,10.055532702591528,10.055532702591528,82.30639730639733,35.52124197797315,50.63315519964028,15.11191322166713,15.11191322166713,42.543313184370305,25.117311078793065,35.80304739453654,10.685736315743476,10.685736315743476,42.54331318437032,98.12228400798276,100.12473269379294,2.0024486858101795,2.0024486858101795,2.0407685227213728,0.25597968221723866,0.35758444922925714,0.10160476701201848,0.10160476701201848,39.692512363458206,1.3260453518123536,1.51825116403399,0.19220581222163635,0.19220581222163635,14.494663546683512,1.326210862860182,1.1839529576899674,-0.14225790517021464,0.14225790517021464,-10.726643036493693,2019.6338268699633,2067.1263636589238,47.49253678896048,47.49253678896048,2.3515419556308683,216.44998851203997,352.6111868024694,136.1611982904294,136.1611982904294,62.906539855443555,9.330718106079372,5.862339145856184,-3.4683789602231876,3.4683789602231876,-37.171618741363396
s14_sit,msptdfast,MSPTDfast v2,mid_upslope,lipponen_tarvainen,1.0,100.0,True,False,443,444,0.987612517283219,0.004524886877828055,0.024229371998686675,443,1,1,0.9977477477477478,0.9977477477477478,0.9977477477477478,292.0000000000139,12.065610859729546,19.502813348510855,-0.03393665158366462,19.524883300916585,442,1116.6365688487585,1116.472850678733,-0.16371817002550415,0.16371817002550415,-0.014661723840398313,71.62004584881278,74.06928444659928,2.449238597786504,2.449238597786504,3.4197668666070875,35.48105096210506,44.42875006344117,8.947699101336113,8.947699101336113,25.218247088826523,12.217194570135746,21.31519274376417,9.097998173628426,9.097998173628426,74.46879986562526,35.52124197797315,44.479141656125165,8.957899678152017,8.957899678152017,25.218430379508813,25.117311078793065,31.45150268640315,6.334191607610084,6.334191607610084,25.218430379508813,98.12228400798276,99.91656907455162,1.794285066568861,1.794285066568861,1.8286213827053666,0.25597968221723866,0.31477764876950454,0.05879796655226588,0.05879796655226588,22.969778711720817,1.3260453518123536,1.538758371718226,0.21271301990587244,0.21271301990587244,16.041157236074163,1.326210862860182,1.2388304060172424,-0.08738045684293971,0.08738045684293971,-6.588730290935036,2019.6338268699633,2074.421702251494,54.78787538153074,54.78787538153074,2.7127628113875084,216.44998851203997,342.3118768981174,125.86188838607745,125.86188838607745,58.14825366880369,9.330718106079372,6.060034261881325,-3.2706838441980466,3.2706838441980466,-35.05286310243424
s14_sit,msptd,MSPTD,mid_upslope,lipponen_tarvainen,1.0,100.0,True,False,438,444,0.987612517283219,0.011441647597254004,0.8742018599364945,443,0,1,0.9977477477477478,1.0,0.9988726042841037,292.0000000000236,12.079185520362403,19.775378905592696,-0.033936651583665656,19.79775812167974,442,1116.6365688487585,1116.472850678733,-0.16371817002550415,0.16371817002550415,-0.014661723840398313,71.62004584881278,74.08844647243465,2.468400623621875,2.468400623621875,3.446521981893974,35.48105096210506,44.05747637450383,8.57642541239877,8.57642541239877,24.171847168672308,12.217194570135746,20.634920634920633,8.417726064784887,8.417726064784887,68.90064667842445,35.52124197797315,44.10744574035507,8.58620376238192,8.58620376238192,24.172025763362264,25.117311078793065,31.18867398382277,6.071362905029705,6.071362905029705,24.172025763362267,98.12228400798276,100.02730835391127,1.9050243459285099,1.9050243459285099,1.941479823047664,0.25597968221723866,0.3118015919559954,0.055821909738756725,0.055821909738756725,21.80716424649013,1.3260453518123536,1.5156650119486619,0.18961966013630827,0.18961966013630827,14.29963612308948,1.326210862860182,1.249217141518083,-0.07699372134209903,0.07699372134209903,-5.805541448819834,2019.6338268699633,2088.7715416211545,69.1377147511912,69.1377147511912,3.4232796971093076,216.44998851203997,336.06999387049086,119.6200053584509,119.6200053584509,55.26450067323384,9.330718106079372,6.215287230987039,-3.1154308750923327,3.1154308750923327,-33.38897220635669
s14_sit,qppg,qppg (slope-sum),mid_upslope,lipponen_tarvainen,1.0,100.0,True,False,420,444,0.987612517283219,0.02386634844868735,0.0026463460352990826,418,3,26,0.9414414414414415,0.9928741092636579,0.9664739884393062,291.99999999995305,8.034229828851814,10.836188577405927,-0.2885085574570907,10.845614003517813,409,1116.6365688487585,1120.5790754257907,3.9425065770321908,3.9425065770321908,0.3530698068662463,71.62004584881278,79.71216787564894,8.092122026836165,8.092122026836165,11.29868311438718,35.48105096210506,67.935747980414,32.45469701830895,32.45469701830895,91.47050647674344,12.217194570135746,17.073170731707318,4.855976161571572,4.855976161571572,39.74706413730806,35.52124197797315,68.018725124914,32.49748314694085,32.49748314694085,91.48746309910182,25.117311078793065,48.09650178349049,22.979190704697423,22.979190704697423,91.48746309910183,98.12228400798276,101.95482299068532,3.832538982702559,3.832538982702559,3.905880322140445,0.25597968221723866,0.4717432718988157,0.21576358968157705,0.21576358968157705,84.28934195584634,1.3260453518123536,1.339093841886093,0.013048490073739316,0.013048490073739316,0.9840153699046174,1.326210862860182,0.8945846725803995,-0.43162619027978255,0.43162619027978255,-32.54581924844989,2019.6338268699633,2497.036610100356,477.40278323039274,477.40278323039274,23.63808611634682,216.44998851203997,809.7299816160978,593.2799931040579,593.2799931040579,274.09564545717535,9.330718106079372,3.0837892467766244,-6.246928859302748,6.246928859302748,-66.9501402601864
s14_sit,terma,TERMA,mid_upslope,lipponen_tarvainen,1.0,100.0,True,False,441,444,0.987612517283219,0.006818181818181818,0.00039039315075675425,444,0,0,1.0,1.0,1.0,291.99999999999517,11.819413092551864,17.812922998028863,0.0135440180587703,17.833056824115545,443,1116.6365688487585,1116.6501128668172,0.013544018058610163,0.013544018058610163,0.0012129298320020018,71.62004584881278,73.74931194547337,2.1292660966605865,2.1292660966605865,2.9730029790198502,35.48105096210506,43.16169744920882,7.680646487103765,7.680646487103765,21.64717864560142,12.217194570135746,20.588235294117645,8.3710407239819,8.3710407239819,68.51851851851852,35.52124197797315,43.21055247683989,7.689310498866739,7.689310498866739,21.647076708733632,25.117311078793065,30.554474675190654,5.437163596397589,5.437163596397589,21.647076708733646,98.12228400798276,99.72134226024343,1.5990582522606758,1.5990582522606758,1.6296586126456087,0.25597968221723866,0.30639855002605604,0.05041886780881738,0.05041886780881738,19.696433471633547,1.3260453518123536,1.5325759814306483,0.20653062961829471,0.20653062961829471,15.574929570547637,1.326210862860182,1.2463731796958955,-0.07983768316428663,0.07983768316428663,-6.019984106607612,2019.6338268699633,2070.6476907936967,51.013863923733425,51.013863923733425,2.5258966870640567,216.44998851203997,343.5392888118469,127.08930029980695,127.08930029980695,58.71531857010824,9.330718106079372,6.027397035009204,-3.303321071070168,3.303321071070168,-35.40264568616546
s14_sit,heartpy,HeartPy,mid_upslope,lipponen_tarvainen,1.0,100.0,True,False,426,444,0.987612517283219,0.02823529411764706,0.011197324980875114,421,14,23,0.9481981981981982,0.967816091954023,0.9579067121729239,291.9999999999622,10.380722891567485,14.93810523298946,-0.202409638554144,14.954762509512111,415,1116.6365688487585,1128.092807424594,11.456238575835414,11.456238575835414,1.0259594657236315,71.62004584881278,102.49583414907164,30.87578830025886,30.87578830025886,43.110539702022095,35.48105096210506,82.72259610878248,47.241545146677424,47.241545146677424,133.14584507976656,12.217194570135746,21.3953488372093,9.178154267073555,9.178154267073555,75.12489233419466,35.52124197797315,82.81892381658277,47.29768183860962,47.29768183860962,133.15323227701072,25.117311078793065,58.56182264127774,33.44451156248468,33.44451156248468,133.15323227701072,98.12228400798276,132.59451332826532,34.472229320282565,34.472229320282565,35.13190675165905,0.25597968221723866,0.4416609795632777,0.18568129734603905,0.18568129734603905,72.53751381270156,1.3260453518123536,1.152604640024825,-0.1734407117875285,0.1734407117875285,-13.07954600123449,1.326210862860182,1.0224930637083243,-0.3037177991518578,0.3037177991518578,-22.9011696146752,2019.6338268699633,3857.3649575098484,1837.7311306398851,1837.7311306398851,90.99328334621966,216.44998851203997,567.7404197239252,351.2904312118853,351.2904312118853,162.29635013001854,9.330718106079372,6.7942405076347505,-2.5364775984446215,2.5364775984446215,-27.18416277941132
s14_sit,findpeaks,find_peaks baseline,mid_upslope,lipponen_tarvainen,1.0,100.0,True,False,444,444,0.987612517283219,0.0,0.00014909724177039263,444,0,0,1.0,1.0,1.0,291.9999999999977,12.085778781039446,19.542741258372814,0.0135440180587703,19.564831243189264,443,1116.6365688487585,1116.6501128668172,0.013544018058610163,0.013544018058610163,0.0012129298320020018,71.62004584881278,74.08193408741495,2.461888238602171,2.461888238602171,3.4374290178466578,35.48105096210506,44.43114557191541,8.95009460981035,8.95009460981035,25.224998603816296,12.217194570135746,21.266968325791854,9.049773755656108,9.049773755656108,74.07407407407408,35.52124197797315,44.481440594610085,8.960198616636937,8.960198616636937,25.224902389936673,25.117311078793065,31.45312828139537,6.335817202602303,6.335817202602303,25.224902389936684,98.12228400798276,99.93481194047584,1.812527932493083,1.812527932493083,1.8472133530295978,0.25597968221723866,0.3147364534005407,0.058756771183302026,0.058756771183302026,22.953685493459492,1.3260453518123536,1.5369640859721794,0.21091873415982576,0.21091873415982576,15.905846196855604,1.326210862860182,1.2381355553304605,-0.08807530752972159,0.08807530752972159,-6.64112397177726,2019.6338268699633,2074.577801925469,54.94397505550569,54.94397505550569,2.720491919104865,216.44998851203997,341.8203501263854,125.37036161434543,125.37036161434543,57.921168061125464,9.330718106079372,6.069205069734467,-3.2615130363449047,3.2615130363449047,-34.95457690678584
s15_sit,msptdfast,MSPTDfast v2,mid_upslope,none,1.0,100.0,True,False,678,685,0.9909656960708211,0.0014771048744460858,0.02737620773969546,677,1,8,0.9883211678832117,0.9985250737463127,0.9933969185619957,297.20183517786194,9.61120232922535,14.177863157476855,0.13676805778585266,14.187811180096865,669,707.5350877192982,713.7919291200919,6.256841400793746,6.256841400793746,0.8843153519018176,84.27689284429475,98.42187718718588,14.144984342891135,14.144984342891135,16.783941440537696,41.61040809092914,93.06455672801137,51.45414863708223,51.45414863708223,123.65691902045769,21.96193265007321,29.925925925925927,7.963993275852719,7.963993275852719,36.26271604938271,41.640353598933366,93.13331520532417,51.4929616063908,51.4929616063908,123.6612015890994,29.444176400811443,65.85519873606891,36.41102233525747,36.41102233525747,123.6612015890994,115.49125426219675,122.6247308561037,7.133476593906948,7.133476593906948,6.176637910358134,0.25494723898283334,0.5370466322437677,0.28209939326093436,0.28209939326093436,110.6501072090172,1.2954118646427175,1.4079490594733197,0.1125371948306022,0.1125371948306022,8.687367925384923,1.3361301985264913,1.0453635903831366,-0.29076660814335464,0.29076660814335464,-21.761846896658525,2725.9210308297584,3279.341795826083,553.4207649963246,553.4207649963246,20.302156912735867,599.4884514523582,1831.2409228732236,1231.7524714208653,1231.7524714208653,205.46725603082842,4.547078470362143,1.7907757274672433,-2.7563027428948996,2.7563027428948996,-60.617004101875104
s15_sit,msptd,MSPTD,mid_upslope,none,1.0,100.0,True,False,677,685,0.9909656960708211,0.0,0.9072698482174297,677,0,8,0.9883211678832117,1.0,0.9941262848751835,297.0708060893689,9.646635112291971,14.22474493340704,0.2143841953416089,14.23375549852855,670,707.5350877192982,714.172762603201,6.637674883902832,6.637674883902832,0.9381407366380974,84.27689284429475,100.72774967264407,16.450856828349316,16.450856828349316,19.52000871548859,41.61040809092914,94.14533949489757,52.53493140396843,52.53493140396843,126.25430466619427,21.96193265007321,29.925925925925927,7.963993275852719,7.963993275852719,36.26271604938271,41.640353598933366,94.21490228495635,52.574548686022986,52.574548686022986,126.25865090485136,29.444176400811443,66.61999629452059,37.175819893709146,37.175819893709146,126.25865090485135,115.49125426219675,125.9124108336734,10.421156571476658,10.421156571476658,9.023329634829128,0.25494723898283334,0.5290979328679811,0.2741506938851478,0.2741506938851478,107.532325111239,1.2954118646427175,1.389269668283545,0.09385780364082752,0.09385780364082752,7.24540250113535,1.3361301985264913,1.0613563301795501,-0.2747738683469412,0.2747738683469412,-20.564902181686094,2725.9210308297584,3767.5581897945267,1041.6371589647683,1041.6371589647683,38.21230135370791,599.4884514523582,1871.905793136725,1272.4173416843669,1272.4173416843669,212.25051768749324,4.547078470362143,2.0126857898555275,-2.5343926805066155,2.5343926805066155,-55.736726274371264
s15_sit,qppg,qppg (slope-sum),mid_upslope,none,1.0,100.0,True,False,488,685,0.9909656960708211,0.0513347022587269,0.0032163154236637976,487,1,198,0.710948905109489,0.9979508196721312,0.8303495311167945,298.78316064843926,7.505591214954986,10.708368339689493,-0.27817051110117846,10.716668754644159,450,707.5350877192982,741.7107196386064,34.175631919308216,34.175631919308216,4.830238459193812,84.27689284429475,147.89313031394195,63.6162374696472,63.6162374696472,75.4847922397673,41.61040809092914,182.748807720406,141.13839962947685,141.13839962947685,339.19013560514514,21.96193265007321,33.839479392624725,11.877546742551516,11.877546742551516,54.08242950108457,41.640353598933366,182.9473075228443,141.30695392391095,141.30695392391095,339.3509941940805,29.444176400811443,129.36328174922392,99.91910534841247,99.91910534841247,339.3509941940805,115.49125426219675,164.34688108748563,48.85562682528888,48.85562682528888,42.30244717437499,0.25494723898283334,0.787135605453692,0.5321883664708587,0.5321883664708587,208.74451066586883,1.2954118646427175,1.0887685496561572,-0.2066433149865603,0.2066433149865603,-15.951939350467025,1.3361301985264913,0.6770440312817587,-0.6590861672447326,0.6590861672447326,-49.327989740190354,2725.9210308297584,13125.682653940756,10399.761623110997,10399.761623110997,381.51367943132806,599.4884514523582,4442.664859376854,3843.176407924496,3843.176407924496,641.0759704567747,4.547078470362143,2.954461583172811,-1.5926168871893318,1.5926168871893318,-35.025058343945645
s15_sit,terma,TERMA,mid_upslope,none,1.0,100.0,True,False,667,685,0.9909656960708211,0.0,0.00040690290254467,666,1,19,0.9722627737226277,0.9985007496251874,0.985207100591716,297.4567311910509,9.484807421676374,14.190870070125767,0.16778508822177524,14.200822895044148,649,707.5350877192982,725.6486977950475,18.113610075749307,18.113610075749307,2.5601006070437533,84.27689284429475,124.47636323807708,40.199470393782335,40.199470393782335,47.69927917021409,41.61040809092914,147.04063434755236,105.43022625662321,105.43022625662321,253.37465094365768,21.96193265007321,31.72932330827068,9.76739065819747,9.76739065819747,44.47418546365915,41.640353598933366,147.15126722433487,105.51091362540151,105.51091362540151,253.38620954483014,29.444176400811443,104.05165891452094,74.6074825137095,74.6074825137095,253.3862095448301,115.49125426219675,141.99289519934302,26.501640937146277,26.501640937146277,22.946881221828537,0.25494723898283334,0.7327948258850797,0.4778475869022464,0.4778475869022464,187.4299909301712,1.2954118646427175,1.2086947345309964,-0.08671713011172111,0.08671713011172111,-6.694174453592659,1.3361301985264913,0.8507325001411045,-0.4853976983853868,0.4853976983853868,-36.3286226836795,2725.9210308297584,5411.482435428383,2685.5614045986244,2685.5614045986244,98.51941322677096,599.4884514523582,4302.268905327202,3702.780453874844,3702.780453874844,617.6566779400432,4.547078470362143,1.2578205952509658,-3.2892578751111774,3.2892578751111774,-72.33782958773551
s15_sit,heartpy,HeartPy,mid_upslope,none,1.0,100.0,True,False,631,685,0.9909656960708211,0.01746031746031746,0.029427395246526315,631,0,54,0.9211678832116789,1.0,0.958966565349544,297.7847856203685,9.093026676721339,14.676315266931452,0.17455850639912487,14.687301130060112,611,707.5350877192982,723.3227832229296,15.787695503631426,15.787695503631426,2.2313657340333783,84.27689284429475,134.26816007749505,49.991267233200304,49.991267233200304,59.31788126736158,41.61040809092914,160.4537050301504,118.84329693922125,118.84329693922125,285.60954432246604,21.96193265007321,30.258899676375407,8.296967026302198,8.296967026302198,37.77885652642934,41.640353598933366,160.5835032995412,118.94314970060785,118.94314970060785,285.64394732626533,29.444176400811443,113.54968412979792,84.10550772898648,84.10550772898648,285.64394732626533,115.49125426219675,152.19180942223792,36.700555160041176,36.700555160041176,31.777778667742993,0.25494723898283334,0.7460958941277053,0.49114865514487194,0.49114865514487194,192.64717558990432,1.2954118646427175,1.1592560648206078,-0.13615579982210968,0.13615579982210968,-10.510618556026756,1.3361301985264913,0.681477555371066,-0.6546526431554253,0.6546526431554253,-48.996171471716465,2725.9210308297584,6965.8205133608535,4239.899482531095,4239.899482531095,155.5400701112933,599.4884514523582,6177.789484641995,5578.301033189637,5578.301033189637,930.5101740784658,4.547078470362143,1.1275587377455814,-3.4195197326165614,3.4195197326165614,-75.20256698680241
s15_sit,findpeaks,find_peaks baseline,mid_upslope,none,1.0,100.0,True,False,682,685,0.9909656960708211,0.0,0.0001591862528075375,681,1,4,0.9941605839416059,0.998533724340176,0.9963423555230432,297.1253696278954,10.033234749657543,15.472053303564039,0.02462720713472366,15.483456395347131,678,707.5350877192982,709.6652463017645,2.130158582466265,2.130158582466265,0.30106755402516056,84.27689284429475,93.0814985420923,8.804605697797555,8.804605697797555,10.447235773231995,41.61040809092914,72.40367663777147,30.793268546842327,30.793268546842327,74.0037648262217,21.96193265007321,29.264705882352942,7.302773232279733,7.302773232279733,33.25196078431372,41.640353598933366,72.45687857656091,30.816524977627545,30.816524977627545,74.00639599375766,29.444176400811443,51.2347501850965,21.79057378428506,21.79057378428506,74.00639599375765,115.49125426219675,121.25729303903258,5.766038776835828,5.766038776835828,4.992619409730665,0.25494723898283334,0.4225292260862536,0.16758198710342026,0.16758198710342026,65.7320266624673,1.2954118646427175,1.4400987653656196,0.14468690072290213,0.14468690072290213,11.169181375593443,1.3361301985264913,1.2487166942876542,-0.08741350423883709,0.08741350423883709,-6.542289391800162,2725.9210308297584,3277.0605283349128,551.1394975051544,551.1394975051544,20.218468960466915,599.4884514523582,1424.0217463910064,824.5332949386483,824.5332949386483,137.53947935795634,4.547078470362143,2.3012714072942964,-2.2458070630678466,2.2458070630678466,-49.39011010489519
s15_sit,msptdfast,MSPTDfast v2,mid_upslope,median_mad,1.0,100.0,True,False,678,685,0.9909656960708211,0.008862629246676515,0.021979606751620685,677,1,8,0.9883211678832117,0.9985250737463127,0.9933969185619957,297.20183517786194,9.61120232922535,14.177863157476855,0.13676805778585266,14.187811180096865,669,707.5350877192982,710.4754739680634,2.9403862487652077,2.9403862487652077,0.41558168630807935,84.27689284429475,90.88607250886884,6.609179664574086,6.609179664574086,7.842220377992381,41.61040809092914,65.92962145458878,24.319213363659642,24.319213363659642,58.445024885399064,21.96193265007321,28.65671641791045,6.69478376783724,6.69478376783724,30.48358208955223,41.640353598933366,65.9785125739512,24.33815897501784,24.33815897501784,58.44849255948987,29.444176400811443,46.65385365364279,17.209677252831348,17.209677252831348,58.448492559489864,115.49125426219675,119.76633204469113,4.275077782494378,4.275077782494378,3.7016463366037935,0.25494723898283334,0.3895406401544783,0.13459340117164498,0.13459340117164498,52.792649062854814,1.2954118646427175,1.4805971291674316,0.18518526452471407,0.18518526452471407,14.295473862730853,1.3361301985264913,1.1472686427263825,-0.18886155580010877,0.18886155580010877,-14.134966488175236,2725.9210308297584,3228.841591190937,502.92056036117856,502.92056036117856,18.449564557198187,599.4884514523582,1193.9304777100738,594.4420262577156,594.4420262577156,99.15821144136859,4.547078470362143,2.7043799044176904,-1.8426985659444526,1.8426985659444526,-40.52489038742484
s15_sit,msptd,MSPTD,mid_upslope,median_mad,1.0,100.0,True,False,677,685,0.9909656960708211,0.0073964497041420114,0.9020956447056383,677,0,8,0.9883211678832117,1.0,0.9941262848751835,297.0708060893689,9.646635112291971,14.22474493340704,0.2143841953416089,14.23375549852855,670,707.5350877192982,710.3035446250722,2.7684569057739736,2.7684569057739736,0.39128192422201247,84.27689284429475,89.69773655729475,5.4208437129999965,5.4208437129999965,6.4321826897620005,41.61040809092914,61.32366292346673,19.713254832537586,19.713254832537586,47.37577865004159,21.96193265007321,28.805970149253728,6.844037499180519,6.844037499180519,31.16318407960196,41.640353598933366,61.369085343998165,19.7287317450648,19.7287317450648,47.378876594290396,29.444176400811443,43.39449640195708,13.950320001145634,13.950320001145634,47.37887659429042,115.49125426219675,119.19851328361538,3.7072590214186363,3.7072590214186363,3.2099911331832485,0.25494723898283334,0.3640523292325487,0.10910509024971538,0.10910509024971538,42.79516447599649,1.2954118646427175,1.4956493512854674,0.20023748664274987,0.20023748664274987,15.457438063374276,1.3361301985264913,1.2259976370386982,-0.11013256148779305,0.11013256148779305,-8.242651921889742,2725.9210308297584,3157.854323593363,431.93329276360464,431.93329276360464,15.84540740096664,599.4884514523582,992.3056911068625,392.8172396545043,392.8172396545043,65.52540565257608,4.547078470362143,3.1823402323440773,-1.3647382380180657,1.3647382380180657,-30.013518502340112
s15_sit,qppg,qppg (slope-sum),mid_upslope,median_mad,1.0,100.0,True,False,488,685,0.9909656960708211,0.06776180698151951,0.003000953804221631,487,1,198,0.710948905109489,0.9979508196721312,0.8303495311167945,298.78316064843926,7.505591214954986,10.708368339689493,-0.27817051110117846,10.716668754644159,450,707.5350877192982,728.4104573221558,20.87536960285763,20.87536960285763,2.9504359522505488,84.27689284429475,102.93671955184905,18.659826707554302,18.659826707554302,22.14109476250999,41.61040809092914,117.13006414708182,75.51965605615268,75.51965605615268,181.49222639471202,21.96193265007321,32.22958057395143,10.267647923878222,10.267647923878222,46.752023546725496,41.640353598933366,117.25950891773164,75.61915531879828,75.61915531879828,181.6006560538316,29.444176400811443,82.91499391433248,53.47081751352104,53.47081751352104,181.6006560538316,115.49125426219675,119.65383507593167,4.16258081373492,4.16258081373492,3.6042389879018217,0.25494723898283334,0.6929572617686268,0.4380100227857935,0.4380100227857935,171.80418369437078,1.2954118646427175,1.3774887368310471,0.0820768721883296,0.0820768721883296,6.335967303415651,1.3361301985264913,0.8303783622251442,-0.5057518363013471,0.5057518363013471,-37.85198754276338,2725.9210308297584,3621.2529729418115,895.3319421120532,895.3319421120532,32.845116640797116,599.4884514523582,1049.5289841358056,450.0405326834474,450.0405326834474,75.07075934376235,4.547078470362143,3.4503601402905453,-1.0967183300715977,1.0967183300715977,-24.119186357130356
s15_sit,terma,TERMA,mid_upslope,median_mad,1.0,100.0,True,False,667,685,0.9909656960708211,0.015015015015015015,0.0004576775064704291,666,1,19,0.9722627737226277,0.9985007496251874,0.985207100591716,297.4567311910509,9.484807421676374,14.190870070125767,0.16778508822177524,14.200822895044148,649,707.5350877192982,716.3677617571202,8.832674037822017,8.832674037822017,1.2483725812515776,84.27689284429475,97.13380948547108,12.856916641176326,12.856916641176326,15.255565561642197,41.61040809092914,88.59337899899714,46.982970908068,46.982970908068,112.91158405704282,21.96193265007321,29.61832061068702,7.656387960613813,7.656387960613813,34.86208651399489,41.640353598933366,88.66100151968456,47.020647920751195,47.020647920751195,112.92086607534392,29.444176400811443,62.69279540135975,33.24861900054831,33.24861900054831,112.92086607534392,115.49125426219675,122.22752265788107,6.73626839568432,6.73626839568432,5.83270866587971,0.25494723898283334,0.5129188094308267,0.25797157044799335,0.25797157044799335,101.1862577830716,1.2954118646427175,1.406446596100446,0.11103473145772846,0.11103473145772846,8.571384475342327,1.3361301985264913,1.0370414803670596,-0.2990887181594317,0.2990887181594317,-22.384698623627564,2725.9210308297584,3822.6842538239666,1096.7632229942083,1096.7632229942083,40.23459266024146,599.4884514523582,2199.312380549246,1599.8239290968877,1599.8239290968877,266.86484538960747,4.547078470362143,1.7381270108020341,-2.8089514595601086,2.8089514595601086,-61.77486220809371
s15_sit,heartpy,HeartPy,mid_upslope,median_mad,1.0,100.0,True,False,631,685,0.9909656960708211,0.02857142857142857,0.029150420335342805,631,0,54,0.9211678832116789,1.0,0.958966565349544,297.7847856203685,9.093026676721339,14.676315266931452,0.17455850639912487,14.687301130060112,611,707.5350877192982,713.0681454501862,5.533057730888004,5.533057730888004,0.7820188464042853,84.27689284429475,86.96842859361364,2.691535749318888,2.691535749318888,3.19368175365888,41.61040809092914,62.29483786828429,20.68442977735515,20.68442977735515,49.70974985910857,21.96193265007321,28.805237315875615,6.843304665802407,6.843304665802407,31.15984724495362,41.640353598933366,62.34541346472473,20.705059865791362,20.705059865791362,49.72354477393711,29.444176400811443,44.084864636785944,14.640688235974501,14.640688235974501,49.72354477393711,115.49125426219675,114.81959699476919,-0.6716572674275625,0.6716572674275625,-0.5815654801901421,0.25494723898283334,0.3839489581102981,0.12900171912746478,0.12900171912746478,50.599378774269056,1.2954118646427175,1.544683151702217,0.24927128705949952,0.24927128705949952,19.242628067811474,1.3361301985264913,1.164615521840508,-0.1715146766859832,0.1715146766859832,-12.836673916593808,2725.9210308297584,2966.555350837449,240.6343200076908,240.6343200076908,8.827633569943982,599.4884514523582,891.0392523617732,291.550800909415,291.550800909415,48.633263944132004,4.547078470362143,3.329320614074351,-1.217757856287792,1.217757856287792,-26.781104927595546
s15_sit,findpeaks,find_peaks baseline,mid_upslope,median_mad,1.0,100.0,True,False,682,685,0.9909656960708211,0.0014684287812041115,0.0001546154220771495,681,1,4,0.9941605839416059,0.998533724340176,0.9963423555230432,297.1253696278954,10.033234749657543,15.472053303564039,0.02462720713472366,15.483456395347131,678,707.5350877192982,709.04076944445,1.5056817251518169,1.5056817251518169,0.21280665104614133,84.27689284429475,91.71130764147391,7.4344147971791585,7.4344147971791585,8.821415391897,41.61040809092914,66.01871782361282,24.408309732683676,24.408309732683676,58.65914527765605,21.96193265007321,29.013254786450666,7.051322136377458,7.051322136377458,32.107020127638684,41.640353598933366,66.06728192551563,24.426928326582264,24.426928326582264,58.661673629995235,29.444176400811443,46.71662306409553,17.272446663284086,17.272446663284086,58.661673629995235,115.49125426219675,120.99373962360762,5.502485361410876,5.502485361410876,4.76441735485765,0.25494723898283334,0.38610777061212875,0.13116053162929542,0.13116053162929542,51.446147113649275,1.2954118646427175,1.4595351057454937,0.1641232411027762,0.1641232411027762,12.669579890565723,1.3361301985264913,1.2737907528449897,-0.062339445681501626,0.062339445681501626,-4.665671485477291,2725.9210308297584,3363.3262371331925,637.4052063034342,637.4052063034342,23.383113417244182,599.4884514523582,1177.8611819555233,578.3727305031651,578.3727305031651,96.47771013802905,4.547078470362143,2.8554521438165485,-1.6916263265455944,1.6916263265455944,-37.2024880936543
s15_sit,msptdfast,MSPTDfast v2,mid_upslope,lipponen_tarvainen,1.0,100.0,True,False,678,685,0.9909656960708211,0.005908419497784343,0.021885031462980178,680,2,5,0.9927007299270073,0.9970674486803519,0.9948792977322604,297.0000000000145,10.19764011799308,15.895399234184811,0.14454277286142064,15.90647679871497,678,707.5350877192982,708.928046989721,1.392959270422807,1.392959270422807,0.19687493872748238,84.27689284429475,85.28850238267816,1.0116095383834107,1.0116095383834107,1.20034033557977,41.61040809092914,50.5757730887958,8.965364997866658,8.965364997866658,21.545967485526926,21.96193265007321,28.97058823529412,7.008655585220911,7.008655585220911,31.91274509803921,41.640353598933366,50.612546148174495,8.972192549241129,8.972192549241129,21.54686925970522,29.444176400811443,35.78847459449126,6.344298193679819,6.344298193679819,21.54686925970522,115.49125426219675,115.18438420011478,-0.30687006208196976,0.30687006208196976,-0.2657084850644108,0.25494723898283334,0.31070595934527384,0.055758720362440506,0.055758720362440506,21.87069002390529,1.2954118646427175,1.5206484823302122,0.2252366176874947,0.2252366176874947,17.387259128556487,1.3361301985264913,1.2740276022361974,-0.06210259629029391,0.06210259629029391,-4.647944965152481,2725.9210308297584,2742.987645297412,17.066614467653835,17.066614467653835,0.6260861659099065,599.4884514523582,745.0328911362436,145.54443968388546,145.54443968388546,24.27810566346698,4.547078470362143,3.681700067112613,-0.86537840324953,0.86537840324953,-19.03152560242948
s15_sit,msptd,MSPTD,mid_upslope,lipponen_tarvainen,1.0,100.0,True,False,677,685,0.9909656960708211,0.005917159763313609,0.9070988323116764,678,3,7,0.9897810218978103,0.9955947136563876,0.9926793557833089,297.0000000000145,10.453333333332598,16.736741574108404,0.11851851851858151,16.74873300130811,675,707.5350877192982,709.9705882352941,2.4355005159959546,2.4355005159959546,0.34422328422561504,84.27689284429475,85.91705260867154,1.64015976437679,1.64015976437679,1.9461559497774283,41.61040809092914,52.28453928840562,10.674131197476477,10.674131197476477,25.652551097674486,21.96193265007321,29.455081001472756,7.493148351399547,7.493148351399547,34.11880216003927,41.640353598933366,52.32264053024255,10.682286931309186,10.682286931309186,25.65368928947524,29.444176400811443,36.997693928520604,7.553517527709161,7.553517527709161,25.653689289475242,115.49125426219675,115.7352604088053,0.24400614660855524,0.24400614660855524,0.21127673101081276,0.25494723898283334,0.31967521218542805,0.06472797320259471,0.06472797320259471,25.388771990958144,1.2954118646427175,1.5281245565591084,0.23271269191639088,0.23271269191639088,17.96437860946831,1.3361301985264913,1.2726751699120011,-0.06345502861449015,0.06345502861449015,-4.749165065236121,2725.9210308297584,2738.904209857283,12.983179027524784,12.983179027524784,0.4762859554875939,599.4884514523582,762.4187774960513,162.93032604369319,162.93032604369319,27.178225977325834,4.547078470362143,3.592388187043922,-0.9546902833182211,0.9546902833182211,-20.995685241433424
s15_sit,qppg,qppg (slope-sum),mid_upslope,lipponen_tarvainen,1.0,100.0,True,False,488,685,0.9909656960708211,0.08624229979466119,0.0029966307168016863,471,20,214,0.6875912408759124,0.9592668024439919,0.8010204081632654,298.0000000000147,7.464037122968416,10.844289183187936,-0.4895591647330605,10.845822581971676,431,707.5350877192982,751.5099778270511,43.97489010775291,43.97489010775291,6.215223933205014,84.27689284429475,166.3230371235435,82.04614427924874,82.04614427924874,97.35307212954869,41.61040809092914,171.27408833017657,129.6636802392474,129.6636802392474,311.61357503608195,21.96193265007321,33.77777777777778,11.81584512770457,11.81584512770457,53.80148148148147,41.640353598933366,171.46467455468292,129.82432095574956,129.82432095574956,311.7752606190046,29.444176400811443,121.24383411156076,91.79965771074932,91.79965771074932,311.77526061900454,115.49125426219675,201.56050715834087,86.06925289614412,86.06925289614412,74.52447671989376,0.25494723898283334,0.6015257444074332,0.3465785054245999,0.3465785054245999,135.94126643902837,1.2954118646427175,1.0134212053110663,-0.28199065933165124,0.28199065933165124,-21.768417213735027,1.3361301985264913,0.9272557992562895,-0.40887439927020175,0.40887439927020175,-30.601388975499237,2725.9210308297584,14304.112106329467,11578.191075499708,11578.191075499708,424.744185343306,599.4884514523582,5204.4380194217965,4604.949567969438,4604.949567969438,768.1465017071138,4.547078470362143,2.748445087240875,-1.7986333831212677,1.7986333831212677,-39.55580258499518
s15_sit,terma,TERMA,mid_upslope,lipponen_tarvainen,1.0,100.0,True,False,667,685,0.9909656960708211,0.025525525525525526,0.00040514393765841647,673,11,12,0.9824817518248176,0.9839181286549707,0.9831994156318481,297.99999999999085,10.502994011975264,16.255630070286866,-0.04191616766457059,16.267757053790667,668,707.5350877192982,707.5871156661786,0.05202794688045742,0.05202794688045742,0.007353408726084066,84.27689284429475,89.57817050712988,5.301277662835133,5.301277662835133,6.290309815561753,41.61040809092914,55.845946985625815,14.235538894696674,14.235538894696674,34.21148589455903,21.96193265007321,28.592375366568916,6.630442716495708,6.630442716495708,30.19061583577712,41.640353598933366,55.88681462043901,14.246461021505645,14.246461021505645,34.2131124983304,29.444176400811443,39.51794559702792,10.073769196216475,10.073769196216475,34.21311249833041,115.49125426219675,120.36124475344715,4.869990491250405,4.869990491250405,4.216761279771189,0.25494723898283334,0.32832782410964656,0.07338058512681322,0.07338058512681322,28.782655352370476,1.2954118646427175,1.5139923596770846,0.21858049503436705,0.21858049503436705,16.873436240654847,1.3361301985264913,1.1786372232651667,-0.15749297526132455,0.15749297526132455,-11.78724763761875,2725.9210308297584,2721.288250526989,-4.6327803027693335,4.6327803027693335,-0.16995284347467451,599.4884514523582,1040.0030336329596,440.51458218060145,440.51458218060145,73.48174616431447,4.547078470362143,2.616615685264811,-1.930462785097332,1.930462785097332,-42.455013646236544
s15_sit,heartpy,HeartPy,mid_upslope,lipponen_tarvainen,1.0,100.0,True,False,631,685,0.9909656960708211,0.020634920634920634,0.02848880208771639,630,6,55,0.9197080291970803,0.9905660377358491,0.9538228614685844,297.99999999999085,9.22937293729315,14.266615002527383,-0.04785478547831054,14.278320398665713,606,707.5350877192982,735.5103668261563,27.975279106858125,27.975279106858125,3.9539069641104234,84.27689284429475,149.99616972008226,65.71927687578751,65.71927687578751,77.9801849092927,41.61040809092914,142.7557846726637,101.14537658173457,101.14537658173457,243.0771079214283,21.96193265007321,29.712460063897762,7.750527413824553,7.750527413824553,35.29073482428113,41.640353598933366,142.86975298575553,101.22939938682217,101.22939938682217,243.10408206863835,29.444176400811443,101.02417116267473,71.57999476186329,71.57999476186329,243.10408206863832,115.49125426219675,186.52565159324882,71.03439733105208,71.03439733105208,61.50630000933626,0.25494723898283334,0.5416100697129598,0.28666283073012644,0.28666283073012644,112.44006088233364,1.2954118646427175,1.066208116857932,-0.22920374778478547,0.22920374778478547,-17.69350382227673,1.3361301985264913,0.9617341039182264,-0.37439609460826484,0.37439609460826484,-28.020929024817764,2725.9210308297584,10847.399238109469,8121.47820727971,8121.47820727971,297.9351975140515,599.4884514523582,5974.924823450284,5375.436371997926,5375.436371997926,896.6705461923508,4.547078470362143,1.815487149819154,-2.731591320542989,2.731591320542989,-60.07354696751993
s15_sit,findpeaks,find_peaks baseline,mid_upslope,lipponen_tarvainen,1.0,100.0,True,False,682,685,0.9909656960708211,0.002936857562408223,0.00015921102623730376,683,1,2,0.997080291970803,0.9985380116959064,0.997808619430241,297.0000000000145,10.34310850439796,16.0955723315549,-0.02346041055712774,16.107368487098,682,707.5350877192982,707.5871156661786,0.05202794688045742,0.05202794688045742,0.007353408726084066,84.27689284429475,86.32693403854535,2.0500411942505963,2.0500411942505963,2.432506853376924,41.61040809092914,50.455447668348334,8.845039577419193,8.845039577419193,21.256796035478843,21.96193265007321,28.592375366568916,6.630442716495708,6.630442716495708,30.19061583577712,41.640353598933366,50.49234612871872,8.851992529785356,8.851992529785356,21.25820691880989,29.444176400811443,35.703480345635334,6.259303944823891,6.259303944823891,21.258206918809904,115.49125426219675,116.74733646725971,1.2560822050629668,1.2560822050629668,1.0875994144208674,0.25494723898283334,0.30581837175915283,0.050871132776319494,0.050871132776319494,19.953592350825524,1.2954118646427175,1.5128570844283198,0.21744521978560227,0.21744521978560227,16.785798070915074,1.3361301985264913,1.2593647538703319,-0.07676544465615942,0.07676544465615942,-5.745356608271989,2725.9210308297584,2777.9505700337804,52.02953920402206,52.02953920402206,1.9086957624808556,599.4884514523582,709.2743645893371,109.78591313697893,109.78591313697893,18.313265730308018,4.547078470362143,3.916609296378823,-0.6304691739833199,0.6304691739833199,-13.86536823792943
s16_sit,msptdfast,MSPTDfast v2,mid_upslope,none,1.0,100.0,True,False,521,524,0.98363477640752,0.0,0.026971831159266067,515,6,9,0.982824427480916,0.9884836852207294,0.985645933014354,303.24631371030176,9.155086022067255,14.119368938762545,-0.48280729918215615,14.125021232366125,508,931.4990439770554,935.0327885833708,3.5337446063153948,3.5337446063153948,0.3793610556193376,50.392344746459024,72.77436293304797,22.382018186588944,22.382018186588944,44.41551251326063,28.598287867730562,76.86556971095969,48.26728184322913,48.26728184322913,168.7768235163912,7.854406130268199,19.845857418111752,11.991451287843553,11.991451287843553,152.67164810376428,28.623775736755814,76.93857607914175,48.31480034238594,48.31480034238594,168.79254779915306,20.240065926623004,54.40378888039823,34.16372295377523,34.16372295377523,168.79254779915308,68.3309340590183,87.36385726419725,19.032923205178946,19.032923205178946,27.854036341344266,0.2962064869352056,0.6227264979369627,0.32652001100175704,0.32652001100175704,110.23391633998293,1.4010435457324868,1.3749550411845002,-0.026088504547986613,0.026088504547986613,-1.8620766376213629,1.3364215239053874,0.8390586537551044,-0.497362870150283,0.497362870150283,-37.216017645155354,994.9537435825597,1886.5056112435816,891.5518676610219,891.5518676610219,89.60736852456924,179.20625812931434,1619.5316037113614,1440.325345582047,1440.325345582047,803.7249148647005,5.552003339440334,1.1648464327095658,-4.387156906730768,4.387156906730768,-79.01934920617343
s16_sit,msptd,MSPTD,mid_upslope,none,1.0,100.0,True,False,519,524,0.98363477640752,0.0,0.9095295151908471,513,6,11,0.9790076335877863,0.9884393063583815,0.9837008628954937,303.2312370178242,9.094215606351447,14.069847281203995,-0.433732443077239,14.077104972113432,505,931.4990439770554,938.6429537902563,7.143909813200935,7.143909813200935,0.7669261562201778,50.392344746459024,87.03785649411755,36.645511747658524,36.645511747658524,72.7203942027991,28.598287867730562,90.08352549894269,61.48523763121213,61.48523763121213,214.99621905893954,7.854406130268199,19.535783365570598,11.6813772353024,11.6813772353024,148.72387602019154,28.623775736755814,90.16286454634701,61.53908880959119,61.53908880959119,214.99291140186233,20.240065926623004,63.75477293192612,43.514707005303116,43.514707005303116,214.9929114018623,68.3309340590183,105.29247767328746,36.96154361426916,36.96154361426916,54.09196306660319,0.2962064869352056,0.6055016876870455,0.30929520075183986,0.30929520075183986,104.4187802745513,1.4010435457324868,1.2198142515749586,-0.1812292941575282,0.1812292941575282,-12.935307736118851,1.3364215239053874,0.8595834914237124,-0.476838032481675,0.476838032481675,-35.680211965475124,994.9537435825597,4117.1560511185035,3122.202307535944,3122.202307535944,313.80376501662647,179.20625812931434,2077.4162670665987,1898.2100089372843,1898.2100089372843,1059.2319870701979,5.552003339440334,1.981863777803235,-3.570139561637099,3.570139561637099,-64.30362777838286
s16_sit,qppg,qppg (slope-sum),mid_upslope,none,1.0,100.0,True,False,494,524,0.98363477640752,0.016227180527383367,0.005510457267529821,492,2,32,0.9389312977099237,0.9959514170040485,0.9666011787819253,299.7426404674369,5.601494084343939,7.889538601556243,-0.3065332011953412,7.891789258055288,481,931.4990439770554,932.1550612158336,0.6560172387781904,0.6560172387781904,0.07042597016281525,50.392344746459024,73.73871807529437,23.346373328835348,23.346373328835348,46.32920624412075,28.598287867730562,76.57706654889766,47.9787786811671,47.9787786811671,167.76801080915368,7.854406130268199,14.256198347107437,6.4017922168392385,6.4017922168392385,81.50574480951421,28.623775736755814,76.65183818443941,48.028062447683595,48.028062447683595,167.79080051976064,20.240065926623004,54.20103457063105,33.96096864400805,33.96096864400805,167.79080051976064,68.3309340590183,89.0900945012898,20.759160442271494,20.759160442271494,30.38032587750307,0.2962064869352056,0.6083845221406332,0.3121780352054276,0.3121780352054276,105.39203190162263,1.4010435457324868,1.298171461229605,-0.10287208450288188,0.10287208450288188,-7.342532986660224,1.3364215239053874,0.8674409757504329,-0.4689805481549545,0.4689805481549545,-35.092262416162356,994.9537435825597,1428.729540019109,433.7757964365493,433.7757964365493,43.597584232874965,179.20625812931434,888.5180812647651,709.3118231354508,709.3118231354508,395.8075072487787,5.552003339440334,1.6079915199760229,-3.944011819464311,3.944011819464311,-71.03763413553501
s16_sit,terma,TERMA,mid_upslope,none,1.0,100.0,True,False,521,524,0.98363477640752,0.0019230769230769232,0.00042324574926795453,515,6,9,0.982824427480916,0.9884836852207294,0.985645933014354,303.24817882686074,9.219407625629636,14.229360831369,-0.48201374267766944,14.235184836436407,509,931.4990439770554,932.7156447417651,1.2166007647097103,1.2166007647097103,0.13060676471716032,50.392344746459024,67.65329886316191,17.260954116702884,17.260954116702884,34.25312754059887,28.598287867730562,77.08900899152681,48.49072112379625,48.49072112379625,169.55812651467048,7.854406130268199,19.498069498069498,11.643663367801299,11.643663367801299,148.24371409737262,28.623775736755814,77.16300960081041,48.539233864054594,48.539233864054594,169.57662857079097,20.240065926623004,54.56248734549572,34.322421418872715,34.322421418872715,169.57662857079097,68.3309340590183,78.59308283054705,10.262148771528743,10.262148771528743,15.018306002761786,0.2962064869352056,0.6942403247259914,0.39803383779078577,0.39803383779078577,134.3771508548544,1.4010435457324868,1.4252811834990966,0.02423763776660981,0.02423763776660981,1.7299703382122935,1.3364215239053874,0.8107577694720564,-0.525663754433331,0.525663754433331,-39.33367915964107,994.9537435825597,1906.9961816762113,912.0424380936516,912.0424380936516,91.66681807835941,179.20625812931434,1351.7795831629985,1172.5733250336841,1172.5733250336841,654.3149426107436,5.552003339440334,1.4107301259973717,-4.141273213442962,4.141273213442962,-74.5906109966501
s16_sit,heartpy,HeartPy,mid_upslope,none,1.0,100.0,True,False,505,524,0.98363477640752,0.00992063492063492,0.017641772509191165,503,2,21,0.9599236641221374,0.996039603960396,0.977648202137998,303.46037251685044,8.768666367995388,12.608270021967709,-0.2503246335049704,12.618641293626252,491,931.4990439770554,941.4224381978147,9.923394220759292,9.923394220759292,1.0653144825990528,50.392344746459024,88.74584854495409,38.35350379849506,38.35350379849506,76.10978213350569,28.598287867730562,100.37325177076305,71.77496390303249,71.77496390303249,250.9764368936966,7.854406130268199,19.27710843373494,11.422702303466743,11.422702303466743,145.43050249779608,28.623775736755814,100.47375008629795,71.84997434954214,71.84997434954214,251.01501287015577,20.240065926623004,71.04567001726376,50.805604090640756,50.805604090640756,251.01501287015583,68.3309340590183,103.46093001575971,35.12999595674141,35.12999595674141,51.411555308755446,0.2962064869352056,0.6866908117532068,0.39048432481800116,0.39048432481800116,131.82841768871137,1.4010435457324868,1.2050879424398226,-0.19595560329266415,0.19595560329266415,-13.986403483998465,1.3364215239053874,0.8182019262349919,-0.5182195976703955,0.5182195976703955,-38.77665754409708,994.9537435825597,8287.862352414264,7292.908608831704,7292.908608831704,732.9897149360844,179.20625812931434,1677.135186319874,1497.9289281905596,1497.9289281905596,835.8686486884078,5.552003339440334,4.9416781783705,-0.6103251610698335,0.6103251610698335,-10.992881735754809
s16_sit,findpeaks,find_peaks baseline,mid_upslope,none,1.0,100.0,True,False,521,524,0.98363477640752,0.0019230769230769232,0.00012288057435332278,515,6,9,0.982824427480916,0.9884836852207294,0.985645933014354,303.24817882686074,9.16548131716732,14.117276936399517,-0.4452195790838874,14.124108657235713,510,931.4990439770554,930.9048472514102,-0.5941967256452472,0.5941967256452472,-0.06378930064257622,50.392344746459024,62.92310354945282,12.530758802993795,12.530758802993795,24.866393627921642,28.598287867730562,68.98963565118844,40.391347783457874,40.391347783457874,141.23694386975606,7.854406130268199,19.111969111969113,11.257562981700914,11.257562981700914,143.3279969865336,28.623775736755814,69.05503652796459,40.43126079120877,40.43126079120877,141.25062033409853,20.240065926623004,48.82928460400851,28.589218677385503,28.589218677385503,141.25062033409853,68.3309340590183,74.3931104716765,6.062176412658189,6.062176412658189,8.871789177391033,0.2962064869352056,0.6563683692537517,0.3601618823185461,0.3601618823185461,121.59149046500477,1.4010435457324868,1.4792337724066968,0.07819022667421005,0.07819022667421005,5.580856277620623,1.3364215239053874,0.9346109138518792,-0.40181061005350815,0.40181061005350815,-30.066158234215518,994.9537435825597,1257.3274431816935,262.37369959913383,262.37369959913383,26.37044197194505,179.20625812931434,440.2277362486051,261.02147811929075,261.02147811929075,145.6542203626276,5.552003339440334,2.8560841120461715,-2.695919227394162,2.695919227394162,-48.55759376517094
s16_sit,msptdfast,MSPTDfast v2,mid_upslope,median_mad,1.0,100.0,True,False,521,524,0.98363477640752,0.013461538461538462,0.027106626009319523,515,6,9,0.982824427480916,0.9884836852207294,0.985645933014354,303.24631371030176,9.155086022067255,14.119368938762545,-0.48280729918215615,14.125021232366125,508,931.4990439770554,931.9784670133633,0.47942303630793504,0.47942303630793504,0.051467904278358456,50.392344746459024,59.40497095831336,9.01262621185434,9.01262621185434,17.884911403110767,28.598287867730562,60.044299647480685,31.446011779750123,31.446011779750123,109.95767272918756,7.854406130268199,18.9453125,11.090906369731801,11.090906369731801,141.20617378048783,28.623775736755814,60.10150677769159,31.477731040935776,31.477731040935776,109.97057596603231,20.240065926623004,42.49818300203497,22.258117075411967,22.258117075411967,109.97057596603227,68.3309340590183,72.46934241899574,4.138408359977433,4.138408359977433,6.056420005034669,0.2962064869352056,0.5864298140905347,0.2902233271553291,0.2902233271553291,97.98007132059018,1.4010435457324868,1.4887318271016137,0.08768828136912687,0.08768828136912687,6.258783435834046,1.3364215239053874,1.0371744527360325,-0.2992470711693549,0.2992470711693549,-22.39166803411498,994.9537435825597,1247.27817497619,252.32443139363033,252.32443139363033,25.360418313024102,179.20625812931434,792.9323259738859,613.7260678445716,613.7260678445716,342.4691047350087,5.552003339440334,1.5729944840428505,-3.979008855397483,3.979008855397483,-71.66798382723208
s16_sit,msptd,MSPTD,mid_upslope,median_mad,1.0,100.0,True,False,519,524,0.98363477640752,0.017374517374517374,0.8911308480163572,513,6,11,0.9790076335877863,0.9884393063583815,0.9837008628954937,303.2312370178242,9.094215606351447,14.069847281203995,-0.433732443077239,14.077104972113432,505,931.4990439770554,933.2564228644098,1.7573788873544345,1.7573788873544345,0.18866137316161563,50.392344746459024,64.62568944281448,14.233344696355452,14.233344696355452,28.245053426206375,28.598287867730562,65.35672157659236,36.7584337088618,36.7584337088618,128.5336866279289,7.854406130268199,18.30708661417323,10.45268048390503,10.45268048390503,133.08046859996162,28.623775736755814,65.40985265269421,36.786076915938395,36.786076915938395,128.51580886549974,20.240065926623004,46.25175036713296,26.01168444050996,26.01168444050996,128.51580886549976,68.3309340590183,78.82724820704209,10.496314148023785,10.496314148023785,15.36099907394502,0.2962064869352056,0.5867482554465352,0.29054176851132957,0.29054176851132957,98.08757786418256,1.4010435457324868,1.4452683635794419,0.04422481784695509,0.04422481784695509,3.1565626908358286,1.3364215239053874,1.0299472085341337,-0.3064743153712537,0.3064743153712537,-22.932458800547625,994.9537435825597,1314.6127184435554,319.6589748609957,319.6589748609957,32.128023732037036,179.20625812931434,531.2483723408989,352.04211421158453,352.04211421158453,196.44521228580797,5.552003339440334,2.4745726987375622,-3.0774306407027714,3.0774306407027714,-55.42919289765754
s16_sit,qppg,qppg (slope-sum),mid_upslope,median_mad,1.0,100.0,True,False,494,524,0.98363477640752,0.02231237322515213,0.0029513838518501105,492,2,32,0.9389312977099237,0.9959514170040485,0.9666011787819253,299.7426404674369,5.601494084343939,7.889538601556243,-0.3065332011953412,7.891789258055288,481,931.4990439770554,931.4266061137943,-0.07243786326114332,0.07243786326114332,-0.00777648283479372,50.392344746459024,55.234010413818304,4.84166566735928,4.84166566735928,9.607938848091594,28.598287867730562,42.37066045314905,13.772372585418488,13.772372585418488,48.15803186930926,7.854406130268199,13.721413721413722,5.867007591145523,5.867007591145523,74.6970234775113,28.623775736755814,42.40661206025524,13.782836323499428,13.782836323499428,48.15170594632935,20.240065926623004,29.98600295495371,9.745937028330708,9.745937028330708,48.15170594632934,68.3309340590183,72.12788253909223,3.7969484800739224,3.7969484800739224,5.556705074153457,0.2962064869352056,0.41573385907595095,0.11952737214074532,0.11952737214074532,40.35271927278609,1.4010435457324868,1.540338584354724,0.13929503862223713,0.13929503862223713,9.94223477539462,1.3364215239053874,1.164912681283779,-0.17150884262160848,0.17150884262160848,-12.833439117353704,994.9537435825597,918.2774222934252,-76.67632128913453,76.67632128913453,-7.706521211030758,179.20625812931434,208.44454102160043,29.238282892286094,29.238282892286094,16.31543630088403,5.552003339440334,4.40538004877886,-1.1466232906614735,1.1466232906614735,-20.652424369345898
s16_sit,terma,TERMA,mid_upslope,median_mad,1.0,100.0,True,False,521,524,0.98363477640752,0.013461538461538462,0.00039802781211266804,515,6,9,0.982824427480916,0.9884836852207294,0.985645933014354,303.24817882686074,9.219407625629636,14.229360831369,-0.48201374267766944,14.235184836436407,509,931.4990439770554,931.4286057661981,-0.0704382108573327,0.0704382108573327,-0.007561812469135259,50.392344746459024,57.052606332765265,6.660261586306241,6.660261586306241,13.216812235700235,28.598287867730562,55.27751529363857,26.67922742590801,26.67922742590801,93.28959673845384,7.854406130268199,18.75,10.895593869731801,10.895593869731801,138.71951219512198,28.623775736755814,55.3308376662676,26.707061929511784,26.707061929511784,93.30377017738168,20.240065926623004,39.124810522549865,18.88474459592686,18.88474459592686,93.30377017738167,68.3309340590183,70.5637936926406,2.2328596336222972,2.2328596336222972,3.2677141976337505,0.2962064869352056,0.5544601342292961,0.25825364729409045,0.25825364729409045,87.18703292631898,1.4010435457324868,1.5290163451235261,0.12797279939103934,0.12797279939103934,9.134105772860416,1.3364215239053874,1.0730673499262908,-0.26335417397909655,0.26335417397909655,-19.70592131811107,994.9537435825597,1305.5896932283376,310.63594964577794,310.63594964577794,31.221144867223856,179.20625812931434,535.2889875018478,356.0827293725335,356.0827293725335,198.6999411123165,5.552003339440334,2.4390370878381478,-3.112966251602186,3.112966251602186,-56.06924314126919
s16_sit,heartpy,HeartPy,mid_upslope,median_mad,1.0,100.0,True,False,505,524,0.98363477640752,0.021825396825396824,0.017726820031836617,503,2,21,0.9599236641221374,0.996039603960396,0.977648202137998,303.46037251685044,8.768666367995388,12.608270021967709,-0.2503246335049704,12.618641293626252,491,931.4990439770554,939.495731888902,7.996687911846607,7.996687911846607,0.858475160393571,50.392344746459024,79.77441694358319,29.382072197124167,29.382072197124167,58.306618485318225,28.598287867730562,82.16254287123732,53.56425500350676,53.56425500350676,187.29881750699852,7.854406130268199,18.495934959349594,10.641528829081395,10.641528829081395,135.48483045806069,28.623775736755814,82.24563060203224,53.62185486527642,53.62185486527642,187.3332692319153,20.240065926623004,58.15644312166083,37.916377195037825,37.916377195037825,187.33326923191532,68.3309340590183,96.67338475927247,28.34245070025416,28.34245070025416,41.478213477624095,0.2962064869352056,0.6015765690471775,0.30537008211197186,0.30537008211197186,103.09365107819896,1.4010435457324868,1.2644073140813004,-0.13663623165118643,0.13663623165118643,-9.752461446853241,1.3364215239053874,1.0094779684631183,-0.32694355544226905,0.32694355544226905,-24.464104295989713,994.9537435825597,5619.7489733292305,4624.795229746671,4624.795229746671,464.82514987018715,179.20625812931434,1270.7925212916211,1091.5862631623068,1091.5862631623068,609.1228479167415,5.552003339440334,4.422239570325274,-1.1297637691150593,1.1297637691150593,-20.348758818090776
s16_sit,findpeaks,find_peaks baseline,mid_upslope,median_mad,1.0,100.0,True,False,521,524,0.98363477640752,0.013461538461538462,0.00012660609170395945,515,6,9,0.982824427480916,0.9884836852207294,0.985645933014354,303.24817882686074,9.16548131716732,14.117276936399517,-0.4452195790838874,14.124108657235713,510,931.4990439770554,930.7969640639527,-0.7020799131026934,0.7020799131026934,-0.0753709751654868,50.392344746459024,57.93604491850259,7.543700172043565,7.543700172043565,14.969932853885801,28.598287867730562,54.07363302889522,25.47534516116466,25.47534516116466,89.07996618185757,7.854406130268199,18.1640625,10.309656369731801,10.309656369731801,131.2595274390244,28.623775736755814,54.124834719580726,25.50105898282491,25.50105898282491,89.09047924826696,20.240065926623004,38.27203766081662,18.03197173419362,18.03197173419362,89.09047924826696,68.3309340590183,72.44599184831783,4.115057789299527,4.115057789299527,6.0222472383376155,0.2962064869352056,0.5282837143143522,0.23207722737914654,0.23207722737914654,78.34981258527023,1.4010435457324868,1.5146180756072647,0.1135745298747779,0.1135745298747779,8.106423973810136,1.3364215239053874,1.121842094702281,-0.21457942920310646,0.21457942920310646,-16.056268577300894,994.9537435825597,1243.8579411560813,248.90419757352163,248.90419757352163,25.016660239629317,179.20625812931434,415.4444331907653,236.238175061451,236.238175061451,131.82473509992198,5.552003339440334,2.9940416618482453,-2.5579616775920884,2.5579616775920884,-46.072769074557904
s16_sit,msptdfast,MSPTDfast v2,mid_upslope,lipponen_tarvainen,1.0,100.0,True,False,521,524,0.98363477640752,0.0019230769230769232,0.027166283459202308,519,3,5,0.9904580152671756,0.9942528735632183,0.9923518164435946,303.99999999997175,10.056201550387808,15.359452812443,0.10658914728676464,15.373987461924273,516,931.4990439770554,933.2380038387716,1.7389598617162392,1.7389598617162392,0.18668402001699458,50.392344746459024,60.13488824052135,9.742543494062325,9.742543494062325,19.33337998674276,28.598287867730562,44.94040926176951,16.342121394038948,16.342121394038948,57.143705489023,7.854406130268199,18.076923076923077,10.222516946654878,10.222516946654878,130.1500938086304,28.623775736755814,44.98170827781981,16.357932541064,16.357932541064,57.14806003059465,20.240065926623004,31.80687095260145,11.566805025978447,11.566805025978447,57.14806003059465,68.3309340590183,78.87162054633177,10.540686487313465,10.540686487313465,15.425936484651796,0.2962064869352056,0.40327396257716114,0.10706747564195551,0.10706747564195551,36.146229189564046,1.4010435457324868,1.5330611317223295,0.1320175859898427,0.1320175859898427,9.422803908698063,1.3364215239053874,1.1581976580507305,-0.17822386585465688,0.17822386585465688,-13.335902083785529,994.9537435825597,1203.1108987693076,208.1571551867479,208.1571551867479,20.921289711140762,179.20625812931434,288.6920967258845,109.48583859657015,109.48583859657015,61.09487455374784,5.552003339440334,4.167453534107902,-1.3845498053324317,1.3845498053324317,-24.93784172456929
s16_sit,msptd,MSPTD,mid_upslope,lipponen_tarvainen,1.0,100.0,True,False,519,524,0.98363477640752,0.003861003861003861,0.8754840343781553,513,8,11,0.9790076335877863,0.9846449136276392,0.9818181818181817,302.9999999999954,9.32608695652197,14.558930269524973,-0.7450592885375747,14.554242187075472,506,931.4990439770554,935.0326923076923,3.533648330636879,3.533648330636879,0.37935072005548076,50.392344746459024,69.48004584884507,19.087701102386042,19.087701102386042,37.878176136519826,28.598287867730562,65.53260377854919,36.934315910818626,36.934315910818626,129.14869617944572,7.854406130268199,19.07514450867052,11.22073837840232,11.22073837840232,142.85915691526858,28.623775736755814,65.58503418347627,36.96125844672045,36.96125844672045,129.12782292120346,20.240065926623004,46.3756224154876,26.135556488864594,26.135556488864594,129.1278229212035,68.3309340590183,86.62710423355584,18.296170174537536,18.296170174537536,26.775823317057103,0.2962064869352056,0.5353477162350252,0.23914122929981957,0.23914122929981957,80.73463608922619,1.4010435457324868,1.4226370648360998,0.021593519103612957,0.021593519103612957,1.5412453930775962,1.3364215239053874,1.181990161563006,-0.15443136234238142,0.15443136234238142,-11.555587782744695,994.9537435825597,1204.9892523942488,210.03550881168906,210.03550881168906,21.110077746469692,179.20625812931434,488.2656580391783,309.05939990986394,309.05939990986394,172.46016022880642,5.552003339440334,2.467896794612495,-3.0841065448278386,3.0841065448278386,-55.54943605525155
s16_sit,qppg,qppg (slope-sum),mid_upslope,lipponen_tarvainen,1.0,100.0,True,False,494,524,0.98363477640752,0.028397565922920892,0.002912358141945859,489,9,35,0.933206106870229,0.9819277108433735,0.9569471624266144,299.00000000000983,6.156903765689305,9.010802443145792,-0.35774058577394086,9.013131156766281,478,931.4990439770554,943.17659137577,11.677547398714637,11.677547398714637,1.2536295634676224,50.392344746459024,93.87292010969381,43.480575363234784,43.480575363234784,86.28408854956106,28.598287867730562,87.20075225257598,58.60246438484542,58.60246438484542,204.91598887278371,7.854406130268199,13.786008230452676,5.931602100184477,5.931602100184477,75.5194218608853,28.623775736755814,87.28671539423951,58.66293965748369,58.66293965748369,204.94479902647703,20.240065926623004,61.72102836276697,41.48096243614397,41.48096243614397,204.94479902647703,68.3309340590183,117.53622810727094,49.20529404825264,49.20529404825264,72.01027576434619,0.2962064869352056,0.525123439442318,0.22891695250711236,0.22891695250711236,77.2828964266361,1.4010435457324868,1.0822441711928805,-0.3187993745396063,0.3187993745396063,-22.754422980688524,1.3364215239053874,0.7869722667141559,-0.5494492571912315,0.5494492571912315,-41.1134696173997,994.9537435825597,5159.12351647749,4164.16977289493,4164.16977289493,418.5289818500385,179.20625812931434,968.0463609993939,788.8401028700796,788.8401028700796,440.1855778389483,5.552003339440334,5.329417809237258,-0.2225855302030757,0.2225855302030757,-4.009102959680735
s16_sit,terma,TERMA,mid_upslope,lipponen_tarvainen,1.0,100.0,True,False,521,524,0.98363477640752,0.0057692307692307696,0.00042317197699259356,522,2,2,0.9961832061068703,0.9961832061068703,0.9961832061068703,303.99999999997175,10.789980732176819,18.141278153011267,0.08863198458576656,18.158563873478275,519,931.4990439770554,931.4665391969407,-0.032504780114663845,0.032504780114663845,-0.0034895129871399524,50.392344746459024,55.77146451106176,5.379119764602734,5.379119764602734,10.674478021744989,28.598287867730562,46.09491706587622,17.496629198145655,17.496629198145655,61.18068773581484,7.854406130268199,18.199233716475096,10.344827586206897,10.344827586206897,131.70731707317074,28.623775736755814,46.138271768472,17.514496031716188,17.514496031716188,61.18862931568391,20.240065926623004,32.6246848397144,12.384618913091394,12.384618913091394,61.18862931568391,68.3309340590183,71.80906938908589,3.4781353300675875,3.4781353300675875,5.090132862904343,0.2962064869352056,0.45432540927306536,0.15811892233785974,0.15811892233785974,53.381316518043654,1.4010435457324868,1.6022371612485182,0.20119361551603143,0.20119361551603143,14.360268539037046,1.3364215239053874,1.1600355677381975,-0.17638595616718988,0.17638595616718988,-13.19837738408628,994.9537435825597,1080.8059073271456,85.85216374458594,85.85216374458594,8.628759306483484,179.20625812931434,356.8290876233356,177.6228294940213,177.6228294940213,99.11642112735234,5.552003339440334,3.028917610181015,-2.5230857292593187,2.5230857292593187,-45.44460035417877
s16_sit,heartpy,HeartPy,mid_upslope,lipponen_tarvainen,1.0,100.0,True,False,505,524,0.98363477640752,0.01984126984126984,0.017810957691648022,497,13,27,0.9484732824427481,0.9745098039215686,0.9613152804642167,303.9999999999854,9.492871690427357,15.610260869028629,0.09979633401204376,15.625862260590548,491,931.4990439770554,943.4424603174604,11.943416340404951,11.943416340404951,1.2821716154868261,50.392344746459024,89.68631363578847,39.29396888932944,39.29396888932944,77.97606776789357,28.598287867730562,94.69281716300668,66.09452929527612,66.09452929527612,231.1135883412628,7.854406130268199,18.48906560636183,10.634659476093631,10.634659476093631,135.39737186636282,28.623775736755814,94.78663437057921,66.16285863382339,66.16285863382339,231.14650995837565,20.240065926623004,67.02427192928644,46.78420600266344,46.78420600266344,231.14650995837567,68.3309340590183,107.68015917290936,39.34922511389105,39.34922511389105,57.58625380403058,0.2962064869352056,0.6224384551815252,0.32623196824631956,0.32623196824631956,110.1366724347539,1.4010435457324868,1.2460101842981817,-0.15503336143430513,0.15503336143430513,-11.06556337285372,1.3364215239053874,0.9176673787600236,-0.4187541451453638,0.4187541451453638,-31.333986893719747,994.9537435825597,9730.026532354419,8735.072788771859,8735.072788771859,877.937577009281,179.20625812931434,1361.5018869159667,1182.2956287866523,1182.2956287866523,659.7401458678489,5.552003339440334,7.1465391461150185,1.5945358066746849,1.5945358066746849,28.72000806172824
s16_sit,findpeaks,find_peaks baseline,mid_upslope,lipponen_tarvainen,1.0,100.0,True,False,521,524,0.98363477640752,0.0038461538461538464,0.00012745447689635852,521,2,3,0.9942748091603053,0.9961759082217974,0.9952244508118434,303.99999999997175,10.899613899613549,18.782128201250767,0.1698841698841429,18.799514901401654,518,931.4990439770554,931.4501915708812,-0.0488524061742055,0.0488524061742055,-0.005244493431322172,50.392344746459024,56.08707935177823,5.694734605319205,5.694734605319205,11.300793074764325,28.598287867730562,46.56935059228322,17.97106272455266,17.97106272455266,62.839645532873526,7.854406130268199,18.234165067178505,10.379758936910306,10.379758936910306,132.1520528065166,28.623775736755814,46.61220837806405,17.988432641308233,17.988432641308233,62.84437387555853,20.240065926623004,32.959808630209494,12.71974270358649,12.71974270358649,62.844373875558524,68.3309340590183,72.14687765583001,3.8159435968117066,3.8159435968117066,5.584503782014493,0.2962064869352056,0.4568431746615731,0.16063668772636747,0.16063668772636747,54.23131997831847,1.4010435457324868,1.602193691197339,0.2011501454648521,0.2011501454648521,14.357165848095589,1.3364215239053874,1.1434008830818883,-0.19302064082349912,0.19302064082349912,-14.443095787580575,994.9537435825597,1078.7710256059636,83.81728202340389,83.81728202340389,8.424239072823678,179.20625812931434,395.5803695170634,216.37411138774905,216.37411138774905,120.74026523762055,5.552003339440334,2.727059047249893,-2.8249442921904406,2.8249442921904406,-50.88153085432415
s17_sit,msptdfast,MSPTDfast v2,mid_upslope,none,1.0,100.0,True,False,622,623,0.9879104459180775,0.0,0.021650415540122328,622,0,1,0.9983948635634029,1.0,0.9991967871485944,278.24716323153586,3.3857771818711595,4.4537916416021055,-0.043342862379322854,4.457170887547414,621,780.951768488746,780.984032338909,0.032263850162962626,0.032263850162962626,0.004131349907228947,56.4543985819586,57.291415238995,0.8370166570364006,0.8370166570364006,1.4826420581228015,56.17673973235291,56.17823405917434,0.0014943268214366867,0.0014943268214366867,0.002660045471766822,44.28341384863124,43.38709677419355,-0.8963170744376896,0.8963170744376896,-2.02404692082111,56.22195286541393,56.22356066873282,0.0016078033188904328,0.0016078033188904328,0.0028597429241549975,39.75492412268464,39.756061011314245,0.0011368886296025948,0.0011368886296025948,0.0028597429241573433,69.2368705712562,70.59793292327018,1.361062352013974,1.361062352013974,1.9658057055210423,0.5741871894942195,0.5631334993125561,-0.011053690181663467,0.011053690181663467,-1.9251021938333834,1.7818465526409508,1.8026693082143554,0.020822755573404628,0.020822755573404628,1.1686054302791862,0.711586145559933,0.7227969117310797,0.011210766171146691,0.011210766171146691,1.5754615574092103,586.8315011408603,634.3743123388099,47.54281119794962,47.54281119794962,8.10161197984797,1334.757928533242,1386.5732793617726,51.815350828530654,51.815350828530654,3.882003599369532,0.4396538792511434,0.45751228714778547,0.01785840789664206,0.01785840789664206,4.061924331717497
s17_sit,msptd,MSPTD,mid_upslope,none,1.0,100.0,True,False,622,623,0.9879104459180775,0.0,0.9095094901147741,622,0,1,0.9983948635634029,1.0,0.9991967871485944,278.24716323153586,3.3857616471100616,4.453768162162934,-0.043342862379322854,4.457147388068041,621,780.951768488746,780.984032338909,0.032263850162962626,0.032263850162962626,0.004131349907228947,56.4543985819586,57.291394406264324,0.8369958243057241,0.8369958243057241,1.4826051562494313,56.17673973235291,56.17818187142456,0.0014421390716563565,0.0014421390716563565,0.0025671462575565063,44.28341384863124,43.38709677419355,-0.8963170744376896,0.8963170744376896,-2.02404692082111,56.22195286541393,56.22350843881423,0.0015555734002958843,0.0015555734002958843,0.0027668434143859606,39.75492412268464,39.75602407918463,0.0010999564999849554,0.0010999564999849554,0.002766843414391796,69.2368705712562,70.5979199087591,1.361049337502891,1.361049337502891,1.965786908439407,0.5741871894942195,0.5631330799911017,-0.011054109503117804,0.011054109503117804,-1.925175222535871,1.7818465526409508,1.8026693082143554,0.020822755573404628,0.020822755573404628,1.1686054302791862,0.711586145559933,0.7227976741184853,0.01121152855855223,0.01121152855855223,1.5755686965673146,586.8315011408603,634.3741470019456,47.54264586108536,47.54264586108536,8.101583805344058,1334.757928533242,1386.5712600726117,51.813331539369756,51.813331539369756,3.8818523143224284,0.4396538792511434,0.457512834189802,0.017858954938658578,0.017858954938658578,4.062048757326444
s17_sit,qppg,qppg (slope-sum),mid_upslope,none,1.0,100.0,True,False,621,623,0.9879104459180775,0.0,0.0032470517045124526,621,0,2,0.9967897271268058,1.0,0.9983922829581994,278.337494865871,3.351287926993856,4.319629850141638,0.04147359818932324,4.322924020056776,619,780.951768488746,782.3174997956108,1.365731306864859,1.365731306864859,0.1748803654683753,56.4543985819586,60.795595817357146,4.341197235398546,4.341197235398546,7.689741356638742,56.17673973235291,66.14863540935987,9.971895677006962,9.971895677006962,17.750933437071676,44.28341384863124,43.45718901453958,-0.8262248340916614,0.8262248340916614,-1.865765898076079,56.22195286541393,66.20199301768824,9.980040152274306,9.980040152274306,17.751144603896762,39.75492412268464,46.81187819087183,7.0569540681871885,7.0569540681871885,17.751144603896766,69.2368705712562,72.11696750292462,2.880096931668419,2.880096931668419,4.159773409608862,0.5741871894942195,0.6491104633451681,0.07492327385094855,0.07492327385094855,13.048579839781121,1.7818465526409508,1.7360397566947388,-0.045806795946212064,0.045806795946212064,-2.5707486359204084,0.711586145559933,0.6999342943673059,-0.011651851192627127,0.011651851192627127,-1.6374477307253525,586.8315011408603,728.5689757539449,141.7374746130846,141.7374746130846,24.15301058950184,1334.757928533242,1641.0449278216895,306.28699928844753,306.28699928844753,22.947007299295432,0.4396538792511434,0.44396650171000607,0.004312622458862658,0.004312622458862658,0.9809130915001343
s17_sit,terma,TERMA,mid_upslope,none,1.0,100.0,True,False,622,623,0.9879104459180775,0.0,0.0004267279174576812,622,0,1,0.9983948635634029,1.0,0.9991967871485944,278.24716323153586,3.3857771818711595,4.4537916416021055,-0.043342862379322854,4.457170887547414,621,780.951768488746,780.984032338909,0.032263850162962626,0.032263850162962626,0.004131349907228947,56.4543985819586,57.291415238995,0.8370166570364006,0.8370166570364006,1.4826420581228015,56.17673973235291,56.17823405917434,0.0014943268214366867,0.0014943268214366867,0.002660045471766822,44.28341384863124,43.38709677419355,-0.8963170744376896,0.8963170744376896,-2.02404692082111,56.22195286541393,56.22356066873282,0.0016078033188904328,0.0016078033188904328,0.0028597429241549975,39.75492412268464,39.756061011314245,0.0011368886296025948,0.0011368886296025948,0.0028597429241573433,69.2368705712562,70.59793292327018,1.361062352013974,1.361062352013974,1.9658057055210423,0.5741871894942195,0.5631334993125561,-0.011053690181663467,0.011053690181663467,-1.9251021938333834,1.7818465526409508,1.8026693082143554,0.020822755573404628,0.020822755573404628,1.1686054302791862,0.711586145559933,0.7227969117310797,0.011210766171146691,0.011210766171146691,1.5754615574092103,586.8315011408603,634.3743123388099,47.54281119794962,47.54281119794962,8.10161197984797,1334.757928533242,1386.5732793617726,51.815350828530654,51.815350828530654,3.882003599369532,0.4396538792511434,0.45751228714778547,0.01785840789664206,0.01785840789664206,4.061924331717497
s17_sit,heartpy,HeartPy,mid_upslope,none,1.0,100.0,True,False,622,623,0.9879104459180775,0.0,0.0390181405048619,622,0,1,0.9983948635634029,1.0,0.9991967871485944,278.24716323153586,3.3857771818711595,4.4537916416021055,-0.043342862379322854,4.457170887547414,621,780.951768488746,780.984032338909,0.032263850162962626,0.032263850162962626,0.004131349907228947,56.4543985819586,57.291415238995,0.8370166570364006,0.8370166570364006,1.4826420581228015,56.17673973235291,56.17823405917434,0.0014943268214366867,0.0014943268214366867,0.002660045471766822,44.28341384863124,43.38709677419355,-0.8963170744376896,0.8963170744376896,-2.02404692082111,56.22195286541393,56.22356066873282,0.0016078033188904328,0.0016078033188904328,0.0028597429241549975,39.75492412268464,39.756061011314245,0.0011368886296025948,0.0011368886296025948,0.0028597429241573433,69.2368705712562,70.59793292327018,1.361062352013974,1.361062352013974,1.9658057055210423,0.5741871894942195,0.5631334993125561,-0.011053690181663467,0.011053690181663467,-1.9251021938333834,1.7818465526409508,1.8026693082143554,0.020822755573404628,0.020822755573404628,1.1686054302791862,0.711586145559933,0.7227969117310797,0.011210766171146691,0.011210766171146691,1.5754615574092103,586.8315011408603,634.3743123388099,47.54281119794962,47.54281119794962,8.10161197984797,1334.757928533242,1386.5732793617726,51.815350828530654,51.815350828530654,3.882003599369532,0.4396538792511434,0.45751228714778547,0.01785840789664206,0.01785840789664206,4.061924331717497
s17_sit,findpeaks,find_peaks baseline,mid_upslope,none,1.0,100.0,True,False,622,623,0.9879104459180775,0.0,0.00013362723619497632,622,0,1,0.9983948635634029,1.0,0.9991967871485944,278.24716323153586,3.3857771818711595,4.4537916416021055,-0.043342862379322854,4.457170887547414,621,780.951768488746,780.984032338909,0.032263850162962626,0.032263850162962626,0.004131349907228947,56.4543985819586,57.291415238995,0.8370166570364006,0.8370166570364006,1.4826420581228015,56.17673973235291,56.17823405917434,0.0014943268214366867,0.0014943268214366867,0.002660045471766822,44.28341384863124,43.38709677419355,-0.8963170744376896,0.8963170744376896,-2.02404692082111,56.22195286541393,56.22356066873282,0.0016078033188904328,0.0016078033188904328,0.0028597429241549975,39.75492412268464,39.756061011314245,0.0011368886296025948,0.0011368886296025948,0.0028597429241573433,69.2368705712562,70.59793292327018,1.361062352013974,1.361062352013974,1.9658057055210423,0.5741871894942195,0.5631334993125561,-0.011053690181663467,0.011053690181663467,-1.9251021938333834,1.7818465526409508,1.8026693082143554,0.020822755573404628,0.020822755573404628,1.1686054302791862,0.711586145559933,0.7227969117310797,0.011210766171146691,0.011210766171146691,1.5754615574092103,586.8315011408603,634.3743123388099,47.54281119794962,47.54281119794962,8.10161197984797,1334.757928533242,1386.5732793617726,51.815350828530654,51.815350828530654,3.882003599369532,0.4396538792511434,0.45751228714778547,0.01785840789664206,0.01785840789664206,4.061924331717497
s17_sit,msptdfast,MSPTDfast v2,mid_upslope,median_mad,1.0,100.0,True,False,622,623,0.9879104459180775,0.0,0.021619481594145014,622,0,1,0.9983948635634029,1.0,0.9991967871485944,278.24716323153586,3.3857771818711595,4.4537916416021055,-0.043342862379322854,4.457170887547414,621,780.951768488746,780.984032338909,0.032263850162962626,0.032263850162962626,0.004131349907228947,56.4543985819586,57.291415238995,0.8370166570364006,0.8370166570364006,1.4826420581228015,56.17673973235291,56.17823405917434,0.0014943268214366867,0.0014943268214366867,0.002660045471766822,44.28341384863124,43.38709677419355,-0.8963170744376896,0.8963170744376896,-2.02404692082111,56.22195286541393,56.22356066873282,0.0016078033188904328,0.0016078033188904328,0.0028597429241549975,39.75492412268464,39.756061011314245,0.0011368886296025948,0.0011368886296025948,0.0028597429241573433,69.2368705712562,70.59793292327018,1.361062352013974,1.361062352013974,1.9658057055210423,0.5741871894942195,0.5631334993125561,-0.011053690181663467,0.011053690181663467,-1.9251021938333834,1.7818465526409508,1.8026693082143554,0.020822755573404628,0.020822755573404628,1.1686054302791862,0.711586145559933,0.7227969117310797,0.011210766171146691,0.011210766171146691,1.5754615574092103,586.8315011408603,634.3743123388099,47.54281119794962,47.54281119794962,8.10161197984797,1334.757928533242,1386.5732793617726,51.815350828530654,51.815350828530654,3.882003599369532,0.4396538792511434,0.45751228714778547,0.01785840789664206,0.01785840789664206,4.061924331717497
s17_sit,msptd,MSPTD,mid_upslope,median_mad,1.0,100.0,True,False,622,623,0.9879104459180775,0.0,0.8940395534647573,622,0,1,0.9983948635634029,1.0,0.9991967871485944,278.24716323153586,3.3857616471100616,4.453768162162934,-0.043342862379322854,4.457147388068041,621,780.951768488746,780.984032338909,0.032263850162962626,0.032263850162962626,0.004131349907228947,56.4543985819586,57.291394406264324,0.8369958243057241,0.8369958243057241,1.4826051562494313,56.17673973235291,56.17818187142456,0.0014421390716563565,0.0014421390716563565,0.0025671462575565063,44.28341384863124,43.38709677419355,-0.8963170744376896,0.8963170744376896,-2.02404692082111,56.22195286541393,56.22350843881423,0.0015555734002958843,0.0015555734002958843,0.0027668434143859606,39.75492412268464,39.75602407918463,0.0010999564999849554,0.0010999564999849554,0.002766843414391796,69.2368705712562,70.5979199087591,1.361049337502891,1.361049337502891,1.965786908439407,0.5741871894942195,0.5631330799911017,-0.011054109503117804,0.011054109503117804,-1.925175222535871,1.7818465526409508,1.8026693082143554,0.020822755573404628,0.020822755573404628,1.1686054302791862,0.711586145559933,0.7227976741184853,0.01121152855855223,0.01121152855855223,1.5755686965673146,586.8315011408603,634.3741470019456,47.54264586108536,47.54264586108536,8.101583805344058,1334.757928533242,1386.5712600726117,51.813331539369756,51.813331539369756,3.8818523143224284,0.4396538792511434,0.457512834189802,0.017858954938658578,0.017858954938658578,4.062048757326444
s17_sit,qppg,qppg (slope-sum),mid_upslope,median_mad,1.0,100.0,True,False,621,623,0.9879104459180775,0.004838709677419355,0.0032426431538231403,621,0,2,0.9967897271268058,1.0,0.9983922829581994,278.337494865871,3.351287926993856,4.319629850141638,0.04147359818932324,4.322924020056776,619,780.951768488746,781.7122486209249,0.760480132178941,0.760480132178941,0.09737862988012427,56.4543985819586,56.851473617799606,0.3970750358410058,0.3970750358410058,0.7033553554990858,56.17673973235291,56.31761800245866,0.14087827010575182,0.14087827010575182,0.2507768709557529,44.28341384863124,43.506493506493506,-0.7769203421377355,0.7769203421377355,-1.7544273907910317,56.22195286541393,56.36322114086139,0.1412682754474588,0.1412682754474588,0.2512688874141951,39.75492412268464,39.854815878220066,0.09989175553542395,0.09989175553542395,0.251268887414187,69.2368705712562,69.82674098326449,0.5898704120082812,0.5898704120082812,0.8519599559330268,0.5741871894942195,0.5707672349733771,-0.0034199545208424276,0.0034199545208424276,-0.5956166531431919,1.7818465526409508,1.804388177566944,0.022541624925993098,0.022541624925993098,1.265071051858152,0.711586145559933,0.762513367155369,0.050927221595435945,0.050927221595435945,7.156859631571709,586.8315011408603,624.0295541291905,37.19805298833023,37.19805298833023,6.338796215951841,1334.757928533242,1380.352768303942,45.59483977069999,45.59483977069999,3.415963209209321,0.4396538792511434,0.4520797642880407,0.012425885036897288,0.012425885036897288,2.8262880468749945
s17_sit,terma,TERMA,mid_upslope,median_mad,1.0,100.0,True,False,622,623,0.9879104459180775,0.0,0.0004420899241622006,622,0,1,0.9983948635634029,1.0,0.9991967871485944,278.24716323153586,3.3857771818711595,4.4537916416021055,-0.043342862379322854,4.457170887547414,621,780.951768488746,780.984032338909,0.032263850162962626,0.032263850162962626,0.004131349907228947,56.4543985819586,57.291415238995,0.8370166570364006,0.8370166570364006,1.4826420581228015,56.17673973235291,56.17823405917434,0.0014943268214366867,0.0014943268214366867,0.002660045471766822,44.28341384863124,43.38709677419355,-0.8963170744376896,0.8963170744376896,-2.02404692082111,56.22195286541393,56.22356066873282,0.0016078033188904328,0.0016078033188904328,0.0028597429241549975,39.75492412268464,39.756061011314245,0.0011368886296025948,0.0011368886296025948,0.0028597429241573433,69.2368705712562,70.59793292327018,1.361062352013974,1.361062352013974,1.9658057055210423,0.5741871894942195,0.5631334993125561,-0.011053690181663467,0.011053690181663467,-1.9251021938333834,1.7818465526409508,1.8026693082143554,0.020822755573404628,0.020822755573404628,1.1686054302791862,0.711586145559933,0.7227969117310797,0.011210766171146691,0.011210766171146691,1.5754615574092103,586.8315011408603,634.3743123388099,47.54281119794962,47.54281119794962,8.10161197984797,1334.757928533242,1386.5732793617726,51.815350828530654,51.815350828530654,3.882003599369532,0.4396538792511434,0.45751228714778547,0.01785840789664206,0.01785840789664206,4.061924331717497
s17_sit,heartpy,HeartPy,mid_upslope,median_mad,1.0,100.0,True,False,622,623,0.9879104459180775,0.0,0.039198742883747965,622,0,1,0.9983948635634029,1.0,0.9991967871485944,278.24716323153586,3.3857771818711595,4.4537916416021055,-0.043342862379322854,4.457170887547414,621,780.951768488746,780.984032338909,0.032263850162962626,0.032263850162962626,0.004131349907228947,56.4543985819586,57.291415238995,0.8370166570364006,0.8370166570364006,1.4826420581228015,56.17673973235291,56.17823405917434,0.0014943268214366867,0.0014943268214366867,0.002660045471766822,44.28341384863124,43.38709677419355,-0.8963170744376896,0.8963170744376896,-2.02404692082111,56.22195286541393,56.22356066873282,0.0016078033188904328,0.0016078033188904328,0.0028597429241549975,39.75492412268464,39.756061011314245,0.0011368886296025948,0.0011368886296025948,0.0028597429241573433,69.2368705712562,70.59793292327018,1.361062352013974,1.361062352013974,1.9658057055210423,0.5741871894942195,0.5631334993125561,-0.011053690181663467,0.011053690181663467,-1.9251021938333834,1.7818465526409508,1.8026693082143554,0.020822755573404628,0.020822755573404628,1.1686054302791862,0.711586145559933,0.7227969117310797,0.011210766171146691,0.011210766171146691,1.5754615574092103,586.8315011408603,634.3743123388099,47.54281119794962,47.54281119794962,8.10161197984797,1334.757928533242,1386.5732793617726,51.815350828530654,51.815350828530654,3.882003599369532,0.4396538792511434,0.45751228714778547,0.01785840789664206,0.01785840789664206,4.061924331717497
s17_sit,findpeaks,find_peaks baseline,mid_upslope,median_mad,1.0,100.0,True,False,622,623,0.9879104459180775,0.0,0.00013530668506068976,622,0,1,0.9983948635634029,1.0,0.9991967871485944,278.24716323153586,3.3857771818711595,4.4537916416021055,-0.043342862379322854,4.457170887547414,621,780.951768488746,780.984032338909,0.032263850162962626,0.032263850162962626,0.004131349907228947,56.4543985819586,57.291415238995,0.8370166570364006,0.8370166570364006,1.4826420581228015,56.17673973235291,56.17823405917434,0.0014943268214366867,0.0014943268214366867,0.002660045471766822,44.28341384863124,43.38709677419355,-0.8963170744376896,0.8963170744376896,-2.02404692082111,56.22195286541393,56.22356066873282,0.0016078033188904328,0.0016078033188904328,0.0028597429241549975,39.75492412268464,39.756061011314245,0.0011368886296025948,0.0011368886296025948,0.0028597429241573433,69.2368705712562,70.59793292327018,1.361062352013974,1.361062352013974,1.9658057055210423,0.5741871894942195,0.5631334993125561,-0.011053690181663467,0.011053690181663467,-1.9251021938333834,1.7818465526409508,1.8026693082143554,0.020822755573404628,0.020822755573404628,1.1686054302791862,0.711586145559933,0.7227969117310797,0.011210766171146691,0.011210766171146691,1.5754615574092103,586.8315011408603,634.3743123388099,47.54281119794962,47.54281119794962,8.10161197984797,1334.757928533242,1386.5732793617726,51.815350828530654,51.815350828530654,3.882003599369532,0.4396538792511434,0.45751228714778547,0.01785840789664206,0.01785840789664206,4.061924331717497
s17_sit,msptdfast,MSPTDfast v2,mid_upslope,lipponen_tarvainen,1.0,100.0,True,False,622,623,0.9879104459180775,0.0,0.02164385828402483,622,0,1,0.9983948635634029,1.0,0.9991967871485944,278.00000000003854,3.6054750402580935,5.06686371343151,-0.04347826086959378,5.070761552359502,621,780.951768488746,780.9838969404187,0.03212845167274736,0.03212845167274736,0.004114012282079921,56.4543985819586,57.23536351808518,0.7809649361265798,0.7809649361265798,1.3833553376585903,56.17673973235291,56.03640809561157,-0.14033163674133675,0.14033163674133675,-0.24980381098997448,44.28341384863124,43.064516129032256,-1.218897719598985,1.218897719598985,-2.752492668621708,56.22195286541393,56.081618152715485,-0.1403347126984471,0.1403347126984471,-0.24960839235589205,39.75492412268464,39.655692495699704,-0.09923162698493826,0.09923162698493826,-0.24960839235589308,69.2368705712562,70.56344469186024,1.326574120604036,1.326574120604036,1.9159937612124909,0.5741871894942195,0.5619863467390239,-0.012200842755195618,0.012200842755195618,-2.124889405133349,1.7818465526409508,1.8022527449438939,0.02040619230294305,0.02040619230294305,1.1452272516226585,0.711586145559933,0.7206079099599993,0.009021764400066301,0.009021764400066301,1.2678386807218194,586.8315011408603,633.0265175034598,46.19501636259952,46.19501636259952,7.871938754615541,1334.757928533242,1384.137982529857,49.38005399661506,49.38005399661506,3.6995512775023203,0.4396538792511434,0.45734350584502137,0.01768962659387796,0.01768962659387796,4.023534746016222
s17_sit,msptd,MSPTD,mid_upslope,lipponen_tarvainen,1.0,100.0,True,False,622,623,0.9879104459180775,0.0,0.9034374467449494,622,0,1,0.9983948635634029,1.0,0.9991967871485944,278.00000000003854,3.6054750402580935,5.06686371343151,-0.04347826086959378,5.070761552359502,621,780.951768488746,780.9838969404187,0.03212845167274736,0.03212845167274736,0.004114012282079921,56.4543985819586,57.23536351808518,0.7809649361265798,0.7809649361265798,1.3833553376585903,56.17673973235291,56.03640809561157,-0.14033163674133675,0.14033163674133675,-0.24980381098997448,44.28341384863124,43.064516129032256,-1.218897719598985,1.218897719598985,-2.752492668621708,56.22195286541393,56.081618152715485,-0.1403347126984471,0.1403347126984471,-0.24960839235589205,39.75492412268464,39.655692495699704,-0.09923162698493826,0.09923162698493826,-0.24960839235589308,69.2368705712562,70.56344469186024,1.326574120604036,1.326574120604036,1.9159937612124909,0.5741871894942195,0.5619863467390239,-0.012200842755195618,0.012200842755195618,-2.124889405133349,1.7818465526409508,1.8022527449438939,0.02040619230294305,0.02040619230294305,1.1452272516226585,0.711586145559933,0.7206079099599993,0.009021764400066301,0.009021764400066301,1.2678386807218194,586.8315011408603,633.0265175034598,46.19501636259952,46.19501636259952,7.871938754615541,1334.757928533242,1384.137982529857,49.38005399661506,49.38005399661506,3.6995512775023203,0.4396538792511434,0.45734350584502137,0.01768962659387796,0.01768962659387796,4.023534746016222
s17_sit,qppg,qppg (slope-sum),mid_upslope,lipponen_tarvainen,1.0,100.0,True,False,621,623,0.9879104459180775,0.0016129032258064516,0.00325158374404931,622,0,1,0.9983948635634029,1.0,0.9991967871485944,278.00000000003854,3.639291465378692,5.148675235704242,0.028985507246347703,5.152744063941434,621,780.951768488746,781.0563607085346,0.10459221978862843,0.10459221978862843,0.013392916695870914,56.4543985819586,57.21229604155955,0.7578974596009473,0.7578974596009473,1.3424949669788038,56.17673973235291,56.0765605682197,-0.10017916413320904,0.10017916413320904,-0.17832854774146775,44.28341384863124,43.54838709677419,-0.735026751857049,0.735026751857049,-1.659824046920827,56.22195286541393,56.12167457944061,-0.10027828597332444,0.10027828597332444,-0.17836144221701813,39.75492412268464,39.68401666666714,-0.07090745601750115,0.07090745601750115,-0.17836144221701708,69.2368705712562,70.51008763215222,1.273217060896016,1.273217060896016,1.8389292444777163,0.5741871894942195,0.5628133221688331,-0.011373867325386477,0.011373867325386477,-1.9808639993179402,1.7818465526409508,1.7924522299069556,0.01060567726600481,0.01060567726600481,0.5952071041294595,0.711586145559933,0.7204387707151849,0.00885262515525187,0.00885262515525187,1.2440693527395639,586.8315011408603,633.6143488024479,46.78284766158765,46.78284766158765,7.972109126834028,1334.757928533242,1373.7648041065268,39.00687557328479,39.00687557328479,2.922393247451935,0.4396538792511434,0.46122476490037895,0.02157088564923554,0.02157088564923554,4.9063335198990945
s17_sit,terma,TERMA,mid_upslope,lipponen_tarvainen,1.0,100.0,True,False,622,623,0.9879104459180775,0.0,0.0004102792081759651,622,0,1,0.9983948635634029,1.0,0.9991967871485944,278.00000000003854,3.6054750402580935,5.06686371343151,-0.04347826086959378,5.070761552359502,621,780.951768488746,780.9838969404187,0.03212845167274736,0.03212845167274736,0.004114012282079921,56.4543985819586,57.23536351808518,0.7809649361265798,0.7809649361265798,1.3833553376585903,56.17673973235291,56.03640809561157,-0.14033163674133675,0.14033163674133675,-0.24980381098997448,44.28341384863124,43.064516129032256,-1.218897719598985,1.218897719598985,-2.752492668621708,56.22195286541393,56.081618152715485,-0.1403347126984471,0.1403347126984471,-0.24960839235589205,39.75492412268464,39.655692495699704,-0.09923162698493826,0.09923162698493826,-0.24960839235589308,69.2368705712562,70.56344469186024,1.326574120604036,1.326574120604036,1.9159937612124909,0.5741871894942195,0.5619863467390239,-0.012200842755195618,0.012200842755195618,-2.124889405133349,1.7818465526409508,1.8022527449438939,0.02040619230294305,0.02040619230294305,1.1452272516226585,0.711586145559933,0.7206079099599993,0.009021764400066301,0.009021764400066301,1.2678386807218194,586.8315011408603,633.0265175034598,46.19501636259952,46.19501636259952,7.871938754615541,1334.757928533242,1384.137982529857,49.38005399661506,49.38005399661506,3.6995512775023203,0.4396538792511434,0.45734350584502137,0.01768962659387796,0.01768962659387796,4.023534746016222
s17_sit,heartpy,HeartPy,mid_upslope,lipponen_tarvainen,1.0,100.0,True,False,622,623,0.9879104459180775,0.0,0.0360273898176227,622,0,1,0.9983948635634029,1.0,0.9991967871485944,278.00000000003854,3.6054750402580935,5.06686371343151,-0.04347826086959378,5.070761552359502,621,780.951768488746,780.9838969404187,0.03212845167274736,0.03212845167274736,0.004114012282079921,56.4543985819586,57.23536351808518,0.7809649361265798,0.7809649361265798,1.3833553376585903,56.17673973235291,56.03640809561157,-0.14033163674133675,0.14033163674133675,-0.24980381098997448,44.28341384863124,43.064516129032256,-1.218897719598985,1.218897719598985,-2.752492668621708,56.22195286541393,56.081618152715485,-0.1403347126984471,0.1403347126984471,-0.24960839235589205,39.75492412268464,39.655692495699704,-0.09923162698493826,0.09923162698493826,-0.24960839235589308,69.2368705712562,70.56344469186024,1.326574120604036,1.326574120604036,1.9159937612124909,0.5741871894942195,0.5619863467390239,-0.012200842755195618,0.012200842755195618,-2.124889405133349,1.7818465526409508,1.8022527449438939,0.02040619230294305,0.02040619230294305,1.1452272516226585,0.711586145559933,0.7206079099599993,0.009021764400066301,0.009021764400066301,1.2678386807218194,586.8315011408603,633.0265175034598,46.19501636259952,46.19501636259952,7.871938754615541,1334.757928533242,1384.137982529857,49.38005399661506,49.38005399661506,3.6995512775023203,0.4396538792511434,0.45734350584502137,0.01768962659387796,0.01768962659387796,4.023534746016222
s17_sit,findpeaks,find_peaks baseline,mid_upslope,lipponen_tarvainen,1.0,100.0,True,False,622,623,0.9879104459180775,0.0,0.0001368873412310683,622,0,1,0.9983948635634029,1.0,0.9991967871485944,278.00000000003854,3.6054750402580935,5.06686371343151,-0.04347826086959378,5.070761552359502,621,780.951768488746,780.9838969404187,0.03212845167274736,0.03212845167274736,0.004114012282079921,56.4543985819586,57.23536351808518,0.7809649361265798,0.7809649361265798,1.3833553376585903,56.17673973235291,56.03640809561157,-0.14033163674133675,0.14033163674133675,-0.24980381098997448,44.28341384863124,43.064516129032256,-1.218897719598985,1.218897719598985,-2.752492668621708,56.22195286541393,56.081618152715485,-0.1403347126984471,0.1403347126984471,-0.24960839235589205,39.75492412268464,39.655692495699704,-0.09923162698493826,0.09923162698493826,-0.24960839235589308,69.2368705712562,70.56344469186024,1.326574120604036,1.326574120604036,1.9159937612124909,0.5741871894942195,0.5619863467390239,-0.012200842755195618,0.012200842755195618,-2.124889405133349,1.7818465526409508,1.8022527449438939,0.02040619230294305,0.02040619230294305,1.1452272516226585,0.711586145559933,0.7206079099599993,0.009021764400066301,0.009021764400066301,1.2678386807218194,586.8315011408603,633.0265175034598,46.19501636259952,46.19501636259952,7.871938754615541,1334.757928533242,1384.137982529857,49.38005399661506,49.38005399661506,3.6995512775023203,0.4396538792511434,0.45734350584502137,0.01768962659387796,0.01768962659387796,4.023534746016222
s18_sit,msptdfast,MSPTDfast v2,mid_upslope,none,1.0,100.0,True,False,615,616,0.9906343774894848,0.0,0.027405157077731782,615,0,1,0.9983766233766234,1.0,0.9991876523151909,271.1708625898286,3.2607562689716407,5.663274973392046,0.012161743933392673,5.667879332591761,614,786.0422764227643,785.9665591380701,-0.07571728469417849,0.07571728469417849,-0.009632724214117813,44.933155217569485,45.624747753641024,0.6915925360715391,0.6915925360715391,1.5391586295749755,22.09720898555063,23.234583272192552,1.137374286641922,1.137374286641922,5.14714001838717,3.0944625407166124,3.7520391517128875,0.6575766109962751,0.6575766109962751,21.250107323774365,22.115109171773625,23.25353532092008,1.1384261491464542,1.1384261491464542,5.147730179869389,15.637743662041943,16.44273251198349,0.8049888499415463,0.8049888499415463,5.147730179869392,61.590890956152364,62.39288230804941,0.8019913518970441,0.8019913518970441,1.3021265635984967,0.25389701982351137,0.26353538903366525,0.009638369210153874,0.009638369210153874,3.796172643874941,1.34471024908347,1.3469003477524386,0.0021900986689686874,0.0021900986689686874,0.16286770108738435,1.450018359229974,1.43660498904448,-0.013413370185493934,0.013413370185493934,-0.9250483002585599,990.5337457672401,1017.0354786112723,26.501732844032176,26.501732844032176,2.675500249969239,146.1120254253738,166.87633080257123,20.764305377197445,20.764305377197445,14.211222735942936,6.779275989662821,6.094546025310869,-0.684729964351952,0.684729964351952,-10.100340587933612
s18_sit,msptd,MSPTD,mid_upslope,none,1.0,100.0,True,False,615,616,0.9906343774894848,0.0,0.8946657063013459,615,0,1,0.9983766233766234,1.0,0.9991876523151909,271.1708625898286,3.2607300372584387,5.663153942239555,0.012162679285355806,5.667758200469429,614,786.0422764227643,785.9665600734221,-0.07571634934220128,0.07571634934220128,-0.009632605218994362,44.933155217569485,45.624905692342985,0.6917504747734995,0.6917504747734995,1.5395101265958182,22.09720898555063,23.234327945617444,1.1371189600668146,1.1371189600668146,5.14598454859334,3.0944625407166124,3.7520391517128875,0.6575766109962751,0.6575766109962751,21.250107323774365,22.115109171773625,23.253279786890772,1.1381706151171471,1.1381706151171471,5.146574707258686,15.637743662041943,16.442551822138544,0.8048081600966004,0.8048081600966004,5.146574707258695,61.590890956152364,62.393160910845594,0.8022699546932301,0.8022699546932301,1.3025789077550123,0.25389701982351137,0.26353131628694887,0.009634296463437497,0.009634296463437497,3.7945685499319683,1.34471024908347,1.347434854400011,0.002724605316541062,0.002724605316541062,0.20261653530179485,1.450018359229974,1.4365769312378402,-0.01344142799213377,0.01344142799213377,-0.9269832969061014,990.5337457672401,1017.0488242805726,26.51507851333247,26.51507851333247,2.6768475709825132,146.1120254253738,166.90101843507625,20.788993009702466,20.788993009702466,14.228119108731658,6.779275989662821,6.093724495013792,-0.6855514946490295,0.6855514946490295,-10.112458848029974
s18_sit,qppg,qppg (slope-sum),mid_upslope,none,1.0,100.0,True,False,611,616,0.9906343774894848,0.001639344262295082,0.006189310228808821,611,0,5,0.9918831168831169,1.0,0.995925020374898,271.1954577062463,3.152711414267272,5.0631604519927444,-0.12593961853271216,5.065761553157797,608,786.0422764227643,786.5188811379387,0.4766047151744033,0.4766047151744033,0.060633470930266685,44.933155217569485,53.574495395030446,8.641340177460961,8.641340177460961,19.231545471532073,22.09720898555063,47.36065579362487,25.263446808074242,25.263446808074242,114.32867754744056,3.0944625407166124,3.618421052631579,0.5239585119149668,0.5239585119149668,16.932132963988924,22.115109171773625,47.39959443123466,25.284485259461036,25.284485259461036,114.33127036846197,15.637743662041943,33.516574647818146,17.878830985776204,17.878830985776204,114.33127036846199,61.590890956152364,67.94918938104789,6.358298424895523,6.358298424895523,10.32343959664767,0.25389701982351137,0.4932593744402557,0.23936235461674432,0.23936235461674432,94.27536990514092,1.34471024908347,1.216065974959847,-0.1286442741236229,0.1286442741236229,-9.566690981295375,1.450018359229974,1.2044560736552599,-0.24556228557471416,0.24556228557471416,-16.935115615027033,990.5337457672401,1406.5064696758059,415.97272390856574,415.97272390856574,41.99480589996101,146.1120254253738,707.4476045486493,561.3355791232756,561.3355791232756,384.1816424685563,6.779275989662821,1.9881422463408511,-4.79113374332197,4.79113374332197,-70.67323635484952
s18_sit,terma,TERMA,mid_upslope,none,1.0,100.0,True,False,616,616,0.9906343774894848,0.0,0.00044152574249776505,615,1,1,0.9983766233766234,0.9983766233766234,0.9983766233766234,271.1708625898286,3.242792912860943,5.6408780422468405,-0.026225894840768437,5.645423706105847,613,786.0422764227643,787.151034252445,1.1087578296807123,1.1087578296807123,0.14105575017244734,44.933155217569485,60.623182803167765,15.69002758559828,15.69002758559828,34.918597435737745,22.09720898555063,55.8828047691231,33.78559578357247,33.78559578357247,152.89530820686394,3.0944625407166124,4.071661237785016,0.9771986970684039,0.9771986970684039,31.57894736842105,22.115109171773625,55.927787260378054,33.81267808860443,33.81267808860443,152.89401388875288,15.637743662041943,39.546917628571926,23.909173966529984,23.909173966529984,152.89401388875288,61.590890956152364,76.06827125978045,14.477380303628081,14.477380303628081,23.505716639064016,0.25389701982351137,0.5198871615409191,0.2659901417174077,0.2659901417174077,104.76300269388844,1.34471024908347,1.1095749066783716,-0.23513534240509837,0.23513534240509837,-17.485948557718093,1.450018359229974,0.9318215129816152,-0.5181968462483588,0.5181968462483588,-35.73726104568393,990.5337457672401,1025.188340137163,34.65459436992296,34.65459436992296,3.498577864510862,146.1120254253738,167.33552585398704,21.22350042861325,21.22350042861325,14.525498751266769,6.779275989662821,6.126543272297825,-0.6527327173649962,0.6527327173649962,-9.628354390060185
s18_sit,heartpy,HeartPy,mid_upslope,none,1.0,100.0,True,False,614,616,0.9906343774894848,0.0016313213703099511,0.037753942931008456,614,0,2,0.9967532467532467,1.0,0.9983739837398374,271.15924412525294,3.1552689590784193,5.157371452746699,-0.11909138262280489,5.160213855336548,612,786.0422764227643,785.4789478330634,-0.5633285897008591,0.5633285897008591,-0.07166644932439727,44.933155217569485,44.98874838625398,0.05559316868449571,0.05559316868449571,0.12372415962179752,22.09720898555063,22.665482985134634,0.5682739995840045,0.5682739995840045,2.5717003443991455,3.0944625407166124,3.600654664484452,0.5061921237678395,0.5061921237678395,16.357998104918604,22.115109171773625,22.683936408637322,0.5688272368636973,0.5688272368636973,2.5721204107358133,15.637743662041943,16.03996525855187,0.4022215965099267,0.4022215965099267,2.5721204107358124,61.590890956152364,61.56861600870844,-0.02227494744392544,0.02227494744392544,-0.03616597697828948,0.25389701982351137,0.2605217771385852,0.006624757315073837,0.006624757315073837,2.609230041250122,1.34471024908347,1.3526491539726575,0.007938904889187581,0.007938904889187581,0.5903803361801246,1.450018359229974,1.4347314289486073,-0.01528693028136674,0.01528693028136674,-1.0542577053634548,990.5337457672401,1017.0316818807689,26.497936113528795,26.497936113528795,2.6751169484896473,146.1120254253738,166.90063926086512,20.788613835491333,20.788613835491333,14.227859599488644,6.779275989662821,6.093635628867496,-0.6856403607953254,0.6856403607953254,-10.113769698133014
s18_sit,findpeaks,find_peaks baseline,mid_upslope,none,1.0,100.0,True,False,615,616,0.9906343774894848,0.0,0.00013986519121988715,615,0,1,0.9983766233766234,1.0,0.9991876523151909,271.1708625898286,3.242792912860943,5.6408780422468405,-0.026225894840768437,5.645423706105847,613,786.0422764227643,787.3270872400673,1.2848108173029686,1.2848108173029686,0.1634531444224696,44.933155217569485,60.51506315587045,15.581907938300965,15.581907938300965,34.6779741214528,22.09720898555063,55.74582420720335,33.64861522165272,33.64861522165272,152.2754083724128,3.0944625407166124,3.915171288743882,0.8207087480272697,0.8207087480272697,26.521851120460187,22.115109171773625,55.791302237105555,33.67619306533193,33.67619306533193,152.27685653170624,15.637743662041943,39.45040814308554,23.812664481043598,23.812664481043598,152.27685653170624,61.590890956152364,75.9461061204717,14.355215164319333,14.355215164319333,23.307367276987538,0.25389701982351137,0.5194526771458986,0.26555565732238723,0.26555565732238723,104.59187646510384,1.34471024908347,1.1084970479006515,-0.2362132011828184,0.2362132011828184,-17.56610402455228,1.450018359229974,1.026245540792104,-0.42377281843786996,0.42377281843786996,-29.225341578634403,990.5337457672401,1017.2533634098698,26.719617642629714,26.719617642629714,2.6974969562428623,146.1120254253738,166.97479835021446,20.86277292484067,20.86277292484067,14.27861455215831,6.779275989662821,6.092256876251908,-0.6870191134109129,0.6870191134109129,-10.134107454225108
s18_sit,msptdfast,MSPTDfast v2,mid_upslope,median_mad,1.0,100.0,True,False,615,616,0.9906343774894848,0.004885993485342019,0.021640395593443964,615,0,1,0.9983766233766234,1.0,0.9991876523151909,271.1708625898286,3.2607562689716407,5.663274973392046,0.012161743933392673,5.667879332591761,614,786.0422764227643,785.996135878451,-0.046140544313288956,0.046140544313288956,-0.00586998253112696,44.933155217569485,45.585210215073495,0.6520549975040097,0.6520549975040097,1.4511667260995,22.09720898555063,23.153455506832778,1.056246521282148,1.056246521282148,4.7799996912407705,3.0944625407166124,3.7704918032786887,0.6760292625620763,0.6760292625620763,21.846419327006043,22.115109171773625,23.172434104570574,1.0573249327969485,1.0573249327969485,4.781007068897735,15.637743662041943,16.385385291940278,0.7476416298983342,0.7476416298983342,4.781007068897743,61.590890956152364,62.35015581006634,0.7592648539139759,0.7592648539139759,1.2327551073331766,0.25389701982351137,0.2627962204594023,0.008899200635890947,0.008899200635890947,3.505043360523471,1.34471024908347,1.3406646650315324,-0.004045584051937556,0.004045584051937556,-0.3008517303036065,1.450018359229974,1.4348576696764292,-0.01516068955354477,0.01516068955354477,-1.0455515585054929,990.5337457672401,1015.6518092035328,25.118063436292687,25.118063436292687,2.5358109750048876,146.1120254253738,167.09441029933583,20.982384873962047,20.982384873962047,14.360477731299897,6.779275989662821,6.078311101993636,-0.7009648876691852,0.7009648876691852,-10.339819307224413
s18_sit,msptd,MSPTD,mid_upslope,median_mad,1.0,100.0,True,False,615,616,0.9906343774894848,0.004885993485342019,0.8996847429926588,615,0,1,0.9983766233766234,1.0,0.9991876523151909,271.1708625898286,3.2607300372584387,5.663153942239555,0.012162679285355806,5.667758200469429,614,786.0422764227643,785.9961368183955,-0.046139604368818254,0.046139604368818254,-0.00586986295174823,44.933155217569485,45.58536906756956,0.6522138500000736,0.6522138500000736,1.4515202567948065,22.09720898555063,23.15319827824436,1.0559892926937309,1.0559892926937309,4.778835613964834,3.0944625407166124,3.7704918032786887,0.6760292625620763,0.6760292625620763,21.846419327006043,22.115109171773625,23.172176665951703,1.057067494178078,1.057067494178078,4.779842984122612,15.637743662041943,16.385203255347136,0.7474595933051926,0.7474595933051926,4.779842984122627,61.590890956152364,62.35043592737758,0.7595449712252176,0.7595449712252176,1.2332099104816505,0.25389701982351137,0.26279212024165693,0.008895100418145563,0.008895100418145563,3.503428446828055,1.34471024908347,1.3411960776680554,-0.0035141714154145465,0.0035141714154145465,-0.26133298365277885,1.450018359229974,1.4348867767373596,-0.01513158249261437,0.01513158249261437,-1.0435442004092923,990.5337457672401,1015.6651539002247,25.131408132984575,25.131408132984575,2.5371581978278264,146.1120254253738,167.11910256608434,21.00707714071055,21.00707714071055,14.377377275794347,6.779275989662821,6.07749286769056,-0.7017831219722614,0.7017831219722614,-10.351888948648126
s18_sit,qppg,qppg (slope-sum),mid_upslope,median_mad,1.0,100.0,True,False,611,616,0.9906343774894848,0.009836065573770493,0.0032661463079303637,611,0,5,0.9918831168831169,1.0,0.995925020374898,271.1954577062463,3.152711414267272,5.0631604519927444,-0.12593961853271216,5.065761553157797,608,786.0422764227643,785.3162150014689,-0.7260614212954124,0.7260614212954124,-0.09236925838132759,44.933155217569485,44.8643871086155,-0.06876810895398222,0.06876810895398222,-0.15304535953685475,22.09720898555063,22.245006642952447,0.14779765740181716,0.14779765740181716,0.6688521500541633,3.0944625407166124,3.482587064676617,0.38812452396000463,0.38812452396000463,12.542550405865414,22.115109171773625,22.263350694804704,0.14824152303107851,0.14824152303107851,0.6703178441474074,15.637743662041943,15.742566248230641,0.104822586188698,0.104822586188698,0.6703178441474112,61.590890956152364,61.46379478346159,-0.1270961726907771,0.1270961726907771,-0.20635547029390938,0.25389701982351137,0.25612746989820717,0.0022304500746958,0.0022304500746958,0.878486118602821,1.34471024908347,1.355660807827757,0.010950558744287076,0.010950558744287076,0.8143433688968146,1.450018359229974,1.4650550615619011,0.01503670233192711,0.01503670233192711,1.0370008239007598,990.5337457672401,1016.2282994544818,25.694553687241637,25.694553687241637,2.594010935724289,146.1120254253738,166.39356447248667,20.281539047112886,20.281539047112886,13.880814387499962,6.779275989662821,6.1073774257808875,-0.6718985638819337,0.6718985638819337,-9.911066681847123
s18_sit,terma,TERMA,mid_upslope,median_mad,1.0,100.0,True,False,616,616,0.9906343774894848,0.0065040650406504065,0.00040560286284547326,615,1,1,0.9983766233766234,0.9983766233766234,0.9983766233766234,271.1708625898286,3.242792912860943,5.6408780422468405,-0.026225894840768437,5.645423706105847,613,786.0422764227643,785.5701324198402,-0.47214400292409664,0.47214400292409664,-0.0600659808112101,44.933155217569485,45.43621861731886,0.5030633997493723,0.5030633997493723,1.1195817371682537,22.09720898555063,23.584981500052965,1.4877725145023355,1.4877725145023355,6.732852621682632,3.0944625407166124,3.934426229508197,0.8399636887915847,0.8399636887915847,27.14408973252805,22.115109171773625,23.602944045136034,1.4878348733624094,1.4878348733624094,6.727684958758381,15.637743662041943,16.68980179028233,1.0520581282403878,1.0520581282403878,6.727684958758381,61.590890956152364,62.05119209719242,0.4603011410400555,0.4603011410400555,0.7473526261663465,0.25389701982351137,0.2689682700074586,0.015071250183947227,0.015071250183947227,5.935969707097601,1.34471024908347,1.3462704057459052,0.0015601566624352525,0.0015601566624352525,0.11602177223670504,1.450018359229974,1.456934537550163,0.0069161783201889815,0.0069161783201889815,0.4769717759892218,990.5337457672401,1023.7676578472792,33.23391208003909,33.23391208003909,3.355151929154823,146.1120254253738,167.50850360101865,21.39647817564486,21.39647817564486,14.643885822096854,6.779275989662821,6.111735439328786,-0.667540550334035,0.667540550334035,-9.84678233120933
s18_sit,heartpy,HeartPy,mid_upslope,median_mad,1.0,100.0,True,False,614,616,0.9906343774894848,0.008156606851549755,0.034912345367599094,614,0,2,0.9967532467532467,1.0,0.9983739837398374,271.15924412525294,3.1552689590784193,5.157371452746699,-0.11909138262280489,5.160213855336548,612,786.0422764227643,785.4647087307746,-0.5775676919896569,0.5775676919896569,-0.07347794251196463,44.933155217569485,44.97098937064391,0.037834153074427945,0.037834153074427945,0.08420097117870384,22.09720898555063,22.6233506746099,0.5261416890592692,0.5261416890592692,2.3810323258621184,3.0944625407166124,3.6243822075782535,0.529919666861641,0.529919666861641,17.124772392265662,22.115109171773625,22.641890105856117,0.5267809340824918,0.5267809340824918,2.381995630185913,15.637743662041943,16.010234032731457,0.37249037068951374,0.37249037068951374,2.3819956301859135,61.590890956152364,61.55040354186399,-0.040487414288371326,0.040487414288371326,-0.06573604255407675,0.25389701982351137,0.26011582559067986,0.006218805767168489,0.006218805767168489,2.449341773090247,1.34471024908347,1.3459386757710603,0.0012284266875903782,0.0012284266875903782,0.09135251913396596,1.450018359229974,1.4320718808002548,-0.017946478429719193,0.017946478429719193,-1.2376724967295996,990.5337457672401,1015.6473754412435,25.11362967400339,25.11362967400339,2.5353633615532267,146.1120254253738,167.119395794501,21.007370369127216,21.007370369127216,14.377577963188703,6.779275989662821,6.0773758223141146,-0.7019001673487066,0.7019001673487066,-10.353615466002246
s18_sit,findpeaks,find_peaks baseline,mid_upslope,median_mad,1.0,100.0,True,False,615,616,0.9906343774894848,0.008143322475570033,0.00013584073905038025,615,0,1,0.9983766233766234,1.0,0.9991876523151909,271.1708625898286,3.242792912860943,5.6408780422468405,-0.026225894840768437,5.645423706105847,613,786.0422764227643,785.6935145499816,-0.34876187278268844,0.34876187278268844,-0.044369353054378294,44.933155217569485,45.28737149017989,0.3542162726104081,0.3542162726104081,0.7883182716532326,22.09720898555063,23.1731384488732,1.07592946332257,1.07592946332257,4.869074026616305,3.0944625407166124,3.7828947368421053,0.6884321961254929,0.6884321961254929,22.247229916897506,22.115109171773625,23.192103046048263,1.0769938742746383,1.0769938742746383,4.869945998951918,15.637743662041943,16.399293333837914,0.7615496717959704,0.7615496717959704,4.869945998951928,61.590890956152364,61.910865049116026,0.31997409296366186,0.31997409296366186,0.5195152854526118,0.25389701982351137,0.26488554667791814,0.010988526854406766,0.010988526854406766,4.327946370558071,1.34471024908347,1.3445981803423033,-0.00011206874116664878,0.00011206874116664878,-0.00833404380185492,1.450018359229974,1.4332722529787578,-0.016746106251216197,0.016746106251216197,-1.154889256720111,990.5337457672401,1015.6626213951627,25.128875627922525,25.128875627922525,2.5369025270772974,146.1120254253738,167.11888103614757,21.006855610773783,21.006855610773783,14.377225659295895,6.779275989662821,6.0774857699979234,-0.7017902196648977,0.7017902196648977,-10.351993645560407
s18_sit,msptdfast,MSPTDfast v2,mid_upslope,lipponen_tarvainen,1.0,100.0,True,False,615,616,0.9906343774894848,0.0,0.0218971184920657,615,0,1,0.9983766233766234,1.0,0.9991876523151909,271.00000000000966,3.2703583061904036,5.416526766755157,0.013029315960953157,5.42092733070111,614,786.0422764227643,785.9674267100977,-0.07484971266660523,0.07484971266660523,-0.009522352030127718,44.933155217569485,45.615553365764555,0.6823981481950696,0.6823981481950696,1.5186962609032237,22.09720898555063,23.03632141650644,0.9391124309558094,0.9391124309558094,4.249914238354243,3.0944625407166124,3.4257748776508974,0.33131233693428497,0.33131233693428497,10.706619730402682,22.115109171773625,23.055111135346586,0.9400019635729606,0.9400019635729606,4.250496600635016,15.637743662041943,16.302425424813055,0.6646817627711119,0.6646817627711119,4.250496600635024,61.590890956152364,62.41625063233322,0.8253596761808524,0.8253596761808524,1.340067765488959,0.25389701982351137,0.2611887971426464,0.007291777319135051,0.007291777319135051,2.8719428547068824,1.34471024908347,1.3187405458605597,-0.025969703222910256,0.025969703222910256,-1.931248998853897,1.450018359229974,1.4377591561985106,-0.01225920303146344,0.01225920303146344,-0.8454515733148121,990.5337457672401,1016.8231988005962,26.28945303335604,26.28945303335604,2.6540693990180975,146.1120254253738,166.95646745972877,20.844442034354984,20.844442034354984,14.266068774059402,6.779275989662821,6.090349264522274,-0.6889267251405471,0.6889267251405471,-10.162246325286604
s18_sit,msptd,MSPTD,mid_upslope,lipponen_tarvainen,1.0,100.0,True,False,615,616,0.9906343774894848,0.0,0.9202560335817171,615,0,1,0.9983766233766234,1.0,0.9991876523151909,271.00000000000966,3.26710097720016,5.415323896039263,0.013029315960953157,5.419723475766959,614,786.0422764227643,785.9674267100977,-0.07484971266660523,0.07484971266660523,-0.009522352030127718,44.933155217569485,45.61691231647596,0.6837570989064758,0.6837570989064758,1.5217206439113302,22.09720898555063,23.035896521475895,0.9386875359252649,0.9386875359252649,4.247991393569536,3.0944625407166124,3.4257748776508974,0.33131233693428497,0.33131233693428497,10.706619730402682,22.115109171773625,23.054685892894764,0.9395767211211385,0.9395767211211385,4.248573741251781,15.637743662041943,16.30212473299172,0.6643810709497782,0.6643810709497782,4.248573741251779,61.590890956152364,62.41831548326254,0.8274245271101748,0.8274245271101748,1.3434202919701759,0.25389701982351137,0.2611753394300289,0.007278319606517536,0.007278319606517536,2.866642393666863,1.34471024908347,1.3169332333223882,-0.027777015761081714,0.027777015761081714,-2.065650632172546,1.450018359229974,1.437580497693371,-0.012437861536602979,0.012437861536602979,-0.8577726935270014,990.5337457672401,1016.9455049059509,26.41175913871075,26.41175913871075,2.6664168940809714,146.1120254253738,167.0601907743334,20.948165348959606,20.948165348959606,14.337057670628766,6.779275989662821,6.087300033552884,-0.6919759561099372,0.6919759561099372,-10.207225036494698
s18_sit,qppg,qppg (slope-sum),mid_upslope,lipponen_tarvainen,1.0,100.0,True,False,611,616,0.9906343774894848,0.004918032786885246,0.0032146333208814565,612,0,4,0.9935064935064936,1.0,0.9967426710097721,271.0000000000199,3.054187192119647,4.115731364336239,-0.013136288998293933,4.119093640262195,609,786.0422764227643,785.1986863711002,-0.8435900516641368,0.8435900516641368,-0.10732120611925218,44.933155217569485,44.87586971282063,-0.05728550474885452,0.05728550474885452,-0.12749050110430504,22.09720898555063,22.361010769453177,0.26380178390254727,0.26380178390254727,1.1938239986554289,3.0944625407166124,3.453947368421053,0.3594848277044407,0.3594848277044407,11.617036011080346,22.115109171773625,22.37929988348546,0.2641907117118336,0.2641907117118336,1.1946163578022508,15.637743662041943,15.824554705819882,0.18681104377793822,0.18681104377793822,1.1946163578022537,61.590890956152364,61.45950563848214,-0.13138531767022243,0.13138531767022243,-0.2133193977722419,0.25389701982351137,0.2574793685927653,0.0035823487692539513,0.0035823487692539513,1.4109455761804963,1.34471024908347,1.405907105711225,0.06119685662775498,0.06119685662775498,4.550932564800904,1.450018359229974,1.4421870715776306,-0.007831287652343422,0.007831287652343422,-0.5400819653416108,990.5337457672401,1017.0486668833679,26.514921116127766,26.514921116127766,2.676831680841932,146.1120254253738,166.6710493822045,20.559023956830714,20.559023956830714,14.070726825514553,6.779275989662821,6.102131537859978,-0.6771444518028433,0.6771444518028433,-9.988447923279226
s18_sit,terma,TERMA,mid_upslope,lipponen_tarvainen,1.0,100.0,True,False,616,616,0.9906343774894848,0.0016260162601626016,0.00043098786835260626,616,1,0,1.0,0.9983792544570502,0.9991889699918897,271.00000000000966,3.2861788617902414,5.7354977952522175,0.004878048780443809,5.7401644198167645,615,786.0422764227643,785.8733766233767,-0.16889979938764554,0.16889979938764554,-0.02148736835839153,44.933155217569485,45.787670498924335,0.8545152813548498,0.8545152813548498,1.9017477789334556,22.09720898555063,23.537342757096585,1.4401337715459555,1.4401337715459555,6.517265472248823,3.0944625407166124,3.414634146341464,0.32017160562485136,0.32017160562485136,10.346598202824145,22.115109171773625,23.555134203449203,1.440025031675578,1.440025031675578,6.511498634216728,15.637743662041943,16.65599512701812,1.018251464976176,1.018251464976176,6.51149863421674,61.590890956152364,62.574750225349526,0.9838592691971613,0.9838592691971613,1.5974103539070217,0.25389701982351137,0.2661775726956181,0.01228055287210672,0.01228055287210672,4.836824347384292,1.34471024908347,1.3145131802830166,-0.030197068800453364,0.030197068800453364,-2.245618996436975,1.450018359229974,1.4834653968878415,0.033447037657867495,0.033447037657867495,2.3066630463651094,990.5337457672401,1024.8971834066945,34.36343763945433,34.36343763945433,3.469183941112209,146.1120254253738,167.45900959318283,21.34698416780904,21.34698416780904,14.610011808173818,6.779275989662821,6.120286904219321,-0.6589890854435003,0.6589890854435003,-9.720641060318837
s18_sit,heartpy,HeartPy,mid_upslope,lipponen_tarvainen,1.0,100.0,True,False,614,616,0.9906343774894848,0.0,0.040151290507360674,614,0,2,0.9967532467532467,1.0,0.9983739837398374,271.00000000002444,3.044189852702123,4.147051483469426,0.006546644844527233,4.150444142423481,611,786.0422764227643,788.6117455138663,2.5694690911019507,2.5694690911019507,0.32688688231827234,44.933155217569485,71.22251327891472,26.289358061345233,26.289358061345233,58.5077053548773,22.09720898555063,56.44515528861323,34.3479463030626,34.3479463030626,155.44020208852046,3.0944625407166124,3.431372549019608,0.33691000830299567,0.33691000830299567,10.887512899896807,22.115109171773625,56.49128137764275,34.376172205869125,34.376172205869125,155.44201902355866,15.637743662041943,39.94536814004852,24.30762447800658,24.30762447800658,155.44201902355871,61.590890956152364,92.46437346181698,30.87348250566461,30.87348250566461,50.12670222232048,0.25389701982351137,0.432008206453093,0.17811118662958164,0.17811118662958164,70.15095598734878,1.34471024908347,0.9581291449853008,-0.38658110409816915,0.38658110409816915,-28.7482827145592,1.450018359229974,0.8609915189269073,-0.5890268403030667,0.5890268403030667,-40.622026373229296,990.5337457672401,1017.1754152483218,26.641669481081635,26.641669481081635,2.6896276472080953,146.1120254253738,167.0997470924533,20.987721667079512,20.987721667079512,14.364130266470722,6.779275989662821,6.087234917749677,-0.6920410719131445,0.6920410719131445,-10.208185549140984
s18_sit,findpeaks,find_peaks baseline,mid_upslope,lipponen_tarvainen,1.0,100.0,True,False,615,616,0.9906343774894848,0.0016286644951140066,0.00014055863515849472,616,0,0,1.0,1.0,1.0,271.00000000000966,3.2861788617902414,5.7354977952522175,0.004878048780443809,5.7401644198167645,615,786.0422764227643,786.0471544715447,0.0048780487803696815,0.0048780487803696815,0.0006205835139770619,44.933155217569485,45.62118544172215,0.6880302241526621,0.6880302241526621,1.5312306042635369,22.09720898555063,23.118798138345554,1.021589152794924,1.021589152794924,4.623159211930074,3.0944625407166124,3.257328990228013,0.16286644951140072,0.16286644951140072,5.263157894736844,22.115109171773625,23.137536394012297,1.0224272222386723,1.0224272222386723,4.62320676012595,15.637743662041943,16.360708884156633,0.7229652221146896,0.7229652221146896,4.623206760125944,61.590890956152364,62.4092327065786,0.8183417504262351,0.8183417504262351,1.32867334393462,0.25389701982351137,0.26215205947295744,0.008255039649446072,0.008255039649446072,3.2513338105284997,1.34471024908347,1.3145131802830166,-0.030197068800453364,0.030197068800453364,-2.245618996436975,1.450018359229974,1.4379624875266337,-0.012055871703340326,0.012055871703340326,-0.8314289006480267,990.5337457672401,1016.8674454696956,26.33369970245542,26.33369970245542,2.6585363512333506,146.1120254253738,167.0450611947942,20.9330357694204,20.9330357694204,14.3267028901135,6.779275989662821,6.087384075868657,-0.6918919137941639,0.6918919137941639,-10.205985341932898
s19_sit,msptdfast,MSPTDfast v2,mid_upslope,none,1.0,100.0,True,False,677,679,0.9815941088327444,0.0029585798816568047,0.021794129666042644,675,2,4,0.9941089837997055,0.9970457902511078,0.995575221238938,269.0965480306037,3.602967033661021,4.989774901746915,-0.1130707977999463,4.992226122827591,669,735.4867256637168,738.1359580737129,2.6492324099961024,2.6492324099961024,0.3602012541566112,72.98405747012157,88.59207820309948,15.608020732977906,15.608020732977906,21.385520720559505,38.12612203835905,83.4718441451288,45.34572210676975,45.34572210676975,118.93609861802096,15.805022156573118,17.236255572065378,1.43123341549226,1.43123341549226,9.055560955965046,38.15427430110364,83.53391825725882,45.37964395615518,45.37964395615518,118.93724828319573,26.979146089562008,59.06740005879046,32.088253969228454,32.088253969228454,118.93724828319571,99.62665790782147,110.49051946200174,10.863861554180275,10.863861554180275,10.904572914843687,0.2708024805421475,0.5345924731497352,0.26378999260758773,0.26378999260758773,97.41047869261732,1.20006502287786,1.14084649599176,-0.059218526886100076,0.059218526886100076,-4.934609855063429,1.3000334752008003,0.8776710103374019,-0.42236246486339835,0.42236246486339835,-32.48858378805678,1589.640840085845,2024.5014292753742,434.86058918952926,434.86058918952926,27.35590192600019,637.0751584107528,2155.1074320424027,1518.0322736316498,1518.0322736316498,238.28150471579082,2.49521711700604,0.9393969874424066,-1.5558201295636336,1.5558201295636336,-62.35209429111445
s19_sit,msptd,MSPTD,mid_upslope,none,1.0,100.0,True,False,675,679,0.9815941088327444,0.0,0.8937562080820951,675,0,4,0.9941089837997055,1.0,0.9970457902511078,269.0965480306037,3.5390758266681903,4.626773560686441,0.02327377970425883,4.6301665089902855,671,735.4867256637168,738.9200739905888,3.4333483268719647,3.4333483268719647,0.4668130922109638,72.98405747012157,91.69875980953084,18.71470233940927,18.71470233940927,25.64217856354554,38.12612203835905,73.53952737916174,35.41340534080269,35.41340534080269,92.8848869160439,15.805022156573118,17.087667161961367,1.2826450053882485,1.2826450053882485,8.115426809792936,38.15427430110364,73.59421279470989,35.43993849360625,35.43993849360625,92.88589323944008,26.979146089562008,52.038966923225146,25.05982083366314,25.05982083366314,92.88589323944008,99.62665790782147,118.78245250362335,19.15579459580188,19.15579459580188,19.227579242420816,0.2708024805421475,0.43810315266590194,0.16730067212375443,0.16730067212375443,61.77959366872044,1.20006502287786,1.1089246446986636,-0.0911403781791964,0.0911403781791964,-7.594619994892767,1.3000334752008003,1.0162532581808639,-0.2837802170199364,0.2837802170199364,-21.82868537105203,1589.640840085845,4431.726727533554,2842.0858874477094,2842.0858874477094,178.78792591251172,637.0751584107528,1893.6438947418105,1256.5687363310576,1256.5687363310576,197.24026588412158,2.49521711700604,2.340316856743437,-0.15490026026260306,0.15490026026260306,-6.207887049463043
s19_sit,qppg,qppg (slope-sum),mid_upslope,none,1.0,100.0,True,False,635,679,0.9815941088327444,0.00946372239747634,0.003534904685273951,635,0,44,0.93519882179676,1.0,0.9665144596651446,269.53201271339856,3.6143502837930663,5.831253299208431,-0.026541526482209025,5.835841117163408,628,735.4867256637168,739.2186814034541,3.731955739737259,3.731955739737259,0.5074130653234391,72.98405747012157,71.73458018654121,-1.2494772835803616,1.2494772835803616,-1.7119865993910743,38.12612203835905,42.17439547604839,4.048273437689339,4.048273437689339,10.618109635216332,15.805022156573118,17.384370015948964,1.5793478593758454,1.5793478593758454,9.99269626913502,38.15427430110364,42.20804533041364,4.053771029309999,4.053771029309999,10.62468387504553,26.979146089562008,29.845595073764677,2.8664489842026697,2.8664489842026697,10.624683875045523,99.62665790782147,96.95844699546035,-2.6682109123611184,2.6682109123611184,-2.678209796849607,0.2708024805421475,0.30781841086173817,0.03701593031959066,0.03701593031959066,13.668977568257366,1.20006502287786,1.3028072168527907,0.10274219397493067,0.10274219397493067,8.561385592969453,1.3000334752008003,1.1788388936192342,-0.12119458158156604,0.12119458158156604,-9.32242006790222,1589.640840085845,1424.2651291194763,-165.37571096636862,165.37571096636862,-10.403338087202004,637.0751584107528,674.1392020929325,37.06404368217966,37.06404368217966,5.817844753928186,2.49521711700604,2.112716668453196,-0.38250044855284404,0.38250044855284404,-15.32934532814517
s19_sit,terma,TERMA,mid_upslope,none,1.0,100.0,True,False,674,679,0.9815941088327444,0.0,0.00042134426361138254,674,0,5,0.9926362297496318,1.0,0.9963045084996305,269.15828430842515,3.5069038067504965,4.565788388808436,0.04199343046228366,4.5690062486978045,670,735.4867256637168,740.0180235804709,4.531297916754056,4.531297916754056,0.6160951324668612,72.98405747012157,94.5390441673881,21.55498669726653,21.55498669726653,29.533828954481972,38.12612203835905,87.0881891927464,48.96206715438735,48.96206715438735,128.42131467009983,15.805022156573118,17.113095238095237,1.308073081522119,1.308073081522119,8.276312861593219,38.15427430110364,87.15304991463213,48.998775613528494,48.998775613528494,128.42276916825324,26.979146089562008,61.62651259572604,34.64736650616403,34.64736650616403,128.42276916825324,99.62665790782147,118.64836572602059,19.02170781819912,19.02170781819912,19.09298998647406,0.2708024805421475,0.5194046476630974,0.24860216712094985,0.24860216712094985,91.80202730168773,1.20006502287786,1.0845946175895682,-0.11547040528829178,0.11547040528829178,-9.622012398243534,1.3000334752008003,0.87090685637414,-0.42912661882666026,0.42912661882666026,-33.0088899257289,1589.640840085845,3219.5148587179283,1629.8740186320833,1629.8740186320833,102.53096029818067,637.0751584107528,4221.7030051427055,3584.6278467319526,3584.6278467319526,562.6695374018605,2.49521711700604,0.7626104571534396,-1.7326066598526007,1.7326066598526007,-69.43711022355922
s19_sit,heartpy,HeartPy,mid_upslope,none,1.0,100.0,True,False,666,679,0.9815941088327444,0.0030075187969924814,0.021149330512912866,666,0,13,0.9808541973490427,1.0,0.9903345724907062,269.20619173851213,3.4603569845436017,4.503360816166368,-0.030166585159496245,4.5066804076251925,659,735.4867256637168,741.0901640545054,5.603438390788597,5.603438390788597,0.7618680521707514,72.98405747012157,104.85255588712741,31.86849841700584,31.86849841700584,43.66501332164529,38.12612203835905,105.95950072071375,67.83337868235469,67.83337868235469,177.9183799865795,15.805022156573118,17.371601208459214,1.5665790518860963,1.5665790518860963,9.911906711466234,38.15427430110364,106.03961333697768,67.88533903587404,67.88533903587404,177.92328717915206,26.979146089562008,74.98132966497639,48.00218357541438,48.00218357541438,177.92328717915203,99.62665790782147,127.92934438117975,28.30268647335828,28.30268647335828,28.4087482885806,0.2708024805421475,0.5861151718370505,0.315312691294903,0.315312691294903,116.43641175798903,1.20006502287786,1.0089565339189865,-0.19110848895887345,0.19110848895887345,-15.924844513889648,1.3000334752008003,0.8416272146477514,-0.4584062605530489,0.4584062605530489,-35.2611120634601,1589.640840085845,1998.3766325506515,408.73579246480654,408.73579246480654,25.712461718254147,637.0751584107528,1270.1639647077488,633.088806296996,633.088806296996,99.37427286857313,2.49521711700604,1.573321782129488,-0.9218953348765522,0.9218953348765522,-36.94649770528648
s19_sit,findpeaks,find_peaks baseline,mid_upslope,none,1.0,100.0,True,False,678,679,0.9815941088327444,0.0,0.0001511815190689128,677,1,2,0.9970544918998527,0.9985250737463127,0.997789240972734,269.10570123412504,3.8122929738648734,6.522675735110687,0.01186168318025449,6.52750192843816,675,735.4867256637168,736.2416821606755,0.7549564969586982,0.7549564969586982,0.10264719547146299,72.98405747012157,76.95603838877437,3.971980918652804,3.971980918652804,5.442258290831344,38.12612203835905,52.83750219144104,14.71138015308199,14.71138015308199,38.58609102252973,15.805022156573118,17.011834319526628,1.2068121629535096,1.2068121629535096,7.635624619808654,38.15427430110364,52.87476598543848,14.720491684334839,14.720491684334839,38.581500903842475,26.979146089562008,37.38810558195536,10.40895949239335,10.40895949239335,38.58150090384249,99.62665790782147,102.20857718401909,2.581919276197624,2.581919276197624,2.5915947904089265,0.2708024805421475,0.36580203552428675,0.09499955498213924,0.09499955498213924,35.08075509203232,1.20006502287786,1.261661803637498,0.06159678075963804,0.06159678075963804,5.132786939487963,1.3000334752008003,1.1371395950528678,-0.1628938801479325,0.1628938801479325,-12.529975824105012,1589.640840085845,1640.6386240174452,50.997783931600225,50.997783931600225,3.2081324690202475,637.0751584107528,985.4082047339078,348.33304632315503,348.33304632315503,54.676915545115016,2.49521711700604,1.6649329852702726,-0.8302841317357676,0.8302841317357676,-33.27502549084821
s19_sit,msptdfast,MSPTDfast v2,mid_upslope,median_mad,1.0,100.0,True,False,677,679,0.9815941088327444,0.010355029585798817,0.02182535637899979,675,2,4,0.9941089837997055,0.9970457902511078,0.995575221238938,269.0965480306037,3.602967033661021,4.989774901746915,-0.1130707977999463,4.992226122827591,669,735.4867256637168,737.642960337302,2.1562346735852316,2.1562346735852316,0.2931711203406704,72.98405747012157,85.2068298413122,12.22277237119063,12.22277237119063,16.747181226796584,38.12612203835905,73.98650451582412,35.86038247746507,35.86038247746507,94.05725145973568,15.805022156573118,16.766467065868262,0.9614449092951443,0.9614449092951443,6.08316078124124,38.15427430110364,74.04193463768736,35.88766033658372,35.88766033658372,94.05934457924062,26.979146089562008,52.355554074479855,25.376407984917847,25.376407984917847,94.0593445792406,99.62665790782147,108.53250048150038,8.90584257367891,8.90584257367891,8.939216431327997,0.2708024805421475,0.4823951704992182,0.2115926899570707,0.2115926899570707,78.13543270854144,1.20006502287786,1.1789885186740576,-0.02107650420380236,0.02107650420380236,-1.756280184990233,1.3000334752008003,1.0289069809601348,-0.2711264942406655,0.2711264942406655,-20.85534714394857,1589.640840085845,2118.9586220617307,529.3177819758857,529.3177819758857,33.29794810425864,637.0751584107528,1907.5630249760102,1270.4878665652573,1270.4878665652573,199.42511488512835,2.49521711700604,1.110819718309637,-1.384397398696403,1.384397398696403,-55.48204159313852
s19_sit,msptd,MSPTD,mid_upslope,median_mad,1.0,100.0,True,False,675,679,0.9815941088327444,0.004451038575667656,0.9078386499672492,675,0,4,0.9941089837997055,1.0,0.9970457902511078,269.0965480306037,3.5390758266681903,4.626773560686441,0.02327377970425883,4.6301665089902855,671,735.4867256637168,737.7582571785802,2.271531514863341,2.271531514863341,0.3088473844056762,72.98405747012157,86.7266591564172,13.742601686295629,13.742601686295629,18.829593972521486,38.12612203835905,60.037345839377075,21.911223801018025,21.911223801018025,57.47037104632077,15.805022156573118,16.716417910447763,0.9113957538746451,0.9113957538746451,5.7664946296554636,38.15427430110364,60.082186260020094,21.927911958916454,21.927911958916454,57.471704967750284,26.979146089562008,42.48452133297342,15.505375243411414,15.505375243411414,57.471704967750284,99.62665790782147,115.05690880592462,15.430250898103154,15.430250898103154,15.488074399102933,0.2708024805421475,0.36924789457567775,0.09844541403353024,0.09844541403353024,36.353217236578544,1.20006502287786,1.1638470180774236,-0.036218004800436354,0.036218004800436354,-3.0180035339737206,1.3000334752008003,1.0965530922544242,-0.20348038294637605,0.20348038294637605,-15.651934110000276,1589.640840085845,4426.4245072188105,2836.7836671329655,2836.7836671329655,178.45437759259957,637.0751584107528,1883.2999544442835,1246.2247960335308,1246.2247960335308,195.61660497677576,2.49521711700604,2.3503555537041056,-0.14486156330193456,0.14486156330193456,-5.805569475883965
s19_sit,qppg,qppg (slope-sum),mid_upslope,median_mad,1.0,100.0,True,False,635,679,0.9815941088327444,0.014195583596214511,0.0032667852588976814,635,0,44,0.93519882179676,1.0,0.9665144596651446,269.53201271339856,3.6143502837930663,5.831253299208431,-0.026541526482209025,5.835841117163408,628,735.4867256637168,739.2611298006523,3.774404136935459,3.774404136935459,0.5131845355236516,72.98405747012157,71.89155390597726,-1.0925035641443088,1.0925035641443088,-1.4969071356324102,38.12612203835905,42.11057858289549,3.9844565445364424,3.9844565445364424,10.450725989198805,15.805022156573118,17.307692307692307,1.5026701511191884,1.5026701511191884,9.507548526240098,38.15427430110364,42.14433907131203,3.9900647702083916,3.9900647702083916,10.457713698653615,26.979146089562008,29.800547945949905,2.8214018563878973,2.8214018563878973,10.457713698653615,99.62665790782147,97.20451835256019,-2.422139555261282,2.422139555261282,-2.431216309095043,0.2708024805421475,0.3065757482369647,0.0357732676948172,0.0357732676948172,13.210096016550143,1.20006502287786,1.2936697411090146,0.09360471823115457,0.09360471823115457,7.799970538819833,1.3000334752008003,1.1699132950506783,-0.13012018015012194,0.13012018015012194,-10.008986893973933,1589.640840085845,1418.455466601419,-171.185373484426,171.185373484426,-10.768808221810755,637.0751584107528,669.1737384140928,32.098580003339976,32.098580003339976,5.038429073802386,2.49521711700604,2.1197117955690925,-0.3755053214369477,0.3755053214369477,-15.049003907423847
s19_sit,terma,TERMA,mid_upslope,median_mad,1.0,100.0,True,False,674,679,0.9815941088327444,0.005943536404160475,0.0004527392485020388,674,0,5,0.9926362297496318,1.0,0.9963045084996305,269.15828430842515,3.5069038067504965,4.565788388808436,0.04199343046228366,4.5690062486978045,670,735.4867256637168,738.5422847127517,3.055559049034855,3.055559049034855,0.41544720556002723,72.98405747012157,86.25835865627862,13.274301186157047,13.274301186157047,18.187946308125333,38.12612203835905,60.081356417742676,21.955234379383626,21.955234379383626,57.58580523163164,15.805022156573118,16.766467065868262,0.9614449092951443,0.9614449092951443,6.08316078124124,38.15427430110364,60.12636418994151,21.97208988883787,21.97208988883787,57.587492597657175,26.979146089562008,42.51575984679964,15.536613757237632,15.536613757237632,57.58749259765716,99.62665790782147,114.33905299940022,14.712395091578756,14.712395091578756,14.767528491411653,0.2708024805421475,0.3718393561211554,0.10103687557900787,0.10103687557900787,37.3101735909995,1.20006502287786,1.1658375945158965,-0.03422742836196346,0.03422742836196346,-2.85213115201734,1.3000334752008003,1.1121469888429771,-0.18788648635782312,0.18788648635782312,-14.452434490488994,1589.640840085845,4386.802888076844,2797.1620479909993,2797.1620479909993,175.9618888402455,637.0751584107528,1898.382601045611,1261.307442634858,1261.307442634858,197.98408805976905,2.49521711700604,2.3108107320729947,-0.1844063849330455,0.1844063849330455,-7.390394353911412
s19_sit,heartpy,HeartPy,mid_upslope,median_mad,1.0,100.0,True,False,666,679,0.9815941088327444,0.013533834586466165,0.021094245054456815,666,0,13,0.9808541973490427,1.0,0.9903345724907062,269.20619173851213,3.4603569845436017,4.503360816166368,-0.030166585159496245,4.5066804076251925,659,735.4867256637168,735.3462628990876,-0.1404627646292056,0.1404627646292056,-0.019097933345085107,72.98405747012157,71.12898688214946,-1.8550705879721079,1.8550705879721079,-2.541747680624008,38.12612203835905,40.35464861914312,2.22852658078407,2.22852658078407,5.845143596146308,15.805022156573118,16.6412213740458,0.8361992174726804,0.8361992174726804,5.290718413355184,38.15427430110364,40.385467553408475,2.231193252304834,2.231193252304834,5.847819918410282,26.979146089562008,28.556837968404423,1.5776918788424155,1.5776918788424155,5.847819918410281,99.62665790782147,96.45295513880473,-3.1737027690167423,3.1737027690167423,-3.185595939545797,0.2708024805421475,0.29607011964857366,0.025267639106426154,0.025267639106426154,9.330652753194968,1.20006502287786,1.3061050323297183,0.10604000945185832,0.10604000945185832,8.836188658974926,1.3000334752008003,1.265624614401809,-0.03440886079899119,0.03440886079899119,-2.6467672914096676,1589.640840085845,1609.1614359791843,19.520595893339305,19.520595893339305,1.2279878197068175,637.0751584107528,694.0840180748288,57.008859664076,57.008859664076,8.948529684674922,2.49521711700604,2.3183957475962247,-0.17682136940981552,0.17682136940981552,-7.086412168492169
s19_sit,findpeaks,find_peaks baseline,mid_upslope,median_mad,1.0,100.0,True,False,678,679,0.9815941088327444,0.005908419497784343,0.00014588091074838738,677,1,2,0.9970544918998527,0.9985250737463127,0.997789240972734,269.10570123412504,3.8122929738648734,6.522675735110687,0.01186168318025449,6.52750192843816,675,735.4867256637168,735.6144484854215,0.12772282170465132,0.12772282170465132,0.017365754846138372,72.98405747012157,75.28163012592661,2.297572655805041,2.297572655805041,3.1480473071062516,38.12612203835905,42.024569096841255,3.898447058482205,3.898447058482205,10.225133976542226,15.805022156573118,16.666666666666664,0.8616445100935461,0.8616445100935461,5.451713395638605,38.15427430110364,42.05350500354729,3.8992307024436528,3.8992307024436528,10.219643208705621,26.979146089562008,29.7363185606707,2.7571724711086922,2.7571724711086922,10.219643208705621,99.62665790782147,102.22719318895513,2.6005352811336593,2.6005352811336593,2.6102805571775556,0.2708024805421475,0.29088462309345187,0.02008214255130436,0.02008214255130436,7.415789733941817,1.20006502287786,1.267605385951581,0.06754036307372102,0.06754036307372102,5.628058629002733,1.3000334752008003,1.2410413581434752,-0.0589921170573251,0.0589921170573251,-4.537738310793367,1589.640840085845,1646.8901282713032,57.24928818545823,57.24928818545823,3.601397670581149,637.0751584107528,711.8951247908607,74.81996638010787,74.81996638010787,11.744291924166953,2.49521711700604,2.3133886873507157,-0.18182842965532453,0.18182842965532453,-7.287078483715145
s19_sit,msptdfast,MSPTDfast v2,mid_upslope,lipponen_tarvainen,1.0,100.0,True,False,677,679,0.9815941088327444,0.0014792899408284023,0.021830560831305072,678,0,1,0.9985272459499264,1.0,0.9992630803242447,269.00000000001035,4.209748892174094,7.77451808553799,0.023633677991188422,7.780230395157192,677,735.4867256637168,735.645494830133,0.1587691664161639,0.1587691664161639,0.021586951997384817,72.98405747012157,73.87746650593951,0.893409035817939,0.893409035817939,1.2241153298221128,38.12612203835905,39.40183292525728,1.2757108868982314,1.2757108868982314,3.3460284411163737,15.805022156573118,16.272189349112427,0.46716719253930883,0.46716719253930883,2.9558148537300193,38.15427430110364,39.43098840774061,1.276714106636966,1.276714106636966,3.3461889395706215,26.979146089562008,27.88191929200153,0.9027732024395227,0.9027732024395227,3.346188939570618,99.62665790782147,100.68941697748946,1.0627590696679903,1.0627590696679903,1.066741665319434,0.2708024805421475,0.27691012748872035,0.006107646946572842,0.006107646946572842,2.255388109571711,1.20006502287786,1.298016359515068,0.09795133663720801,0.09795133663720801,8.16216911332956,1.3000334752008003,1.2791473121766777,-0.020886163024122606,0.020886163024122606,-1.6065865550805587,1589.640840085845,1620.9279285232724,31.28708843742743,31.28708843742743,1.9681859982747951,637.0751584107528,692.1653196991258,55.090161288373,55.090161288373,8.647356683283787,2.49521711700604,2.3418219352969984,-0.15339518170904176,0.15339518170904176,-6.147568508711478
s19_sit,msptd,MSPTD,mid_upslope,lipponen_tarvainen,1.0,100.0,True,False,675,679,0.9815941088327444,0.002967359050445104,0.8942683117382906,676,1,3,0.9955817378497791,0.9985228951255539,0.9970501474926253,269.00000000001035,3.799703264097989,5.589440022277419,-0.07270029673585023,5.593117943427366,674,735.4867256637168,736.7337278106509,1.2470021469340509,1.2470021469340509,0.1695478794411596,72.98405747012157,76.15207077270976,3.168013302588193,3.168013302588193,4.340692217454646,38.12612203835905,44.43537129610012,6.309249257741072,6.309249257741072,16.548363485258946,15.805022156573118,16.296296296296298,0.49127413972317946,0.49127413972317946,3.1083419868466584,38.15427430110364,44.468304986450846,6.3140306853472055,6.3140306853472055,16.548685045136786,26.979146089562008,31.44384000379096,4.464693914228953,4.464693914228953,16.54868504513678,99.62665790782147,103.00272176869692,3.3760638608754476,3.3760638608754476,3.388715361704812,0.2708024805421475,0.3052719332446506,0.03446945270250307,0.03446945270250307,12.728632556649815,1.20006502287786,1.2541474776004597,0.05408245472259976,0.05408245472259976,4.506627032000761,1.3000334752008003,1.2242806742092822,-0.07575280099151804,0.07575280099151804,-5.826988491955365,1589.640840085845,1888.934301989132,299.29346190328715,299.29346190328715,18.827741107049345,637.0751584107528,987.2055169273178,350.130358516565,350.130358516565,54.959034879024316,2.49521711700604,1.9134154637511038,-0.5818016532549364,0.5818016532549364,-23.316674500575253
s19_sit,qppg,qppg (slope-sum),mid_upslope,lipponen_tarvainen,1.0,100.0,True,False,635,679,0.9815941088327444,0.017350157728706624,0.0032679391337042296,627,8,52,0.9234167893961709,0.9874015748031496,0.9543378995433791,269.9999999999867,3.6720516962875442,6.165593205848198,-0.0016155088851368792,6.170579321739333,619,735.4867256637168,741.2905296950242,5.803804031307436,5.803804031307436,0.7891106431689812,72.98405747012157,81.97957174492382,8.995514274802247,8.995514274802247,12.325314029690466,38.12612203835905,72.96719960810896,34.841077569749906,34.841077569749906,91.3837434992627,15.805022156573118,17.20257234726688,1.397550190693762,1.397550190693762,8.842443729903522,38.15427430110364,73.02591183680806,34.87163753570442,34.87163753570442,91.39641147543915,26.979146089562008,51.63711746213795,24.657971372575943,24.657971372575943,91.39641147543915,99.62665790782147,103.80225656103816,4.175598653216696,4.175598653216696,4.191246339990774,0.2708024805421475,0.4974565984678196,0.22665411792567208,0.22665411792567208,83.69720892951563,1.20006502287786,1.2197462451327614,0.01968122225490143,0.01968122225490143,1.640012989271544,1.3000334752008003,0.8673943698179482,-0.4326391053828521,0.4326391053828521,-33.27907424199424,1589.640840085845,1464.0811434085495,-125.5596966772955,125.5596966772955,-7.89862046262695,637.0751584107528,1619.0095131020216,981.9343546912688,981.9343546912688,154.1316345061706,2.49521711700604,0.9043066958904834,-1.5909104211155567,1.5909104211155567,-63.758396424614844
s19_sit,terma,TERMA,mid_upslope,lipponen_tarvainen,1.0,100.0,True,False,674,679,0.9815941088327444,0.0029717682020802376,0.0004186158328527084,675,1,4,0.9941089837997055,0.9985207100591716,0.9963099630996312,269.00000000001035,3.7752976190506393,5.551839034652564,-0.08482142857136699,5.555326008613691,672,735.4867256637168,737.8251851851852,2.338459521468394,2.338459521468394,0.3179472096329305,72.98405747012157,77.6325646347484,4.648507164626835,4.648507164626835,6.369209010515557,38.12612203835905,54.435040098309265,16.308918059950216,16.308918059950216,42.7762310668304,15.805022156573118,16.61721068249258,0.8121885259194617,0.8121885259194617,5.138800299509116,38.15427430110364,54.47545241570298,16.32117811459934,16.32117811459934,42.776801324530076,26.979146089562008,38.51996181134867,11.540815721786664,11.540815721786664,42.77680132453007,99.62665790782147,102.80974042175681,3.1830825139353465,3.1830825139353465,3.1950108342291883,0.2708024805421475,0.37467229907718935,0.10386981853504185,0.10386981853504185,38.35630247075068,1.20006502287786,1.2553878445489148,0.055322821671054845,0.055322821671054845,4.60998534382628,1.3000334752008003,1.125890824065346,-0.17414265113545424,0.17414265113545424,-13.395243619288847,1589.640840085845,1705.4914143758547,115.85057429000972,115.85057429000972,7.2878458686147916,637.0751584107528,1311.6245622226288,674.549403811876,674.549403811876,105.88223303112404,2.49521711700604,1.3002893232540524,-1.1949277937519878,1.1949277937519878,-47.88873022744237
s19_sit,heartpy,HeartPy,mid_upslope,lipponen_tarvainen,1.0,100.0,True,False,666,679,0.9815941088327444,0.007518796992481203,0.021055950864321993,667,3,12,0.9823269513991163,0.9955223880597015,0.988880652335063,269.00000000001035,3.753012048196034,5.709324438337648,0.03915662650606262,5.71349411253339,664,735.4867256637168,741.8652694610779,6.37854379736109,6.37854379736109,0.8672547817372195,72.98405747012157,97.20074495068367,24.2166874805621,24.2166874805621,33.18079087405629,38.12612203835905,72.89088392604675,34.764761887687705,34.764761887687705,91.18357710944363,15.805022156573118,16.94152923538231,1.1365070788091902,1.1365070788091902,7.190797124802072,38.15427430110364,72.94557503706022,34.79130073595658,34.79130073595658,91.18585367760545,26.979146089562008,51.58031076625743,24.601164676695426,24.601164676695426,91.18585367760545,99.62665790782147,127.41837065035804,27.791712742536575,27.791712742536575,27.89585972887956,0.2708024805421475,0.4048106289774825,0.13400814843533498,0.13400814843533498,49.48556902693439,1.20006502287786,1.0673864195087006,-0.13267860336915938,0.13267860336915938,-11.055951205959206,1.3000334752008003,1.1252794672697868,-0.17475400793101348,0.17475400793101348,-13.442269854168282,1589.640840085845,7570.570633114218,5980.929793028374,5980.929793028374,376.24409503126424,637.0751584107528,1317.1434581430667,680.0682997323139,680.0682997323139,106.74851950416836,2.49521711700604,5.747719116175355,3.2525019991693145,3.2525019991693145,130.34945845000954
s19_sit,findpeaks,find_peaks baseline,mid_upslope,lipponen_tarvainen,1.0,100.0,True,False,678,679,0.9815941088327444,0.0014771048744460858,0.000144282314699281,678,1,1,0.9985272459499264,0.9985272459499264,0.9985272459499264,269.00000000001035,3.9615952732673936,6.756582216598643,0.02363367799118859,6.7615364773308055,677,735.4867256637168,735.1548672566372,-0.3318584070796078,0.3318584070796078,-0.04512092407651989,72.98405747012157,75.0465610167469,2.0625035466253365,2.0625035466253365,2.82596448884702,38.12612203835905,40.806818731044956,2.680696692685906,2.680696692685906,7.031128657640113,15.805022156573118,16.248153618906944,0.4431314623338256,0.4431314623338256,2.8037383177570083,38.15427430110364,40.834582247639815,2.6803079465361748,2.6803079465361748,7.024921835451198,26.979146089562008,28.874410014225926,1.8952639246639187,1.8952639246639187,7.024921835451195,99.62665790782147,102.12855177280741,2.501893864985945,2.501893864985945,2.51126949104405,0.2708024805421475,0.28272612812976344,0.011923647587615938,0.011923647587615938,4.403079160776058,1.20006502287786,1.2476831592474928,0.04761813636963286,0.04761813636963286,3.967963023823529,1.3000334752008003,1.2425802195089741,-0.05745325569182613,0.05745325569182613,-4.419367407670178,1589.640840085845,1620.2301268303147,30.589286744469746,30.589286744469746,1.924289183638352,637.0751584107528,702.1722744629145,65.09711605216171,65.09711605216171,10.218121864075336,2.49521711700604,2.3074538624721614,-0.18776325453387877,0.18776325453387877,-7.524926518585767
s20_sit,msptdfast,MSPTDfast v2,mid_upslope,none,1.0,100.0,True,False,639,646,0.9890038914275565,0.001567398119122257,0.021978689994220448,636,3,10,0.9845201238390093,0.9953051643192489,0.9898832684824904,304.5684933316083,8.34934383528078,11.553638220570281,0.06942779599744285,11.562653913485866,627,766.8682170542636,773.5958985144468,6.727681460183248,6.727681460183248,0.8772930355656137,74.10586893935735,101.50159096136004,27.395722022002687,27.395722022002687,36.96835677673691,32.66239884235016,105.63225323169782,72.96985438934766,72.96985438934766,223.406292788069,12.422360248447205,20.59748427672956,8.175124028282355,8.175124028282355,65.80974842767296,32.687446985372894,105.71516621093943,73.02771922556653,73.02771922556653,223.41212288082716,23.113515423032943,74.75191090201825,51.63839547898531,51.63839547898531,223.4121228808272,102.22096178036888,122.54508456837922,20.324122788010342,20.324122788010342,19.882539191598084,0.22611326503358922,0.6099951798581301,0.3838819148245409,0.3838819148245409,169.7741681663458,1.2279136856694095,1.2069464351265606,-0.02096725054284887,0.02096725054284887,-1.7075508472257448,1.415432987332688,0.905495243014729,-0.5099377443179591,0.5099377443179591,-36.026978944366064,2517.6858937808493,3932.4693818746964,1414.7834880938472,1414.7834880938472,56.19380446101813,347.2051190071067,2652.22634194248,2305.0212229353733,2305.0212229353733,663.8788130563805,7.251292552888071,1.4827050465815719,-5.768587506306499,5.768587506306499,-79.55254134670052
s20_sit,msptd,MSPTD,mid_upslope,none,1.0,100.0,True,False,632,646,0.9890038914275565,0.0,0.9021541352476389,630,2,16,0.9752321981424149,0.9968354430379747,0.9859154929577464,304.5162681354957,8.276518907405563,11.472587550902642,0.16085008784321106,11.480782507481559,616,766.8682170542636,781.3821871574437,14.5139701031801,14.5139701031801,1.8926289785397497,74.10586893935735,119.97379558596892,45.867926646611565,45.867926646611565,61.89513368252441,32.66239884235016,143.41728917837804,110.75489033602788,110.75489033602788,339.0898839690329,12.422360248447205,21.58730158730159,9.164941338854383,9.164941338854383,73.77777777777779,32.687446985372894,143.53107604026948,110.84362905489658,110.84362905489658,339.1015184039834,23.113515423032943,101.49179717907656,78.3782817560436,78.3782817560436,339.10151840398345,102.22096178036888,135.96631332785668,33.7453515474878,33.7453515474878,33.01216400212785,0.22611326503358922,0.7464481068509121,0.5203348418173229,0.5203348418173229,230.12132514208176,1.2279136856694095,1.075544046435241,-0.15236963923416846,0.15236963923416846,-12.408823275807258,1.415432987332688,0.7737666657928173,-0.6416663215398708,0.6416663215398708,-45.3335712310237,2517.6858937808493,3844.110951303168,1326.4250575223186,1326.4250575223186,52.684294764443585,347.2051190071067,5175.897383308761,4828.692264301654,4828.692264301654,1390.7318757598212,7.251292552888071,0.7426945834938036,-6.508597969394267,6.508597969394267,-89.75776279777871
s20_sit,qppg,qppg (slope-sum),mid_upslope,none,1.0,100.0,True,False,635,646,0.9890038914275565,0.0031545741324921135,0.003332850268312241,634,1,12,0.9814241486068112,0.9984251968503937,0.9898516783762685,304.2934079906773,7.932926348529504,10.928763029035453,0.024500788709926762,10.93743332677241,629,766.8682170542636,769.5158273112618,2.6476102569981776,2.6476102569981776,0.34524970498429625,74.10586893935735,84.3480273519451,10.242158412587756,10.242158412587756,13.820981467701518,32.66239884235016,63.350024855283294,30.687626012933137,30.687626012933137,93.95398715523453,12.422360248447205,17.591125198098258,5.168764949651052,5.168764949651052,41.60855784469097,32.687446985372894,63.400265963135375,30.71281897776248,30.71281897776248,93.95906321930242,23.113515423032943,44.83075799156369,21.717242568530743,21.717242568530743,93.95906321930244,102.22096178036888,110.54131614120942,8.32035436084054,8.32035436084054,8.139577456449281,0.22611326503358922,0.4055565788116298,0.1794433137780406,0.1794433137780406,79.35992333372577,1.2279136856694095,1.3023914728005284,0.07447778713111886,0.07447778713111886,6.065392706370607,1.415432987332688,1.1970257438303376,-0.21840724350235052,0.21840724350235052,-15.430419204368548,2517.6858937808493,4723.283114227771,2205.5972204469217,2205.5972204469217,87.60414577112878,347.2051190071067,927.7816144947209,580.5764954876142,580.5764954876142,167.21426721699078,7.251292552888071,5.09094278269366,-2.1603497701944105,2.1603497701944105,-29.792616343054295
s20_sit,terma,TERMA,mid_upslope,none,1.0,100.0,True,False,642,646,0.9890038914275565,0.0015600624024961,0.000482084900954585,638,4,8,0.9876160990712074,0.9937694704049844,0.9906832298136645,304.5841194430424,8.35834966098958,11.551392271206142,-0.017035612133947095,11.56055839955273,630,766.8682170542636,772.3284338319306,5.4602167776670285,5.4602167776670285,0.7120150054778791,74.10586893935735,94.71769185607607,20.611822916718722,20.611822916718722,27.814022305825574,32.66239884235016,94.70192041185209,62.03952156950193,62.03952156950193,189.9417182092006,12.422360248447205,20.657276995305164,8.234916746857959,8.234916746857959,66.29107981220656,32.687446985372894,94.77610733322877,62.08866034785587,62.08866034785587,189.9464965117635,23.113515423032943,67.01682818979013,43.90331276675719,43.90331276675719,189.9464965117635,102.22096178036888,115.98114950484543,13.760187724476552,13.760187724476552,13.46121919107118,0.22611326503358922,0.5778251765558705,0.3517119115222813,0.3517119115222813,155.54678380767902,1.2279136856694095,1.2512635712328084,0.023349885563398898,0.023349885563398898,1.901590139104075,1.415432987332688,0.9495650206309347,-0.46586796670175334,0.46586796670175334,-32.91345975902808,2517.6858937808493,3466.0137029442853,948.3278091634361,948.3278091634361,37.66664505314112,347.2051190071067,2488.81195305153,2141.6068340444235,2141.6068340444235,616.8131507302427,7.251292552888071,1.3926378401930324,-5.858654712695039,5.858654712695039,-80.79462619890619
s20_sit,heartpy,HeartPy,mid_upslope,none,1.0,100.0,True,False,593,646,0.9890038914275565,0.016891891891891893,0.016642198576177537,590,3,56,0.913312693498452,0.9949409780775716,0.9523809523809524,304.59715622691175,7.870320011322577,10.926669748734444,0.08185811571896079,10.936346095090515,548,766.8682170542636,808.7634639114585,41.895246857194934,41.895246857194934,5.463161195821266,74.10586893935735,182.47308519250169,108.36721625314433,108.36721625314433,146.23297426257008,32.66239884235016,218.1694488456318,185.50705000328162,185.50705000328162,567.9529262337973,12.422360248447205,26.850258175559382,14.427897927112177,14.427897927112177,116.14457831325302,32.687446985372894,218.3506444673782,185.6631974820053,185.6631974820053,567.9954068149972,23.113515423032943,154.39722137933603,131.2837059563031,131.2837059563031,567.9954068149972,102.22096178036888,206.7712544569004,104.55029267653153,104.55029267653153,102.27872136555263,0.22611326503358922,0.7467054440660597,0.5205921790324705,0.5205921790324705,230.2351341285246,1.2279136856694095,0.7962517363860112,-0.4316619492833983,0.4316619492833983,-35.15409546462327,1.415432987332688,0.7800330826461628,-0.6353999046865253,0.6353999046865253,-44.89085038804305,2517.6858937808493,5015.290089571464,2497.6041957906145,2497.6041957906145,99.20237476645357,347.2051190071067,7507.281920889451,7160.076801882344,7160.076801882344,2062.2036974448497,7.251292552888071,0.6680567137909296,-6.583235839097141,6.583235839097141,-90.78706714812031
s20_sit,findpeaks,find_peaks baseline,mid_upslope,none,1.0,100.0,True,False,647,646,0.9890038914275565,0.0015479876160990713,0.00013980074609012635,643,4,3,0.9953560371517027,0.9938176197836167,0.9945862335653519,304.59619826581996,8.433765019426355,11.679241223555135,0.011239509633342573,11.688385237718592,639,766.8682170542636,766.3413917092024,-0.5268253450611837,0.5268253450611837,-0.06869828913823736,74.10586893935735,80.19446172683092,6.088592787473573,6.088592787473573,8.2160736721892,32.66239884235016,58.39811203033243,25.73571318798227,25.73571318798227,78.79308960802129,12.422360248447205,19.875776397515526,7.453416149068321,7.453416149068321,59.99999999999998,32.687446985372894,58.443502136844074,25.75605515147118,25.75605515147118,78.79494278949531,23.113515423032943,41.32579667725293,18.212281254219988,18.212281254219988,78.79494278949534,102.22096178036888,105.61478074731136,3.393818966942476,3.393818966942476,3.3200812317090183,0.22611326503358922,0.39128800329687724,0.16517473826328802,0.16517473826328802,73.04955692836121,1.2279136856694095,1.4021841600345069,0.17427047436509735,0.17427047436509735,14.192404270670869,1.415432987332688,1.2131556381138888,-0.20227734921879925,0.20227734921879925,-14.290846054109611,2517.6858937808493,2707.9803164777377,190.29442269688843,190.29442269688843,7.5583067437820945,347.2051190071067,575.0818409592963,227.8767219521896,227.8767219521896,65.63172876132778,7.251292552888071,4.70886076312294,-2.5424317897651303,2.5424317897651303,-35.06177376270002
s20_sit,msptdfast,MSPTDfast v2,mid_upslope,median_mad,1.0,100.0,True,False,639,646,0.9890038914275565,0.017241379310344827,0.027653941483473866,636,3,10,0.9845201238390093,0.9953051643192489,0.9898832684824904,304.5684933316083,8.34934383528078,11.553638220570281,0.06942779599744285,11.562653913485866,627,766.8682170542636,767.4579193371359,0.5897022828722811,0.5897022828722811,0.07689747335434997,74.10586893935735,79.1813121506051,5.075443211247745,5.075443211247745,6.848908573491128,32.66239884235016,51.8011573296954,19.138758487345243,19.138758487345243,58.59569157709836,12.422360248447205,19.169329073482427,6.746968825035221,6.746968825035221,54.31309904153353,32.687446985372894,51.842099034566424,19.15465204919353,19.15465204919353,58.599412972707626,23.113515423032943,36.65789977828649,13.544384355253548,13.544384355253548,58.59941297270765,102.22096178036888,105.80906753028414,3.5881057499152575,3.5881057499152575,3.510146732550445,0.22611326503358922,0.34645329208476816,0.12034002705117894,0.12034002705117894,53.22112660365254,1.2279136856694095,1.4224643303563258,0.1945506446869163,0.1945506446869163,15.844000026830475,1.415432987332688,1.2641399405858582,-0.15129304674682986,0.15129304674682986,-10.688817351355782,2517.6858937808493,2635.116353790808,117.43046000995855,117.43046000995855,4.664222026267596,347.2051190071067,551.8640702576704,204.6589512505637,204.6589512505637,58.94468141363281,7.251292552888071,4.774937336580814,-2.4763552163072564,2.4763552163072564,-34.150535207974265
s20_sit,msptd,MSPTD,mid_upslope,median_mad,1.0,100.0,True,False,632,646,0.9890038914275565,0.020602218700475437,0.8954846442006748,630,2,16,0.9752321981424149,0.9968354430379747,0.9859154929577464,304.5162681354957,8.276518907405563,11.472587550902642,0.16085008784321106,11.480782507481559,616,766.8682170542636,770.9868563210249,4.118639266761306,4.118639266761306,0.5370726254091023,74.10586893935735,88.87127590006995,14.765406960712596,14.765406960712596,19.924747084195843,32.66239884235016,75.6404084621943,42.978009619844144,42.978009619844144,131.58252652318583,12.422360248447205,19.124797406807133,6.702437158359928,6.702437158359928,53.95461912479742,32.687446985372894,75.70143985585149,43.013992870478596,43.013992870478596,131.5917786106901,23.113515423032943,53.52900146765817,30.415486044625226,30.415486044625226,131.5917786106901,102.22096178036888,113.71391015213642,11.49294837176754,11.49294837176754,11.243240301789758,0.22611326503358922,0.4707339796515869,0.2446207146179977,0.2446207146179977,108.18503486810435,1.2279136856694095,1.296280360942525,0.06836667527311557,0.06836667527311557,5.567710179550999,1.415432987332688,1.0923370681483227,-0.3230959191843654,0.3230959191843654,-22.826648953068652,2517.6858937808493,3086.704050639195,569.0181568583457,569.0181568583457,22.60083985313363,347.2051190071067,1258.4321671625676,911.2270481554608,911.2270481554608,262.44631725513517,7.251292552888071,2.452817188866761,-4.79847536402131,4.79847536402131,-66.17406936795228
s20_sit,qppg,qppg (slope-sum),mid_upslope,median_mad,1.0,100.0,True,False,635,646,0.9890038914275565,0.00946372239747634,0.003366553099100922,634,1,12,0.9814241486068112,0.9984251968503937,0.9898516783762685,304.2934079906773,7.932926348529504,10.928763029035453,0.024500788709926762,10.93743332677241,629,766.8682170542636,767.9552367644334,1.087019710169784,1.087019710169784,0.14174791522137975,74.10586893935735,76.9429114087329,2.8370424693755467,2.8370424693755467,3.8283640823335707,32.66239884235016,39.77675574976858,7.114356907418426,7.114356907418426,21.781489295250203,12.422360248447205,17.22488038277512,4.802520134327914,4.802520134327914,38.6602870813397,32.687446985372894,39.808486618946425,7.121039633573531,7.121039633573531,21.785242624668978,23.113515423032943,28.148850837030956,5.035335413998013,5.035335413998013,21.785242624668985,102.22096178036888,105.10977798786762,2.888816207498735,2.888816207498735,2.8260507015240393,0.22611326503358922,0.26780430304286307,0.041691038009273845,0.041691038009273845,18.43812126771095,1.2279136856694095,1.4021258263365712,0.17421214066716173,0.17421214066716173,14.187653635620833,1.415432987332688,1.3663053076343616,-0.04912767969832643,0.04912767969832643,-3.470858750501856,2517.6858937808493,2650.45474590221,132.76885212136085,132.76885212136085,5.273447829585276,347.2051190071067,450.832604530703,103.6274855235963,103.6274855235963,29.846185972124225,7.251292552888071,5.879021879221042,-1.3722706736670292,1.3722706736670292,-18.924497441776452
s20_sit,terma,TERMA,mid_upslope,median_mad,1.0,100.0,True,False,642,646,0.9890038914275565,0.0124804992199688,0.00043676833931727483,638,4,8,0.9876160990712074,0.9937694704049844,0.9906832298136645,304.5841194430424,8.35834966098958,11.551392271206142,-0.017035612133947095,11.56055839955273,630,766.8682170542636,768.3138434142362,1.4456263599726071,1.4456263599726071,0.18851040215561765,74.10586893935735,81.18306915115137,7.077200211794022,7.077200211794022,9.550121080943628,32.66239884235016,60.78162314846236,28.1192243061122,28.1192243061122,86.09050560503455,12.422360248447205,19.462025316455698,7.0396650680084925,7.0396650680084925,56.669303797468366,32.687446985372894,60.8297641088609,28.142317123488006,28.142317123488006,86.09518245974132,23.113515423032943,43.01313869935361,19.899623276320668,19.899623276320668,86.09518245974134,102.22096178036888,106.44835054067968,4.227388760310802,4.227388760310802,4.135539997553276,0.22611326503358922,0.4040752015496563,0.1779619365160671,0.1779619365160671,78.70477501159907,1.2279136856694095,1.3838859649789823,0.1559722793095728,0.1559722793095728,12.70221849710413,1.415432987332688,1.1879296010334655,-0.22750338629922262,0.22750338629922262,-16.073059504423536,2517.6858937808493,2823.4427057420853,305.75681196123605,305.75681196123605,12.144358941538817,347.2051190071067,914.6677902499105,567.4626712428037,567.4626712428037,163.43729979142063,7.251292552888071,3.0868504782164123,-4.164442074671658,4.164442074671658,-57.43034147771392
s20_sit,heartpy,HeartPy,mid_upslope,median_mad,1.0,100.0,True,False,593,646,0.9890038914275565,0.06587837837837837,0.016544480954563182,590,3,56,0.913312693498452,0.9949409780775716,0.9523809523809524,304.59715622691175,7.870320011322577,10.926669748734444,0.08185811571896079,10.936346095090515,548,766.8682170542636,776.9965524877356,10.128335433471989,10.128335433471989,1.3207400187189278,74.10586893935735,106.50869278717707,32.40282384781972,32.40282384781972,43.72504406410205,32.66239884235016,107.67364301922865,75.01124417687849,75.01124417687849,229.65626174284145,12.422360248447205,21.920289855072465,9.49792960662526,9.49792960662526,76.45833333333334,32.687446985372894,107.75603959789333,75.06859261252043,75.06859261252043,229.65572271860944,23.113515423032943,76.19502631347652,53.081510890443575,53.081510890443575,229.6557227186095,102.22096178036888,129.93275662262826,27.71179484225938,27.71179484225938,27.109698793287343,0.22611326503358922,0.5864189161688799,0.36030565113529067,0.36030565113529067,159.3474186849529,1.2279136856694095,1.1595069065233397,-0.06840677914606985,0.06840677914606985,-5.5709761968144536,1.415432987332688,1.0013595621077154,-0.4140734252249727,0.4140734252249727,-29.25418786552892,2517.6858937808493,2953.401883789711,435.7159900088618,435.7159900088618,17.306209288663098,347.2051190071067,1034.7432926549131,687.5381736478064,687.5381736478064,198.02074796994387,7.251292552888071,2.854236316151382,-4.397056236736688,4.397056236736688,-60.63824076419883
s20_sit,findpeaks,find_peaks baseline,mid_upslope,median_mad,1.0,100.0,True,False,647,646,0.9890038914275565,0.009287925696594427,0.00014483861040131006,643,4,3,0.9953560371517027,0.9938176197836167,0.9945862335653519,304.59619826581996,8.433765019426355,11.679241223555135,0.011239509633342573,11.688385237718592,639,766.8682170542636,766.7188900725683,-0.14932698169525338,0.14932698169525338,-0.019472313283350872,74.10586893935735,78.28857095265016,4.182702013292811,4.182702013292811,5.644225043384376,32.66239884235016,49.731523915801425,17.069125073451268,17.069125073451268,52.25925124433724,12.422360248447205,19.405320813771517,6.982960565324312,6.982960565324312,56.21283255086071,32.687446985372894,49.770479728564986,17.083032743192092,17.083032743192092,52.261752809378095,23.113515423032943,35.1930437189759,12.079528295942957,12.079528295942957,52.26175280937809,102.22096178036888,104.9745224204927,2.7535606401238226,2.7535606401238226,2.693733841049256,0.22611326503358922,0.3352531919888559,0.10913992695526667,0.10913992695526667,48.26781256688054,1.2279136856694095,1.4221562355117063,0.19424254984229683,0.19424254984229683,15.818909106498277,1.415432987332688,1.272294755374774,-0.14313823195791398,0.14313823195791398,-10.11268164857813,2517.6858937808493,2648.794927532104,131.10903375125463,131.10903375125463,5.207521481338011,347.2051190071067,526.2988615849318,179.09374257782514,179.09374257782514,51.58153862764892,7.251292552888071,5.03287223452345,-2.218420318364621,2.218420318364621,-30.59344664670936
s20_sit,msptdfast,MSPTDfast v2,mid_upslope,lipponen_tarvainen,1.0,100.0,True,False,639,646,0.9890038914275565,0.007836990595611285,0.024812767435386456,643,1,3,0.9953560371517027,0.9984472049689441,0.9968992248062016,304.00000000004223,9.1092043681736,13.862090978729993,0.02652106084245445,13.87289112024803,641,766.8682170542636,766.7993779160187,-0.06883913824492538,0.06883913824492538,-0.008976658142040893,74.10586893935735,76.89373579150451,2.787866852147161,2.787866852147161,3.7620054822223876,32.66239884235016,40.769907508545465,8.107508666195308,8.107508666195308,24.822147036191016,12.422360248447205,18.38006230529595,5.9577020568487455,5.9577020568487455,47.9595015576324,32.687446985372894,40.801104889872114,8.11365790449922,8.11365790449922,24.821938244763967,23.113515423032943,28.850737947532178,5.737222524499234,5.737222524499234,24.821938244763974,102.22096178036888,104.84716556888999,2.62620378852111,2.62620378852111,2.569144080412538,0.22611326503358922,0.275169460146977,0.049056195113387796,0.049056195113387796,21.695407877154167,1.2279136856694095,1.445638431682804,0.21772474601339442,0.21772474601339442,17.731274482432337,1.415432987332688,1.319602772883243,-0.09583021444944517,0.09583021444944517,-6.77038159397658,2517.6858937808493,2679.8648980825824,162.17900430173313,162.17900430173313,6.441590061029667,347.2051190071067,498.4730350078404,151.2679160007337,151.2679160007337,43.56730581430094,7.251292552888071,5.376148176280852,-1.8751443766072189,1.8751443766072189,-25.859450062601315
s20_sit,msptd,MSPTD,mid_upslope,lipponen_tarvainen,1.0,100.0,True,False,632,646,0.9890038914275565,0.01901743264659271,0.9012786730392963,643,1,3,0.9953560371517027,0.9984472049689441,0.9968992248062016,304.0000000000377,9.187207488298622,14.13799827838959,0.02652106084245445,14.149014383845099,641,766.8682170542636,766.7993779160188,-0.06883913824481169,0.06883913824481169,-0.008976658142026068,74.10586893935735,76.70515544529246,2.599286505935112,2.599286505935112,3.5075312429872074,32.66239884235016,40.58034989385491,7.917951051504751,7.917951051504751,24.241792801936867,12.422360248447205,18.06853582554517,5.646175577097964,5.646175577097964,45.4517133956386,32.687446985372894,40.61139670646206,7.923949721089166,7.923949721089166,24.24156809993453,23.113515423032943,28.716594004596345,5.603078581563402,5.603078581563402,24.241568099934533,102.22096178036888,104.60745180219304,2.3864900218241587,2.3864900218241587,2.3346385910081255,0.22611326503358922,0.2745176706808407,0.048404405647251486,0.048404405647251486,21.407149925530017,1.2279136856694095,1.4241682914222726,0.19625460575286313,0.19625460575286313,15.982768825145307,1.415432987332688,1.3130489302185342,-0.10238405711415388,0.10238405711415388,-7.233409001375012,2517.6858937808493,2653.40080169635,135.7149079155006,135.7149079155006,5.390462259439971,347.2051190071067,492.0617609265363,144.8566419194296,144.8566419194296,41.720767923489234,7.251292552888071,5.392414148785068,-1.8588784041030024,1.8588784041030024,-25.635131813329497
s20_sit,qppg,qppg (slope-sum),mid_upslope,lipponen_tarvainen,1.0,100.0,True,False,635,646,0.9890038914275565,0.006309148264984227,0.0033233073904177786,635,2,11,0.9829721362229102,0.9968602825745683,0.9898674980514419,304.00000000000017,7.998410174880616,11.08494445816837,-0.06836248012716034,11.093555569810743,629,766.8682170542636,773.0331230283913,6.1649059741276915,6.1649059741276915,0.8039068300168531,74.10586893935735,105.25679351954543,31.150924580188075,31.150924580188075,42.03570516888432,32.66239884235016,87.32319080546847,54.660791963118314,54.660791963118314,167.3508189859129,12.422360248447205,17.377567140600316,4.955206892153111,4.955206892153111,39.88941548183254,32.687446985372894,87.39223708983022,54.704790104457324,54.704790104457324,167.35718188372692,23.113515423032943,61.795643469281465,38.68212804624852,38.68212804624852,167.35718188372695,102.22096178036888,135.4226111557811,33.20164937541223,33.20164937541223,32.4802748840781,0.22611326503358922,0.45631702816744457,0.23020376313385535,0.23020376313385535,101.80904826599115,1.2279136856694095,1.1129751926684712,-0.11493849300093828,0.11493849300093828,-9.360470067428103,1.415432987332688,1.01710298582481,-0.3983300015078781,0.3983300015078781,-28.141918767804817,2517.6858937808493,12305.990957006887,9788.305063226038,9788.305063226038,388.7818209334598,347.2051190071067,1630.1244800362633,1282.9193610291566,1282.9193610291566,369.4989764833788,7.251292552888071,7.549111192252711,0.2978186393646407,0.2978186393646407,4.107111072853135
s20_sit,terma,TERMA,mid_upslope,lipponen_tarvainen,1.0,100.0,True,False,642,646,0.9890038914275565,0.0062402496099844,0.0004620303238180014,645,1,1,0.9984520123839009,0.9984520123839009,0.9984520123839009,304.99999999999017,9.017080745340621,13.51264648049337,-0.035714285714244585,13.52310266580121,644,766.8682170542636,766.7875968992248,-0.08062015503878683,0.08062015503878683,-0.010512908638784041,74.10586893935735,77.00582680195117,2.8999578625938227,2.8999578625938227,3.91326342177693,32.66239884235016,40.81040468354502,8.148005841194866,8.148005841194866,24.946134178700124,12.422360248447205,18.633540372670808,6.211180124223603,6.211180124223603,50.0,32.687446985372894,40.842121732173574,8.15467474680068,8.15467474680068,24.94742018380868,23.113515423032943,28.879741234866398,5.766225811833454,5.766225811833454,24.94742018380869,102.22096178036888,105.00359645798501,2.78263467761613,2.78263467761613,2.722176184953998,0.22611326503358922,0.2750357340990889,0.04892246906549966,0.04892246906549966,21.63626669944915,1.2279136856694095,1.4258137324468927,0.19790004677748319,0.19790004677748319,16.116771812800177,1.415432987332688,1.351612719284815,-0.063820268047873,0.063820268047873,-4.5088865823410735,2517.6858937808493,2724.9313085238505,207.24541474300122,207.24541474300122,8.23158342567418,347.2051190071067,472.8394870830115,125.63436807590477,125.63436807590477,36.18448035420044,7.251292552888071,5.762909788550428,-1.4883827643376426,1.4883827643376426,-20.525758042196824
s20_sit,heartpy,HeartPy,mid_upslope,lipponen_tarvainen,1.0,100.0,True,False,593,646,0.9890038914275565,0.06587837837837837,0.019180543669506302,607,24,39,0.9396284829721362,0.9619651347068146,0.9506656225528581,304.9999999999791,10.255536626916626,19.10002363600728,0.0681431005110748,19.116191976770708,587,766.8682170542636,782.5389507154214,15.670733661157783,15.670733661157783,2.0434715264837897,74.10586893935735,120.38124348491105,46.2753745455537,46.2753745455537,62.444952347056315,32.66239884235016,105.63848941488884,72.97609057253868,72.97609057253868,223.425385639213,12.422360248447205,22.29299363057325,9.870633382126044,9.870633382126044,79.45859872611466,32.687446985372894,105.7186286229422,73.03118163756932,73.03118163756932,223.42271536302482,23.113515423032943,74.75435919702468,51.64084377399174,51.64084377399174,223.42271536302482,102.22096178036888,152.95448129096803,50.73351951059915,50.73351951059915,49.63122888591557,0.22611326503358922,0.4887359858049411,0.26262272077135185,0.26262272077135185,116.14653423024038,1.2279136856694095,1.0834652937101585,-0.14444839195925097,0.14444839195925097,-11.76372522312132,1.415432987332688,0.9789552690816153,-0.43647771825107273,0.43647771825107273,-30.83704577732026,2517.6858937808493,7018.08574370942,4500.399849928571,4500.399849928571,178.75144238784483,347.2051190071067,3180.34488184633,2833.1397628392233,2833.1397628392233,815.9844448552711,7.251292552888071,2.206705877645293,-5.044586675242778,5.044586675242778,-69.5681030443821
s20_sit,findpeaks,find_peaks baseline,mid_upslope,lipponen_tarvainen,1.0,100.0,True,False,647,646,0.9890038914275565,0.0015479876160990713,0.00014023671494760632,645,1,1,0.9984520123839009,0.9984520123839009,0.9984520123839009,304.99999999999727,9.007763975154397,13.553723331580512,-0.035714285714244585,13.56421158919301,644,766.8682170542636,766.7875968992248,-0.08062015503878683,0.08062015503878683,-0.010512908638784041,74.10586893935735,77.0729055192472,2.96703657988985,2.96703657988985,4.0037808372746415,32.66239884235016,41.07917291286297,8.416774070512815,8.416774070512815,25.769001570085546,12.422360248447205,19.099378881987576,6.677018633540371,6.677018633540371,53.749999999999986,32.687446985372894,41.111098908498825,8.42365192312593,8.42365192312593,25.770296245208076,23.113515423032943,29.069936820230392,5.956421397197449,5.956421397197449,25.77029624520808,102.22096178036888,105.04953261973813,2.828570839369249,2.828570839369249,2.7671142886003097,0.22611326503358922,0.2767259986339848,0.05061273360039556,0.05061273360039556,22.383796719257944,1.2279136856694095,1.4335472459704361,0.20563356030102664,0.20563356030102664,16.746581026086,1.415432987332688,1.3506959315541247,-0.06473705577856337,0.06473705577856337,-4.5736574149340035,2517.6858937808493,2728.704192933984,211.01829915313465,211.01829915313465,8.381438672488454,347.2051190071067,474.3939742169811,127.18885520987442,127.18885520987442,36.63219470196552,7.251292552888071,5.751979032697226,-1.499313520190845,1.499313520190845,-20.676500213657675
s21_sit,msptdfast,MSPTDfast v2,mid_upslope,none,1.0,100.0,True,False,634,633,0.9798397961933224,0.004739336492890996,0.027514428141489074,631,3,2,0.9968404423380727,0.9952681388012619,0.9960536700868193,273.13146229909114,4.868606310321391,6.014179335231455,-0.01872736361608448,6.0189518953607,627,774.8196202531645,773.5495982093885,-1.2700220437760663,1.2700220437760663,-0.16391196229144267,52.2009319902233,56.45833337923685,4.257401389013545,4.257401389013545,8.15579574290151,27.641925941050285,39.569131443717424,11.927205502667139,11.927205502667139,43.1489670007196,6.497622820919176,11.92368839427663,5.426065573357453,5.426065573357453,83.50847260459886,27.66385364206527,39.600589116137414,11.936735474072144,11.936735474072144,43.14921423644792,19.561298504056523,28.001845103002957,8.440546598946433,8.440546598946433,43.14921423644793,71.18448006504671,74.77287935307513,3.5883992880284126,3.5883992880284126,5.040985457433162,0.27479723791171706,0.37449199957619855,0.09969476166448149,0.09969476166448149,36.279390004826034,1.3542535031170952,1.494562039287846,0.14030853617075079,0.14030853617075079,10.360581371789078,1.2158031721325702,1.0501344210195345,-0.1656687511130357,0.1656687511130357,-13.62628054526669,726.3259908518609,836.7281971619224,110.4022063100615,110.4022063100615,15.200090276347936,237.06089676557548,371.7096298539488,134.64873308837332,134.64873308837332,56.799216963025586,3.0638793692327475,2.2510264194411307,-0.8128529497916168,0.8128529497916168,-26.530187772868167
s21_sit,msptd,MSPTD,mid_upslope,none,1.0,100.0,True,False,630,633,0.9798397961933224,0.0,0.8851391372518402,630,0,3,0.995260663507109,1.0,0.997624703087886,273.13639907467325,4.885332483413734,6.033662646119729,-0.03834546540704203,6.038350316417141,628,774.8196202531645,775.9647105141465,1.1450902609819877,1.1450902609819877,0.14778797942775906,52.2009319902233,62.89296203829864,10.692030048075338,10.692030048075338,20.482450485899076,27.641925941050285,55.99535203575626,28.353426094705977,28.353426094705977,102.57398907432518,6.497622820919176,11.464968152866243,4.967345331947067,4.967345331947067,76.4486562063073,27.66385364206527,56.03996361751229,28.376109975447022,28.376109975447022,102.57468226443586,19.561298504056523,39.62623829139035,20.064939787333827,20.064939787333827,102.57468226443588,71.18448006504671,79.62920687019114,8.444726805144427,8.444726805144427,11.863157246393923,0.27479723791171706,0.4976344716830812,0.22283723377136416,0.22283723377136416,81.09151149581574,1.3542535031170952,1.390288835627641,0.0360353325105458,0.0360353325105458,2.660900077245731,1.2158031721325702,0.9076294449242983,-0.30817372720827185,0.30817372720827185,-25.347336992691186,726.3259908518609,1188.1868207819555,461.8608299300946,461.8608299300946,63.5886414292304,237.06089676557548,992.551611199371,755.4907144337956,755.4907144337956,318.69056632350646,3.0638793692327475,1.1971033116818828,-1.8667760575508647,1.8667760575508647,-60.9285103159378
s21_sit,qppg,qppg (slope-sum),mid_upslope,none,1.0,100.0,True,False,632,633,0.9798397961933224,0.0,0.0032763148220049166,632,0,1,0.9984202211690363,1.0,0.9992094861660079,273.31057209286803,4.894144084006142,6.0446344065250175,-0.00701311827779331,6.0494257616102285,631,774.8196202531645,774.7980581970946,-0.021562056069910795,0.021562056069910795,-0.002782848485801845,52.2009319902233,53.79187739557763,1.5909454053543257,1.5909454053543257,3.047733717957935,27.641925941050285,31.550042463463058,3.9081165224127723,3.9081165224127723,14.138365505888766,6.497622820919176,11.428571428571429,4.930948607652253,4.930948607652253,75.88850174216029,27.66385364206527,31.575006652071615,3.9111530100063447,3.9111530100063447,14.138135129731529,19.561298504056523,22.326901319690187,2.765602815633663,2.765602815633663,14.138135129731527,71.18448006504671,72.7230474123749,1.5385673473281827,1.5385673473281827,2.1613803260517965,0.27479723791171706,0.30701272999584084,0.032215492084123776,0.032215492084123776,11.723368229222707,1.3542535031170952,1.5378110611039713,0.183557557986876,0.183557557986876,13.554150501688216,1.2158031721325702,1.1604000259973533,-0.05540314613521691,0.05540314613521691,-4.556917386392194,726.3259908518609,762.9965783682813,36.67058751642048,36.67058751642048,5.04877809389857,237.06089676557548,292.3074048109529,55.246508045377425,55.246508045377425,23.304774764270604,3.0638793692327475,2.610254019605635,-0.4536253496271123,0.4536253496271123,-14.805587784636199
s21_sit,terma,TERMA,mid_upslope,none,1.0,100.0,True,False,632,633,0.9798397961933224,0.0,0.00044095240402355787,632,0,1,0.9984202211690363,1.0,0.9992094861660079,273.13639907467325,4.893184789537928,6.041707050748716,-0.0069670994678996566,6.04649613476903,631,774.8196202531645,774.7981042159046,-0.0215160372599712,0.0215160372599712,-0.002776909192482897,52.2009319902233,53.79383747644231,1.59290548621901,1.59290548621901,3.0514885951027555,27.641925941050285,31.56186491808697,3.9199389770366864,3.9199389770366864,14.181135516376193,6.497622820919176,11.11111111111111,4.613488290191935,4.613488290191935,71.00271002710026,27.66385364206527,31.586841107661556,3.922987465596286,3.922987465596286,14.180914620047897,19.561298504056523,22.335269543489485,2.7739710394329613,2.7739710394329613,14.180914620047893,71.18448006504671,72.72337750203472,1.5388974369880088,1.5388974369880088,2.1618440362025546,0.27479723791171706,0.30712640571272376,0.0323291678010067,0.0323291678010067,11.764735354215224,1.3542535031170952,1.5482367555771932,0.19398325246009795,0.19398325246009795,14.323998572911593,1.2158031721325702,1.160113128032205,-0.055690044100365155,0.055690044100365155,-4.58051478864646,726.3259908518609,762.964331767852,36.63834091599108,36.63834091599108,5.044338406921159,237.06089676557548,292.32075645486754,55.25985968929206,55.25985968929206,23.310406922124052,3.0638793692327475,2.610024484818439,-0.45385488441430866,0.45385488441430866,-14.813079423814338
s21_sit,heartpy,HeartPy,mid_upslope,none,1.0,100.0,True,False,630,633,0.9798397961933224,0.0,0.019180559978407206,630,0,3,0.995260663507109,1.0,0.997624703087886,273.13639907467325,4.868903002211158,5.993472221656763,0.037891888713140025,5.998137553032422,627,774.8196202531645,777.2616911927438,2.442070939579253,2.442070939579253,0.31517928505493065,52.2009319902233,61.72651315434546,9.525581164122158,9.525581164122158,18.24791397576235,27.641925941050285,59.22558265825423,31.583656717203947,31.583656717203947,114.25997155393542,6.497622820919176,11.624203821656051,5.126581000736875,5.126581000736875,78.89933198695044,27.66385364206527,59.27273805780056,31.60888441573529,31.60888441573529,114.26059732932963,19.561298504056523,41.91215502016473,22.35085651610821,22.35085651610821,114.26059732932966,71.18448006504671,76.57477465819176,5.390294593145043,5.390294593145043,7.572289055450735,0.27479723791171706,0.5473363154805064,0.27253907756878937,0.27253907756878937,99.17824489063709,1.3542535031170952,1.4068224781534424,0.052568975036347165,0.052568975036347165,3.8817676982447353,1.2158031721325702,1.1179038628485567,-0.09789930928401347,0.09789930928401347,-8.052233414747056,726.3259908518609,876.9689407993131,150.64294994745228,150.64294994745228,20.74040470048069,237.06089676557548,843.3014873983994,606.240590632824,606.240590632824,255.73200764203747,3.0638793692327475,1.0399233890892075,-2.02395598014354,2.02395598014354,-66.05860532460768
s21_sit,findpeaks,find_peaks baseline,mid_upslope,none,1.0,100.0,True,False,632,633,0.9798397961933224,0.0,0.00013387061202578727,632,0,1,0.9984202211690363,1.0,0.9992094861660079,273.13639907467325,4.893184789537928,6.041707050748716,-0.0069670994678996566,6.04649613476903,631,774.8196202531645,774.7981042159046,-0.0215160372599712,0.0215160372599712,-0.002776909192482897,52.2009319902233,53.79383747644231,1.59290548621901,1.59290548621901,3.0514885951027555,27.641925941050285,31.56186491808697,3.9199389770366864,3.9199389770366864,14.181135516376193,6.497622820919176,11.11111111111111,4.613488290191935,4.613488290191935,71.00271002710026,27.66385364206527,31.586841107661556,3.922987465596286,3.922987465596286,14.180914620047897,19.561298504056523,22.335269543489485,2.7739710394329613,2.7739710394329613,14.180914620047893,71.18448006504671,72.72337750203472,1.5388974369880088,1.5388974369880088,2.1618440362025546,0.27479723791171706,0.30712640571272376,0.0323291678010067,0.0323291678010067,11.764735354215224,1.3542535031170952,1.5482367555771932,0.19398325246009795,0.19398325246009795,14.323998572911593,1.2158031721325702,1.160113128032205,-0.055690044100365155,0.055690044100365155,-4.58051478864646,726.3259908518609,762.964331767852,36.63834091599108,36.63834091599108,5.044338406921159,237.06089676557548,292.32075645486754,55.25985968929206,55.25985968929206,23.310406922124052,3.0638793692327475,2.610024484818439,-0.45385488441430866,0.45385488441430866,-14.813079423814338
s21_sit,msptdfast,MSPTDfast v2,mid_upslope,median_mad,1.0,100.0,True,False,634,633,0.9798397961933224,0.01579778830963665,0.024778837910311047,631,3,2,0.9968404423380727,0.9952681388012619,0.9960536700868193,273.13146229909114,4.868606310321391,6.014179335231455,-0.01872736361608448,6.0189518953607,627,774.8196202531645,774.00000907371,-0.8196111794545686,0.8196111794545686,-0.10578090151960387,52.2009319902233,55.42451099841653,3.2235790081932265,3.2235790081932265,6.175328457348175,27.641925941050285,37.62075766803615,9.978831726985863,9.978831726985863,36.10034897086012,6.497622820919176,11.736334405144696,5.23871158422552,5.23871158422552,80.62504901576348,27.66385364206527,37.650999505388235,9.987145863322965,9.987145863322965,36.10178824882391,19.561298504056523,26.62327706871137,7.061978564654847,7.061978564654847,36.10178824882392,71.18448006504671,73.72214020869048,2.5376601436437625,2.5376601436437625,3.564906481475889,0.27479723791171706,0.36113000780155025,0.08633276988983318,0.08633276988983318,31.416898708992463,1.3542535031170952,1.4939787767120452,0.1397252735949499,0.1397252735949499,10.317512435695622,1.2158031721325702,1.1448988497417087,-0.07090432239086142,0.07090432239086142,-5.831891544294315,726.3259908518609,801.4308437877617,75.1048529359008,75.1048529359008,10.34037799581083,237.06089676557548,332.3871239784597,95.32622721288425,95.32622721288425,40.21170446644785,3.0638793692327475,2.4111368520992955,-0.652742517133452,0.652742517133452,-21.30444571964042
s21_sit,msptd,MSPTD,mid_upslope,median_mad,1.0,100.0,True,False,630,633,0.9798397961933224,0.011128775834658187,0.9039304558704379,630,0,3,0.995260663507109,1.0,0.997624703087886,273.13639907467325,4.885332483413734,6.033662646119729,-0.03834546540704203,6.038350316417141,628,774.8196202531645,774.7318631968966,-0.08775705626794661,0.08775705626794661,-0.011326127265501211,52.2009319902233,53.65966415461478,1.4587321643914777,1.4587321643914777,2.794456169220663,27.641925941050285,31.54400080790072,3.902074866850434,3.902074866850434,14.116508651286004,6.497622820919176,11.272141706924316,4.77451888600514,4.77451888600514,73.48101017242057,27.66385364206527,31.569385664868143,3.9055320228028734,3.9055320228028734,14.117816242579362,19.561298504056523,22.32292668152165,2.761628177465127,2.761628177465127,14.11781624257937,71.18448006504671,72.52865681055668,1.3441767455099694,1.3441767455099694,1.8883002928190133,0.27479723791171706,0.3077807815995912,0.03298354368787415,0.03298354368787415,12.00286579971762,1.3542535031170952,1.546070143671456,0.19181664055436065,0.19181664055436065,14.164012875939024,1.2158031721325702,1.1847340937428554,-0.031069078389714733,0.031069078389714733,-2.5554365296825354,726.3259908518609,758.1132011424302,31.787210290569305,31.787210290569305,4.376438498818986,237.06089676557548,287.96408306967083,50.90318630409536,50.90318630409536,21.47262032608965,3.0638793692327475,2.6326658278387107,-0.4312135413940368,0.4312135413940368,-14.074103103544207
s21_sit,qppg,qppg (slope-sum),mid_upslope,median_mad,1.0,100.0,True,False,632,633,0.9798397961933224,0.011093502377179081,0.00326314822518758,632,0,1,0.9984202211690363,1.0,0.9992094861660079,273.31057209286803,4.894144084006142,6.0446344065250175,-0.00701311827779331,6.0494257616102285,631,774.8196202531645,774.7385616796649,-0.08105857349960388,0.08105857349960388,-0.010461605692576396,52.2009319902233,53.518118567814845,1.3171865775915421,1.3171865775915421,2.5233008825172654,27.641925941050285,31.469425094757337,3.827499153707052,3.827499153707052,13.84671662122839,6.497622820919176,11.556982343499197,5.059359522580021,5.059359522580021,77.86477704263397,27.66385364206527,31.494603866208593,3.8307502241433227,3.8307502241433227,13.847493099509235,19.561298504056523,22.270047964580154,2.708749460523631,2.708749460523631,13.847493099509238,71.18448006504671,72.33548917186276,1.1510091068160477,1.1510091068160477,1.616938278911755,0.27479723791171706,0.30787167156177625,0.03307443365005919,0.03307443365005919,12.035941082015123,1.3542535031170952,1.5352856032301152,0.18103210011301996,0.18103210011301996,13.367667109321633,1.2158031721325702,1.2076874146104761,-0.008115757522094036,0.008115757522094036,-0.6675223184241783,726.3259908518609,753.6415360232327,27.31554517137181,27.31554517137181,3.760783107779906,237.06089676557548,287.66591582866573,50.60501906309025,50.60501906309025,21.34684368174499,3.0638793692327475,2.6198499528602572,-0.44402941637249027,0.44402941637249027,-14.49239225380089
s21_sit,terma,TERMA,mid_upslope,median_mad,1.0,100.0,True,False,632,633,0.9798397961933224,0.009508716323296355,0.0004293413031419213,632,0,1,0.9984202211690363,1.0,0.9992094861660079,273.13639907467325,4.893184789537928,6.041707050748716,-0.0069670994678996566,6.04649613476903,631,774.8196202531645,774.8622457935696,0.042625540405083484,0.042625540405083484,0.00550135015826729,52.2009319902233,53.56821039195929,1.3672784017359874,1.3672784017359874,2.61926051816865,27.641925941050285,31.486428860041936,3.844502918991651,3.844502918991651,13.908231022652016,6.497622820919176,11.217948717948719,4.720325897029543,4.720325897029543,72.64696685428395,27.66385364206527,31.51158372778907,3.8477300857238,3.8477300857238,13.908872333943362,19.561298504056523,22.28205453984732,2.720756035790796,2.720756035790796,13.90887233394337,71.18448006504671,72.40591394822457,1.221433883177852,1.221433883177852,1.7158710466968843,0.27479723791171706,0.30773804686424633,0.032940808952529266,0.032940808952529266,11.98731442967124,1.3542535031170952,1.5445124692564922,0.19025896613939697,0.19025896613939697,14.048991987207454,1.2158031721325702,1.1859796202487751,-0.02982355188379504,0.02982355188379504,-2.452991780855718,726.3259908518609,757.072830666637,30.74683981477608,30.74683981477608,4.233201097308262,237.06089676557548,288.2347698022685,51.17387303669301,51.17387303669301,21.586804797797495,3.0638793692327475,2.6265839863316813,-0.4372953829010662,0.4372953829010662,-14.272604440382164
s21_sit,heartpy,HeartPy,mid_upslope,median_mad,1.0,100.0,True,False,630,633,0.9798397961933224,0.012718600953895072,0.0219910712101453,630,0,3,0.995260663507109,1.0,0.997624703087886,273.13639907467325,4.868903002211158,5.993472221656763,0.037891888713140025,5.998137553032422,627,774.8196202531645,775.5701418276464,0.7505215744818088,0.7505215744818088,0.09686403839858668,52.2009319902233,52.90516225669588,0.7042302664725781,0.7042302664725781,1.349076040643246,27.641925941050285,31.458673353773907,3.816747412723622,3.816747412723622,13.807820123906318,6.497622820919176,11.129032258064516,4.63140943714534,4.63140943714534,71.27852084972461,27.66385364206527,31.483967521598743,3.820113879533473,3.820113879533473,13.809044571160761,19.561298504056523,22.262526933179494,2.7012284291229705,2.7012284291229705,13.809044571160772,71.18448006504671,71.43033166214542,0.24585159709870652,0.24585159709870652,0.34537247005815463,0.27479723791171706,0.3116676965533053,0.03687045864158822,0.03687045864158822,13.417332329021967,1.3542535031170952,1.5487509134227477,0.19449741030565249,0.19449741030565249,14.361964717682204,1.2158031721325702,1.2488390288880868,0.03303585675551668,0.03303585675551668,2.7172043561599195,726.3259908518609,738.3993318692833,12.073341017422422,12.073341017422422,1.6622482424541052,237.06089676557548,285.57937416002886,48.518477394453384,48.518477394453384,20.466672511760674,3.0638793692327475,2.58561856591054,-0.47826080332220755,0.47826080332220755,-15.609648608390643
s21_sit,findpeaks,find_peaks baseline,mid_upslope,median_mad,1.0,100.0,True,False,632,633,0.9798397961933224,0.009508716323296355,0.00013647943574252066,632,0,1,0.9984202211690363,1.0,0.9992094861660079,273.13639907467325,4.893184789537928,6.041707050748716,-0.0069670994678996566,6.04649613476903,631,774.8196202531645,774.8622457935696,0.042625540405083484,0.042625540405083484,0.00550135015826729,52.2009319902233,53.56821039195929,1.3672784017359874,1.3672784017359874,2.61926051816865,27.641925941050285,31.486428860041936,3.844502918991651,3.844502918991651,13.908231022652016,6.497622820919176,11.217948717948719,4.720325897029543,4.720325897029543,72.64696685428395,27.66385364206527,31.51158372778907,3.8477300857238,3.8477300857238,13.908872333943362,19.561298504056523,22.28205453984732,2.720756035790796,2.720756035790796,13.90887233394337,71.18448006504671,72.40591394822457,1.221433883177852,1.221433883177852,1.7158710466968843,0.27479723791171706,0.30773804686424633,0.032940808952529266,0.032940808952529266,11.98731442967124,1.3542535031170952,1.5445124692564922,0.19025896613939697,0.19025896613939697,14.048991987207454,1.2158031721325702,1.1859796202487751,-0.02982355188379504,0.02982355188379504,-2.452991780855718,726.3259908518609,757.072830666637,30.74683981477608,30.74683981477608,4.233201097308262,237.06089676557548,288.2347698022685,51.17387303669301,51.17387303669301,21.586804797797495,3.0638793692327475,2.6265839863316813,-0.4372953829010662,0.4372953829010662,-14.272604440382164
s21_sit,msptdfast,MSPTDfast v2,mid_upslope,lipponen_tarvainen,1.0,100.0,True,False,634,633,0.9798397961933224,0.004739336492890996,0.02181240967079859,631,0,2,0.9968404423380727,1.0,0.9984177215189874,273.0000000000249,5.015873015875889,6.270110502560629,-0.025396825396906964,6.275041237244514,630,774.8196202531645,774.7333333333332,-0.0862869198313092,0.0862869198313092,-0.011136388079991549,52.2009319902233,53.74196727051359,1.5410352802902878,1.5410352802902878,2.9521221586214357,27.641925941050285,31.25145465612858,3.6095287150782944,3.6095287150782944,13.05816650683475,6.497622820919176,10.81081081081081,4.3131879898916345,4.3131879898916345,66.38101516150296,27.66385364206527,31.276282417318992,3.612428775253722,3.612428775253722,13.058299187068837,19.561298504056523,22.115671387591846,2.554372883535322,2.554372883535322,13.05829918706884,71.18448006504671,72.71378941635459,1.529309351307873,1.529309351307873,2.1483746877274736,0.27479723791171706,0.30414686904788996,0.029349631136172893,0.029349631136172893,10.680468027703366,1.3542535031170952,1.5644657516099205,0.21021224849282527,0.21021224849282527,15.522370664648692,1.2158031721325702,1.1604302408148586,-0.05537293131771159,0.05537293131771159,-4.554432212953116,726.3259908518609,760.0322651937864,33.706274341925564,33.706274341925564,4.640653751409013,237.06089676557548,289.5545612617813,52.49366449620584,52.49366449620584,22.14353578022432,3.0638793692327475,2.624832645984997,-0.4390467232477504,0.4390467232477504,-14.329765318328961
s21_sit,msptd,MSPTD,mid_upslope,lipponen_tarvainen,1.0,100.0,True,False,630,633,0.9798397961933224,0.001589825119236884,0.8971695857725773,631,0,2,0.9968404423380727,1.0,0.9984177215189874,273.0000000000249,4.961904761907964,6.194467577723704,-0.025396825396906964,6.199337578185162,630,774.8196202531645,774.7333333333332,-0.0862869198313092,0.0862869198313092,-0.011136388079991549,52.2009319902233,53.76790491886505,1.5669729286417464,1.5669729286417464,3.0018102529955293,27.641925941050285,31.34760750082103,3.7056815597707455,3.7056815597707455,13.406017973109234,6.497622820919176,10.81081081081081,4.3131879898916345,4.3131879898916345,66.38101516150296,27.66385364206527,31.372511921558317,3.708658279493047,3.708658279493047,13.40615204041462,19.561298504056523,22.18371592258969,2.6224174185331677,2.6224174185331677,13.406152040414616,71.18448006504671,72.73140962881213,1.546929563765417,1.546929563765417,2.1731275726841988,0.27479723791171706,0.30500874430738023,0.030211506395663168,0.030211506395663168,10.994108465300183,1.3542535031170952,1.5857029563275906,0.23144945321049537,0.23144945321049537,17.090555991013975,1.2158031721325702,1.1592460804115403,-0.05655709172102985,0.05655709172102985,-4.651829590296785,726.3259908518609,760.383782731571,34.05779187971018,34.05779187971018,4.689050413818456,237.06089676557548,292.18059563798795,55.11969887241247,55.11969887241247,23.25128252885974,3.0638793692327475,2.6024444952315977,-0.4614348740011498,0.4614348740011498,-15.060477858065987
s21_sit,qppg,qppg (slope-sum),mid_upslope,lipponen_tarvainen,1.0,100.0,True,False,632,633,0.9798397961933224,0.0,0.0032846679566000537,632,0,1,0.9984202211690363,1.0,0.9992094861660079,273.0000000000249,4.992076069733492,6.218677454803617,-0.006339144215521355,6.223607722602319,631,774.8196202531645,774.7987321711569,-0.020888082007672892,0.020888082007672892,-0.0026958638451679787,52.2009319902233,53.76195974711488,1.5610277568915762,1.5610277568915762,2.9904212384252844,27.641925941050285,31.351590425722712,3.7096644846724267,3.7096644846724267,13.420426972359778,6.497622820919176,10.952380952380953,4.454758131461777,4.454758131461777,68.55981416957026,27.66385364206527,31.376397705199516,3.7125440631342457,3.7125440631342457,13.420198469706342,19.561298504056523,22.18646358655261,2.6251650824960855,2.6251650824960855,13.420198469706353,71.18448006504671,72.72178122972082,1.5373011646741048,1.5373011646741048,2.159601591905082,0.27479723791171706,0.30508691084542877,0.03028967293371171,0.03028967293371171,11.022553634051715,1.3542535031170952,1.5784471576025862,0.224193654485491,0.224193654485491,16.55477751908803,1.2158031721325702,1.1588711441106185,-0.05693202802195163,0.05693202802195163,-4.682668159360897,726.3259908518609,761.0812198853433,34.755229033482465,34.755229033482465,4.785073021099011,237.06089676557548,292.6750016424428,55.614104876867316,55.614104876867316,23.459839069056983,3.0638793692327475,2.6004312483617795,-0.463448120870968,0.463448120870968,-15.126186935585
s21_sit,terma,TERMA,mid_upslope,lipponen_tarvainen,1.0,100.0,True,False,632,633,0.9798397961933224,0.0,0.0004355387889209739,632,0,1,0.9984202211690363,1.0,0.9992094861660079,273.0000000000249,4.97305863708737,6.202090542702955,-0.006339144215521534,6.20700764285766,631,774.8196202531645,774.7987321711569,-0.020888082007672892,0.020888082007672892,-0.0026958638451679787,52.2009319902233,53.750178131646734,1.5492461414234313,1.5492461414234313,2.9678514968154,27.641925941050285,31.320944866042623,3.679018924992338,3.679018924992338,13.30956074782302,6.497622820919176,10.793650793650794,4.296027972731618,4.296027972731618,66.11691831204027,27.66385364206527,31.345727692312735,3.6818740502474654,3.6818740502474654,13.30933172899982,19.561298504056523,22.164776612461285,2.6034781084047616,2.6034781084047616,13.309331728999817,71.18448006504671,72.71097562326611,1.5264955582193949,1.5264955582193949,2.1444218695206017,0.27479723791171706,0.3048339872002623,0.030036749288545217,0.030036749288545217,10.930513536746316,1.3542535031170952,1.5806332299178627,0.22637972680076746,0.22637972680076746,16.716200200310176,1.2158031721325702,1.1593294293886893,-0.05647374274388084,0.05647374274388084,-4.6449741239631335,726.3259908518609,760.8395687120503,34.51357786018946,34.51357786018946,4.751802674679273,237.06089676557548,292.08139593573924,55.02049917016376,55.02049917016376,23.20943686658385,3.0638793692327475,2.6048888402308323,-0.45899052900191517,0.45899052900191517,-14.980698444301186
s21_sit,heartpy,HeartPy,mid_upslope,lipponen_tarvainen,1.0,100.0,True,False,630,633,0.9798397961933224,0.003179650238473768,0.01911876883128349,632,0,1,0.9984202211690363,1.0,0.9992094861660079,273.00000000004763,5.163232963553305,7.1219844454066825,-0.006339144215521534,7.127631749373995,631,774.8196202531645,774.7987321711569,-0.020888082007672892,0.020888082007672892,-0.0026958638451679787,52.2009319902233,53.63372900777071,1.4327970175474078,1.4327970175474078,2.744772866920759,27.641925941050285,31.33953839268755,3.6976124516372657,3.6976124516372657,13.376826417677504,6.497622820919176,10.793650793650794,4.296027972731618,4.296027972731618,66.11691831204027,27.66385364206527,31.364336055432727,3.7004824133674568,3.7004824133674568,13.376597712115403,19.561298504056523,22.177934712210213,2.6166362081536896,2.6166362081536896,13.376597712115405,71.18448006504671,72.53477087893027,1.3502908138835608,1.3502908138835608,1.8968893397123876,0.27479723791171706,0.30575590773186556,0.0309586698201485,0.0309586698201485,11.266004729674343,1.3542535031170952,1.5842264930876042,0.22997298997050897,0.22997298997050897,16.981531850660048,1.2158031721325702,1.17587537756947,-0.03992779456310025,0.03992779456310025,-3.2840673127267146,726.3259908518609,757.3439761675278,31.01798531566692,31.01798531566692,4.270532199913145,237.06089676557548,283.6679007850181,46.60700401944263,46.60700401944263,19.660350844589654,3.0638793692327475,2.6698261384938724,-0.3940532307388751,0.3940532307388751,-12.861251480587937
s21_sit,findpeaks,find_peaks baseline,mid_upslope,lipponen_tarvainen,1.0,100.0,True,False,632,633,0.9798397961933224,0.0,0.00013454425255930092,632,0,1,0.9984202211690363,1.0,0.9992094861660079,273.0000000000249,4.97305863708737,6.202090542702955,-0.006339144215521534,6.20700764285766,631,774.8196202531645,774.7987321711569,-0.020888082007672892,0.020888082007672892,-0.0026958638451679787,52.2009319902233,53.750178131646734,1.5492461414234313,1.5492461414234313,2.9678514968154,27.641925941050285,31.320944866042623,3.679018924992338,3.679018924992338,13.30956074782302,6.497622820919176,10.793650793650794,4.296027972731618,4.296027972731618,66.11691831204027,27.66385364206527,31.345727692312735,3.6818740502474654,3.6818740502474654,13.30933172899982,19.561298504056523,22.164776612461285,2.6034781084047616,2.6034781084047616,13.309331728999817,71.18448006504671,72.71097562326611,1.5264955582193949,1.5264955582193949,2.1444218695206017,0.27479723791171706,0.3048339872002623,0.030036749288545217,0.030036749288545217,10.930513536746316,1.3542535031170952,1.5806332299178627,0.22637972680076746,0.22637972680076746,16.716200200310176,1.2158031721325702,1.1593294293886893,-0.05647374274388084,0.05647374274388084,-4.6449741239631335,726.3259908518609,760.8395687120503,34.51357786018946,34.51357786018946,4.751802674679273,237.06089676557548,292.08139593573924,55.02049917016376,55.02049917016376,23.20943686658385,3.0638793692327475,2.6048888402308323,-0.45899052900191517,0.45899052900191517,-14.980698444301186
s22_sit,msptdfast,MSPTDfast v2,mid_upslope,none,1.0,100.0,True,False,656,657,0.9891441430302431,0.0,0.022042446647745,656,0,1,0.9984779299847792,1.0,0.9992383853769992,265.8619134789187,4.550294373805271,6.001400945984988,0.016030310729193385,6.005965994798603,655,738.265243902439,738.2511448145461,-0.014099087892873285,0.014099087892873285,-0.0019097591291642147,67.61469020970362,67.86945530688817,0.25476509718454565,0.25476509718454565,0.37678956509954314,33.73647311620745,34.74727215698292,1.0107990407754741,1.0107990407754741,2.9961609718173916,14.198473282442748,14.525993883792049,0.32752060134930083,0.32752060134930083,2.3067311170300218,33.76218874420584,34.77381116375808,1.0116224195522463,1.0116224195522463,2.9963176475810025,23.873472608728076,24.58879768159381,0.7153250728657348,0.7153250728657348,2.996317647580997,92.59346612968267,92.77886050109169,0.18539437140901782,0.18539437140901782,0.20022403216806028,0.2578310717442185,0.2650258641762957,0.007194792432077213,0.007194792432077213,2.7905063510789003,1.3339456178801683,1.3428593674399791,0.008913749559810835,0.008913749559810835,0.6682243593990036,1.4563031414739114,1.4536659920557748,-0.0026371494181365307,0.0026371494181365307,-0.1810851973763852,2132.270012813964,2141.9288804515927,9.658867637628646,9.658867637628646,0.45298520260488984,333.99639657832785,328.6777340740476,-5.318662504280269,5.318662504280269,-1.592431103678974,6.384110830710446,6.516805546581501,0.13269471587105475,0.13269471587105475,2.0785152292897777
s22_sit,msptd,MSPTD,mid_upslope,none,1.0,100.0,True,False,656,657,0.9891441430302431,0.0,0.8886188209399123,656,0,1,0.9984779299847792,1.0,0.9992383853769992,265.8619134789187,4.549428140592809,6.001179591471123,0.016030310729192865,6.005744470327808,655,738.265243902439,738.2511448145461,-0.014099087892873285,0.014099087892873285,-0.0019097591291642147,67.61469020970362,67.86959602996932,0.25490582026569086,0.25490582026569086,0.37699769011011225,33.73647311620745,34.74748011370142,1.011006997493972,1.011006997493972,2.996777386929254,14.198473282442748,14.525993883792049,0.32752060134930083,0.32752060134930083,2.3067311170300218,33.76218874420584,34.774019279986724,1.0118305357808879,1.0118305357808879,2.9969340656403243,23.873472608728076,24.588944841990358,0.7154722332622825,0.7154722332622825,2.99693406564032,92.59346612968267,92.77902738280893,0.18556125312626648,0.18556125312626648,0.20040426272235762,0.2578310717442185,0.2650269736126427,0.007195901868424226,0.007195901868424226,2.7909366469076797,1.3339456178801683,1.3431911207023846,0.009245502822216256,0.009245502822216256,0.6930944334079144,1.4563031414739114,1.4536521906435362,-0.002650950830375143,0.002650950830375143,-0.18203289925558624,2132.270012813964,2141.9321687406978,9.662155926733703,9.662155926733703,0.45313941802251034,333.99639657832785,328.6873532656539,-5.309043312673964,5.309043312673964,-1.589551075120328,6.384110830710446,6.516624833476727,0.132514002766281,0.132514002766281,2.0756845593724504
s22_sit,qppg,qppg (slope-sum),mid_upslope,none,1.0,100.0,True,False,645,657,0.9891441430302431,0.003105590062111801,0.003354571082781045,645,0,12,0.9817351598173516,1.0,0.9907834101382489,265.93240534532504,4.541951929230357,5.941136153613635,0.012377464227411459,5.945777489974659,639,738.265243902439,742.2884653119037,4.023221409464668,4.023221409464668,0.5449560903338871,67.61469020970362,91.3011067239907,23.686416514287075,23.686416514287075,35.031464968374216,33.73647311620745,95.0327508051038,61.29627768889635,61.29627768889635,181.69142185597585,14.198473282442748,15.132605304212168,0.93413202176942,0.93413202176942,6.579101873752367,33.76218874420584,95.10694477484058,61.34475603063475,61.34475603063475,181.6966207238639,23.873472608728076,67.25076558822427,43.37729297949619,43.37729297949619,181.6966207238639,92.59346612968267,110.22304072129742,17.629574591614755,17.629574591614755,19.039760934020425,0.2578310717442185,0.610133463458607,0.3523023917143885,0.3523023917143885,136.6407816292562,1.3339456178801683,1.1260383165713772,-0.2079073013087911,0.2079073013087911,-15.585890348302634,1.4563031414739114,0.9994881630965501,-0.4568149783773613,0.4568149783773613,-31.36812421588427,2132.270012813964,2903.0414217215625,770.7714089075985,770.7714089075985,36.14792705781238,333.99639657832785,1019.7810211170065,685.7846245386786,685.7846245386786,205.32695309419316,6.384110830710446,2.8467301916854133,-3.5373806390250326,3.5373806390250326,-55.4091357876909
s22_sit,terma,TERMA,mid_upslope,none,1.0,100.0,True,False,658,657,0.9891441430302431,0.0,0.0004016296144690677,657,1,0,1.0,0.9984802431610942,0.9992395437262357,265.86002616409166,4.580229452198193,6.073197273274851,-0.02147040389414305,6.077793552663982,656,738.265243902439,738.1737885157374,-0.09145538670156839,0.09145538670156839,-0.012387876506029061,67.61469020970362,67.7902630532204,0.17557284351677538,0.17557284351677538,0.2596667129173333,33.73647311620745,34.72220223521089,0.9857291190034374,0.9857291190034374,2.9218499385161874,14.198473282442748,14.48170731707317,0.2832340346304214,0.2832340346304214,1.9948203514293121,33.76218874420584,34.748640913262484,0.9864521690566477,0.9864521690566477,2.92176605175202,23.873472608728076,24.57099962678421,0.6975270180561353,0.6975270180561353,2.9217660517520243,92.59346612968267,92.66771555935868,0.07424942967601567,0.07424942967601567,0.0801886275345011,0.2578310717442185,0.26515167098346304,0.007320599239244552,0.007320599239244552,2.8393006280123436,1.3339456178801683,1.3421409770994233,0.00819535921925496,0.00819535921925496,0.6143698145864872,1.4563031414739114,1.4168630595952358,-0.03944008187867554,0.03944008187867554,-2.7082329739918425,2132.270012813964,2137.9720961724224,5.702083358458367,5.702083358458367,0.26741844720375296,333.99639657832785,327.9143401382288,-6.082056440099052,6.082056440099052,-1.8209946282078244,6.384110830710446,6.519910337776576,0.13579950706612998,0.13579950706612998,2.1271483322763327
s22_sit,heartpy,HeartPy,mid_upslope,none,1.0,100.0,True,False,655,657,0.9891441430302431,0.0015290519877675841,0.016918729444323842,655,0,2,0.9969558599695586,1.0,0.9984756097560976,265.86380079374584,4.581560686789707,6.077744478903396,-0.009387827926960256,6.08239628423819,653,738.265243902439,738.5174115595157,0.2521676570767113,0.2521676570767113,0.034156782966480136,67.61469020970362,67.83885058069053,0.22416037098690822,0.22416037098690822,0.3315261377249321,33.73647311620745,34.998263833097774,1.2617907168903244,1.2617907168903244,3.7401381956673574,14.198473282442748,14.723926380368098,0.5254530979253502,0.5254530979253502,3.700771818721553,33.76218874420584,35.02512496509822,1.262936220892385,1.262936220892385,3.7406823072426736,23.873472608728076,24.766503374727193,0.8930307659991179,0.8930307659991179,3.740682307242677,92.59346612968267,92.68678226590963,0.09331613622696011,0.09331613622696011,0.10078047634188929,0.2578310717442185,0.26720642112350423,0.009375349379285747,0.009375349379285747,3.6362372137158743,1.3339456178801683,1.3507110922343482,0.016765474354179855,0.016765474354179855,1.2568334218019028,1.4563031414739114,1.3856798118888425,-0.0706233295850689,0.0706233295850689,-4.8494937333989165,2132.270012813964,2141.5735976354918,9.303584821527693,9.303584821527693,0.4363230156414253,333.99639657832785,328.71255178313066,-5.283844795197183,5.283844795197183,-1.5820065274141457,6.384110830710446,6.515034445804805,0.13092361509435868,0.13092361509435868,2.0507729042634595
s22_sit,findpeaks,find_peaks baseline,mid_upslope,none,1.0,100.0,True,False,657,657,0.9891441430302431,0.0,0.00012866292441998556,656,1,1,0.9984779299847792,0.9984779299847792,0.9984779299847792,265.8619134789187,4.549688675053184,6.001441183571059,0.016030310729193212,6.006006263279256,655,738.265243902439,738.1810419105514,-0.0842019918876531,0.0842019918876531,-0.011405384796738487,67.61469020970362,67.84173646695172,0.2270462572480909,0.2270462572480909,0.33579427272966594,33.73647311620745,34.735260479579175,0.9987873633717257,0.9987873633717257,2.9605565464159174,14.198473282442748,14.50381679389313,0.3053435114503813,0.3053435114503813,2.1505376344085994,33.76218874420584,34.76166060633103,0.9994718621251906,0.9994718621251906,2.960328993174996,23.873472608728076,24.580205940041946,0.7067333313138704,0.7067333313138704,2.960328993175005,92.59346612968267,92.74058383279554,0.14711770311286898,0.14711770311286898,0.15888562040308749,0.2578310717442185,0.2650426051269879,0.0072115333827694195,0.0072115333827694195,2.7969993430130975,1.3339456178801683,1.3437649185296605,0.009819300649492213,0.009819300649492213,0.7361095173502272,1.4563031414739114,1.4168680668335838,-0.03943507464032758,0.03943507464032758,-2.707889141845543,2132.270012813964,2137.9720961724224,5.702083358458367,5.702083358458367,0.26741844720375296,333.99639657832785,327.9143401382288,-6.082056440099052,6.082056440099052,-1.8209946282078244,6.384110830710446,6.519910337776576,0.13579950706612998,0.13579950706612998,2.1271483322763327
s22_sit,msptdfast,MSPTDfast v2,mid_upslope,median_mad,1.0,100.0,True,False,656,657,0.9891441430302431,0.0,0.021696802591652586,656,0,1,0.9984779299847792,1.0,0.9992383853769992,265.8619134789187,4.550294373805271,6.001400945984988,0.016030310729193385,6.005965994798603,655,738.265243902439,738.2511448145461,-0.014099087892873285,0.014099087892873285,-0.0019097591291642147,67.61469020970362,67.86945530688817,0.25476509718454565,0.25476509718454565,0.37678956509954314,33.73647311620745,34.74727215698292,1.0107990407754741,1.0107990407754741,2.9961609718173916,14.198473282442748,14.525993883792049,0.32752060134930083,0.32752060134930083,2.3067311170300218,33.76218874420584,34.77381116375808,1.0116224195522463,1.0116224195522463,2.9963176475810025,23.873472608728076,24.58879768159381,0.7153250728657348,0.7153250728657348,2.996317647580997,92.59346612968267,92.77886050109169,0.18539437140901782,0.18539437140901782,0.20022403216806028,0.2578310717442185,0.2650258641762957,0.007194792432077213,0.007194792432077213,2.7905063510789003,1.3339456178801683,1.3428593674399791,0.008913749559810835,0.008913749559810835,0.6682243593990036,1.4563031414739114,1.4536659920557748,-0.0026371494181365307,0.0026371494181365307,-0.1810851973763852,2132.270012813964,2141.9288804515927,9.658867637628646,9.658867637628646,0.45298520260488984,333.99639657832785,328.6777340740476,-5.318662504280269,5.318662504280269,-1.592431103678974,6.384110830710446,6.516805546581501,0.13269471587105475,0.13269471587105475,2.0785152292897777
s22_sit,msptd,MSPTD,mid_upslope,median_mad,1.0,100.0,True,False,656,657,0.9891441430302431,0.0,0.8902028610996042,656,0,1,0.9984779299847792,1.0,0.9992383853769992,265.8619134789187,4.549428140592809,6.001179591471123,0.016030310729192865,6.005744470327808,655,738.265243902439,738.2511448145461,-0.014099087892873285,0.014099087892873285,-0.0019097591291642147,67.61469020970362,67.86959602996932,0.25490582026569086,0.25490582026569086,0.37699769011011225,33.73647311620745,34.74748011370142,1.011006997493972,1.011006997493972,2.996777386929254,14.198473282442748,14.525993883792049,0.32752060134930083,0.32752060134930083,2.3067311170300218,33.76218874420584,34.774019279986724,1.0118305357808879,1.0118305357808879,2.9969340656403243,23.873472608728076,24.588944841990358,0.7154722332622825,0.7154722332622825,2.99693406564032,92.59346612968267,92.77902738280893,0.18556125312626648,0.18556125312626648,0.20040426272235762,0.2578310717442185,0.2650269736126427,0.007195901868424226,0.007195901868424226,2.7909366469076797,1.3339456178801683,1.3431911207023846,0.009245502822216256,0.009245502822216256,0.6930944334079144,1.4563031414739114,1.4536521906435362,-0.002650950830375143,0.002650950830375143,-0.18203289925558624,2132.270012813964,2141.9321687406978,9.662155926733703,9.662155926733703,0.45313941802251034,333.99639657832785,328.6873532656539,-5.309043312673964,5.309043312673964,-1.589551075120328,6.384110830710446,6.516624833476727,0.132514002766281,0.132514002766281,2.0756845593724504
s22_sit,qppg,qppg (slope-sum),mid_upslope,median_mad,1.0,100.0,True,False,645,657,0.9891441430302431,0.009316770186335404,0.0033691485940362718,645,0,12,0.9817351598173516,1.0,0.9907834101382489,265.93240534532504,4.541951929230357,5.941136153613635,0.012377464227411459,5.945777489974659,639,738.265243902439,737.9266423964681,-0.338601505970928,0.338601505970928,-0.04586447875848722,67.61469020970362,67.49582830165507,-0.11886190804855801,0.11886190804855801,-0.1757930232023746,33.73647311620745,34.97359780304643,1.2371246868389818,1.2371246868389818,3.6670243584076685,14.198473282442748,14.442700156985872,0.24422687454312353,0.24422687454312353,1.7200925035026442,33.76218874420584,35.00102312171678,1.2388343775109405,1.2388343775109405,3.669295219266688,23.873472608728076,24.749460797833077,0.8759881891050014,0.8759881891050014,3.6692952192666874,92.59346612968267,92.18914180352004,-0.40432432616262304,0.40432432616262304,-0.4366661526595653,0.2578310717442185,0.268463946118306,0.010632874374087498,0.010632874374087498,4.123969350224727,1.3339456178801683,1.3626562036999033,0.028710585819734957,0.028710585819734957,2.1523055689001933,1.4563031414739114,1.4260090352447345,-0.03029410622917683,0.03029410622917683,-2.080206061940953,2132.270012813964,2093.044447051219,-39.22556576274519,39.22556576274519,-1.8396153173386836,333.99639657832785,323.5340444577232,-10.462352120604635,10.462352120604635,-3.13247454996151,6.384110830710446,6.469317473403393,0.0852066426929472,0.0852066426929472,1.3346673476134672
s22_sit,terma,TERMA,mid_upslope,median_mad,1.0,100.0,True,False,658,657,0.9891441430302431,0.0,0.0004216350559567588,657,1,0,1.0,0.9984802431610942,0.9992395437262357,265.86002616409166,4.580229452198193,6.073197273274851,-0.02147040389414305,6.077793552663982,656,738.265243902439,738.1737885157374,-0.09145538670156839,0.09145538670156839,-0.012387876506029061,67.61469020970362,67.7902630532204,0.17557284351677538,0.17557284351677538,0.2596667129173333,33.73647311620745,34.72220223521089,0.9857291190034374,0.9857291190034374,2.9218499385161874,14.198473282442748,14.48170731707317,0.2832340346304214,0.2832340346304214,1.9948203514293121,33.76218874420584,34.748640913262484,0.9864521690566477,0.9864521690566477,2.92176605175202,23.873472608728076,24.57099962678421,0.6975270180561353,0.6975270180561353,2.9217660517520243,92.59346612968267,92.66771555935868,0.07424942967601567,0.07424942967601567,0.0801886275345011,0.2578310717442185,0.26515167098346304,0.007320599239244552,0.007320599239244552,2.8393006280123436,1.3339456178801683,1.3421409770994233,0.00819535921925496,0.00819535921925496,0.6143698145864872,1.4563031414739114,1.4168630595952358,-0.03944008187867554,0.03944008187867554,-2.7082329739918425,2132.270012813964,2137.9720961724224,5.702083358458367,5.702083358458367,0.26741844720375296,333.99639657832785,327.9143401382288,-6.082056440099052,6.082056440099052,-1.8209946282078244,6.384110830710446,6.519910337776576,0.13579950706612998,0.13579950706612998,2.1271483322763327
s22_sit,heartpy,HeartPy,mid_upslope,median_mad,1.0,100.0,True,False,655,657,0.9891441430302431,0.0015290519877675841,0.0167111822747807,655,0,2,0.9969558599695586,1.0,0.9984756097560976,265.86380079374584,4.581560686789707,6.077744478903396,-0.009387827926960256,6.08239628423819,653,738.265243902439,738.5174115595157,0.2521676570767113,0.2521676570767113,0.034156782966480136,67.61469020970362,67.83885058069053,0.22416037098690822,0.22416037098690822,0.3315261377249321,33.73647311620745,34.998263833097774,1.2617907168903244,1.2617907168903244,3.7401381956673574,14.198473282442748,14.723926380368098,0.5254530979253502,0.5254530979253502,3.700771818721553,33.76218874420584,35.02512496509822,1.262936220892385,1.262936220892385,3.7406823072426736,23.873472608728076,24.766503374727193,0.8930307659991179,0.8930307659991179,3.740682307242677,92.59346612968267,92.68678226590963,0.09331613622696011,0.09331613622696011,0.10078047634188929,0.2578310717442185,0.26720642112350423,0.009375349379285747,0.009375349379285747,3.6362372137158743,1.3339456178801683,1.3507110922343482,0.016765474354179855,0.016765474354179855,1.2568334218019028,1.4563031414739114,1.3856798118888425,-0.0706233295850689,0.0706233295850689,-4.8494937333989165,2132.270012813964,2141.5735976354918,9.303584821527693,9.303584821527693,0.4363230156414253,333.99639657832785,328.71255178313066,-5.283844795197183,5.283844795197183,-1.5820065274141457,6.384110830710446,6.515034445804805,0.13092361509435868,0.13092361509435868,2.0507729042634595
s22_sit,findpeaks,find_peaks baseline,mid_upslope,median_mad,1.0,100.0,True,False,657,657,0.9891441430302431,0.0,0.0001292687753227316,656,1,1,0.9984779299847792,0.9984779299847792,0.9984779299847792,265.8619134789187,4.549688675053184,6.001441183571059,0.016030310729193212,6.006006263279256,655,738.265243902439,738.1810419105514,-0.0842019918876531,0.0842019918876531,-0.011405384796738487,67.61469020970362,67.84173646695172,0.2270462572480909,0.2270462572480909,0.33579427272966594,33.73647311620745,34.735260479579175,0.9987873633717257,0.9987873633717257,2.9605565464159174,14.198473282442748,14.50381679389313,0.3053435114503813,0.3053435114503813,2.1505376344085994,33.76218874420584,34.76166060633103,0.9994718621251906,0.9994718621251906,2.960328993174996,23.873472608728076,24.580205940041946,0.7067333313138704,0.7067333313138704,2.960328993175005,92.59346612968267,92.74058383279554,0.14711770311286898,0.14711770311286898,0.15888562040308749,0.2578310717442185,0.2650426051269879,0.0072115333827694195,0.0072115333827694195,2.7969993430130975,1.3339456178801683,1.3437649185296605,0.009819300649492213,0.009819300649492213,0.7361095173502272,1.4563031414739114,1.4168680668335838,-0.03943507464032758,0.03943507464032758,-2.707889141845543,2132.270012813964,2137.9720961724224,5.702083358458367,5.702083358458367,0.26741844720375296,333.99639657832785,327.9143401382288,-6.082056440099052,6.082056440099052,-1.8209946282078244,6.384110830710446,6.519910337776576,0.13579950706612998,0.13579950706612998,2.1271483322763327
s22_sit,msptdfast,MSPTDfast v2,mid_upslope,lipponen_tarvainen,1.0,100.0,True,False,656,657,0.9891441430302431,0.0,0.024650720838247275,656,0,1,0.9984779299847792,1.0,0.9992383853769992,265.9999999999986,4.613740458015534,6.1274006044920615,0.015267175572505372,6.1320643375717765,655,738.265243902439,738.2503816793893,-0.014862223049703971,0.014862223049703971,-0.002013127825325067,67.61469020970362,67.82851800945289,0.2138277997492679,0.2138277997492679,0.31624458987550125,33.73647311620745,34.44103679174669,0.7045636755392408,0.7045636755392408,2.088433112472445,14.198473282442748,13.914373088685014,-0.2841001937577339,0.2841001937577339,-2.000920719476513,33.76218874420584,34.467340994002996,0.705152249797159,0.705152249797159,2.088585710895817,23.873472608728076,24.372090546328597,0.4986179376005211,0.4986179376005211,2.0885857108958157,92.59346612968267,92.77616565217012,0.1826995224874537,0.1826995224874537,0.19731362279015685,0.2578310717442185,0.26269775620715696,0.004866684462938475,0.004866684462938475,1.887547699358157,1.3339456178801683,1.3659387992431864,0.0319931813630181,0.0319931813630181,2.3983872306473684,1.4563031414739114,1.4553097697924895,-0.000993371681421884,0.000993371681421884,-0.06821187520178673,2132.270012813964,2139.6598391677285,7.38982635376442,7.38982635376442,0.3465708521601371,333.99639657832785,329.9589708626965,-4.037425715631343,4.037425715631343,-1.2088231361156312,6.384110830710446,6.484623932404281,0.10051310169383498,0.10051310169383498,1.5744260141963973
s22_sit,msptd,MSPTD,mid_upslope,lipponen_tarvainen,1.0,100.0,True,False,656,657,0.9891441430302431,0.0,0.8758285565909658,656,0,1,0.9984779299847792,1.0,0.9992383853769992,265.9999999999986,4.610687022901016,6.125905447951554,0.015267175572505372,6.130568033736045,655,738.265243902439,738.2503816793893,-0.014862223049703971,0.014862223049703971,-0.002013127825325067,67.61469020970362,67.82766137356946,0.2129711638658307,0.2129711638658307,0.3149776523493802,33.73647311620745,34.43695209690745,0.700478980699998,0.700478980699998,2.076325460243438,14.198473282442748,13.914373088685014,-0.2841001937577339,0.2841001937577339,-2.000920719476513,33.76218874420584,34.46325316594965,0.7010644217438156,0.7010644217438156,2.0764780004499266,23.873472608728076,24.369200015391755,0.4957274066636792,0.4957274066636792,2.076478000449933,92.59346612968267,92.77567237926677,0.18220624958409815,0.18220624958409815,0.19678089308041177,0.2578310717442185,0.2626679967973772,0.004836925053158692,0.004836925053158692,1.8760054870179366,1.3339456178801683,1.365574765748085,0.03162914786791671,0.03162914786791671,2.3710972504396377,1.4563031414739114,1.4553749311702697,-0.0009282103036416522,0.0009282103036416522,-0.06373743743368011,2132.270012813964,2139.6333133707976,7.363300556833565,7.363300556833565,0.3453268353718576,333.99639657832785,329.94075744803484,-4.055639130293002,4.055639130293002,-1.2142763131104277,6.384110830710446,6.4849015014696585,0.10079067075921255,0.10079067075921255,1.5787738250777865
s22_sit,qppg,qppg (slope-sum),mid_upslope,lipponen_tarvainen,1.0,100.0,True,False,645,657,0.9891441430302431,0.007763975155279503,0.006316884691242628,645,5,12,0.9817351598173516,0.9923076923076923,0.9869931140015302,265.9999999999986,4.809076682316367,7.888999095529024,0.24256651017211836,7.891446322705136,639,738.265243902439,745.0770416024653,6.811797700026318,6.811797700026318,0.9226762002257403,67.61469020970362,102.75501360451511,35.14032339481149,35.14032339481149,51.97143296201685,33.73647311620745,76.88881864158694,43.15234552537949,43.15234552537949,127.9100674713046,14.198473282442748,15.277777777777779,1.0793044953350304,1.0793044953350304,7.6015531660693,33.76218874420584,76.94818913546692,43.18600039126108,43.18600039126108,127.91232440068784,23.873472608728076,54.41058633771368,30.537113728985606,30.537113728985606,127.91232440068782,92.59346612968267,134.74670213446552,42.153236004782855,42.153236004782855,45.525065392567484,0.2578310717442185,0.40379902050156774,0.14596794875734925,0.14596794875734925,56.61379281010664,1.3339456178801683,1.028446072669968,-0.3054995452102003,0.3054995452102003,-22.901949008662214,1.4563031414739114,1.1662052552333992,-0.29009788624051214,0.29009788624051214,-19.920157965662746,2132.270012813964,8653.434237202293,6521.164224388329,6521.164224388329,305.83200932335615,333.99639657832785,871.4300903420517,537.4336937637238,537.4336937637238,160.91002755405069,6.384110830710446,9.930153127723266,3.5460422970128196,3.5460422970128196,55.544811032332966
s22_sit,terma,TERMA,mid_upslope,lipponen_tarvainen,1.0,100.0,True,False,658,657,0.9891441430302431,0.0,0.0004147728674908227,657,1,0,1.0,0.9984802431610942,0.9992395437262357,265.9999999999986,4.640243902439277,6.192540752841313,-0.021341463414649223,6.197229277411252,656,738.265243902439,738.1735159817351,-0.09172792070387459,0.09172792070387459,-0.012424791964877644,67.61469020970362,67.74841618140258,0.13372597169895073,0.13372597169895073,0.19777650579216768,33.73647311620745,34.41102879076644,0.674555674558988,0.674555674558988,1.999484866824809,14.198473282442748,13.871951219512196,-0.3265220629305521,0.3265220629305521,-2.2996984002098024,33.76218874420584,34.43722712670745,0.6750383825016115,0.6750383825016115,1.9993916496822486,23.873472608728076,24.350796826556163,0.4773242178280874,0.4773242178280874,1.9993916496822461,92.59346612968267,92.66463448419165,0.07116835450898407,0.07116835450898407,0.07686109774669041,0.2578310717442185,0.2627841458837281,0.004953074139509628,0.004953074139509628,1.9210540087361265,1.3339456178801683,1.3649845745331395,0.031038956652971184,0.031038956652971184,2.3268532267677116,1.4563031414739114,1.4213985519698265,-0.034904589504084926,0.034904589504084926,-2.3967942188711002,2132.270012813964,2135.7967931019107,3.5267802879466217,3.5267802879466217,0.16540026669944666,333.99639657832785,329.13397940570263,-4.862417172625214,4.862417172625214,-1.4558292312249228,6.384110830710446,6.489140978267847,0.10503014755740114,0.10503014755740114,1.645180516794271
s22_sit,heartpy,HeartPy,mid_upslope,lipponen_tarvainen,1.0,100.0,True,False,655,657,0.9891441430302431,0.0015290519877675841,0.017007740053250585,655,1,2,0.9969558599695586,0.9984756097560976,0.9977151561309978,265.9999999999986,4.7197549770291936,6.461809114256205,-0.09800918836135439,6.466018703272452,653,738.265243902439,739.3709923664122,1.1057484639732138,1.1057484639732138,0.14977658410793848,67.61469020970362,68.56476267155267,0.9500724618490466,0.9500724618490466,1.4051272865444533,33.73647311620745,38.9686418273909,5.232168711183448,5.232168711183448,15.508938036174992,14.198473282442748,14.37308868501529,0.1746154025725417,0.1746154025725417,1.2298181579033851,33.76218874420584,38.998459900166246,5.236271155960409,5.236271155960409,15.509276355369712,23.873472608728076,27.576075451239202,3.7026028425111264,3.7026028425111264,15.509276355369705,92.59346612968267,92.96135446044366,0.3678883307609908,0.3678883307609908,0.39731564886634796,0.2578310717442185,0.2966402072268988,0.038809135482680335,0.038809135482680335,15.052156134688438,1.3339456178801683,1.3742657852542834,0.040320167374115146,0.040320167374115146,3.02262452334374,1.4563031414739114,1.367452636894759,-0.08885050457915233,0.08885050457915233,-6.101099561539608,2132.270012813964,2093.5309040664706,-38.73910874749345,38.73910874749345,-1.816801273510821,333.99639657832785,552.5032088907687,218.5068123124409,218.5068123124409,65.42190710767065,6.384110830710446,3.789174199131877,-2.594936631578569,2.594936631578569,-40.64679797060785
s22_sit,findpeaks,find_peaks baseline,mid_upslope,lipponen_tarvainen,1.0,100.0,True,False,657,657,0.9891441430302431,0.0,0.00012856401015212072,656,1,1,0.9984779299847792,0.9984779299847792,0.9984779299847792,265.9999999999986,4.610687022901016,6.125905447951554,0.015267175572505372,6.130568033736045,655,738.265243902439,738.1798780487804,-0.08536585365857263,0.08536585365857263,-0.011563032983556468,67.61469020970362,67.7999163951638,0.18522618546018066,0.18522618546018066,0.27394370200574875,33.73647311620745,34.42451638359212,0.6880432673846713,0.6880432673846713,2.0394641283772077,14.198473282442748,13.893129770992365,-0.3053435114503831,0.3053435114503831,-2.150537634408612,33.76218874420584,34.450677184022474,0.6884884398166378,0.6884884398166378,2.039229284075352,23.873472608728076,24.360307453290968,0.4868348445628925,0.4868348445628925,2.039229284075359,92.59346612968267,92.73743983507168,0.14397370538901555,0.14397370538901555,0.1554901348950171,0.2578310717442185,0.26268039636002893,0.004849324615810446,0.004849324615810446,1.880814667916062,1.3339456178801683,1.366149795027423,0.032204177147254764,0.032204177147254764,2.4142046508936277,1.4563031414739114,1.4214037344018853,-0.0348994070720261,0.0348994070720261,-2.3964383566943845,2132.270012813964,2135.7967931019107,3.5267802879466217,3.5267802879466217,0.16540026669944666,333.99639657832785,329.13397940570263,-4.862417172625214,4.862417172625214,-1.4558292312249228,6.384110830710446,6.489140978267847,0.10503014755740114,0.10503014755740114,1.645180516794271
